asia-russia-urals
1
   60.1840768   51.9363308
   60.1789734   51.9365222
   60.1453316   51.9418556
   60.1258645   51.9440060
   60.1059043   51.9429743
   60.0854417   51.9387593
   60.0826980   51.9377908
   60.0669242   51.9470134
   60.0238346   51.9643297
   60.0204792   51.9673687
   60.0115137   51.9781538
   60.0080801   51.9812439
   59.9987556   51.9923715
   59.9956857   51.9951169
   59.9463296   52.0508336
   59.9360396   52.0666602
   59.9276288   52.0842354
   59.9249198   52.0922512
   59.9309239   52.1049030
   59.9418954   52.1218970
   59.9548602   52.1369667
   59.9698244   52.1501173
   59.9731887   52.1523444
   59.9851838   52.1628753
   59.9885818   52.1651415
   60.0005453   52.1756352
   60.0039766   52.1779400
   60.0159069   52.1883952
   60.0193677   52.1907353
   60.0312674   52.2011551
   60.0347664   52.2035361
   60.0466307   52.2139169
   60.0809480   52.2419263
   60.0960694   52.2551291
   60.1099578   52.2702182
   60.1179978   52.2810053
   60.1192302   52.2935301
   60.1191865   52.3133870
   60.1172577   52.3331576
   60.1151441   52.3503483
   60.1018438   52.3628993
   60.0851102   52.3756217
   60.0676864   52.3859271
   60.0495660   52.3938190
   60.0307553   52.3992938
   59.8291334   52.4357286
   59.6489452   52.4290123
   59.6446851   52.4284190
   59.6297264   52.4282973
   59.6250159   52.4276407
   59.6105100   52.4275824
   59.6053471   52.4268621
   59.5912876   52.4268671
   59.5856779   52.4260838
   59.5720710   52.4261523
   59.5660091   52.4253050
   59.5528487   52.4254371
   59.5463406   52.4245266
   59.5336288   52.4247225
   59.5266714   52.4237480
   59.5070992   52.4241630
   59.4936987   52.4266659
   59.4877052   52.4267875
   59.4739531   52.4293033
   59.4683119   52.4294128
   59.4542093   52.4319403
   59.4489181   52.4320385
   59.4344654   52.4345769
   59.4295248   52.4346646
   59.4147257   52.4372127
   59.4101310   52.4372905
   59.3949786   52.4398487
   59.3907378   52.4399172
   59.3752344   52.4424843
   59.3713440   52.4425443
   59.3554914   52.4451196
   59.3519509   52.4451716
   59.3357507   52.4477541
   59.3155588   52.4480364
   59.2948336   52.4454689
   59.2901290   52.4442703
   59.2779345   52.4269074
   59.2760302   52.4232227
   59.2673171   52.4105711
   59.2655222   52.4070451
   59.2567000   52.3942362
   59.2550115   52.3908628
   59.2460847   52.3779034
   59.2445024   52.3746820
   59.2354673   52.3615674
   59.2339943   52.3585039
   59.2248497   52.3452321
   59.2234839   52.3423219
   59.2125873   52.3265101
   59.1992882   52.3129856
   59.1835871   52.3017486
   59.1669226   52.2914291
   59.1482710   52.2830003
   59.1342692   52.2788062
   59.1214154   52.2836368
   59.0740260   52.3074866
   59.0694667   52.3092614
   59.0570795   52.3158662
   59.0521483   52.3178067
   59.0401315   52.3242450
   59.0348315   52.3263528
   59.0231891   52.3326200
   59.0175169   52.3348987
   59.0062407   52.3409965
   59.0001998   52.3434473
   58.9892910   52.3493725
   58.9828863   52.3519956
   58.9723471   52.3577446
   58.9655699   52.3605459
   58.9553953   52.3661193
   58.9482551   52.3690969
   58.9384483   52.3744907
   58.9309389   52.3776493
   58.9215002   52.3828609
   58.9136275   52.3862001
   58.9045470   52.3912332
   58.8963160   52.3947527
   58.8875988   52.3996024
   58.8790012   52.4033074
   58.8706497   52.4079706
   58.8616880   52.4118621
   58.8536950   52.4163408
   58.8443775   52.4204169
   58.8274637   52.4299268
   58.8248402   52.4331539
   58.8151712   52.4511425
   58.8075915   52.4697504
   58.8044858   52.4806308
   58.8012059   52.4886992
   58.7981812   52.4993643
   58.7948217   52.5076456
   58.7918757   52.5181019
   58.7884350   52.5266011
   58.7855726   52.5368292
   58.7820515   52.5455460
   58.7792674   52.5555637
   58.7757021   52.5644092
   58.7740713   52.5747222
   58.7715331   52.5838404
   58.7699026   52.5942784
   58.7673481   52.6033708
   58.7657363   52.6138272
   58.7631617   52.6229015
   58.7601847   52.6424982
   58.7598732   52.6566700
   58.7590886   52.6621990
   58.7589345   52.6748690
   58.7580068   52.6819010
   58.7579803   52.6930764
   58.7569403   52.7016034
   58.7570120   52.7112783
   58.7558882   52.7213110
   58.7560283   52.7294751
   58.7548507   52.7410108
   58.7550300   52.7476794
   58.7538284   52.7607157
   58.7540173   52.7658746
   58.7498852   52.8395438
   58.7504456   52.8469844
   58.7529358   52.8544258
   58.7616634   52.8723672
   58.7726965   52.8890538
   58.7820744   52.8999015
   58.7853780   52.9048309
   58.7945317   52.9154059
   58.7980631   52.9206104
   58.8069811   52.9309012
   58.8107469   52.9363890
   58.8194357   52.9464043
   58.8234293   52.9521640
   58.8318859   52.9619019
   58.8361168   52.9679453
   58.8443379   52.9774033
   58.8488002   52.9837209
   58.8567920   52.9929074
   58.8614871   52.9995000
   58.8692410   53.0084058
   58.8741726   53.0152776
   58.8816948   53.0239109
   58.8868560   53.0310512
   58.8941435   53.0394092
   58.8995454   53.0468324
   58.9081492   53.0570348
   58.9080353   53.0649040
   58.9089668   53.0773293
   58.9086748   53.0979262
   58.9064806   53.1176653
   58.9023844   53.1365380
   58.8906665   53.1723447
   58.8725578   53.2286993
   58.8691305   53.2480134
   58.8683761   53.2635175
   58.8676399   53.2677212
   58.8437897   53.5846479
   58.8850661   53.8356530
   58.8853465   53.8395067
   58.8889629   53.8589878
   58.8947362   53.8778659
   58.9026614   53.8961248
   58.9043587   53.8984352
   58.9212352   53.9088604
   58.9388279   53.9171590
   58.9497943   53.9208563
   58.9568500   53.9242132
   58.9682147   53.9280710
   58.9748676   53.9312640
   58.9866337   53.9352861
   58.9928912   53.9383161
   59.0050466   53.9425009
   59.0109114   53.9453665
   59.0234689   53.9497209
   59.0289278   53.9524127
   59.0418864   53.9569392
   59.0469543   53.9594617
   59.0603031   53.9641595
   59.0649724   53.9665058
   59.0787174   53.9713799
   59.0829979   53.9735517
   59.0971307   53.9786021
   59.1010204   53.9805951
   59.1339615   53.9930525
   59.1515079   54.0022259
   59.1610182   54.0089154
   59.2280203   54.0856354
   59.2308079   54.0895342
   59.2401657   54.0995538
   59.2435133   54.1041818
   59.2522994   54.1134673
   59.2562168   54.1188200
   59.2644339   54.1273902
   59.2689277   54.1334581
   59.2765630   54.1413153
   59.2816397   54.1480885
   59.2886873   54.1552431
   59.2943591   54.1627189
   59.3080604   54.1764379
   59.3237021   54.1883733
   59.3341507   54.1944057
   59.3458286   54.1951231
   59.4189099   54.1917568
   59.4234625   54.1920070
   59.4380318   54.1909683
   59.4428706   54.1912262
   59.4571457   54.1901803
   59.4622787   54.1904454
   59.4762636   54.1893930
   59.4816875   54.1896642
   59.4953815   54.1886063
   59.5010959   54.1888824
   59.5145031   54.1878197
   59.5205039   54.1880996
   59.5336165   54.1870338
   59.5399120   54.1873168
   59.5527344   54.1862486
   59.5593199   54.1865334
   59.5718524   54.1854639
   59.5787318   54.1857497
   59.5909705   54.1846802
   59.5981365   54.1849657
   59.6100924   54.1838962
   59.6175447   54.1841803
   59.6292065   54.1831130
   59.6483703   54.1838103
   59.6676094   54.1869521
   59.6869239   54.1925384
   59.7024274   54.1989593
   59.7110625   54.2113524
   59.7203305   54.2280946
   59.7286351   54.2454639
   59.7359360   54.2648608
   59.7328650   54.2832530
   59.7178196   54.3370881
   59.7113296   54.3586764
   59.6870216   54.4445684
   59.6805142   54.4662055
   59.6750885   54.4881472
   59.6772761   54.4942737
   59.6861183   54.5129467
   59.6965240   54.5299089
   59.7084916   54.5451582
   59.7220265   54.5587009
   59.8128375   54.6294241
   59.8174379   54.6324362
   59.8279886   54.6411895
   59.8364316   54.6473365
   59.8414201   54.6548458
   59.8491589   54.6646350
   59.8529070   54.6706248
   59.8605338   54.6802103
   59.8706124   54.6963882
   59.8786405   54.7134972
   59.8846248   54.7315511
   59.8890739   54.7502997
   59.8925525   54.7695003
   59.8940536   54.7896018
   59.8934581   54.8116820
   59.8855559   54.8169059
   59.8669793   54.8267653
   59.8480542   54.8344341
   59.8287804   54.8399124
   59.8194597   54.8414741
   59.8093336   54.8443027
   59.8009365   54.8456567
   59.7898847   54.8486882
   59.7824191   54.8498437
   59.7704362   54.8530687
   59.7638963   54.8540375
   59.7509868   54.8574433
   59.7453770   54.8582361
   59.7315364   54.8618121
   59.7268602   54.8624402
   59.6731784   54.8748826
   59.6533860   54.8771020
   59.6386427   54.8769279
   59.6262077   54.8706820
   59.6099181   54.8598540
   59.6030365   54.8539437
   59.5942859   54.8481527
   59.5871509   54.8420486
   59.5786531   54.8364500
   59.5712714   54.8301594
   59.5630266   54.8247518
   59.5553857   54.8182658
   59.5473917   54.8130461
   59.5395015   54.8063747
   59.5317637   54.8013451
   59.5236171   54.7944840
   59.5161346   54.7896422
   59.5077324   54.7825936
   59.5005047   54.7779379
   59.4918460   54.7707029
   59.4848740   54.7662324
   59.4759604   54.7588140
   59.4692501   54.7545308
   59.4600747   54.7469250
   59.4536174   54.7428221
   59.4441883   54.7350370
   59.4379917   54.7311180
   59.4283031   54.7231506
   59.4223648   54.7194123
   59.4124137   54.7112619
   59.4067373   54.7077048
   59.3965236   54.6993731
   59.3911091   54.6959960
   59.3806379   54.6874887
   59.3754875   54.6842913
   59.3647499   54.6756028
   59.3598572   54.6725795
   59.3488626   54.6637192
   59.3442362   54.6608739
   59.3329715   54.6518329
   59.3286066   54.6491612
   59.3170792   54.6399470
   59.3129844   54.6374525
   59.3011918   54.6280651
   59.2973608   54.6257423
   59.2853032   54.6161832
   59.2691071   54.6064102
   59.2526200   54.6051551
   59.2339875   54.6059933
   59.2264708   54.6072635
   59.2154452   54.6077716
   59.2080941   54.6090221
   59.1969038   54.6095500
   59.1897173   54.6107806
   59.1783617   54.6113286
   59.1713405   54.6125388
   59.1598195   54.6131075
   59.1529637   54.6142969
   59.1412782   54.6148864
   59.1345869   54.6160548
   59.1227361   54.6166656
   59.1162101   54.6178125
   59.1041940   54.6184450
   59.0978332   54.6195700
   59.0856518   54.6202245
   59.0794563   54.6213273
   59.0610124   54.6223386
   59.0529343   54.6218093
   59.0431005   54.6186876
   59.0313046   54.6131820
   59.0246590   54.6110500
   59.0133328   54.6057175
   59.0062173   54.6034104
   58.9953614   54.5982549
   58.9877710   54.5957679
   58.9773898   54.5907949
   58.9693346   54.5881279
   58.9594130   54.5833338
   58.9508947   54.5804839
   58.9414398   54.5758756
   58.9324504   54.5728369
   58.9234629   54.5684186
   58.9140161   54.5651919
   58.9054884   54.5609635
   58.8955780   54.5575436
   58.8875140   54.5535106
   58.8771387   54.5498933
   58.8695340   54.5460572
   58.8586999   54.5422410
   58.8515575   54.5386072
   58.8402670   54.5345897
   58.8335778   54.5311573
   58.8218299   54.5269343
   58.8156025   54.5237114
   58.8033959   54.5192789
   58.7976210   54.5162646
   58.7849588   54.5116201
   58.7796392   54.5088198
   58.7665269   54.5039617
   58.7616586   54.5013770
   58.7480951   54.4963011
   58.7436783   54.4939362
   58.7296600   54.4886375
   58.7256979   54.4864980
   58.7112318   54.4809753
   58.7077131   54.4790592
   58.6356728   54.4495725
   58.6326090   54.4492145
   58.6128815   54.4518459
   58.5940553   54.4570960
   58.5852651   54.4609548
   58.5756794   54.4636543
   58.5671863   54.4674038
   58.5573038   54.4702136
   58.5491136   54.4738497
   58.5389282   54.4767733
   58.5310382   54.4802955
   58.5205529   54.4833334
   58.5129570   54.4867429
   58.5021780   54.4898948
   58.4948835   54.4931868
   58.4838032   54.4964564
   58.4768034   54.4996324
   58.4654287   54.5030192
   58.4587295   54.5060750
   58.4470559   54.5095816
   58.4406489   54.5125195
   58.4286813   54.5161460
   58.4225745   54.5189608
   58.4103074   54.5227102
   58.4044935   54.5254039
   58.3861306   54.5310644
   58.3677754   54.5341419
   58.3490232   54.5276209
   58.3419441   54.5240336
   58.3305616   54.5200732
   58.3235363   54.5165072
   58.3120999   54.5125258
   58.3051272   54.5089803
   58.2936399   54.5049789
   58.2867150   54.5014517
   58.2751745   54.4974295
   58.2683095   54.4939267
   58.2567159   54.4898838
   58.2498987   54.4863993
   58.2382542   54.4823363
   58.2314896   54.4788725
   58.2197942   54.4747893
   58.2130773   54.4713439
   58.2013319   54.4672409
   58.1946719   54.4638186
   58.1828701   54.4596935
   58.1762611   54.4562913
   58.1644084   54.4521459
   58.1578520   54.4487646
   58.1459485   54.4445989
   58.1394398   54.4412361
   58.1274862   54.4370504
   58.1210343   54.4337108
   58.1090245   54.4295029
   58.1026234   54.4261836
   58.0905628   54.4219553
   58.0842112   54.4186553
   58.0721031   54.4144077
   58.0658049   54.4111295
   58.0536378   54.4068586
   58.0473956   54.4036034
   58.0351792   54.3993124
   58.0289871   54.3960772
   58.0102088   54.3894773
   57.9930916   54.3860798
   57.9769763   54.3914602
   57.9593257   54.4002441
   57.9490562   54.4072931
   57.9424583   54.4105850
   57.9320598   54.4176904
   57.9255967   54.4209230
   57.9150727   54.4280831
   57.9087337   54.4312611
   57.8980769   54.4384816
   57.8918679   54.4416012
   57.8810903   54.4488746
   57.8749998   54.4519413
   57.8640958   54.4592719
   57.8581379   54.4622780
   57.8471056   54.4696676
   57.8412726   54.4726164
   57.8301140   54.4800644
   57.8244074   54.4829548
   57.8131240   54.4904603
   57.8075387   54.4932945
   57.7961324   54.5008571
   57.7906767   54.5036303
   57.7791445   54.5112522
   57.7738132   54.5139668
   57.7621488   54.5216524
   57.7569464   54.5243056
   57.7451641   54.5320462
   57.7400771   54.5346446
   57.7281699   54.5424450
   57.7232150   54.5449797
   57.7111807   54.5528418
   57.7063491   54.5553170
   57.5818659   54.6317896
   57.3736081   54.7163024
   57.3687700   54.7178103
   57.3556306   54.7235940
   57.3504252   54.7252201
   57.3376514   54.7308859
   57.3320771   54.7326313
   57.3196718   54.7381770
   57.3137363   54.7400401
   57.3016916   54.7454685
   57.2953920   54.7474510
   57.2837137   54.7527588
   57.2770447   54.7548631
   57.2657338   54.7600488
   57.2587063   54.7622723
   57.2477534   54.7673393
   57.2403614   54.7696849
   57.2224894   54.7780306
   57.2094640   54.7863343
   57.2022965   54.7987707
   57.1949383   54.8165154
   57.1898129   54.8348717
   57.1858504   54.8535579
   57.1843541   54.8729240
   57.1853230   54.8929808
   57.1870515   54.9034194
   57.1876733   54.9134152
   57.1891762   54.9222751
   57.1900330   54.9338591
   57.1921891   54.9517973
   57.1859786   54.9645456
   57.1820800   54.9712184
   57.1773767   54.9813802
   57.1732035   54.9885328
   57.1687762   54.9982112
   57.1643263   55.0058493
   57.1601716   55.0150491
   57.1554466   55.0231725
   57.1476088   55.0407742
   57.1418351   55.0589577
   57.1381300   55.0777095
   57.1374147   55.0861471
   57.1402584   55.0945724
   57.1484616   55.1121110
   57.1585393   55.1284381
   57.1646905   55.1362170
   57.1695936   55.1441239
   57.1756017   55.1517060
   57.1806555   55.1598192
   57.1865079   55.1671900
   57.1917121   55.1755075
   57.1974159   55.1826767
   57.2027699   55.1911967
   57.2083236   55.1981635
   57.2138296   55.2068878
   57.2192311   55.2136507
   57.2248898   55.2225796
   57.2301405   55.2291412
   57.2359459   55.2382639
   57.2410460   55.2446256
   57.2470092   55.2539586
   57.2553567   55.2643520
   57.2680691   55.2709836
   57.2863704   55.2780539
   57.2973664   55.2809043
   57.3050170   55.2838093
   57.3149818   55.2863196
   57.3236637   55.2895579
   57.3325978   55.2917422
   57.3423083   55.2952981
   57.3502088   55.2971703
   57.3609620   55.3010336
   57.3678200   55.3026064
   57.3796158   55.3067615
   57.3854258   55.3080490
   57.3982699   55.3124818
   57.4030319   55.3134996
   57.4915557   55.3410301
   57.5102398   55.3466354
   57.5258602   55.3491981
   57.6401083   55.3375361
   57.9301242   55.3074818
   57.9445475   55.3037974
   57.9492779   55.3019567
   57.9634979   55.2983711
   57.9682309   55.2965082
   57.9824452   55.2929461
   58.0005451   55.2857340
   58.0175037   55.2761325
   58.0333266   55.2641384
   58.0480084   55.2497558
   58.0615545   55.2329795
   58.0745481   55.2150631
   58.0866767   55.1952972
   58.0977427   55.1733231
   58.1077553   55.1491236
   58.1122777   55.1357831
   58.1251172   55.1403729
   58.1367182   55.1436982
   58.1506118   55.1486869
   58.1609241   55.1515436
   58.1760993   55.1569994
   58.2007347   55.1635106
   58.2240173   55.1671908
   58.2459543   55.1680416
   58.2665459   55.1660624
   58.2857870   55.1612538
   58.3036809   55.1536155
   58.3202297   55.1431459
   58.3256563   55.1383980
   58.3362679   55.1316044
   58.3414756   55.1270736
   58.3523047   55.1200668
   58.3572958   55.1157464
   58.3683447   55.1085287
   58.3731170   55.1044167
   58.3843824   55.0969935
   58.3889350   55.0930873
   58.4004235   55.0854574
   58.4047505   55.0817590
   58.4164623   55.0739248
   58.4205695   55.0704266
   58.4325044   55.0623903
   58.4363828   55.0590976
   58.4485438   55.0508593
   58.4636799   55.0399444
   58.4777785   55.0370438
   58.4971379   55.0351346
   58.5167097   55.0352563
   58.5364943   55.0374100
   58.5564763   55.0415935
   58.5766711   55.0478095
   58.5970803   55.0560596
   58.6039913   55.0595063
   58.6175498   55.0650230
   58.6244875   55.0684476
   58.6576343   55.0825917
   58.6590098   55.0912240
   58.6637062   55.1120503
   58.6696344   55.1319555
   58.6767933   55.1509350
   58.6851828   55.1689883
   58.6882927   55.1745251
   58.7206361   55.2397858
   58.7297194   55.2573089
   58.7349818   55.2625667
   58.7536017   55.2745068
   58.7725303   55.2840632
   58.7917653   55.2912350
   58.8113076   55.2960226
   58.8311574   55.2984261
   58.8840368   55.2989505
   58.8914907   55.2995568
   58.9022145   55.2992386
   58.9116131   55.2998903
   58.9204043   55.2995479
   58.9317279   55.3002034
   58.9385908   55.2998754
   58.9934014   55.3012349
   59.0689180   55.3234632
   59.0869021   55.3308882
   59.1039750   55.3402570
   59.1201209   55.3515615
   59.1338647   55.3635171
   59.1568196   55.4299688
   59.1653322   55.4476595
   59.1758314   55.4642851
   59.1883119   55.4798371
   59.2027760   55.4943188
   59.2192236   55.5077304
   59.2376548   55.5200718
   59.2424493   55.5227189
   59.3044993   55.5623107
   59.3004514   55.5753340
   59.2943847   55.6008930
   59.2794336   55.6963895
   59.2753866   55.7134009
   59.2706470   55.7303447
   59.2668393   55.7404703
   59.2553905   55.7504413
   59.2401342   55.7613954
   59.2260519   55.7695980
   59.2102616   55.7810212
   59.1954608   55.7940949
   59.1816594   55.8088095
   59.1757887   55.8163087
   59.1753687   55.8220529
   59.1755874   55.8410743
   59.1774385   55.8597673
   59.1809213   55.8781324
   59.1860392   55.8961859
   59.2229396   56.0108014
   59.2281407   56.0290669
   59.2319890   56.0479465
   59.2344809   56.0674212
   59.2354037   56.0837023
   59.2131211   56.0983783
   59.1934571   56.1094486
   59.1737812   56.1193380
   59.1540518   56.1270040
   59.1342881   56.1324391
   59.1144757   56.1356476
   59.0946158   56.1366283
   59.0747212   56.1353813
   59.0627825   56.1333009
   59.0374019   56.1163410
   59.0337928   56.1134013
   59.0211508   56.1053223
   59.0170805   56.1020080
   59.0048951   56.0942992
   59.0003762   56.0906209
   58.9886419   56.0832785
   58.9836688   56.0792320
   58.9723909   56.0722591
   58.9669587   56.0678407
   58.9498200   56.0573817
   58.9314994   56.0494434
   58.9119994   56.0440275
   58.9084911   56.0437726
   58.8898099   56.0481505
   58.8828805   56.0507363
   58.8713550   56.0533749
   58.8636508   56.0562008
   58.8528999   56.0586045
   58.8444288   56.0616583
   58.8344477   56.0638372
   58.8252002   56.0671132
   58.8159962   56.0690742
   58.8059718   56.0725637
   58.7975442   56.0743157
   58.7867428   56.0780099
   58.7790953   56.0795605
   58.7675069   56.0834540
   58.7606471   56.0848101
   58.7482785   56.0888920
   58.7421983   56.0900634
   58.7290460   56.0943264
   58.7237525   56.0953200
   58.7098102   56.0997577
   58.7053073   56.1005808
   58.5751751   56.1377953
   58.5558933   56.1430737
   58.5517773   56.1432522
   58.5322875   56.1391086
   58.5137044   56.1326239
   58.5076830   56.1296182
   58.4954457   56.1252790
   58.4901125   56.1225868
   58.4771924   56.1179329
   58.4725404   56.1155583
   58.4589376   56.1105824
   58.4549604   56.1085300
   58.4021268   56.0877258
   58.3835586   56.0830563
   58.3688114   56.0811053
   58.3555243   56.0787673
   58.2313751   56.0862389
   58.2262468   56.0861286
   58.2117743   56.0873979
   58.2063730   56.0872912
   58.1921727   56.0885559
   58.1865087   56.0884539
   58.1725719   56.0897140
   58.1666353   56.0896173
   58.1529701   56.0908711
   58.1467710   56.0907809
   58.1333684   56.0920283
   58.1268976   56.0919452
   58.1137674   56.0931847
   58.1070334   56.0931095
   58.0941657   56.0943411
   58.0871600   56.0942746
   58.0745646   56.0954966
   58.0672959   56.0954398
   58.0549628   56.0966521
   58.0474224   56.0966057
   58.0353617   56.0978069
   58.0275584   56.0977716
   58.0157597   56.0989617
   58.0076850   56.0989384
   57.9961578   56.1001156
   57.9878210   56.1001051
   57.9765566   56.1012696
   57.9679475   56.1012726
   57.9569547   56.1024227
   57.9480837   56.1024401
   57.9373534   56.1035760
   57.9282102   56.1036084
   57.9177514   56.1047284
   57.9083457   56.1047765
   57.8981452   56.1058815
   57.8884719   56.1059461
   57.8785479   56.1070331
   57.8686082   56.1071150
   57.8606661   56.1079944
   57.8235770   56.1058536
   57.6490343   56.0953848
   57.5492196   56.0897383
   57.5293866   56.0918515
   57.5096822   56.0969163
   57.4984080   56.1015320
   57.4915900   56.1095841
   57.4809993   56.1259734
   57.4785261   56.1311505
   57.4710550   56.1428050
   57.4687898   56.1475652
   57.4611119   56.1596353
   57.4590485   56.1639880
   57.3716415   56.3111460
   57.3295823   56.3822169
   57.3280219   56.4059302
   57.3291681   56.4254639
   57.3324740   56.4443938
   57.3577536   56.5325848
   57.3612054   56.5511189
   57.3625878   56.5702418
   57.3619015   56.5899611
   57.3608013   56.5980726
   57.3604096   56.6099043
   57.3592593   56.6189680
   57.3589149   56.6298590
   57.3577192   56.6398776
   57.3574180   56.6498091
   57.3561258   56.6627015
   57.3454729   56.6775061
   57.3157751   56.7197427
   57.3104981   56.7263701
   57.3046508   56.7353345
   57.2988413   56.7426662
   57.2935332   56.7509111
   57.2871923   56.7589556
   57.2824071   56.7664944
   57.2755415   56.7752540
   57.2650340   56.7920659
   57.2564909   56.8097785
   57.2499166   56.8283825
   57.2497587   56.8344473
   57.2581806   56.8534341
   57.2683242   56.8706158
   57.2801989   56.8860069
   57.2936644   56.8997261
   57.3076990   56.9128544
   57.3234642   56.9241765
   57.3409597   56.9336921
   57.3624749   56.9423217
   57.3834283   56.9406557
   57.5534216   56.9256461
   57.5727470   56.9262627
   57.5920783   56.9293960
   57.5998866   56.9316780
   57.6114021   56.9335559
   57.6194885   56.9358729
   57.6307295   56.9377161
   57.6455811   56.9411376
   57.6945584   56.9600562
   57.7834970   56.9941696
   57.7927483   56.9978680
   57.8297155   57.0308336
   57.8330064   57.0343661
   57.8485706   57.0475108
   57.8652227   57.0582590
   57.8829551   57.0666047
   57.9017631   57.0725473
   57.9128972   57.0745303
   57.9211925   57.0771328
   57.9325522   57.0792046
   57.9521478   57.0853125
   57.9716377   57.0939351
   57.9910220   57.1050721
   58.0103017   57.1187242
   58.0244552   57.1299266
   58.0272322   57.1369162
   58.0212494   57.1588513
   58.0143765   57.1775507
   58.0061732   57.1951883
   57.9508603   57.2932100
   57.9438998   57.3087550
   57.9437450   57.3272397
   57.9457991   57.3466602
   57.9879079   57.5342115
   57.9947868   57.5521414
   58.0043617   57.5692305
   58.0376463   57.6126110
   58.0477841   57.6189825
   58.0582009   57.6247148
   58.0638465   57.6286321
   58.0739293   57.6341495
   58.0799000   57.6382750
   58.0896558   57.6435832
   58.0959573   57.6479190
   58.1053818   57.6530177
   58.1120170   57.6575637
   58.1211073   57.6624530
   58.1280743   57.6672057
   58.1368291   57.6718872
   58.1441362   57.6768503
   58.1525571   57.6813266
   58.1601919   57.6864896
   58.1711159   57.6926724
   58.1868679   57.6953064
   58.2073144   57.6961851
   58.2271206   57.6944154
   58.2350330   57.6925911
   58.2466517   57.6915494
   58.2543192   57.6897501
   58.2661880   57.6886821
   58.2736049   57.6869095
   58.2857239   57.6858148
   58.2928914   57.6840690
   58.3052628   57.6829470
   58.3121779   57.6812292
   58.3247942   57.6800802
   58.3314641   57.6783891
   58.3443301   57.6772121
   58.3507499   57.6755494
   58.3638686   57.6743436
   58.3700365   57.6727104
   58.3834013   57.6714758
   58.3893230   57.6698712
   58.4029356   57.6686070
   58.4218924   57.6633455
   58.5465196   57.6047554
   58.5630607   57.6080606
   58.5814760   57.6141466
   58.5987954   57.6224211
   58.6150188   57.6328855
   58.7246744   57.7047014
   58.7282751   57.7066591
   58.7442385   57.7176233
   58.7592988   57.7303815
   58.7734629   57.7449408
   58.7817490   57.7551599
   58.7836376   57.7639562
   58.7860027   57.7821484
   58.7867489   57.7977468
   58.7717510   57.8168543
   58.6995305   57.8900349
   58.6970697   57.8919979
   58.6829433   57.9068663
   58.6715878   57.9231220
   58.6629981   57.9407714
   58.6571763   57.9598097
   58.6547216   57.9762233
   58.6536145   57.9799917
   58.6511696   57.9962273
   58.6500513   58.0001700
   58.6476176   58.0162358
   58.6464867   58.0203492
   58.6440661   58.0362479
   58.6401871   58.0575195
   58.6643433   58.0931737
   58.6785075   58.1089873
   58.6941849   58.1220023
   58.7113766   58.1322193
   58.7774023   58.1702488
   58.7804170   58.1725689
   58.7937523   58.1796881
   58.7976770   58.1826595
   58.8101016   58.1891382
   58.8149414   58.1927417
   58.8264429   58.1985950
   58.8322076   58.2028137
   58.8427801   58.2080605
   58.8494807   58.2128778
   58.8591159   58.2175365
   58.8667598   58.2229328
   58.8754388   58.2270175
   58.8840413   58.2329777
   58.8917594   58.2365097
   58.9013319   58.2430151
   58.9080756   58.2460127
   58.9186238   58.2530399
   58.9243831   58.2555238
   58.9359239   58.2630560
   58.9544504   58.2707985
   58.9677983   58.2737809
   58.9741774   58.2763246
   58.9866212   58.2790588
   58.9939104   58.2818461
   59.0054435   58.2843431
   59.0136415   58.2873617
   59.0242615   58.2896312
   59.0333738   58.2928736
   59.0430874   58.2949254
   59.0531102   58.2983822
   59.0619090   58.3002214
   59.0728481   58.3038882
   59.0807258   58.3055193
   59.0925926   58.3093941
   59.0995520   58.3108228
   59.1123265   58.3148945
   59.1183732   58.3161261
   59.1705025   58.3310762
   59.2170834   58.3609195
   59.2218115   58.3644668
   59.2336020   58.3716148
   59.2386263   58.3753784
   59.2501181   58.3823088
   59.2554465   58.3862936
   59.2666307   58.3930018
   59.2722557   58.3972013
   59.2831485   58.4036979
   59.2890711   58.4081119
   59.2996611   58.4143910
   59.3058866   58.4190224
   59.3161754   58.4250860
   59.3227036   58.4299336
   59.3326934   58.4357841
   59.3395208   58.4408442
   59.3492050   58.4464788
   59.3649778   58.4581453
   59.3794259   58.4715291
   59.3925575   58.4866377
   59.3965841   58.4923754
   59.3969819   58.4972256
   59.3966261   58.5167040
   59.3942794   58.5357210
   59.3902047   58.5543365
   59.3852224   58.5727512
   59.3782501   58.5907014
   59.3692866   58.6081918
   59.3362026   58.6592253
   59.3341236   58.6605830
   59.1990431   58.7308207
   59.1937337   58.7340931
   59.1819838   58.7397107
   59.1761832   58.7432807
   59.1649267   58.7486003
   59.1586387   58.7524643
   59.1478708   58.7574894
   59.1410851   58.7616525
   59.1308110   58.7663819
   59.1145559   58.7763367
   59.0996775   58.7881314
   59.0938883   58.7939782
   59.0907649   58.8029269
   59.0866427   58.8221881
   59.0851108   58.8414761
   59.0861687   58.8608014
   59.0885915   58.8801390
   59.0932046   58.8995029
   59.1003577   58.9188967
   59.1063875   58.9309799
   59.1091488   58.9383097
   59.1161539   58.9530751
   59.1072105   58.9769053
   59.1020829   58.9961500
   59.0990895   59.0154291
   59.0982329   59.0347287
   59.0995125   59.0540535
   59.1076428   59.1050197
   59.1088042   59.1178146
   59.0907066   59.1355722
   59.0736830   59.1485696
   59.0559666   59.1588782
   59.0375673   59.1664918
   58.9609826   59.1852918
   58.8305742   59.2167915
   58.8269352   59.2181035
   58.8119493   59.2212994
   58.8077796   59.2227835
   58.7933195   59.2258115
   58.7886297   59.2274593
   58.7746935   59.2303243
   58.7694778   59.2321333
   58.7560679   59.2348390
   58.7503205   59.2368066
   58.7374428   59.2393564
   58.7311691   59.2414761
   58.7188218   59.2438748
   58.7120157   59.2461444
   58.7001939   59.2483970
   58.6928563   59.2508116
   58.6815690   59.2529209
   58.6696371   59.2567956
   58.6590409   59.2635409
   58.5997542   59.3121094
   58.4361244   59.4454376
   58.4325552   59.4489127
   58.4212652   59.4575569
   58.4173501   59.4613435
   58.4064002   59.4696835
   58.3924925   59.4830456
   58.3829029   59.4945765
   58.3835921   59.5106435
   58.3867554   59.5304020
   58.3921897   59.5490906
   58.3998954   59.5667081
   58.4019401   59.5700987
   58.4248074   59.6187000
   58.4478587   59.6666141
   58.4493980   59.6708439
   58.4582593   59.6879069
   58.4693850   59.7039026
   58.4827759   59.7188307
   58.4872331   59.7218102
   58.5058668   59.7293339
   58.5784945   59.7500739
   58.5980635   59.7686327
   58.6391589   59.8071051
   58.6427532   59.8111073
   58.6526410   59.8197619
   58.6576530   59.8252570
   58.6731282   59.8383874
   58.6899358   59.8491436
   58.7080774   59.8575272
   58.7138288   59.8593025
   58.7266291   59.8651957
   58.7323497   59.8669787
   58.7451775   59.8728638
   58.7508673   59.8746533
   58.7637255   59.8805328
   58.7693906   59.8823297
   58.7822734   59.8882019
   58.7879126   59.8900047
   58.8008211   59.8958713
   58.8064302   59.8976779
   58.8193662   59.9035405
   58.8249558   59.9053535
   58.8379146   59.9112109
   58.8434734   59.9130258
   58.8564615   59.9188817
   58.8619993   59.9207010
   58.8750085   59.9265523
   58.8805212   59.9283741
   58.8935554   59.9342232
   58.8990387   59.9360454
   58.9121019   59.9418948
   58.9175652   59.9437200
   58.9551179   59.9592908
   58.9647142   59.9702904
   58.9689745   59.9743065
   58.9789045   59.9856946
   58.9829661   59.9894751
   58.9930970   60.0011007
   58.9969550   60.0046402
   59.0103826   60.0200593
   59.0215643   60.0365204
   59.1282984   60.2466337
   59.1295317   60.2499859
   59.1371904   60.2641482
   59.1385196   60.2677534
   59.1460807   60.2816602
   59.1475051   60.2855153
   59.1549696   60.2991692
   59.1564928   60.3032827
   59.1638605   60.3166841
   59.1654788   60.3210445
   59.1727491   60.3341934
   59.1744669   60.3388116
   59.1816395   60.3517084
   59.1834533   60.3565732
   59.1905292   60.3692207
   59.1924423   60.3743398
   59.1994167   60.3867306
   59.2014288   60.3921014
   59.2083072   60.4042464
   59.2104184   60.4098676
   59.2171951   60.4217576
   59.2194058   60.4276288
   59.2260822   60.4392677
   59.2283953   60.4453949
   59.2383432   60.4626231
   59.2484678   60.4750048
   59.2505973   60.4785772
   59.2601474   60.4901027
   59.2628581   60.4945214
   59.2718171   60.5052039
   59.2751288   60.5104634
   59.2834816   60.5203136
   59.2874085   60.5264039
   59.2951421   60.5354318
   59.2996912   60.5423354
   59.3067947   60.5505504
   59.3119849   60.5582711
   59.3184437   60.5656761
   59.3242772   60.5741953
   59.3300892   60.5808055
   59.3365797   60.5901237
   59.3417333   60.5959415
   59.3488820   60.6060437
   59.3533706   60.6110755
   59.3611928   60.6219678
   59.3650063   60.6262151
   59.3735020   60.6378837
   59.3855684   60.6534631
   59.3974608   60.6865196
   59.3989220   60.6920371
   59.4038810   60.7048627
   59.4055442   60.7111098
   59.4103000   60.7232046
   59.4121701   60.7301890
   59.4167170   60.7415469
   59.4187951   60.7492604
   59.4231328   60.7598894
   59.4254233   60.7683346
   59.4295481   60.7782358
   59.4320544   60.7874104
   59.4359586   60.7965765
   59.4410684   60.8151353
   59.4435675   60.8341264
   59.4434559   60.8535500
   59.4373306   60.9024857
   59.4042006   60.9406792
   59.4020118   60.9438916
   59.3907957   60.9562030
   59.3797090   60.9727357
   59.3714769   60.9904958
   59.3701294   60.9952520
   59.3639182   61.0085533
   59.3624538   61.0136557
   59.3563625   61.0266059
   59.3547769   61.0320613
   59.3488060   61.0446644
   59.3470988   61.0504657
   59.3412526   61.0627179
   59.3394200   61.0688699
   59.3336982   61.0807773
   59.3317401   61.0872718
   59.3261468   61.0988317
   59.3240589   61.1056757
   59.3185944   61.1168920
   59.3163757   61.1240810
   59.3110457   61.1349475
   59.3086941   61.1424806
   59.3034954   61.1530088
   59.3010101   61.1608809
   59.2959481   61.1710648
   59.2933248   61.1792832
   59.2883998   61.1891270
   59.2856383   61.1976842
   59.2808547   61.2071840
   59.2779513   61.2160850
   59.2733082   61.2252469
   59.2702629   61.2344853
   59.2657636   61.2433076
   59.2595566   61.2619429
   59.2560497   61.2817523
   59.2552508   61.3025800
   59.2670866   61.3183673
   59.2807878   61.3324971
   59.2892089   61.3392550
   59.2955596   61.3457164
   59.3034232   61.3519910
   59.3103358   61.3589357
   59.3176292   61.3647243
   59.3251087   61.3721494
   59.3318411   61.3774659
   59.3398912   61.3853680
   59.3460455   61.3902048
   59.3546654   61.3985769
   59.3602576   61.4029522
   59.3694468   61.4117879
   59.3744612   61.4156945
   59.3915030   61.4311192
   59.3990994   61.4502670
   59.4040278   61.4679570
   59.4071395   61.4858984
   59.4084345   61.5040951
   59.4076950   61.5097135
   59.4018626   61.5271926
   59.3851411   61.5754784
   59.3785332   61.5955974
   59.3698746   61.6061345
   59.3328856   61.6621246
   59.3440754   61.7411494
   59.3280447   61.7666128
   59.3195449   61.7838220
   59.3169346   61.7910579
   59.3178987   61.8022055
   59.3223840   61.8230117
   59.3294101   61.8421161
   59.3389727   61.8595056
   59.3510770   61.8751897
   59.3761515   61.8995834
   59.3795488   61.9036775
   59.3892947   61.9126219
   59.3938159   61.9179055
   59.4024207   61.9256720
   59.4080929   61.9321192
   59.4155438   61.9387427
   59.4281013   61.9526602
   59.4330470   61.9594457
   59.4324751   61.9695903
   59.4293994   61.9883168
   59.4136056   62.0417395
   59.4117358   62.0463323
   59.4082340   62.0594945
   59.4061205   62.0647169
   59.4028588   62.0772556
   59.4005052   62.0831079
   59.3974810   62.0950180
   59.3948932   62.1014958
   59.3902968   62.1200765
   59.3883232   62.1391719
   59.3889320   62.1575038
   59.3989122   62.1741421
   59.4042752   62.1808329
   59.4100990   62.1905427
   59.4154841   62.1972692
   59.4212881   62.2069466
   59.4266927   62.2137056
   59.4324750   62.2233472
   59.4379016   62.2301418
   59.4436641   62.2397511
   59.4491103   62.2465783
   59.4548510   62.2561517
   59.4603192   62.2630145
   59.4660401   62.2725557
   59.4715279   62.2794509
   59.4772269   62.2889562
   59.4827368   62.2958872
   59.4884161   62.3053602
   59.4939466   62.3123250
   59.4996032   62.3217605
   59.5119884   62.3373754
   59.5370072   62.3623425
   59.5402671   62.3662855
   59.5505059   62.3760903
   59.5544140   62.3807327
   59.5639936   62.3898353
   59.5681846   62.3947321
   59.5711332   62.4012929
   59.5773944   62.4197806
   59.5815401   62.4385531
   59.5835733   62.4576211
   59.5834932   62.4769813
   59.5812995   62.4966388
   59.5792714   62.5060315
   59.5717175   62.5109753
   59.5197043   62.5391862
   59.5012857   62.5495714
   59.4853489   62.5620602
   59.4718915   62.5766537
   59.4651741   62.5868715
   59.4600219   62.5925972
   59.4540747   62.6018205
   59.4481644   62.6085457
   59.4429639   62.6167639
   59.4363150   62.6245042
   59.4318430   62.6317008
   59.4244745   62.6404702
   59.4207129   62.6466312
   59.4126422   62.6564433
   59.4095725   62.6615575
   59.4008180   62.6724232
   59.3905859   62.6897546
   59.3870454   62.6982403
   59.3817070   62.7082348
   59.3737360   62.7253205
   59.3765676   62.7401158
   59.3822733   62.7580589
   59.3873751   62.7691925
   59.3893845   62.7753919
   59.3941658   62.7856554
   59.3964970   62.7927125
   59.4009501   62.8021156
   59.4036165   62.8100357
   59.4077312   62.8185823
   59.4135107   62.8354282
   59.4173249   62.8530359
   59.4191725   62.8714020
   59.4191096   62.8814897
   59.4108536   62.8897323
   59.3951886   62.9021069
   59.3456810   62.9326713
   59.2607124   62.9857112
   59.2463768   62.9993950
   59.2413863   63.0062953
   59.2336205   63.0149028
   59.2225938   63.0324070
   59.2138978   63.0526125
   59.2101444   63.0661225
   59.2143880   63.0769764
   59.2238479   63.0944849
   59.2609236   63.1458545
   59.2634041   63.1638434
   59.2682126   63.1832396
   59.2750451   63.2018234
   59.2838945   63.2195769
   59.3071602   63.2627034
   59.3077492   63.2953060
   59.3102684   63.3156365
   59.3151603   63.3350074
   59.3224218   63.3534086
   59.3320583   63.3708535
   59.3363834   63.3767896
   59.3389849   63.3893905
   59.3408465   63.3948355
   59.3438273   63.4087814
   59.3504506   63.4274418
   59.3595015   63.4451243
   59.3614978   63.4480290
   59.4350133   63.5844914
   59.4404891   63.5985451
   59.4419696   63.6038222
   59.4471014   63.6166876
   59.4487246   63.6224282
   59.4537123   63.6348287
   59.4554831   63.6410421
   59.4603242   63.6529770
   59.4622402   63.6596473
   59.4669338   63.6711204
   59.4690012   63.6782601
   59.4735427   63.6892670
   59.4757605   63.6968645
   59.4801504   63.7074121
   59.4825238   63.7154763
   59.4867544   63.7255526
   59.4892849   63.7340800
   59.4933615   63.7437042
   59.4960494   63.7526871
   59.4999656   63.7618504
   59.5028163   63.7712973
   59.5065677   63.7799963
   59.5095815   63.7898995
   59.5131698   63.7981451
   59.5163508   63.8085087
   59.5197674   63.8162879
   59.5231181   63.8271101
   59.5263680   63.8344413
   59.5298895   63.8457161
   59.5329653   63.8525898
   59.5366606   63.8643173
   59.5395609   63.8707378
   59.5434352   63.8829241
   59.5461556   63.8888889
   59.5500137   63.9009153
   59.5632154   63.9144411
   59.5785367   63.9266045
   59.5950511   63.9364545
   59.6058080   63.9410323
   59.6122856   63.9449063
   59.6232453   63.9495946
   59.6295137   63.9533536
   59.6406758   63.9581530
   59.6467475   63.9618037
   59.6581102   63.9667142
   59.6639797   63.9702525
   59.6755413   63.9752740
   59.6812138   63.9787024
   59.6929772   63.9838367
   59.7096776   63.9939559
   59.7252797   64.0064261
   59.7315783   64.0128628
   59.7353095   64.0189632
   59.7433515   64.0361610
   59.7496899   64.0546217
   59.7543283   64.0743562
   59.7555269   64.0829293
   59.7348434   64.0993806
   59.7164203   64.1109581
   59.6936227   64.1217250
   59.6777405   64.1317744
   59.5924979   64.2044617
   59.5784169   64.2167272
   59.5676667   64.2286652
   59.5661318   64.2437922
   59.5665154   64.2623828
   59.5686302   64.2805715
   59.5723548   64.2983962
   59.5784407   64.3156760
   59.6107329   64.3832605
   59.6111574   64.4005861
   59.6102623   64.4117067
   59.6055178   64.4209944
   59.5956884   64.4361154
   59.5844143   64.4499487
   59.5716829   64.4625100
   59.5574997   64.4737919
   59.5384974   64.4859488
   59.5217479   64.4993326
   59.5090294   64.5116728
   59.5087830   64.5130721
   59.5184010   64.5405487
   59.5271411   64.5593605
   59.5374286   64.5764178
   59.5492564   64.5917106
   59.5626360   64.6052538
   59.5675729   64.6091522
   59.5765350   64.6182009
   59.5812921   64.6219409
   59.5945047   64.6352467
   59.6060923   64.6501913
   59.6224241   64.6773722
   59.6299712   64.6873501
   59.6277287   64.6957416
   59.6246038   64.7154290
   59.6237084   64.7347668
   59.6243844   64.7443896
   59.6241083   64.7539025
   59.6258383   64.7728316
   59.6298577   64.7914018
   59.6361667   64.8096146
   59.6391101   64.8157267
   59.6451708   64.8208081
   59.6614829   64.8315000
   59.6719872   64.8367130
   59.6957304   64.8499704
   59.7054228   64.8549476
   59.7520110   64.8918918
   59.7582629   64.8976128
   59.7743514   64.9087060
   59.7917792   64.9173954
   59.8105461   64.9236812
   59.8199317   64.9254934
   59.8299852   64.9287605
   59.8386191   64.9304226
   59.8494245   64.9338396
   59.8583210   64.9356655
   59.8838865   64.9519238
   59.9005257   64.9620287
   59.9182672   64.9701549
   59.9890417   64.9928609
   60.0011689   65.0000615
   60.0086748   65.0077367
   60.0174284   65.0155929
   60.0286072   65.0234631
   60.0332993   65.0260236
   60.0470924   65.0355118
   60.0658930   65.0451772
   60.0851007   65.0518532
   60.0985810   65.0543852
   60.1045931   65.0563755
   60.1158182   65.0582623
   60.1240908   65.0608578
   60.1330391   65.0621773
   60.1435912   65.0652968
   60.1502447   65.0661342
   60.1631037   65.0696911
   60.1674371   65.0701385
   60.2021356   65.0783837
   60.2216747   65.0825573
   60.2416933   65.0831256
   60.2980747   65.0841457
   60.3017791   65.0846921
   60.3168637   65.0845216
   60.3218118   65.0851834
   60.3356507   65.0849121
   60.3418421   65.0856605
   60.3544351   65.0853158
   60.3618806   65.0861258
   60.3732279   65.0857324
   60.3819175   65.0865793
   60.3916996   65.0850836
   60.4090965   65.0770563
   60.4252096   65.0667667
   60.4740577   65.0248859
   60.4859169   65.0190444
   60.6214187   64.9501047
   60.6297438   64.9470962
   60.6355849   64.9464628
   60.6532770   64.9466340
   60.6707284   64.9489189
   60.7190595   64.9603230
   60.7215219   64.9623671
   60.7694868   64.9945508
   60.8015536   65.0164881
   60.8185838   65.0244845
   60.8367377   65.0293591
   60.8490616   65.0304803
   60.8556296   65.0321808
   60.8677484   65.0333075
   60.8745245   65.0350050
   60.8864355   65.0361335
   60.8934143   65.0378298
   60.9051222   65.0389573
   60.9123102   65.0406569
   60.9238091   65.0417805
   60.9312033   65.0434850
   60.9413957   65.0444938
   60.9587667   65.0561276
   60.9657211   65.0623785
   60.9745810   65.0683857
   60.9814098   65.0745452
   60.9978340   65.0856927
   61.0114187   65.0924205
   61.0155081   65.0951151
   61.0278023   65.1010699
   61.0331938   65.1045245
   61.0441836   65.1097369
   61.0544691   65.1155853
   61.0648362   65.1284903
   61.0750434   65.1403009
   61.0777863   65.1444383
   61.0912482   65.1596859
   61.1064571   65.1725120
   61.1234190   65.1829214
   61.1421270   65.1909103
   61.1542858   65.1942208
   61.1619301   65.1973926
   61.1735609   65.2005698
   61.1817276   65.2038749
   61.1928403   65.2069190
   61.2015295   65.2103596
   61.2121241   65.2132689
   61.2213217   65.2168412
   61.2313983   65.2196139
   61.2490651   65.2268225
   61.2633380   65.2348148
   61.3009518   65.2693177
   61.3049365   65.2797155
   61.3104734   65.2967289
   61.3199995   65.3174177
   61.3314494   65.3354397
   61.3364994   65.3412387
   61.3441990   65.3516718
   61.3585851   65.3656355
   61.3702381   65.3735700
   61.3744350   65.3775795
   61.3853324   65.3848556
   61.3902890   65.3895155
   61.4004178   65.3961449
   61.4061487   65.4014457
   61.4155035   65.4074452
   61.4220150   65.4133691
   61.4305769   65.4187477
   61.4378834   65.4252840
   61.4456498   65.4300608
   61.4537600   65.4371931
   61.4607131   65.4413785
   61.4696391   65.4490933
   61.4757747   65.4527061
   61.4855265   65.4609873
   61.4908284   65.4640398
   61.5014169   65.4728719
   61.5058771   65.4753816
   61.5173156   65.4847503
   61.5209169   65.4867296
   61.5332173   65.4966193
   61.5359545   65.4980880
   61.5967893   65.5441498
   61.6128252   65.5558416
   61.6677981   65.5814072
   61.7202598   65.6056508
   61.7350100   65.6152559
   61.7389444   65.6184714
   61.7511890   65.6260394
   61.7554558   65.6295009
   61.7673679   65.6368249
   61.7719692   65.6405308
   61.7835494   65.6476142
   61.7884797   65.6515569
   61.7997291   65.6584031
   61.8049948   65.6625846
   61.8159086   65.6691937
   61.8215040   65.6736065
   61.8320858   65.6799831
   61.8380230   65.6846338
   61.8488696   65.6912469
   61.8603907   65.6963803
   61.8664900   65.6982258
   61.8788716   65.7037527
   61.8977184   65.7093528
   61.9064017   65.7107095
   61.9168087   65.7138328
   61.9258241   65.7152590
   61.9358956   65.7183119
   61.9452497   65.7198102
   61.9549791   65.7227891
   61.9646772   65.7243621
   61.9740698   65.7272669
   61.9840994   65.7289140
   61.9931537   65.7317426
   62.0035278   65.7334677
   62.0122448   65.7362186
   62.0229493   65.7380210
   62.0313291   65.7406926
   62.0423759   65.7425761
   62.0504204   65.7451671
   62.0617973   65.7471313
   62.0695051   65.7496394
   62.0812216   65.7516878
   62.0885966   65.7541125
   62.1006487   65.7562462
   62.1076818   65.7585825
   62.1200680   65.7608031
   62.1267737   65.7630540
   62.1394949   65.7653635
   62.1458593   65.7675221
   62.1589150   65.7699225
   62.1649516   65.7719915
   62.1783411   65.7744846
   62.1840377   65.7764578
   62.1977595   65.7790453
   62.2031303   65.7809254
   62.2171823   65.7836089
   62.2222199   65.7853912
   62.2366075   65.7881740
   62.2413066   65.7898543
   62.2560265   65.7927378
   62.2604009   65.7943189
   62.2754498   65.7973047
   62.2794882   65.7987801
   62.2948686   65.8018709
   62.2985818   65.8032422
   62.3142897   65.8064397
   62.3176695   65.8077015
   62.3337123   65.8110094
   62.3367636   65.8121611
   62.5085991   65.8522153
   62.5178265   65.8527982
   62.5280077   65.8551524
   62.5373397   65.8557650
   62.5474223   65.8580906
   62.5568499   65.8587321
   62.5668307   65.8610286
   62.5763662   65.8616993
   62.5862453   65.8639671
   62.5958795   65.8646663
   62.6056537   65.8669049
   62.6153920   65.8676325
   62.6250683   65.8698438
   62.6349018   65.8705988
   62.6444764   65.8727822
   62.6544184   65.8735656
   62.6638911   65.8757213
   62.6739317   65.8765320
   62.6832991   65.8786595
   62.6934416   65.8794975
   62.7027138   65.8815993
   62.7129584   65.8824645
   62.7323380   65.8868491
   62.7514590   65.8939587
   62.7589587   65.8978686
   62.7704818   65.9022034
   62.7780216   65.9060816
   62.7923700   65.9119016
   62.7946813   65.9170134
   62.8052331   65.9348917
   62.8174084   65.9509092
   62.8312194   65.9650826
   62.8481872   65.9783604
   62.8529451   66.0001095
   62.8608536   66.0209812
   62.8690989   66.0348707
   62.8710807   66.0392190
   62.8829184   66.0556282
   62.8976282   66.0687770
   62.9075445   66.0743543
   62.9140879   66.0799379
   62.9226980   66.0846474
   62.9305663   66.0910824
   62.9378415   66.0949615
   62.9495296   66.1034976
   62.9609137   66.1163316
   62.9715018   66.1271628
   62.9741724   66.1311229
   62.9837317   66.1405231
   62.9874505   66.1458996
   62.9959377   66.1538941
   63.0007445   66.1606552
   63.0154197   66.1738415
   63.0210234   66.1769782
   63.0312722   66.1856963
   63.0349564   66.1876646
   63.0630270   66.2093479
   63.0909645   66.2299796
   63.0944201   66.2334014
   63.1050026   66.2404948
   63.1101718   66.2453708
   63.1269580   66.2561607
   63.1461749   66.2641976
   63.2062929   66.2784730
   63.2111153   66.2800269
   63.2265927   66.2833492
   63.2285844   66.2900396
   63.2369537   66.3103901
   63.2470473   66.3287744
   63.2588730   66.3452059
   63.2652866   66.3520535
   63.2715613   66.3606451
   63.2770549   66.3663651
   63.2842591   66.3760744
   63.2888172   66.3806926
   63.2969713   66.3914945
   63.3005595   66.3950237
   63.3096924   66.4068976
   63.3239935   66.4205141
   63.3522444   66.4402518
   63.3561642   66.4436948
   63.3666353   66.4504592
   63.3722848   66.4552390
   63.3892310   66.4658465
   63.4002996   66.4708257
   63.4117918   66.4733403
   63.4261212   66.4756647
   63.4312918   66.4771813
   63.4449920   66.4793519
   63.4507999   66.4810209
   63.4638624   66.4830426
   63.4703057   66.4848572
   63.4827323   66.4867364
   63.4898103   66.4886903
   63.4996889   66.4901501
   63.5089650   66.4938645
   63.5159106   66.4956967
   63.5277777   66.5003913
   63.5339490   66.5019756
   63.5465880   66.5069123
   63.5519783   66.5082565
   63.5653998   66.5134292
   63.5700125   66.5145443
   63.6218408   66.5329462
   63.6803156   66.5446004
   63.7533866   66.5585358
   63.7583304   66.5599617
   63.7716539   66.5620509
   63.7778454   66.5637752
   63.7899269   66.5655789
   63.8024940   66.5683067
   63.8487851   66.5861800
   63.8534335   66.5885140
   63.8660199   66.5928785
   63.8720343   66.5958443
   63.8832501   66.5995887
   63.8906388   66.6031618
   63.9004708   66.6063102
   63.9092420   66.6104635
   63.9176928   66.6130478
   63.9278569   66.6177519
   63.9349000   66.6197981
   63.9464732   66.6250223
   63.9520994   66.6265656
   63.9650944   66.6322737
   63.9692888   66.6333519
   63.9837211   66.6395039
   64.0030240   66.6441112
   64.0130885   66.6447839
   64.0227585   66.6470679
   64.0328766   66.6477775
   64.0424911   66.6500259
   64.0526674   66.6507709
   64.0622235   66.6529848
   64.0724621   66.6537638
   64.0819525   66.6559430
   64.0922500   66.6567545
   64.1016877   66.6589034
   64.1120444   66.6597460
   64.1214202   66.6618638
   64.1318325   66.6627361
   64.1411505   66.6648250
   64.1516237   66.6657262
   64.1608784   66.6677860
   64.1714192   66.6687157
   64.1806136   66.6707481
   64.1912066   66.6717041
   64.2003450   66.6737109
   64.2110016   66.6746932
   64.2200770   66.6766736
   64.2307893   66.6776808
   64.2398025   66.6796360
   64.2493196   66.6805475
   64.2591974   66.6839143
   64.2670760   66.6856046
   64.2782715   66.6894161
   64.2860449   66.6910750
   64.2991800   66.6953073
   64.3112227   66.7009611
   64.3155777   66.7036726
   64.3286627   66.7097122
   64.3336979   66.7128464
   64.3461073   66.7184656
   64.3518230   66.7220224
   64.3702122   66.7301702
   64.3893360   66.7354799
   64.4644411   66.7449254
   64.4686335   66.7458893
   64.4832312   66.7473175
   64.4884603   66.7484674
   64.5020212   66.7497177
   64.5181485   66.7518950
   64.5265302   66.7597887
   64.5358332   66.7671395
   64.5432191   66.7745060
   64.5604085   66.7872711
   64.5785054   66.7965589
   64.5975011   66.8023639
   64.6082664   66.8036210
   64.6169963   66.8062387
   64.6274011   66.8074363
   64.6364920   66.8101121
   64.6465310   66.8112514
   64.6559851   66.8139844
   64.6656627   66.8150678
   64.6754826   66.8178567
   64.6847972   66.8188857
   64.6949789   66.8217277
   64.7039266   66.8227033
   64.7144752   66.8255983
   64.7230580   66.8265223
   64.7339687   66.8294675
   64.7421924   66.8303419
   64.7534684   66.8333367
   64.7613213   66.8341616
   64.7729656   66.8372055
   64.7804524   66.8379827
   64.7924613   66.8410735
   64.7995867   66.8418046
   64.8119553   66.8449397
   64.8187143   66.8456254
   64.8314558   66.8488071
   64.8378461   66.8494482
   64.8509532   66.8526735
   64.8569803   66.8532718
   64.8704513   66.8565392
   64.8761074   66.8570947
   64.8897737   66.8610619
   64.9029448   66.8640971
   64.9089120   66.8663290
   64.9209770   66.8690038
   64.9280494   66.8715864
   64.9390101   66.8739202
   64.9471893   66.8768342
   64.9570351   66.8788440
   64.9663281   66.8820720
   64.9750591   66.8837772
   64.9854762   66.8873025
   64.9930808   66.8887205
   65.0046218   66.8925226
   65.0110998   66.8936730
   65.0289019   66.8993776
   65.0460078   66.9075019
   65.0624140   66.9180445
   65.0913743   66.9419529
   65.0925475   66.9563624
   65.0928581   66.9683028
   65.0936929   66.9740711
   65.0943511   66.9894872
   65.0978775   67.0096413
   65.1040146   67.0284793
   65.1127614   67.0459969
   65.1241170   67.0621935
   65.1380846   67.0770733
   65.1464487   67.0839150
   65.1534705   67.0912348
   65.1612373   67.0975996
   65.1688525   67.1053955
   65.1760303   67.1112867
   65.1880443   67.1226890
   65.1980170   67.1500995
   65.2081812   67.1610551
   65.2236736   67.1744607
   65.2401052   67.1855876
   65.2574866   67.1944430
   65.2650760   67.1971681
   65.2752575   67.2023587
   65.2828371   67.2050756
   65.2930231   67.2102721
   65.3005995   67.2129830
   65.3107945   67.2181876
   65.3183585   67.2208892
   65.3285654   67.2261034
   65.3361196   67.2287967
   65.3463302   67.2340164
   65.3646798   67.2405464
   65.3840003   67.2447238
   65.3876524   67.2450525
   65.4299323   67.2531323
   65.4903036   67.2800557
   65.4946585   67.2824712
   65.5080122   67.2880218
   65.5123966   67.2904555
   65.5257244   67.2959891
   65.5301401   67.2984421
   65.5434294   67.3039533
   65.5478788   67.3064272
   65.5611381   67.3119193
   65.5656168   67.3144116
   65.5788469   67.3198851
   65.5833590   67.3223981
   65.6013329   67.3298251
   65.6201716   67.3351520
   65.6329551   67.3372465
   65.6396012   67.3390734
   65.6516510   67.3410165
   65.6639238   67.3450391
   65.7142029   67.3681503
   65.7276836   67.3804892
   65.7434802   67.3931616
   65.7602296   67.4035233
   65.8045022   67.4236624
   65.8233716   67.4351182
   65.8420399   67.4486205
   65.8605279   67.4639603
   65.8787637   67.4818809
   65.8967450   67.5023803
   65.9261201   67.5404877
   65.9225690   67.5572465
   65.9389027   67.5835720
   65.9531830   67.6034513
   65.9680253   67.6215390
   66.0338272   67.6911393
   66.0675085   67.7233714
   66.0497687   67.7739675
   66.0449535   67.7929669
   66.0419973   67.8119231
   66.0408966   67.8308584
   66.0410736   67.8352789
   66.0404306   67.8853755
   66.0250492   67.8960644
   66.0080469   67.9056420
   65.9909213   67.9143573
   65.9735174   67.9211584
   65.9558041   67.9258231
   65.9377828   67.9283512
   65.9232097   67.9286627
   65.9080687   67.9295406
   65.8949776   67.9279374
   65.8844885   67.9257523
   65.8756306   67.9250423
   65.8651975   67.9228490
   65.8562854   67.9221484
   65.8459027   67.9199449
   65.8369396   67.9192548
   65.8266043   67.9170395
   65.8175924   67.9163611
   65.8073131   67.9141348
   65.7982434   67.9134684
   65.7880183   67.9112296
   65.7788993   67.9105770
   65.7687203   67.9083226
   65.7493576   67.9069764
   65.7404046   67.9076958
   65.7299229   67.9070628
   65.7220287   67.9077520
   65.7104945   67.9071577
   65.7036592   67.9078006
   65.6910624   67.9072602
   65.6852817   67.9078418
   65.6716264   67.9073705
   65.6669081   67.9078754
   65.5534737   67.9079991
   65.4390071   67.8963055
   65.4203045   67.8969979
   65.4039096   67.9076266
   65.3937350   67.9166211
   65.3587457   67.9457900
   65.3458145   67.9607068
   65.3203536   67.9909555
   65.3095434   68.0080653
   65.3070987   68.0152983
   65.3061483   68.0344203
   65.3068673   68.0438536
   65.3065391   68.0537278
   65.3071753   68.0609721
   65.3074564   68.0780956
   65.3069331   68.0942086
   65.2986293   68.1103773
   65.2918694   68.1286820
   65.2875727   68.1473309
   65.2829520   68.1937827
   65.2794968   68.2232133
   65.2795178   68.2424684
   65.2804639   68.2501563
   65.2854143   68.2579027
   65.2980315   68.2730781
   65.3086018   68.2829098
   65.3119667   68.2869289
   65.3221807   68.2963640
   65.3259027   68.3007788
   65.3357637   68.3098256
   65.3398398   68.3146267
   65.3493415   68.3232843
   65.3537783   68.3284741
   65.3629220   68.3367483
   65.3677185   68.3423199
   65.3764997   68.3502117
   65.3816594   68.3561640
   65.3900760   68.3636765
   65.3956036   68.3700091
   65.4036485   68.3771406
   65.4095434   68.3838474
   65.4172242   68.3906096
   65.4234905   68.3976897
   65.4307943   68.4040760
   65.4374383   68.4115312
   65.4443694   68.4175501
   65.4513824   68.4253652
   65.4579356   68.4310171
   65.4653330   68.4392039
   65.4715059   68.4444914
   65.4792849   68.4530413
   65.4850707   68.4579633
   65.4932339   68.4668738
   65.4986367   68.4714385
   65.5071844   68.4807048
   65.5393454   68.5076913
   65.5527868   68.5214788
   65.5658645   68.5376618
   65.5525712   68.5578728
   65.5392387   68.5741928
   65.5247655   68.5882965
   65.5091496   68.6001849
   65.5005112   68.6051704
   65.4929502   68.6109225
   65.4845724   68.6157129
   65.4694418   68.6272152
   65.4559171   68.6406515
   65.4440036   68.6560171
   65.4337015   68.6733106
   65.4281640   68.6844243
   65.3794813   68.7268998
   65.3665030   68.7409882
   65.3564644   68.7543990
   65.3302728   68.7694887
   65.2999611   68.7803191
   65.2812022   68.7846265
   65.2624621   68.7865698
   65.2569698   68.7864466
   65.2437180   68.7879173
   65.2372667   68.7878029
   65.2249783   68.7892602
   65.2175608   68.7891650
   65.2062386   68.7905975
   65.1978567   68.7905328
   65.1874985   68.7919290
   65.1781492   68.7919067
   65.1687584   68.7932537
   65.1584503   68.7932865
   65.1500183   68.7945721
   65.1387481   68.7946737
   65.1312788   68.7958832
   65.1190470   68.7960682
   65.1125427   68.7971861
   65.0993448   68.7974701
   65.0799628   68.8010030
   65.0714110   68.8040034
   65.0607886   68.8059582
   65.0521487   68.8089569
   65.0416103   68.8109137
   65.0328920   68.8139089
   65.0224391   68.8158660
   65.0136279   68.8188640
   65.0032637   68.8208195
   64.9943695   68.8238180
   64.9840882   68.8257721
   64.9751073   68.8287738
   64.9649101   68.8307251
   64.9558501   68.8337280
   64.9457380   68.8356754
   64.9365854   68.8386853
   64.9265634   68.8406270
   64.9173307   68.8436404
   64.9072431   68.8445999
   64.8974367   68.8465830
   64.8877467   68.8474000
   64.8790633   68.8492202
   64.8682583   68.8502073
   64.8606918   68.8518497
   64.8487672   68.8530236
   64.8423245   68.8544701
   64.8292743   68.8558477
   64.8239477   68.8570835
   64.8097894   68.8586790
   64.7991353   68.8604600
   64.7899251   68.8589615
   64.7782670   68.8580864
   64.7696467   68.8564490
   64.7609888   68.8560058
   64.7493738   68.8539957
   64.7437355   68.8538611
   64.7291196   68.8516161
   64.7092352   68.8517701
   64.6968242   68.8539689
   64.6896971   68.8542619
   64.6812657   68.8560571
   64.6701753   68.8568894
   64.6509791   68.8616756
   64.6322681   68.8697721
   64.6138135   68.8796052
   64.5957467   68.8920827
   64.5781456   68.9076654
   64.5762341   68.9118501
   64.5766116   68.9323110
   64.5706720   68.9516707
   64.5669124   68.9716244
   64.5655480   68.9914706
   64.5665787   69.0112050
   64.5700056   69.0308401
   64.5740901   69.0445386
   64.5840063   69.0535898
   64.6001549   69.0652294
   64.6172533   69.0746115
   64.6268854   69.0784143
   64.6348504   69.0828160
   64.6448159   69.0867717
   64.6524417   69.0910165
   64.6627472   69.0951297
   64.6700417   69.0992199
   64.6806750   69.1034875
   64.6876389   69.1074214
   64.6986044   69.1118472
   64.7052364   69.1156220
   64.7165334   69.1202077
   64.7228312   69.1238199
   64.7344629   69.1285691
   64.7404326   69.1320197
   64.7523890   69.1369303
   64.7580321   69.1402180
   64.7703165   69.1452938
   64.7756295   69.1484141
   64.7882436   69.1536580
   64.7932291   69.1566099
   64.8061709   69.1620235
   64.8108261   69.1648027
   64.8240953   69.1703882
   64.8410728   69.1806096
   64.8691873   69.2034682
   64.8750971   69.2053081
   64.9153576   69.2061209
   64.9338681   69.2089495
   65.0102760   69.2309977
   65.0143388   69.2331702
   65.0300455   69.2439751
   65.0443413   69.2564333
   65.0507248   69.2634257
   65.0573792   69.2765340
   65.3271061   69.9487456
   65.3886124   70.1082158
   65.4382719   70.2412782
   65.3463803   70.3399110
   65.3324704   70.3550932
   65.3050245   70.3858044
   65.2484997   70.4506287
   65.2095549   70.4940474
   65.1914153   70.5137186
   65.1598073   70.5488366
   65.1283655   70.5849000
   65.1093828   70.6072535
   65.0951639   70.6267181
   65.0688528   70.6636134
   65.0428606   70.7011913
   64.8375725   71.0048033
   64.8073870   71.0503306
   64.7774196   71.0967083
   64.7534580   71.1344424
   64.7145586   71.2002754
   64.6860695   71.2492510
   64.6719109   71.2740686
   64.6438293   71.3242507
   64.6158525   71.3755396
   64.5638553   71.4726963
   69.9588954   75.0108724
   69.9593196   75.0109620
   77.5832596   73.7487832
   75.0351074   76.6407399
   75.4406225   76.6033320
   75.5003760   76.5982094
   75.5403455   76.5951099
   75.6000378   76.5909694
   75.6396495   76.5885455
   75.6795713   76.5863642
   75.7391787   76.5835967
   75.7985972   76.5814225
   75.8382910   76.5802954
   75.8897398   76.5790890
   76.1433216   76.5530317
   76.1804586   76.5490398
   76.4727622   76.5162248
   76.5215060   76.5122794
   76.7661724   76.4938858
   76.8245977   76.4893863
   76.8455686   76.4337523
   76.8592442   76.3979617
   76.8865170   76.3276547
   76.9138627   76.2585672
   76.9277650   76.2239764
   76.9553523   76.1563806
   76.9693638   76.1225760
   76.9972271   76.0563872
   77.0113645   76.0233263
   77.0395035   75.9585497
   77.0678749   75.8946051
   77.0822223   75.8627826
   77.1107767   75.8004602
   77.1252501   75.7693801
   77.6610389   74.6312935
   77.6688426   74.6149489
   77.9516093   74.0309376
   77.8824657   73.8063438
   77.8971750   73.7574597
   77.9600125   73.5428336
   77.9726007   73.5014414
   77.9853614   73.4610634
   77.9982946   73.4216998
   78.0114003   73.3833504
   78.0246786   73.3460152
   78.0381333   73.3096837
   78.0517519   73.2743892
   78.0655478   73.2400968
   78.0795161   73.2068187
   78.0864665   73.1909608
   78.1087315   73.1488294
   78.1255167   73.1185369
   78.1423453   73.0893393
   78.1913587   73.0077005
   78.2049609   72.9841171
   78.2183090   72.9616254
   78.2317905   72.9399969
   78.2454170   72.9192129
   78.2591796   72.8992873
   78.2730794   72.8802179
   78.3366955   72.7976746
   78.3499978   72.7816639
   78.3636321   72.7664705
   78.3776186   72.7520724
   78.4061562   72.7247126
   78.4206376   72.7115139
   78.4354691   72.6991716
   78.5016440   72.6490056
   78.5844997   72.5925484
   78.5260509   72.4174713
   78.5224034   72.4083024
   78.5221908   72.4008989
   78.5184216   72.3565960
   78.5308520   72.3388814
   78.5817789   72.2757342
   78.5930395   72.2592308
   78.5979545   72.2506519
   78.6114511   72.2294607
   78.6864862   72.1821342
   78.7044871   72.1730344
   78.7230048   72.1658267
   78.7420378   72.1605118
   78.7766804   72.1540238
   78.8392247   72.1413699
   78.8541218   72.1387694
   78.9364128   72.1222283
   78.9509164   72.1197025
   79.0676499   72.0966724
   79.5385411   72.0613871
   79.7154794   72.0482580
   79.7348877   72.0448495
   79.7393977   72.0435539
   79.8122577   72.0290625
   80.0014497   71.9722376
   80.0195366   71.9644762
   80.0370286   71.9548187
   80.0539282   71.9432799
   80.0705567   71.9308660
   80.0866032   71.9166204
   80.1020832   71.9005284
   80.1169799   71.8826072
   80.1306745   71.8652746
   80.1277790   71.8575699
   80.1217060   71.8378005
   80.1170270   71.8181278
   80.1137447   71.7985613
   80.1091925   71.7595775
   80.1078811   71.7457382
   80.1046309   71.7266951
   80.0982699   71.7029817
   80.0906551   71.6966137
   80.0722432   71.6836469
   80.0535785   71.6728994
   80.0346620   71.6643719
   79.9851130   71.6482465
   79.9771982   71.6450983
   79.9691071   71.6429763
   79.9388524   71.6325762
   79.9194274   71.6285338
   79.8996920   71.6272281
   79.4649073   71.6039103
   79.4608404   71.6040205
   79.4409694   71.6025403
   79.4210964   71.5990435
   79.4077902   71.5953536
   79.3980654   71.5906951
   79.3821510   71.5813804
   79.3666339   71.5705450
   79.3533204   71.5407974
   79.3468557   71.5273313
   79.3369384   71.5046735
   79.3283881   71.4868277
   79.3182977   71.4699319
   79.2787877   71.4157594
   79.2673250   71.3973334
   79.2569699   71.3778700
   79.2696434   71.3587481
   79.2746537   71.3523045
   79.2967143   71.3376032
   79.3147462   71.3277270
   79.3329022   71.3195692
   79.3511654   71.3131370
   79.3695517   71.3084239
   79.4250898   71.2998110
   79.4301174   71.2994259
   79.4495629   71.2959410
   79.7161253   71.2226625
   79.9827898   71.1495526
   80.0038663   71.1436089
   80.1183111   71.1224601
   80.5008813   71.0512930
   80.5068102   71.0506252
   80.5260942   71.0464060
   80.5449041   71.0401954
   80.5632566   71.0319881
   80.5684819   71.0290080
   80.5723261   71.0243424
   80.5833943   71.0078756
   80.5927858   70.9904090
   80.5952965   70.9843993
   80.6718981   70.8300215
   80.6806053   70.8121503
   80.6878471   70.7934107
   80.6936263   70.7737961
   80.7007412   70.7423160
   80.7072305   70.7160013
   80.7217678   70.6983351
   80.7331322   70.6820409
   80.7432691   70.6650321
   80.7521933   70.6472833
   80.7598956   70.6288106
   80.7667442   70.6098463
   80.7678636   70.6053955
   80.7698325   70.5860850
   80.7705432   70.5665490
   80.7699954   70.5468109
   80.7681889   70.5268472
   80.7651239   70.5066658
   80.7608005   70.4862668
   80.7574758   70.4739871
   80.7448946   70.4689373
   80.7244362   70.4620522
   80.6517129   70.4424654
   80.6430467   70.4397684
   80.6227717   70.4350455
   80.6026349   70.4319524
   80.5826365   70.4304891
   80.2884493   70.4308583
   80.2688445   70.4292601
   80.2494162   70.4256660
   80.2375957   70.4222347
   80.2212276   70.4182797
   80.2138875   70.4151109
   80.1108893   70.3664260
   79.9732302   70.3018721
   79.9677323   70.2987983
   79.9560394   70.2937962
   79.9498289   70.2903543
   79.9388425   70.2857132
   79.9319318   70.2819175
   79.9136769   70.2743045
   79.8945841   70.2686447
   79.8826961   70.2664338
   79.8749755   70.2641753
   79.8633390   70.2620085
   79.8553759   70.2597080
   79.8439818   70.2575838
   79.8357735   70.2552402
   79.8246185   70.2531584
   79.8161669   70.2507718
   79.8052665   70.2487354
   79.7965578   70.2463019
   79.7859094   70.2443106
   79.7769590   70.2418342
   79.7665522   70.2398864
   79.7541584   70.2367667
   79.6776043   70.1936265
   79.6704609   70.1890862
   79.6609647   70.1841872
   79.6531537   70.1792506
   79.6443290   70.1747470
   79.6358543   70.1694224
   79.6276999   70.1653079
   79.6185496   70.1595942
   79.6110685   70.1558640
   79.6012438   70.1497686
   79.5944387   70.1464176
   79.5839327   70.1399433
   79.5778080   70.1369668
   79.5666282   70.1301257
   79.5487778   70.1215698
   79.5301201   70.1148876
   79.5106630   70.1100819
   79.4903998   70.1071505
   79.4693323   70.1060940
   79.4646612   70.1062687
   79.4016874   70.1045379
   79.3746811   70.0969917
   79.3501831   70.0897034
   79.3418801   70.0849944
   79.1595418   69.9753836
   79.1427899   69.9653596
   79.1272190   69.9541197
   79.1126800   69.9415898
   79.0991785   69.9277750
   79.0867040   69.9126645
   79.0751084   69.8964626
   79.0439732   69.8501341
   79.0895827   69.7570470
   79.1060441   69.7484553
   79.1246544   69.7404359
   79.2754625   69.6854611
   79.2885535   69.6811221
   79.2943172   69.6785861
   79.3072639   69.6743183
   79.3131691   69.6717124
   79.3259614   69.6675198
   79.3320147   69.6648402
   79.3446721   69.6607172
   79.3508690   69.6579648
   79.3633704   69.6539194
   79.3697160   69.6510911
   79.3820812   69.6471178
   79.3885703   69.6442147
   79.4007803   69.6403207
   79.4187899   69.6322313
   79.4282501   69.6265922
   79.4361773   69.6229930
   79.4450103   69.6176769
   79.4535600   69.6137534
   79.4617649   69.6087678
   79.4709446   69.6045099
   79.4785242   69.5998600
   79.4883247   69.5952655
   79.4952849   69.5909546
   79.5057032   69.5860183
   79.5120504   69.5820494
   79.5230869   69.5767646
   79.5397670   69.5662348
   79.5553640   69.5536781
   79.5610213   69.5479921
   79.5704724   69.5402440
   79.5752344   69.5354245
   79.6309049   69.4864434
   79.6454307   69.4734927
   79.8369080   69.3737139
   79.8465034   69.3697885
   79.8574007   69.3672470
   79.8659124   69.3644362
   79.8768892   69.3618917
   79.8853269   69.3590815
   79.9047677   69.3546050
   79.9242946   69.3520989
   80.6863937   69.3171435
   80.7059310   69.3143997
   80.7182181   69.3113659
   80.7254115   69.3103529
   80.7380126   69.3072786
   80.7544273   69.3040067
   80.7619057   69.3011550
   80.8130199   69.2797068
   80.8992498   69.2441244
   80.9052546   69.2411608
   80.9164216   69.2370088
   80.9237133   69.2334711
   80.9335907   69.2298831
   80.9421660   69.2257948
   80.9507558   69.2227487
   80.9606296   69.2181255
   80.9795196   69.2115908
   80.9842402   69.2109253
   81.0040210   69.2123933
   81.0176607   69.2148719
   81.0235035   69.2153110
   81.0368157   69.2177589
   81.0429859   69.2182286
   81.0559791   69.2206466
   81.0624638   69.2211467
   81.0751388   69.2235342
   81.0819505   69.2240665
   81.0942977   69.2264208
   81.1014326   69.2269857
   81.1134576   69.2293071
   81.1209146   69.2299054
   81.1326131   69.2321920
   81.1403925   69.2328247
   81.1517764   69.2350782
   81.1598786   69.2357461
   81.1709364   69.2379631
   81.1793604   69.2386672
   81.1900955   69.2408475
   81.1988420   69.2415887
   81.2092556   69.2437314
   81.2183196   69.2445103
   81.2284115   69.2466145
   81.2378052   69.2474332
   81.2475749   69.2494976
   81.2572866   69.2503563
   81.2667351   69.2523800
   81.2767678   69.2532800
   81.2858945   69.2552617
   81.2962451   69.2562038
   81.3050547   69.2581433
   81.3243191   69.2599229
   81.3308828   69.2597110
   81.3436754   69.2608626
   81.3499453   69.2606550
   81.3630276   69.2618025
   81.3690159   69.2615995
   81.3823791   69.2627418
   81.3880783   69.2625441
   81.4017314   69.2636812
   81.4071495   69.2634892
   81.4210786   69.2646195
   81.4262123   69.2644338
   81.4984917   69.2683730
   81.5215448   69.2691633
   81.5406161   69.2704848
   81.5596793   69.2738820
   81.5787537   69.2793585
   81.5839500   69.2815885
   81.6552275   69.3314902
   81.6708133   69.3422024
   81.6874662   69.3517160
   81.7052009   69.3600391
   81.7240011   69.3671643
   81.7438849   69.3730982
   81.7544880   69.3754960
   81.7667331   69.3707826
   81.7843392   69.3625959
   81.8013989   69.3532110
   81.8179297   69.3426174
   81.8339168   69.3308239
   81.8423568   69.3237231
   81.8772258   69.2962446
   81.8927109   69.2589777
   81.9127322   69.2408043
   81.9306528   69.2269063
   81.9487976   69.2149210
   81.9671732   69.2048434
   81.9857795   69.1966734
   82.0046165   69.1904110
   82.0236844   69.1860563
   82.2360816   69.1600830
   82.2409869   69.1598578
   82.2606017   69.1569653
   82.2799722   69.1520930
   82.2991011   69.1452406
   82.3179898   69.1364078
   82.3366324   69.1255981
   82.3550470   69.1127999
   82.3732142   69.0980263
   82.3790971   69.0925284
   82.4071456   69.0842877
   82.4634550   69.0224546
   82.4727327   69.0128493
   82.4856302   68.9970823
   82.4968165   68.9806702
   82.5062860   68.9636196
   82.5275745   68.9173921
   82.5310022   68.9111077
   82.5354837   68.9005286
   82.5392356   68.8936050
   82.5433947   68.8836661
   82.5474672   68.8761004
   82.5513093   68.8668009
   82.5600609   68.8504283
   82.5704200   68.8349772
   82.5800385   68.8232998
   82.5950926   68.8151198
   82.6689744   68.7853527
   82.6860538   68.7763373
   82.7024826   68.7655564
   82.7182845   68.7529942
   82.7334354   68.7386700
   82.7479601   68.7225603
   82.7633999   68.7024013
   82.7605556   68.6958901
   82.7503663   68.6764116
   82.7391262   68.6583765
   82.7268417   68.6417942
   82.7135057   68.6266549
   82.6996942   68.6135078
   82.6866029   68.5985609
   82.6749360   68.5824837
   82.6646944   68.5652764
   82.6607825   68.5571394
   82.6609166   68.5510494
   82.6629929   68.5317130
   82.6645811   68.5236745
   82.6657670   68.5126180
   82.6673334   68.5047976
   82.6685425   68.4935111
   82.6700858   68.4859151
   82.6713165   68.4744122
   82.6728396   68.4670280
   82.6740920   68.4553068
   82.6755917   68.4481509
   82.6768659   68.4362076
   82.6783458   68.4292635
   82.6796412   68.4171024
   82.6810981   68.4103858
   82.6831041   68.3915217
   82.6830131   68.3727050
   82.6808256   68.3539490
   82.6765395   68.3352358
   82.6750608   68.3309131
   82.6713494   68.3266564
   82.6571895   68.3135352
   82.5791607   68.2570667
   82.5741751   68.2540177
   82.5635089   68.2458236
   82.5580059   68.2424275
   82.5478587   68.2345840
   82.5418357   68.2308338
   82.5322104   68.2233489
   82.5256714   68.2192419
   82.5165525   68.2121089
   82.5094993   68.2076413
   82.5009010   68.2008766
   82.4933393   68.1960471
   82.4852491   68.1896461
   82.4771722   68.1844457
   82.4695893   68.1784127
   82.4610076   68.1728433
   82.4539314   68.1671829
   82.4448463   68.1612411
   82.4382736   68.1559555
   82.4286836   68.1496356
   82.4226132   68.1447285
   82.4125244   68.1380304
   82.3970084   68.1254236
   82.3825370   68.1112056
   82.3766423   68.1042565
   82.3759493   68.1013933
   82.3674153   68.0465087
   82.3670195   68.0416505
   82.3634671   68.0219782
   82.3580136   68.0029019
   82.3506584   67.9844196
   82.3436038   67.9707883
   82.3302670   67.9647532
   82.3109299   67.9582374
   82.2915642   67.9539411
   82.2721559   67.9518604
   82.0776321   67.9497850
   81.9984880   67.9487765
   81.9787215   67.9461411
   81.9589632   67.9412475
   81.9392098   67.9346506
   81.9194748   67.9266382
   81.8997479   67.9164541
   81.8800269   67.9040960
   81.8603312   67.8895768
   81.8554382   67.8854282
   81.8642385   67.8669246
   81.8750829   67.8476768
   81.8868635   67.8300171
   81.8995739   67.8139554
   81.9127786   67.7987489
   81.9267791   67.7848851
   81.9417464   67.7726840
   81.9576840   67.7621425
   81.9681328   67.7566534
   81.9742072   67.7526028
   81.9852785   67.7467320
   82.0017575   67.7356533
   82.0172119   67.7227774
   82.0806195   67.6572822
   82.2292183   67.5748100
   82.2457629   67.5638423
   82.2615162   67.5514896
   82.2764810   67.5377493
   82.2906495   67.5226289
   82.3040288   67.5061212
   82.3052577   67.5030352
   82.3046549   67.4829839
   82.3026870   67.4632303
   82.2982660   67.4342143
   82.2860542   67.3457418
   82.2821179   67.3264101
   82.2767358   67.3074000
   82.2699013   67.2886891
   82.2616202   67.2702952
   82.2530261   67.2543239
   82.2637745   67.2359852
   82.2770511   67.2167765
   82.2911700   67.1995726
   82.3061366   67.1843668
   82.3219500   67.1711604
   82.3386060   67.1599567
   82.3561056   67.1507542
   82.9523078   66.9049994
   82.9571931   66.9025402
   82.9704574   66.8975081
   82.9754083   66.8950191
   82.9886089   66.8900160
   82.9936207   66.8874996
   83.0067556   66.8825264
   83.0118377   66.8799778
   83.0249052   66.8750350
   83.0300529   66.8724567
   83.0430527   66.8675443
   83.0482693   66.8649348
   83.0612074   66.8600505
   83.0664825   66.8574151
   83.0793527   66.8525612
   83.0846978   66.8498941
   83.0975001   66.8450705
   83.1029143   66.8423723
   83.1156508   66.8375781
   83.1266720   66.8327671
   83.1373736   66.8260126
   83.1530646   66.8136182
   83.1673127   66.7996434
   83.1801182   66.7840869
   83.2071066   66.7430587
   83.2142668   66.7327744
   83.2246534   66.7145743
   83.2337389   66.6949645
   83.2415307   66.6739286
   83.2432832   66.6678694
   83.2272099   66.6502316
   83.2122381   66.6362985
   83.1966214   66.6239000
   83.1803597   66.6130361
   83.1634532   66.6037067
   83.1564496   66.6005963
   83.1415960   66.5925960
   83.1274070   66.5834891
   83.1138607   66.5732615
   83.1108667   66.5691224
   83.1005694   66.5482940
   83.0951859   66.5225011
   83.0929697   66.5037048
   83.0925160   66.4849659
   83.0938254   66.4663058
   83.0959465   66.4534687
   83.1014582   66.4437086
   83.1116595   66.4289254
   83.1231355   66.4151696
   83.1319605   66.4081862
   83.1490632   66.3988598
   83.2181158   66.3628975
   83.2231710   66.3607375
   83.2353830   66.3539060
   83.2407740   66.3515939
   83.2526428   66.3449191
   83.2583773   66.3424502
   83.2699093   66.3359298
   83.2759786   66.3333067
   83.2871720   66.3269431
   83.2935763   66.3241644
   83.3044401   66.3179538
   83.3111805   66.3150176
   83.3217012   66.3089692
   83.3287809   66.3058728
   83.3389687   66.2999822
   83.3463810   66.2967271
   83.3562326   66.2909979
   83.3639751   66.2875835
   83.3810875   66.2775731
   83.3970703   66.2655982
   83.4119285   66.2516558
   83.4256592   66.2357493
   83.4382711   66.2178677
   83.4497555   66.1980228
   83.4562347   66.1847756
   83.4405636   66.1643652
   83.4274336   66.1501497
   83.3918746   66.1173882
   83.3789710   66.1030180
   83.3669788   66.0877472
   83.3559023   66.0715659
   83.3461067   66.0541163
   83.3375884   66.0353916
   83.3339942   66.0254638
   83.3377980   66.0146587
   83.3457017   66.0043363
   83.3597234   65.9888587
   83.3745944   65.9751070
   83.3903108   65.9630843
   83.3996424   65.9572837
   83.4064988   65.9520091
   83.4160313   65.9460842
   83.4226829   65.9409365
   83.4324173   65.9348867
   83.4479717   65.9227730
   83.4620949   65.9091028
   83.4747889   65.8938743
   83.5172428   65.8309047
   83.5293648   65.8132279
   83.5586014   65.7925911
   83.5710496   65.7847591
   83.5894399   65.7804101
   83.6090024   65.7776460
   83.6284807   65.7767650
   83.6415810   65.7774426
   83.6478990   65.7771436
   83.6613402   65.7778179
   83.6673216   65.7775222
   83.9775706   65.7837235
   83.9973154   65.7820080
   84.0109643   65.7793251
   84.0231860   65.7741495
   84.0287222   65.7711065
   84.1469616   65.7162846
   84.1640802   65.7064406
   84.1805885   65.6949236
   84.1965054   65.6817202
   84.2441088   65.6344863
   84.2748165   65.6245045
   84.3920387   65.5567623
   84.3987121   65.5524137
   84.4093023   65.5467535
   84.4165111   65.5420597
   84.4265764   65.5367372
   84.4431093   65.5259812
   84.4583391   65.5139002
   84.4722657   65.5004932
   84.4746114   65.4971591
   84.4826966   65.4793258
   84.4889048   65.4609728
   84.4910800   65.4514919
   84.5198161   65.3491284
   84.5247974   65.3304346
   84.5278877   65.3112359
   84.5287362   65.2973224
   84.5219085   65.2872992
   84.5093226   65.2722213
   84.4956063   65.2588816
   84.4807562   65.2472768
   84.4733834   65.2427246
   84.4654219   65.2364160
   84.4571662   65.2312523
   84.4500839   65.2255609
   84.4409556   65.2197761
   84.4347408   65.2147101
   84.4247453   65.2082912
   84.4193975   65.2038684
   84.4085410   65.1968021
   84.3933212   65.1840290
   84.3795679   65.1693436
   84.3672810   65.1527457
   84.3564625   65.1342387
   84.3471073   65.1138134
   84.3434621   65.1034914
   84.3384951   65.0924235
   84.3323872   65.0767141
   84.3335326   64.9909555
   84.3345568   64.9752459
   84.3455328   64.9646477
   84.3604877   64.9519784
   84.3758436   64.9406911
   84.3916224   64.9307705
   84.4040463   64.9256797
   84.4239415   64.9207417
   84.4436835   64.9176943
   84.4632893   64.9165353
   84.4827427   64.9172661
   84.4892003   64.9181426
   84.5021491   64.9186021
   84.5090036   64.9195192
   84.5215504   64.9199383
   84.5288172   64.9208963
   84.5409626   64.9212765
   84.5486265   64.9222719
   84.5603689   64.9226149
   84.5684300   64.9236461
   84.5797751   64.9239537
   84.5882435   64.9250203
   84.5991761   64.9252936
   84.6080521   64.9263940
   84.6185872   64.9266350
   84.6278558   64.9277658
   84.6379940   64.9279762
   84.6476697   64.9291374
   84.6574000   64.9293186
   84.6674743   64.9305076
   84.6768009   64.9306614
   84.6872880   64.9318781
   84.6962116   64.9320061
   84.7070968   64.9332472
   84.7156173   64.9333511
   84.7269009   64.9346149
   84.7350230   64.9346964
   84.7467147   64.9359823
   84.7544244   64.9360430
   84.7665239   64.9373494
   84.7738350   64.9373910
   84.7863289   64.9387146
   84.7932405   64.9387389
   84.8061429   64.9400794
   84.8126409   64.9400881
   84.8259471   64.9414434
   84.8458449   64.9414263
   84.8658612   64.9393784
   84.8859958   64.9353005
   84.9016655   64.9305756
   84.9123431   64.9227998
   84.9529819   64.8884086
   84.9780072   64.8675323
   84.9901661   64.8616374
   85.1371165   64.7914573
   85.1539600   64.7884074
   85.1740891   64.7861763
   85.1938385   64.7858901
   85.2132025   64.7875493
   85.2702327   64.7981369
   85.5172013   64.8435015
   85.5224020   64.8448901
   85.5419001   64.8478693
   85.5617666   64.8487191
   85.5690246   64.8478078
   85.6778380   64.8191230
   85.6828804   64.8182756
   85.6963599   64.8142791
   85.7018504   64.8133540
   85.7205592   64.8077273
   85.7383648   64.7997799
   85.7552762   64.7895083
   85.7712882   64.7769156
   85.7772564   64.7710264
   85.7869148   64.7633216
   85.7924301   64.7578955
   85.8025441   64.7497282
   85.8076076   64.7447593
   85.8181707   64.7361383
   85.8303434   64.7253952
   85.8648961   64.6470783
   85.8683349   64.6403745
   85.8755719   64.6223238
   85.8810865   64.6036874
   85.8848778   64.5844698
   85.8869468   64.5646654
   85.8872930   64.5442811
   85.8855784   64.5012636
   85.9002089   64.4801589
   85.9082895   64.4693778
   85.9189589   64.4524919
   85.9280448   64.4350671
   85.9692073   64.3377636
   85.9891504   64.2917543
   85.9908582   64.2845968
   85.9917731   64.2648713
   85.9907433   64.2454627
   85.9877681   64.2263659
   85.9828505   64.2075964
   85.9797452   64.1992454
   85.9770126   64.1889701
   85.9740688   64.1810754
   85.9711747   64.1703440
   85.9683899   64.1628959
   85.9475451   64.0951233
   85.9288004   64.0781616
   85.9120762   64.0655608
   85.8946234   64.0550121
   85.8764253   64.0465055
   85.8438185   64.0348612
   85.8389290   64.0326008
   85.8254549   64.0280748
   85.8201735   64.0256469
   85.8070918   64.0212871
   85.8014256   64.0186970
   85.7887328   64.0145003
   85.7826686   64.0117440
   85.7703663   64.0077088
   85.7639219   64.0047965
   85.7520041   64.0009189
   85.7451691   63.9978480
   85.7336421   63.9941282
   85.7264120   63.9908986
   85.7152807   63.9873361
   85.7076624   63.9839532
   85.6969194   63.9805435
   85.6889077   63.9770069
   85.6785625   63.9737511
   85.6701517   63.9700605
   85.6601980   63.9669545
   85.6514011   63.9631177
   85.6418378   63.9601592
   85.6326424   63.9561729
   85.6234781   63.9533625
   85.6138911   63.9492320
   85.6051186   63.9465653
   85.5951348   63.9422905
   85.5867595   63.9397671
   85.5763769   63.9353491
   85.5684048   63.9329688
   85.5576248   63.9284105
   85.5500423   63.9261671
   85.5319837   63.9185795
   85.5146929   63.9089745
   85.4150902   63.8370316
   85.3852801   63.7910788
   85.3023633   63.6636827
   85.2451991   63.5929621
   85.2299754   63.5707352
   85.2404916   63.5600376
   85.2572990   63.5451456
   85.2744520   63.5321098
   85.2917827   63.5201147
   85.3503022   63.4857167
   85.3667707   63.4737058
   85.3824145   63.4598501
   85.3922870   63.4493912
   85.3974955   63.4447243
   85.4070647   63.4345870
   85.4214409   63.4202072
   85.4288736   63.4171942
   85.5014128   63.3841815
   85.5193311   63.3754381
   85.5366393   63.3653222
   85.5533373   63.3538338
   85.5694304   63.3409689
   85.5754953   63.3353917
   85.5746007   63.3099605
   85.5721485   63.2890550
   85.5682740   63.2689451
   85.5636448   63.2492766
   85.5574942   63.2304614
   85.5396430   63.1886784
   85.5352740   63.1757757
   85.5369468   63.1608647
   85.5402842   63.1435642
   85.5545416   63.0927108
   85.5565153   63.0869990
   85.5612557   63.0681735
   85.5647131   63.0449583
   85.5612132   63.0385345
   85.5495214   63.0209152
   85.5412358   63.0106364
   85.5370604   63.0043143
   85.5288746   62.9942201
   85.5245951   62.9877059
   85.5165170   62.9778113
   85.5121334   62.9710988
   85.5041555   62.9614004
   85.4996730   62.9544901
   85.4865840   62.9387137
   85.4719492   62.9249593
   85.4557752   62.9132335
   85.4419290   62.9056527
   85.4383790   62.9031148
   85.4250265   62.8958531
   85.4209807   62.8929988
   85.4081339   62.8860561
   85.4035843   62.8828865
   85.3912321   62.8762510
   85.3861802   62.8727730
   85.3743397   62.8664485
   85.3687777   62.8626625
   85.3574407   62.8566394
   85.3513738   62.8525540
   85.3405501   62.8468331
   85.3339723   62.8424490
   85.3236523   62.8370207
   85.3165630   62.8323418
   85.3067634   62.8272112
   85.2991560   62.8222372
   85.2898668   62.8173953
   85.2817479   62.8121342
   85.2729773   62.8075820
   85.2643428   62.8020346
   85.2560889   62.7977679
   85.2469297   62.7919316
   85.2391936   62.7879481
   85.2262010   62.7801296
   85.0766260   62.6664397
   85.0703813   62.6611545
   85.0613303   62.6547903
   85.0544979   62.6490465
   85.0460313   62.6431353
   85.0386165   62.6369439
   85.0307408   62.6314842
   85.0227268   62.6248375
   85.0154447   62.6198252
   85.0068387   62.6127357
   85.0001539   62.6081674
   84.9373464   62.5599396
   84.9294945   62.5494732
   84.9249522   62.5444600
   84.9166261   62.5334082
   84.9125586   62.5289771
   84.8779978   62.4852155
   84.8639792   62.4706556
   84.8485275   62.4579860
   84.8316346   62.4472005
   84.8240511   62.4435193
   84.8140909   62.4372758
   84.8075652   62.4341462
   84.7965431   62.4273564
   84.7910817   62.4247672
   84.7002621   62.3730461
   84.5105376   62.2168231
   84.4964713   62.2032062
   84.4837187   62.1880971
   84.4722961   62.1715147
   84.4709250   62.1661827
   84.4724421   62.1461943
   84.4758452   62.1267399
   84.4811349   62.1078188
   84.4883099   62.0894353
   84.4924455   62.0812888
   84.4963478   62.0712956
   84.5005613   62.0629451
   84.5043865   62.0531542
   84.5086757   62.0446045
   84.5124238   62.0350154
   84.5167895   62.0262653
   84.5204620   62.0168737
   84.5249056   62.0079207
   84.5285011   61.9987298
   84.5330213   61.9895768
   84.5365363   61.9805953
   84.5411360   61.9712366
   84.5445746   61.9624536
   84.5500301   61.9509051
   84.5953892   61.8974008
   84.6009718   61.8915259
   84.6080277   61.8826142
   84.6140377   61.8762708
   84.6206691   61.8678258
   84.6271011   61.8610156
   84.6364097   61.8497478
   84.6584235   61.8337307
   84.6762549   61.8234930
   84.6946628   61.8155648
   84.7136486   61.8099460
   84.7229339   61.8083754
   84.7329008   61.8054223
   84.7422659   61.8038316
   84.7521572   61.8008975
   84.7616018   61.7992864
   84.7714116   61.7963731
   84.7809377   61.7947413
   84.7906675   61.7918485
   84.8002736   61.7901961
   84.8099280   61.7873225
   84.8196133   61.7856497
   84.8291786   61.7827994
   84.8389451   61.7811056
   84.8484346   61.7782749
   84.8582810   61.7765604
   84.8676911   61.7737502
   84.8776168   61.7720150
   84.8869496   61.7692248
   84.8969526   61.7674692
   84.9062016   61.7647011
   84.9162924   61.7629231
   84.9254583   61.7601770
   84.9356242   61.7583789
   84.9447127   61.7556529
   84.9549600   61.7538335
   84.9639729   61.7511273
   84.9742957   61.7492875
   84.9832254   61.7466036
   84.9936315   61.7447419
   85.0024799   61.7420796
   85.0129700   61.7401959
   85.0217360   61.7375557
   85.0323021   61.7356515
   85.0409968   61.7330301
   85.0516378   61.7311054
   85.0602472   61.7285070
   85.0709736   61.7265598
   85.0795032   61.7239828
   85.0903094   61.7220141
   85.0987599   61.7194585
   85.1096451   61.7174683
   85.1180186   61.7149335
   85.1289849   61.7129214
   85.1372707   61.7104106
   85.1483165   61.7083770
   85.1565273   61.7058864
   85.1676522   61.7038311
   85.1757819   61.7013627
   85.1869880   61.6992853
   85.1950422   61.6968375
   85.2063236   61.6947390
   85.2142947   61.6923141
   85.2256635   61.6901923
   85.2335494   61.6877910
   85.2449950   61.6856477
   85.2528055   61.6832671
   85.2643307   61.6811018
   85.2720622   61.6787431
   85.2836664   61.6765558
   85.2913211   61.6742182
   85.3030020   61.6720094
   85.3105730   61.6696952
   85.3223405   61.6674629
   85.3298298   61.6651716
   85.3416723   61.6629179
   85.3490844   61.6606482
   85.3610080   61.6583719
   85.3683449   61.6561231
   85.3803436   61.6538254
   85.3875974   61.6516000
   85.3996793   61.6492792
   85.4068520   61.6470767
   85.4190193   61.6447322
   85.4261083   61.6425535
   85.4383506   61.6401874
   85.4453695   61.6380283
   85.4576861   61.6356407
   85.4646198   61.6335059
   85.4770218   61.6310945
   85.4838760   61.6289823
   85.4963574   61.6265483
   85.5031328   61.6244586
   85.5156931   61.6220019
   85.5223919   61.6199340
   85.5350330   61.6174543
   85.5416438   61.6154118
   85.5543642   61.6129094
   85.5609007   61.6108882
   85.5736998   61.6083630
   85.5801553   61.6063650
   85.5930354   61.6038167
   85.5994160   61.6018402
   85.6123710   61.5992698
   85.6186685   61.5973175
   85.6317110   61.5947224
   85.6379232   61.5927949
   85.6510406   61.5901778
   85.6571794   61.5882714
   85.6703767   61.5856312
   85.6894101   61.5797158
   85.7079978   61.5717821
   85.7261446   61.5618276
   85.7438364   61.5498605
   85.7612590   61.5366497
   85.7784127   61.5222208
   85.7951454   61.5058857
   85.8004990   61.4998989
   85.7919632   61.4874296
   85.7774782   61.4690086
   85.7041775   61.3886930
   85.6844294   61.3681860
   85.6447526   61.2873419
   85.6412868   61.2818720
   85.6352139   61.2772072
   85.6177484   61.2662666
   85.5996928   61.2573478
   85.5810480   61.2504511
   85.5683327   61.2472285
   85.5620119   61.2448856
   85.5491759   61.2416235
   85.5429774   61.2393212
   85.5300234   61.2360199
   85.5239472   61.2337585
   85.5108708   61.2304168
   85.5049083   61.2281931
   85.4917226   61.2248142
   85.4858739   61.2226284
   85.4725658   61.2192088
   85.4668400   61.2170646
   85.4534134   61.2136051
   85.4478036   61.2115001
   85.4342610   61.2080012
   85.4287690   61.2059361
   85.4151129   61.2023982
   85.4097344   61.2003718
   85.3959562   61.1967925
   85.3906997   61.1948080
   85.3768040   61.1911884
   85.3716693   61.1892459
   85.3576557   61.1855857
   85.3526312   61.1836810
   85.3384991   61.1799798
   85.3335947   61.1781170
   85.3193469   61.1743754
   85.3145599   61.1725535
   84.5341265   60.9445230
   84.2676551   60.8665024
   84.2473823   60.8606954
   84.2275771   60.8591006
   84.1157030   60.8507831
   84.1087550   60.8497901
   84.0970815   60.8493718
   84.0889487   60.8482628
   84.0784597   60.8479529
   84.0691425   60.8467432
   84.0598391   60.8465265
   84.0493397   60.8452316
   84.0412242   60.8450931
   84.0295278   60.8437263
   84.0225998   60.8436511
   83.9819234   60.8404104
   83.9743270   60.8412259
   83.9550434   60.8453738
   83.9365278   60.8515183
   83.9278429   60.8555028
   83.9183967   60.8586391
   83.9097224   60.8626193
   83.9002590   60.8657627
   83.8916065   60.8697334
   83.8821310   60.8728824
   83.8734850   60.8768506
   83.8639923   60.8800067
   83.8553711   60.8839640
   83.8458623   60.8871270
   83.8372507   60.8910805
   83.8277246   60.8942507
   83.8191348   60.8981946
   83.8095966   60.9013704
   83.8010132   60.9053118
   83.7914578   60.9084947
   83.7828994   60.9124252
   83.7733279   60.9156150
   83.7647789   60.9195416
   83.7551921   60.9227381
   83.7466631   60.9266559
   83.7370611   60.9298589
   83.7285455   60.9337710
   83.7189232   60.9369823
   83.7104237   60.9408876
   83.7007955   60.9441024
   83.6923101   60.9480016
   83.6826565   60.9512263
   83.6741895   60.9551177
   83.6645267   60.9583469
   83.6560737   60.9622322
   83.6463908   60.9654697
   83.6379520   60.9693489
   83.6282600   60.9725909
   83.6198383   60.9764627
   83.6101221   60.9797144
   83.6017177   60.9835788
   83.5919943   60.9868342
   83.5836020   60.9906934
   83.5738553   60.9939582
   83.5654802   60.9978100
   83.5557256   61.0010790
   83.5473666   61.0049238
   83.5375897   61.0082018
   83.5292459   61.0120400
   83.5194588   61.0153228
   83.5111302   61.0191545
   83.4926454   61.0253576
   83.4827715   61.0275404
   83.4656760   61.0269724
   83.4542358   61.0271686
   83.4458157   61.0264445
   83.4351454   61.0266722
   83.4259509   61.0259198
   83.4160597   61.0261726
   83.4060811   61.0253975
   83.3969640   61.0256689
   83.3862208   61.0248792
   83.3778733   61.0251629
   83.3663556   61.0243643
   83.3587875   61.0246535
   83.3464905   61.0238521
   83.3396928   61.0241406
   83.3266204   61.0233435
   83.3206028   61.0236243
   83.1677004   61.0193727
   83.1487970   61.0189354
   83.1369861   61.0174280
   83.1249374   61.0132436
   82.8014076   60.8653558
   82.4778533   60.7176834
   82.4439831   60.7021939
   82.4338592   60.6914805
   82.4260825   60.6824006
   82.4204319   60.6768727
   82.4117141   60.6667703
   82.4070161   60.6622649
   82.3829532   60.6355287
   82.3677137   60.6216188
   82.3513712   60.6098815
   82.3339240   60.6003169
   82.3227887   60.5958809
   82.3157770   60.5921603
   82.3065358   60.5886096
   82.2976088   60.5840244
   82.2902948   60.5813143
   82.2794354   60.5759150
   82.2740662   60.5739969
   82.2067430   60.5434457
   82.1883835   60.5356875
   82.1690134   60.5299413
   82.1607091   60.5284191
   82.1544826   60.5297164
   82.1361641   60.5355303
   82.1277685   60.5391827
   82.1181585   60.5421954
   82.1091595   60.5460736
   82.1001654   60.5488584
   82.0905571   60.5529602
   82.0821632   60.5555266
   82.0719436   60.5598479
   82.0641685   60.5621949
   82.0533335   60.5667324
   82.0461692   60.5688673
   82.0347214   60.5736149
   82.0281782   60.5755395
   82.0161117   60.5804947
   82.0101774   60.5822172
   81.9974990   60.5873724
   81.9921891   60.5888931
   81.8671909   60.6354563
   81.8544748   60.6387547
   81.8414605   60.6393062
   81.8332753   60.6387775
   81.8216746   60.6392789
   81.8133319   60.6387463
   81.8018842   60.6392507
   81.7933978   60.6387152
   81.7820937   60.6392228
   81.7734545   60.6386842
   81.7622986   60.6391946
   81.7535203   60.6386539
   81.7425127   60.6391668
   81.7335770   60.6386231
   81.7227223   60.6391381
   81.7136434   60.6385926
   81.7029318   60.6391098
   81.6937047   60.6385623
   81.6831367   60.6390816
   81.6737613   60.6385324
   81.6633509   60.6390529
   81.6538272   60.6385021
   81.6435604   60.6390242
   81.6338839   60.6384720
   81.6237699   60.6389949
   81.6139497   60.6384419
   81.6039748   60.6389663
   81.5940065   60.6384125
   81.5841890   60.6389370
   81.5740728   60.6383827
   81.5643985   60.6389079
   81.5541295   60.6383530
   81.5446081   60.6388781
   81.5341954   60.6383235
   81.5248135   60.6388490
   81.5142521   60.6382946
   81.5050281   60.6388192
   81.4943179   60.6382653
   81.4852377   60.6387896
   81.4743746   60.6382361
   81.4654472   60.6387594
   81.4544405   60.6382070
   81.4456522   60.6387298
   81.4344972   60.6381786
   81.4258663   60.6386995
   81.4145630   60.6381497
   81.4060758   60.6386694
   81.3946203   60.6381211
   81.3862808   60.6386390
   81.3746861   60.6380929
   81.3664949   60.6386088
   81.3547428   60.6380645
   81.3467044   60.6385778
   81.3348086   60.6380361
   81.3269140   60.6385472
   81.3148654   60.6380080
   81.3071190   60.6385163
   81.2949312   60.6379803
   81.2873331   60.6384856
   81.2749880   60.6379525
   81.2675426   60.6384542
   81.2550543   60.6379246
   81.2477521   60.6384231
   81.2351110   60.6378969
   81.2279572   60.6383917
   81.2151768   60.6378698
   81.2081712   60.6383605
   81.1952336   60.6378424
   81.1883808   60.6383285
   81.1752994   60.6378150
   81.1553600   60.6392472
   81.1354358   60.6428931
   81.1253316   60.6458657
   81.1163073   60.6506599
   81.0660266   60.6855850
   81.0058142   60.7281429
   80.9092330   60.7548973
   80.9008376   60.7567703
   80.8905463   60.7600570
   80.8813931   60.7621213
   80.8718482   60.7652176
   80.8619442   60.7674766
   80.8531606   60.7703724
   80.8424995   60.7728328
   80.8344619   60.7755275
   80.8230561   60.7781922
   80.8157694   60.7806780
   80.8036158   60.7835539
   80.7970802   60.7858242
   80.7841717   60.7889197
   80.7783808   60.7909696
   80.7596080   60.7955341
   80.7405718   60.7981122
   80.7285465   60.7984814
   80.6969452   60.7929574
   80.4257765   60.7459602
   80.4217941   60.7448446
   80.4064147   60.7426029
   80.4021450   60.7414096
   80.3870567   60.7392465
   80.3824913   60.7379737
   80.3676914   60.7358883
   80.3628339   60.7345375
   80.3483300   60.7325303
   80.3431846   60.7311032
   80.3289699   60.7291729
   80.3235308   60.7276684
   80.3096116   60.7258154
   80.3038734   60.7242325
   80.2902469   60.7224558
   80.2842230   60.7207988
   80.2708856   60.7190973
   80.2645665   60.7173642
   80.2515291   60.7157386
   80.2449160   60.7139304
   80.2321643   60.7123786
   80.2252620   60.7104973
   80.2128033   60.7090192
   80.2056056   60.7070636
   80.1934456   60.7056594
   80.1859547   60.7036310
   80.1661533   60.7014087
   80.1581874   60.7017314
   80.1462000   60.7004083
   80.1383125   60.7007169
   80.1262543   60.6994073
   80.1184340   60.6997030
   80.1063044   60.6984061
   80.0985518   60.6986893
   80.0863510   60.6974048
   80.0786767   60.6976758
   80.0664056   60.6964029
   80.0587980   60.6966625
   80.0464558   60.6954009
   80.0389158   60.6956498
   80.0265023   60.6943988
   80.0190408   60.6946369
   80.0065563   60.6933962
   79.9991623   60.6936244
   79.9866075   60.6923935
   79.9792836   60.6926121
   79.9666539   60.6913902
   79.9594015   60.6915997
   79.9467081   60.6903875
   79.9395270   60.6905882
   79.9267594   60.6893843
   79.9196483   60.6895765
   79.9068056   60.6883804
   79.8997656   60.6885646
   79.8868601   60.6873772
   79.8798911   60.6875535
   79.8669115   60.6863735
   79.8600127   60.6865423
   79.8469576   60.6853691
   79.8401340   60.6855307
   79.8270124   60.6843650
   79.8202510   60.6845199
   79.8070627   60.6833613
   79.8003768   60.6835095
   79.7871097   60.6823566
   79.7804988   60.6824983
   79.7671647   60.6813521
   79.7606156   60.6814879
   79.7472104   60.6803476
   79.7407416   60.6804773
   79.7272667   60.6793428
   79.7208632   60.6794670
   79.7073172   60.6783380
   79.7009796   60.6784568
   79.6873627   60.6773333
   79.6811061   60.6774466
   79.6674181   60.6763282
   79.6611350   60.6764291
   79.6476304   60.6740027
   79.6417345   60.6735370
   79.4504707   60.6447435
   79.4403671   60.6441538
   79.4311657   60.6473319
   79.4129785   60.6558463
   79.3961723   60.6661158
   79.3807386   60.6781460
   79.3666862   60.6919308
   79.3589626   60.7014016
   79.3535345   60.7068638
   79.3470460   60.7149576
   79.3403920   60.7218138
   79.3351130   60.7285050
   79.2956440   60.7731134
   79.2573352   60.7943540
   79.2506128   60.7975539
   79.2411141   60.8032794
   79.2245581   60.8112583
   79.2074191   60.8175877
   79.1965108   60.8190747
   79.1765829   60.8182457
   79.1660990   60.8166761
   79.1568084   60.8162955
   79.1462892   60.8147180
   79.1370340   60.8143447
   79.1264848   60.8127601
   79.1172595   60.8123940
   79.1066804   60.8108021
   79.0974851   60.8104433
   79.0868802   60.8088448
   79.0777106   60.8084931
   79.0670706   60.8068866
   79.0579405   60.8065426
   79.0472662   60.8049280
   79.0381616   60.8045913
   79.0274662   60.8029706
   79.0183871   60.8026412
   79.0076572   60.8010123
   78.9986126   60.8006907
   78.9878521   60.7990542
   78.9788382   60.7987402
   78.9680477   60.7970960
   78.9590626   60.7967897
   78.9482473   60.7951385
   78.9392882   60.7948398
   78.9284379   60.7931800
   78.9195178   60.7928895
   78.9086336   60.7912213
   78.8997391   60.7909385
   78.8888292   60.7892629
   78.8799647   60.7889882
   78.8690286   60.7873052
   78.8601901   60.7870384
   78.8492195   60.7853466
   78.8404156   60.7850882
   78.8294151   60.7833882
   78.8095299   60.7828211
   78.7894851   60.7847374
   78.7778702   60.7872680
   78.7693508   60.7881798
   78.7590538   60.7904775
   78.7492166   60.7916321
   78.7402431   60.7936772
   78.7290869   60.7950915
   78.7214252   60.7968709
   78.7089467   60.7985598
   78.6894828   60.8019377
   78.6573674   60.7979011
   78.6493093   60.7963476
   78.6386455   60.7953387
   78.6295506   60.7936263
   78.6199353   60.7927726
   78.6097924   60.7909100
   78.6012157   60.7901998
   78.5900388   60.7882005
   78.5825060   60.7876231
   78.5702748   60.7854952
   78.5637896   60.7850391
   78.4714728   60.7720683
   78.4515969   60.7713572
   78.4441595   60.7719086
   78.4316600   60.7714994
   78.4246666   60.7720279
   78.4117273   60.7716426
   78.4051833   60.7721463
   78.3917940   60.7717861
   78.3856960   60.7722638
   78.3718663   60.7719303
   78.3662077   60.7723811
   78.1072852   60.7738953
   78.0929954   60.7707773
   78.0845801   60.7695054
   77.9945786   60.7510433
   77.9747907   60.7488121
   77.9542677   60.7506240
   77.7462249   60.7920378
   77.7097485   60.7992438
   77.6913067   60.8010874
   77.6817533   60.8015648
   77.6715988   60.8029949
   77.6620571   60.8034682
   77.6518903   60.8049028
   77.6423515   60.8053725
   77.6321770   60.8068110
   77.6226499   60.8072766
   77.6124736   60.8087182
   77.6029551   60.8091798
   77.5927651   60.8106263
   77.5832481   60.8110841
   77.5730572   60.8125338
   77.5635480   60.8129875
   77.5533485   60.8144414
   77.5438515   60.8148908
   77.5336348   60.8163502
   77.5241462   60.8167954
   77.5139321   60.8182575
   77.5044446   60.8186989
   77.4942233   60.8201652
   77.4847494   60.8206020
   77.4745149   60.8220733
   77.4650427   60.8225061
   77.4548069   60.8239810
   77.4453425   60.8244094
   77.4350934   60.8258894
   77.4256410   60.8263132
   77.4153905   60.8277969
   77.4059457   60.8282162
   77.3956818   60.8297052
   77.3862391   60.8301202
   77.3759733   60.8316130
   77.3665389   60.8320234
   77.3562654   60.8335208
   77.3468421   60.8339264
   77.3365519   60.8354299
   77.3271370   60.8358307
   77.3168482   60.8373376
   77.3074354   60.8377339
   77.2971403   60.8392455
   77.2877398   60.8396368
   77.2774316   60.8411540
   77.2680335   60.8415405
   77.2577231   60.8430619
   77.2483332   60.8434435
   77.2380106   60.8449707
   77.2286362   60.8453469
   77.2183068   60.8468790
   77.1985339   60.8476625
   77.1786371   60.8463148
   77.1586175   60.8428358
   77.1384698   60.8372245
   77.1254253   60.8322417
   77.1152604   60.8243480
   77.1022019   60.8123115
   77.0980760   60.8014504
   77.0930099   60.7841027
   77.0893846   60.7665395
   77.0883830   60.7583906
   77.0845412   60.7401082
   77.0791371   60.7221043
   77.0721776   60.7044014
   77.0636563   60.6869825
   77.0241697   60.6202085
   77.0206175   60.5785723
   77.0057274   60.5594347
   76.9916012   60.5439241
   76.9768819   60.5300616
   76.9615553   60.5178333
   76.9456228   60.5072412
   76.9290933   60.4982912
   76.9119589   60.4909784
   76.8610267   60.4736852
   76.8430263   60.4657075
   76.8256076   60.4559005
   76.8194650   60.4516546
   76.8086404   60.4345805
   76.8005169   60.4186787
   76.7936802   60.4020392
   76.7900588   60.3906983
   76.7900530   60.3790638
   76.7914586   60.3612778
   76.7951843   60.3397966
   76.8178559   60.3020212
   76.8263741   60.2852871
   76.8333211   60.2679883
   76.8386976   60.2501240
   76.8408816   60.2395493
   76.8390344   60.2267282
   76.8344538   60.2077182
   76.8281089   60.1892564
   76.8200070   60.1713630
   76.8101397   60.1540179
   76.7738728   60.0992677
   76.7736550   60.0837024
   76.7719315   60.0024177
   76.7711458   59.9822053
   76.7683705   59.9626274
   76.7655482   59.9514039
   76.7643811   59.9434306
   76.7617506   59.9332636
   76.7603850   59.9242330
   76.7579609   59.9151311
   76.7563839   59.9050398
   76.7541770   59.8969942
   76.7523759   59.8858460
   76.7504001   59.8788556
   76.7483616   59.8666569
   76.7466304   59.8607162
   76.7443394   59.8474677
   76.7428690   59.8425769
   76.7322248   59.7899204
   76.7260876   59.7713986
   76.6784664   59.6695100
   76.6765175   59.6643003
   76.6704292   59.6521961
   76.6682465   59.6464517
   76.6623939   59.6348809
   76.6599746   59.6286064
   76.6543603   59.6175648
   76.6516997   59.6107589
   76.6411145   59.5906672
   76.6373196   59.5886299
   76.6183176   59.5807310
   76.5990532   59.5749940
   76.5795253   59.5714186
   76.5670137   59.5705250
   76.5598331   59.5692060
   76.5471974   59.5682935
   76.5401398   59.5669929
   76.5273713   59.5660606
   76.5204520   59.5647813
   76.5075550   59.5638293
   76.5007553   59.5625681
   76.4877298   59.5615964
   76.4810619   59.5603557
   76.4679082   59.5593641
   76.4613696   59.5581436
   76.4480920   59.5571322
   76.4416763   59.5559309
   76.4282669   59.5548990
   76.4219839   59.5537188
   76.4084498   59.5526668
   76.4022917   59.5515064
   76.3886246   59.5504335
   76.3825983   59.5492945
   76.3688030   59.5482008
   76.3629105   59.5470836
   76.3489869   59.5459689
   76.3432136   59.5448710
   76.3291617   59.5437353
   76.3235202   59.5426593
   76.3093402   59.5415024
   76.3038278   59.5404478
   76.2895241   59.5392699
   76.2841344   59.5382357
   76.2696990   59.5370360
   76.2644420   59.5360243
   76.2498820   59.5348032
   76.2447496   59.5338125
   76.2102362   59.5303364
   76.1992604   59.5272374
   76.1826599   59.5182989
   76.1742680   59.5125985
   76.1666274   59.5085386
   76.1574535   59.5023681
   76.1505858   59.4987682
   76.1406293   59.4921385
   76.1345583   59.4890004
   76.1238054   59.4819138
   76.1185250   59.4792232
   76.0059635   59.4104715
   75.9880129   59.4022991
   75.9689263   59.3961873
   75.9026897   59.3758159
   75.8926212   59.3661652
   75.8687080   59.3390388
   75.8297957   59.2957743
   75.8151873   59.2833029
   75.7151688   59.2171384
   75.6997962   59.2042287
   75.6872172   59.1914724
   75.6866582   59.1795421
   75.6874172   59.1605985
   75.6883701   59.1533424
   75.6887307   59.1418185
   75.6898367   59.1330355
   75.6900550   59.1230290
   75.6912917   59.1127301
   75.6913897   59.1042507
   75.6927346   59.0924262
   75.6927374   59.0854778
   75.6941640   59.0721241
   75.6941002   59.0667023
   75.6955772   59.0518241
   75.6950738   59.0317711
   75.6920439   59.0120438
   75.6864876   58.9926423
   75.6808126   58.9792488
   75.6689726   58.9488714
   75.6648168   58.9445949
   75.6496644   58.9311673
   75.6333042   58.9196666
   75.4983694   58.8443787
   75.4938490   58.8413759
   75.4813055   58.8348221
   75.4764204   58.8315981
   75.4642494   58.8252697
   75.4589854   58.8218180
   75.4471938   58.8157161
   75.4415481   58.8120374
   75.4301349   58.8061589
   75.4241109   58.8022581
   75.4130766   58.7966010
   75.4066775   58.7924827
   75.3960201   58.7870436
   75.3892401   58.7827064
   75.3789704   58.7774885
   75.3718007   58.7729291
   75.3619092   58.7679254
   75.3543650   58.7631559
   75.3448565   58.7583666
   75.3369223   58.7533793
   75.3278043   58.7488064
   75.3194849   58.7436064
   75.3107483   58.7392431
   75.3020480   58.7338353
   75.2936927   58.7296796
   75.2846077   58.7240637
   75.2766390   58.7201163
   75.2671608   58.7142890
   75.2595929   58.7105551
   75.2497267   58.7045215
   75.2425339   58.7009867
   75.2322851   58.6947520
   75.2254840   58.6914226
   75.2148432   58.6849829
   75.2084300   58.6818554
   75.1973986   58.6752133
   75.1824473   58.6669372
   75.1417584   58.6216962
   75.1389497   58.6180237
   75.1247501   58.6030640
   75.1093072   58.5900874
   74.8746956   58.4379917
   74.8619065   58.4317751
   74.8570076   58.4286274
   74.8446273   58.4226440
   74.8393138   58.4192616
   74.8273418   58.4135076
   74.8216190   58.4098974
   74.8100639   58.4043738
   74.8039187   58.4005310
   74.7927798   58.3952341
   74.7862279   58.3911719
   74.7754996   58.3860961
   74.7685309   58.3818112
   74.7582235   58.3769586
   74.7508318   58.3724502
   74.7409405   58.3678158
   74.7331360   58.3630928
   74.7236634   58.3586752
   74.7154336   58.3537327
   74.7063825   58.3495308
   74.6977376   58.3443775
   74.6891046   58.3403874
   74.6800357   58.3350206
   74.6718312   58.3312448
   74.6623381   58.3256664
   74.6545500   58.3220972
   74.6446371   58.3163122
   74.6372773   58.3129530
   74.6269299   58.3069550
   74.6199970   58.3038031
   74.6092344   58.2976052
   74.5927842   58.2889692
   74.5757664   58.2821505
   74.5669381   58.2791554
   74.5573676   58.2748610
   74.5488027   58.2719715
   74.5389721   58.2675726
   74.5306561   58.2647832
   74.5205685   58.2602819
   74.5125226   58.2575988
   74.5021771   58.2529957
   74.4943787   58.2504106
   74.4837779   58.2457076
   74.4762396   58.2432238
   74.4653817   58.2384210
   74.4581047   58.2360383
   74.4469824   58.2311333
   74.4399615   58.2288488
   74.4285859   58.2238475
   74.4218269   58.2216624
   74.4101863   58.2165606
   74.4036841   58.2144723
   74.3917895   58.2092756
   74.3855457   58.2072838
   74.3733895   58.2019899
   74.3674117   58.2000960
   74.3549925   58.1947053
   74.3492694   58.1929047
   74.3365922   58.1874205
   74.3311334   58.1857153
   74.3181948   58.1801370
   74.3129929   58.1785239
   74.2445954   58.1510049
   74.2256382   58.1453052
   74.1935257   58.1397342
   74.0435546   58.1417982
   73.5327826   58.1485164
   73.5274201   58.1489999
   73.5131248   58.1487785
   73.5075688   58.1492737
   73.4934765   58.1490404
   73.4877128   58.1495483
   73.4738187   58.1493033
   73.4678662   58.1498219
   73.4541704   58.1495657
   73.4480148   58.1500957
   73.4345125   58.1498285
   73.4281588   58.1503692
   73.4148637   58.1500917
   73.4083122   58.1506426
   73.3952054   58.1503550
   73.3884609   58.1509153
   73.3755571   58.1506182
   73.3686091   58.1511882
   73.3558994   58.1508818
   73.3487525   58.1514609
   73.3362511   58.1511459
   73.3289059   58.1517335
   73.3165933   58.1514099
   73.3090545   58.1520054
   73.2969450   58.1516739
   73.2892032   58.1522775
   73.2772872   58.1519384
   73.2693472   58.1525493
   73.2576389   58.1522033
   73.2495005   58.1528211
   73.2379859   58.1524683
   73.2296492   58.1530926
   73.2183276   58.1527334
   73.2097931   58.1533637
   73.1986789   58.1529990
   73.1899465   58.1536350
   73.1790211   58.1532645
   73.1700951   58.1539054
   73.1607152   58.1535770
   73.1524632   58.1515467
   73.1343543   58.1450256
   73.1224661   58.1392577
   73.1168087   58.1372258
   73.1047924   58.1314071
   73.0992712   58.1294292
   73.0871229   58.1235581
   73.0817278   58.1216305
   73.0694454   58.1157061
   73.0641890   58.1138330
   73.0517717   58.1078554
   73.0466437   58.1060328
   72.8220101   58.0058101
   72.8036528   57.9995104
   72.7954517   57.9976376
   72.7785745   57.9982028
   72.7662398   57.9980185
   72.7587062   57.9987221
   72.7462723   57.9985431
   72.7388474   57.9992406
   72.7263139   57.9990668
   72.7189791   57.9997598
   72.7063503   57.9995915
   72.6991204   58.0002786
   72.6863824   58.0001158
   72.6792520   58.0007972
   72.6664240   58.0006402
   72.6593936   58.0013159
   72.6464565   58.0011645
   72.6395256   58.0018344
   72.6264975   58.0016890
   72.6196665   58.0023530
   72.6065342   58.0022135
   72.5997985   58.0028719
   72.5865666   58.0027385
   72.5799394   58.0033899
   72.5666077   58.0032627
   72.5600714   58.0039087
   72.5466443   58.0037879
   72.5402077   58.0044275
   72.5266768   58.0043130
   72.5203492   58.0049453
   72.5067185   58.0048374
   72.5004812   58.0054640
   72.4867549   58.0053627
   72.4806221   58.0059821
   72.4667870   58.0058875
   72.4607541   58.0065002
   72.4468286   58.0064125
   72.4408950   58.0070182
   72.4268611   58.0069375
   72.4210269   58.0075362
   72.4069022   58.0074625
   72.4011679   58.0080541
   72.3869388   58.0079876
   72.3812998   58.0085725
   72.3669713   58.0085132
   72.3614407   58.0090899
   72.3470130   58.0090380
   72.3415730   58.0096081
   72.3270494   58.0095637
   72.3217142   58.0101258
   72.3070815   58.0100891
   72.3018459   58.0106435
   72.2871232   58.0106144
   72.2819871   58.0111611
   72.2671603   58.0111398
   72.2621188   58.0116791
   72.2072705   58.0127169
   72.1974023   58.0137887
   72.1894509   58.0163729
   72.1721327   58.0240446
   72.0176516   58.0958461
   72.0127161   58.0986141
   71.9950792   58.1061293
   71.9766023   58.1117411
   71.9707227   58.1128703
   71.9534709   58.1114576
   71.9447559   58.1113245
   71.9339571   58.1100102
   71.9252703   58.1098777
   71.9144535   58.1085631
   71.9057806   58.1084310
   71.8949396   58.1071153
   71.8862912   58.1069838
   71.8754353   58.1056681
   71.8668017   58.1055370
   71.8559223   58.1042203
   71.8473123   58.1040898
   71.8364180   58.1027731
   71.8278181   58.1026429
   71.8169049   58.1013258
   71.8083334   58.1011962
   71.7974005   58.0998786
   71.7888439   58.0997495
   71.7778867   58.0984308
   71.7693544   58.0983022
   71.7583831   58.0969836
   71.7498650   58.0968555
   71.7388692   58.0955358
   71.7303755   58.0954083
   71.7193649   58.0940886
   71.7108805   58.0939614
   71.6998518   58.0926413
   71.6913956   58.0925147
   71.6803428   58.0911936
   71.6719062   58.0910674
   71.6608393   58.0897464
   71.6524167   58.0896207
   71.6413253   58.0882986
   71.6329273   58.0881734
   71.6218210   58.0868514
   71.6134378   58.0867267
   71.6023080   58.0854036
   71.5939435   58.0852794
   71.5828037   58.0839570
   71.5744589   58.0838331
   71.5632906   58.0825092
   71.5549694   58.0823859
   71.5437862   58.0810620
   71.5354800   58.0809392
   71.5242723   58.0796142
   71.5159897   58.0794919
   71.5047689   58.0781670
   71.4965000   58.0780451
   71.4852549   58.0767192
   71.4770058   58.0765978
   71.4657506   58.0752726
   71.4575211   58.0751516
   71.4462375   58.0738248
   71.4380317   58.0737043
   71.4267333   58.0723776
   71.4185422   58.0722575
   71.4072202   58.0709298
   71.3990528   58.0708103
   71.3877110   58.0694821
   71.3795633   58.0693630
   71.3682068   58.0680349
   71.3600690   58.0679162
   71.3486936   58.0665876
   71.3405844   58.0664695
   71.3291894   58.0651405
   71.3095824   58.0648552
   71.2898245   58.0665521
   71.2698963   58.0702331
   71.2665356   58.0713449
   71.2521543   58.0833788
   71.2387927   58.0965267
   71.2292910   58.1065444
   71.2247558   58.1238619
   71.2215370   58.1438492
   71.2203683   58.1637010
   71.2212493   58.1834317
   71.2218790   58.1876422
   71.2269327   58.2621977
   71.2286405   58.2818709
   71.2323826   58.3014095
   71.2381623   58.3208281
   71.2468398   58.3422448
   71.2529271   58.3618836
   71.2554580   58.3730839
   71.2518136   58.3775847
   71.2379731   58.3922036
   71.2233630   58.4052991
   71.2079807   58.4168732
   71.1918287   58.4269236
   71.1749051   58.4354512
   71.1650358   58.4393579
   71.1575559   58.4431368
   71.0768556   58.4784653
   71.0603550   58.4858249
   70.9954371   58.5038229
   70.9470092   58.5165467
   70.9325017   58.5206270
   70.9237567   58.5210498
   70.9050001   58.5201551
   70.8866546   58.5174383
   70.8687306   58.5129016
   70.8512119   58.5065405
   70.8402361   58.5012895
   70.8301895   58.4903568
   70.8065544   58.4586794
   70.4279282   57.9520162
   70.4171228   57.9353775
   70.4077282   57.9176493
   70.4024558   57.9052250
   70.4031106   57.8943756
   70.4058206   57.8754274
   70.4100762   57.8568285
   70.4158770   57.8385826
   70.4232222   57.8206904
   70.4292999   57.8085410
   70.5315545   57.7191621
   70.5447516   57.7051406
   70.5564123   57.6899325
   70.5665380   57.6735366
   70.6159349   57.5906032
   70.6247970   57.5732297
   70.6282291   57.5647922
   70.6261501   57.5580359
   70.6186733   57.5394493
   70.6098251   57.5221198
   70.5996116   57.5060586
   70.5880243   57.4912527
   70.5750725   57.4777137
   70.5436675   57.4510996
   70.5299670   57.4367995
   70.5172874   57.4208741
   70.5056377   57.4033346
   70.4944595   57.3850298
   70.4841772   57.3653189
   70.4807750   57.3575457
   70.4855103   57.3511055
   70.4991253   57.3350038
   70.5134508   57.3203533
   70.5284797   57.3071629
   70.5442093   57.2954342
   70.5820085   57.2718131
   70.6158848   57.2481900
   70.6321806   57.2462771
   70.6498310   57.2454065
   70.6633044   57.2456414
   70.7095026   57.2580684
   70.7973904   57.3193105
   70.8152596   57.3291018
   70.8336327   57.3365730
   70.8525093   57.3417239
   70.8718915   57.3445548
   70.8844528   57.3448774
   70.8915995   57.3458790
   70.9036271   57.3461669
   70.9113080   57.3472011
   70.9227931   57.3474574
   70.9310163   57.3485221
   70.9419679   57.3487498
   70.9507221   57.3498409
   70.9611389   57.3500426
   70.9704361   57.3511591
   70.9903532   57.3515179
   71.0107029   57.3498951
   71.0282193   57.3380568
   71.0433240   57.3253038
   71.0928966   57.2754949
   71.1330156   57.2356396
   71.2821122   57.1336697
   71.2904287   57.1284951
   71.2981370   57.1227330
   71.3067476   57.1173608
   71.3141589   57.1117990
   71.3230695   57.1062242
   71.3301866   57.1008619
   71.3393851   57.0950907
   71.3462062   57.0899307
   71.3557030   57.0839553
   71.3622342   57.0789943
   71.3720239   57.0728168
   71.3782547   57.0680643
   71.5841133   56.9280045
   71.5994605   56.9155748
   71.6098967   56.8970853
   71.6180315   56.8789615
   71.6248970   56.8603538
   71.6298535   56.8410239
   71.6329024   56.8209664
   71.6340432   56.8001818
   71.6335559   56.7865211
   71.6282157   56.7792575
   71.6156648   56.7648838
   71.6119781   56.7613250
   71.5640046   56.7089331
   71.5508835   56.6951698
   71.5419620   56.6873622
   71.5302534   56.6828344
   71.5115918   56.6775579
   71.4549623   56.6679986
   71.3484815   56.6506471
   71.3416840   56.6490601
   71.3227170   56.6467593
   71.1685467   56.6446028
   71.1490773   56.6424045
   71.1294586   56.6383397
   71.1097125   56.6324131
   71.0878382   56.6243269
   71.0840315   56.6096622
   71.0767120   56.5887662
   71.0678946   56.5693984
   71.0584685   56.5506389
   71.0475992   56.5333510
   71.0351578   56.5176611
   71.0211466   56.5035718
   71.0055586   56.4910761
   70.9883980   56.4801787
   70.9502185   56.4573257
   70.9329024   56.4464004
   70.9161918   56.4336115
   70.9000963   56.4189674
   70.8846011   56.4024549
   70.8802575   56.3970941
   70.8647279   56.3798054
   70.8653041   56.3600837
   70.8645566   56.3401863
   70.8624712   56.3205596
   70.8590466   56.3012034
   70.8542879   56.2821432
   70.8481868   56.2633458
   70.8387679   56.2407172
   70.8585524   56.1562150
   70.8627251   56.1399388
   70.8660130   56.1191941
   70.8671557   56.0988939
   70.8661525   56.0790368
   70.8630044   56.0596352
   70.8577100   56.0406790
   70.8502677   56.0221647
   70.8406843   56.0041089
   70.8358168   55.9968013
   70.8301725   55.9862400
   70.8253427   55.9789354
   70.8196607   55.9683678
   70.8148692   55.9610733
   70.8091563   55.9505048
   70.8043969   55.9432167
   70.7986463   55.9326291
   70.7939197   55.9253533
   70.7881453   55.9147669
   70.7776405   55.8968962
   70.7695837   55.8843817
   70.7585651   55.8784230
   70.7409917   55.8704065
   70.7228985   55.8635958
   70.6724117   55.8473904
   70.6535887   55.8401998
   70.6350647   55.8316790
   70.6168553   55.8218355
   70.6082304   55.8164545
   70.5950773   55.7433968
   70.5930254   55.7258553
   70.5924603   55.7155008
   70.5957055   55.7050968
   70.6022104   55.6881062
   70.6097097   55.6717959
   70.6181897   55.6561943
   70.6354616   55.6289951
   70.6443470   55.6125239
   70.6503257   55.5993140
   70.6398798   55.5772774
   70.6289960   55.5585447
   70.6170281   55.5414812
   70.6039761   55.5260870
   70.5898402   55.5123621
   70.5746202   55.5003065
   70.5698347   55.4972579
   70.5253864   55.4638073
   70.5119326   55.4510268
   70.4997036   55.4368070
   70.4713237   55.3979796
   70.4571730   55.3088157
   70.4545408   55.2868456
   70.4703069   55.2224810
   70.4631289   55.2190999
   70.4165388   55.1662189
   70.4161755   55.1659817
   70.2008494   55.0973799
   70.2004066   55.0973656
   69.9332756   55.1638813
   69.9328312   55.1640639
   69.7079544   55.2974456
   69.7022200   55.2988247
   69.4865355   55.2851462
   69.4860392   55.2852169
   69.3825140   55.3225605
   69.3767151   55.3228601
   69.2049651   55.2802932
   69.2044784   55.2803544
   69.0504671   55.3630769
   69.0427106   55.3637988
   69.0367896   55.3587365
   69.0357553   55.3548992
   69.0283759   55.2383606
   69.0281201   55.2381843
   68.7816252   55.3145139
   68.7766601   55.3147580
   68.7708005   55.3111352
   68.6470869   55.1534972
   68.6467024   55.1532983
   68.3253928   55.1375136
   68.3199170   55.1355506
   68.3164601   55.1308721
   68.3159968   55.1260250
   68.3185047   55.1207763
   68.3661598   55.0686761
   68.3661731   55.0682925
   68.2491668   54.9209874
   68.2487579   54.9207920
   67.8675976   54.9238200
   67.8648311   54.9234525
   67.8595296   54.9198356
   67.8022483   54.8437637
   67.8018891   54.8435161
   67.6964800   54.8130815
   67.3299911   54.8153697
   67.3267732   54.8148590
   67.0743780   54.7309292
   67.0739532   54.7308282
   66.0150775   54.5754249
   66.0146450   54.5755299
   65.9151213   54.6469088
   65.9085923   54.6487581
   65.9039418   54.6472303
   65.7620004   54.5573133
   65.7615431   54.5572129
   65.5591083   54.5842217
   65.5553351   54.5840045
   65.5493278   54.5796444
   65.5114959   54.5196655
   65.5111063   54.5194268
   65.2894743   54.4991654
   65.2834743   54.4964351
   65.2806528   54.4915068
   65.2806901   54.4867545
   65.3130608   54.3587941
   65.3129444   54.3583943
   65.2358380   54.2856286
   65.2354390   54.2854660
   65.1008696   54.2831445
   65.1003824   54.2832649
   64.9575748   54.3616387
   64.9499041   54.3624546
   64.7556221   54.3044782
   64.7550895   54.3044402
   64.6156105   54.3251649
   64.6128461   54.3251893
   64.1034082   54.2586762
   64.0981870   54.2563462
   63.9742921   54.1499264
   63.9738842   54.1498515
   63.7929937   54.2151745
   63.7882427   54.2156768
   63.2405059   54.1407929
   63.2367754   54.1394956
   63.0922230   54.0541299
   63.0917847   54.0539954
   62.6453705   54.0262369
   62.6379744   54.0222338
   62.6361164   54.0178344
   62.6222171   53.9308720
   62.6219818   53.9305139
   62.5167973   53.8635756
   62.5163749   53.8635135
   62.4086475   53.8939230
   62.4082697   53.8941930
   62.3507438   53.9774064
   62.3486237   53.9796395
   62.3429028   53.9817125
   62.0953860   53.9912451
   62.0907515   53.9903046
   62.0865231   53.9865556
   62.0851574   53.9830136
   62.0714520   53.9064048
   62.0711719   53.9061561
   61.9384246   53.8984125
   61.9380037   53.8984606
   61.7047584   53.9669525
   61.6988118   53.9668554
   61.5576033   53.9203336
   61.5572026   53.9204144
   61.4352111   54.0265850
   61.4279396   54.0290167
   61.3300971   54.0220867
   61.3238401   54.0192887
   61.3210046   54.0141066
   61.2722894   53.7748227
   61.2720325   53.7744448
   61.1273775   53.6801956
   61.1245381   53.6773972
   61.1228772   53.6727188
   61.1246520   53.6660714
   61.1284238   53.6628434
   61.2173939   53.6190932
   61.2224753   53.6180893
   61.5664805   53.6411439
   61.5668519   53.6409595
   61.6416531   53.5272281
   61.6416465   53.5268163
   61.5892897   53.4524925
   61.5888944   53.4521949
   61.4733875   53.4121788
   61.4729263   53.4121583
   61.2951131   53.4564897
   61.2875074   53.4553366
   61.2836182   53.4509855
   61.2390239   53.3545938
   61.2381162   53.3498210
   61.2390954   53.3460450
   61.2422081   53.3423148
   61.2457478   53.3406755
   61.5401013   53.2694483
   61.5447990   53.2694468
   61.7042072   53.3079138
   61.7046342   53.3078298
   61.8118743   53.2304283
   61.8156602   53.2287527
   62.1315214   53.1620383
   62.1318664   53.1617874
   62.1958932   53.0503707
   62.1959465   53.0499063
   62.1674028   52.9552216
   62.1670947   52.9548888
   62.0235226   52.8992263
   62.0230662   52.8991881
   61.8008458   52.9449382
   61.7965660   52.9448841
   61.6220647   52.9043369
   61.6215966   52.9043949
   61.4808658   52.9767598
   61.4753019   52.9778174
   61.1633156   52.9467476
   61.1589114   52.9452166
   60.7930628   52.7107919
   60.7886859   52.7044956
   60.7900550   52.6969507
   60.7963650   52.6925936
   60.8809990   52.6744794
   60.8812830   52.6741998
   60.9039516   52.5757686
   60.9055706   52.5721845
   60.9111659   52.5683383
   61.0189706   52.5401400
   61.0192850   52.5398587
   61.1058645   52.3145226
   61.1057416   52.3141842
   60.7429607   52.1124916
   60.7425307   52.1123689
   60.5249405   52.1018520
   60.5209412   52.1008030
   60.2206702   51.9502514
   60.2175542   51.9478137
   60.2151915   51.9404263
   60.2168234   51.9357775
   60.2196216   51.9329807
   60.2308758   51.9291931
   60.2133187   51.9303157
   60.1840768   51.9363308
END
2
   64.0767675   72.4673535
   64.0634904   72.5001735
   64.0373860   72.5656257
   64.0118134   72.6309595
   64.0825133   72.6708231
   64.1353779   72.7001649
   64.3819810   72.8451030
   64.4481931   72.8863973
   64.7231567   73.0225574
   64.7597805   73.0404499
   64.7967106   73.0581650
   64.8334259   73.0754528
   64.8888812   73.1011372
   64.9257817   73.1179759
   64.9627659   73.1345277
   64.9996485   73.1507104
   65.0404344   73.1682245
   65.1510208   73.2060662
   65.3102101   73.2725527
   65.3416872   73.2855211
   65.7345463   73.4451671
   65.7542703   73.4513611
   65.8119306   73.4689510
   65.8504175   73.4802673
   65.8888223   73.4912214
   65.9275017   73.5019135
   65.9659933   73.5122158
   66.0047323   73.5222449
   66.0627526   73.5366308
   66.1014789   73.5458110
   66.1401241   73.5546358
   66.1790410   73.5631847
   66.2373099   73.5753523
   66.2762020   73.5830536
   66.3346090   73.5939888
   66.3735921   73.6008684
   66.4062430   73.6063632
   64.1026212   72.4043487
   64.0767675   72.4673535
END
END
