asia-russia-siberia
1
   70.4545408   55.2868456
   70.4571730   55.3088157
   70.4713237   55.3979796
   70.4997036   55.4368070
   70.5119326   55.4510268
   70.5253864   55.4638073
   70.5698347   55.4972579
   70.5746202   55.5003065
   70.5898402   55.5123621
   70.6039761   55.5260870
   70.6170281   55.5414812
   70.6289960   55.5585447
   70.6398798   55.5772774
   70.6503257   55.5993140
   70.6443470   55.6125239
   70.6354616   55.6289951
   70.6181897   55.6561943
   70.6097097   55.6717959
   70.6022104   55.6881062
   70.5957055   55.7050968
   70.5924603   55.7155008
   70.5930254   55.7258553
   70.5950773   55.7433968
   70.6082304   55.8164545
   70.6168553   55.8218355
   70.6350647   55.8316790
   70.6535887   55.8401998
   70.6724117   55.8473904
   70.7228985   55.8635958
   70.7409917   55.8704065
   70.7585651   55.8784230
   70.7695837   55.8843817
   70.7776405   55.8968962
   70.7881453   55.9147669
   70.7939197   55.9253533
   70.7986463   55.9326291
   70.8043969   55.9432167
   70.8091563   55.9505048
   70.8148692   55.9610733
   70.8196607   55.9683678
   70.8253427   55.9789354
   70.8301725   55.9862400
   70.8358168   55.9968013
   70.8406843   56.0041089
   70.8502677   56.0221647
   70.8577100   56.0406790
   70.8630044   56.0596352
   70.8661525   56.0790368
   70.8671557   56.0988939
   70.8660130   56.1191941
   70.8627251   56.1399388
   70.8585524   56.1562150
   70.8387679   56.2407172
   70.8481868   56.2633458
   70.8542879   56.2821432
   70.8590466   56.3012034
   70.8624712   56.3205596
   70.8645566   56.3401863
   70.8653041   56.3600837
   70.8647279   56.3798054
   70.8802575   56.3970941
   70.8846011   56.4024549
   70.9000963   56.4189674
   70.9161918   56.4336115
   70.9329024   56.4464004
   70.9502185   56.4573257
   70.9883980   56.4801787
   71.0055586   56.4910761
   71.0211466   56.5035718
   71.0351578   56.5176611
   71.0475992   56.5333510
   71.0584685   56.5506389
   71.0678946   56.5693984
   71.0767120   56.5887662
   71.0840315   56.6096622
   71.0878382   56.6243269
   71.1097125   56.6324131
   71.1294586   56.6383397
   71.1490773   56.6424045
   71.1685467   56.6446028
   71.3227170   56.6467593
   71.3416840   56.6490601
   71.3484815   56.6506471
   71.4549623   56.6679986
   71.5115918   56.6775579
   71.5302534   56.6828344
   71.5419620   56.6873622
   71.5508835   56.6951698
   71.5640046   56.7089331
   71.6119781   56.7613250
   71.6156648   56.7648838
   71.6282157   56.7792575
   71.6335559   56.7865211
   71.6340432   56.8001818
   71.6329024   56.8209664
   71.6298535   56.8410239
   71.6248970   56.8603538
   71.6180315   56.8789615
   71.6098967   56.8970853
   71.5994605   56.9155748
   71.5841133   56.9280045
   71.3782547   57.0680643
   71.3720239   57.0728168
   71.3622342   57.0789943
   71.3557030   57.0839553
   71.3462062   57.0899307
   71.3393851   57.0950907
   71.3301866   57.1008619
   71.3230695   57.1062242
   71.3141589   57.1117990
   71.3067476   57.1173608
   71.2981370   57.1227330
   71.2904287   57.1284951
   71.2821122   57.1336697
   71.1330156   57.2356396
   71.0928966   57.2754949
   71.0433240   57.3253038
   71.0282193   57.3380568
   71.0107029   57.3498951
   70.9903532   57.3515179
   70.9704361   57.3511591
   70.9611389   57.3500426
   70.9507221   57.3498409
   70.9419679   57.3487498
   70.9310163   57.3485221
   70.9227931   57.3474574
   70.9113080   57.3472011
   70.9036271   57.3461669
   70.8915995   57.3458790
   70.8844528   57.3448774
   70.8718915   57.3445548
   70.8525093   57.3417239
   70.8336327   57.3365730
   70.8152596   57.3291018
   70.7973904   57.3193105
   70.7095026   57.2580684
   70.6633044   57.2456414
   70.6498310   57.2454065
   70.6321806   57.2462771
   70.6158848   57.2481900
   70.5820085   57.2718131
   70.5442093   57.2954342
   70.5284797   57.3071629
   70.5134508   57.3203533
   70.4991253   57.3350038
   70.4855103   57.3511055
   70.4807750   57.3575457
   70.4841772   57.3653189
   70.4944595   57.3850298
   70.5056377   57.4033346
   70.5172874   57.4208741
   70.5299670   57.4367995
   70.5436675   57.4510996
   70.5750725   57.4777137
   70.5880243   57.4912527
   70.5996116   57.5060586
   70.6098251   57.5221198
   70.6186733   57.5394493
   70.6261501   57.5580359
   70.6282291   57.5647922
   70.6247970   57.5732297
   70.6159349   57.5906032
   70.5665380   57.6735366
   70.5564123   57.6899325
   70.5447516   57.7051406
   70.5315545   57.7191621
   70.4292999   57.8085410
   70.4232222   57.8206904
   70.4158770   57.8385826
   70.4100762   57.8568285
   70.4058206   57.8754274
   70.4031106   57.8943756
   70.4024558   57.9052250
   70.4077282   57.9176493
   70.4171228   57.9353775
   70.4279282   57.9520162
   70.8065544   58.4586794
   70.8301895   58.4903568
   70.8402361   58.5012895
   70.8512119   58.5065405
   70.8687306   58.5129016
   70.8866546   58.5174383
   70.9050001   58.5201551
   70.9237567   58.5210498
   70.9325017   58.5206270
   70.9470092   58.5165467
   70.9954371   58.5038229
   71.0603550   58.4858249
   71.0768556   58.4784653
   71.1575559   58.4431368
   71.1650358   58.4393579
   71.1749051   58.4354512
   71.1918287   58.4269236
   71.2079807   58.4168732
   71.2233630   58.4052991
   71.2379731   58.3922036
   71.2518136   58.3775847
   71.2554580   58.3730839
   71.2529271   58.3618836
   71.2468398   58.3422448
   71.2381623   58.3208281
   71.2323826   58.3014095
   71.2286405   58.2818709
   71.2269327   58.2621977
   71.2218790   58.1876422
   71.2212493   58.1834317
   71.2203683   58.1637010
   71.2215370   58.1438492
   71.2247558   58.1238619
   71.2292910   58.1065444
   71.2387927   58.0965267
   71.2521543   58.0833788
   71.2665356   58.0713449
   71.2698963   58.0702331
   71.2898245   58.0665521
   71.3095824   58.0648552
   71.3291894   58.0651405
   71.3405844   58.0664695
   71.3486936   58.0665876
   71.3600690   58.0679162
   71.3682068   58.0680349
   71.3795633   58.0693630
   71.3877110   58.0694821
   71.3990528   58.0708103
   71.4072202   58.0709298
   71.4185422   58.0722575
   71.4267333   58.0723776
   71.4380317   58.0737043
   71.4462375   58.0738248
   71.4575211   58.0751516
   71.4657506   58.0752726
   71.4770058   58.0765978
   71.4852549   58.0767192
   71.4965000   58.0780451
   71.5047689   58.0781670
   71.5159897   58.0794919
   71.5242723   58.0796142
   71.5354800   58.0809392
   71.5437862   58.0810620
   71.5549694   58.0823859
   71.5632906   58.0825092
   71.5744589   58.0838331
   71.5828037   58.0839570
   71.5939435   58.0852794
   71.6023080   58.0854036
   71.6134378   58.0867267
   71.6218210   58.0868514
   71.6329273   58.0881734
   71.6413253   58.0882986
   71.6524167   58.0896207
   71.6608393   58.0897464
   71.6719062   58.0910674
   71.6803428   58.0911936
   71.6913956   58.0925147
   71.6998518   58.0926413
   71.7108805   58.0939614
   71.7193649   58.0940886
   71.7303755   58.0954083
   71.7388692   58.0955358
   71.7498650   58.0968555
   71.7583831   58.0969836
   71.7693544   58.0983022
   71.7778867   58.0984308
   71.7888439   58.0997495
   71.7974005   58.0998786
   71.8083334   58.1011962
   71.8169049   58.1013258
   71.8278181   58.1026429
   71.8364180   58.1027731
   71.8473123   58.1040898
   71.8559223   58.1042203
   71.8668017   58.1055370
   71.8754353   58.1056681
   71.8862912   58.1069838
   71.8949396   58.1071153
   71.9057806   58.1084310
   71.9144535   58.1085631
   71.9252703   58.1098777
   71.9339571   58.1100102
   71.9447559   58.1113245
   71.9534709   58.1114576
   71.9707227   58.1128703
   71.9766023   58.1117411
   71.9950792   58.1061293
   72.0127161   58.0986141
   72.0176516   58.0958461
   72.1721327   58.0240446
   72.1894509   58.0163729
   72.1974023   58.0137887
   72.2072705   58.0127169
   72.2621188   58.0116791
   72.2671603   58.0111398
   72.2819871   58.0111611
   72.2871232   58.0106144
   72.3018459   58.0106435
   72.3070815   58.0100891
   72.3217142   58.0101258
   72.3270494   58.0095637
   72.3415730   58.0096081
   72.3470130   58.0090380
   72.3614407   58.0090899
   72.3669713   58.0085132
   72.3812998   58.0085725
   72.3869388   58.0079876
   72.4011679   58.0080541
   72.4069022   58.0074625
   72.4210269   58.0075362
   72.4268611   58.0069375
   72.4408950   58.0070182
   72.4468286   58.0064125
   72.4607541   58.0065002
   72.4667870   58.0058875
   72.4806221   58.0059821
   72.4867549   58.0053627
   72.5004812   58.0054640
   72.5067185   58.0048374
   72.5203492   58.0049453
   72.5266768   58.0043130
   72.5402077   58.0044275
   72.5466443   58.0037879
   72.5600714   58.0039087
   72.5666077   58.0032627
   72.5799394   58.0033899
   72.5865666   58.0027385
   72.5997985   58.0028719
   72.6065342   58.0022135
   72.6196665   58.0023530
   72.6264975   58.0016890
   72.6395256   58.0018344
   72.6464565   58.0011645
   72.6593936   58.0013159
   72.6664240   58.0006402
   72.6792520   58.0007972
   72.6863824   58.0001158
   72.6991204   58.0002786
   72.7063503   57.9995915
   72.7189791   57.9997598
   72.7263139   57.9990668
   72.7388474   57.9992406
   72.7462723   57.9985431
   72.7587062   57.9987221
   72.7662398   57.9980185
   72.7785745   57.9982028
   72.7954517   57.9976376
   72.8036528   57.9995104
   72.8220101   58.0058101
   73.0466437   58.1060328
   73.0517717   58.1078554
   73.0641890   58.1138330
   73.0694454   58.1157061
   73.0817278   58.1216305
   73.0871229   58.1235581
   73.0992712   58.1294292
   73.1047924   58.1314071
   73.1168087   58.1372258
   73.1224661   58.1392577
   73.1343543   58.1450256
   73.1524632   58.1515467
   73.1607152   58.1535770
   73.1700951   58.1539054
   73.1790211   58.1532645
   73.1899465   58.1536350
   73.1986789   58.1529990
   73.2097931   58.1533637
   73.2183276   58.1527334
   73.2296492   58.1530926
   73.2379859   58.1524683
   73.2495005   58.1528211
   73.2576389   58.1522033
   73.2693472   58.1525493
   73.2772872   58.1519384
   73.2892032   58.1522775
   73.2969450   58.1516739
   73.3090545   58.1520054
   73.3165933   58.1514099
   73.3289059   58.1517335
   73.3362511   58.1511459
   73.3487525   58.1514609
   73.3558994   58.1508818
   73.3686091   58.1511882
   73.3755571   58.1506182
   73.3884609   58.1509153
   73.3952054   58.1503550
   73.4083122   58.1506426
   73.4148637   58.1500917
   73.4281588   58.1503692
   73.4345125   58.1498285
   73.4480148   58.1500957
   73.4541704   58.1495657
   73.4678662   58.1498219
   73.4738187   58.1493033
   73.4877128   58.1495483
   73.4934765   58.1490404
   73.5075688   58.1492737
   73.5131248   58.1487785
   73.5274201   58.1489999
   73.5327826   58.1485164
   74.0435546   58.1417982
   74.1935257   58.1397342
   74.2256382   58.1453052
   74.2445954   58.1510049
   74.3129929   58.1785239
   74.3181948   58.1801370
   74.3311334   58.1857153
   74.3365922   58.1874205
   74.3492694   58.1929047
   74.3549925   58.1947053
   74.3674117   58.2000960
   74.3733895   58.2019899
   74.3855457   58.2072838
   74.3917895   58.2092756
   74.4036841   58.2144723
   74.4101863   58.2165606
   74.4218269   58.2216624
   74.4285859   58.2238475
   74.4399615   58.2288488
   74.4469824   58.2311333
   74.4581047   58.2360383
   74.4653817   58.2384210
   74.4762396   58.2432238
   74.4837779   58.2457076
   74.4943787   58.2504106
   74.5021771   58.2529957
   74.5125226   58.2575988
   74.5205685   58.2602819
   74.5306561   58.2647832
   74.5389721   58.2675726
   74.5488027   58.2719715
   74.5573676   58.2748610
   74.5669381   58.2791554
   74.5757664   58.2821505
   74.5927842   58.2889692
   74.6092344   58.2976052
   74.6199970   58.3038031
   74.6269299   58.3069550
   74.6372773   58.3129530
   74.6446371   58.3163122
   74.6545500   58.3220972
   74.6623381   58.3256664
   74.6718312   58.3312448
   74.6800357   58.3350206
   74.6891046   58.3403874
   74.6977376   58.3443775
   74.7063825   58.3495308
   74.7154336   58.3537327
   74.7236634   58.3586752
   74.7331360   58.3630928
   74.7409405   58.3678158
   74.7508318   58.3724502
   74.7582235   58.3769586
   74.7685309   58.3818112
   74.7754996   58.3860961
   74.7862279   58.3911719
   74.7927798   58.3952341
   74.8039187   58.4005310
   74.8100639   58.4043738
   74.8216190   58.4098974
   74.8273418   58.4135076
   74.8393138   58.4192616
   74.8446273   58.4226440
   74.8570076   58.4286274
   74.8619065   58.4317751
   74.8746956   58.4379917
   75.1093072   58.5900874
   75.1247501   58.6030640
   75.1389497   58.6180237
   75.1417584   58.6216962
   75.1824473   58.6669372
   75.1973986   58.6752133
   75.2084300   58.6818554
   75.2148432   58.6849829
   75.2254840   58.6914226
   75.2322851   58.6947520
   75.2425339   58.7009867
   75.2497267   58.7045215
   75.2595929   58.7105551
   75.2671608   58.7142890
   75.2766390   58.7201163
   75.2846077   58.7240637
   75.2936927   58.7296796
   75.3020480   58.7338353
   75.3107483   58.7392431
   75.3194849   58.7436064
   75.3278043   58.7488064
   75.3369223   58.7533793
   75.3448565   58.7583666
   75.3543650   58.7631559
   75.3619092   58.7679254
   75.3718007   58.7729291
   75.3789704   58.7774885
   75.3892401   58.7827064
   75.3960201   58.7870436
   75.4066775   58.7924827
   75.4130766   58.7966010
   75.4241109   58.8022581
   75.4301349   58.8061589
   75.4415481   58.8120374
   75.4471938   58.8157161
   75.4589854   58.8218180
   75.4642494   58.8252697
   75.4764204   58.8315981
   75.4813055   58.8348221
   75.4938490   58.8413759
   75.4983694   58.8443787
   75.6333042   58.9196666
   75.6496644   58.9311673
   75.6648168   58.9445949
   75.6689726   58.9488714
   75.6808126   58.9792488
   75.6864876   58.9926423
   75.6920439   59.0120438
   75.6950738   59.0317711
   75.6955772   59.0518241
   75.6941002   59.0667023
   75.6941640   59.0721241
   75.6927374   59.0854778
   75.6927346   59.0924262
   75.6913897   59.1042507
   75.6912917   59.1127301
   75.6900550   59.1230290
   75.6898367   59.1330355
   75.6887307   59.1418185
   75.6883701   59.1533424
   75.6874172   59.1605985
   75.6866582   59.1795421
   75.6872172   59.1914724
   75.6997962   59.2042287
   75.7151688   59.2171384
   75.8151873   59.2833029
   75.8297957   59.2957743
   75.8687080   59.3390388
   75.8926212   59.3661652
   75.9026897   59.3758159
   75.9689263   59.3961873
   75.9880129   59.4022991
   76.0059635   59.4104715
   76.1185250   59.4792232
   76.1238054   59.4819138
   76.1345583   59.4890004
   76.1406293   59.4921385
   76.1505858   59.4987682
   76.1574535   59.5023681
   76.1666274   59.5085386
   76.1742680   59.5125985
   76.1826599   59.5182989
   76.1992604   59.5272374
   76.2102362   59.5303364
   76.2447496   59.5338125
   76.2498820   59.5348032
   76.2644420   59.5360243
   76.2696990   59.5370360
   76.2841344   59.5382357
   76.2895241   59.5392699
   76.3038278   59.5404478
   76.3093402   59.5415024
   76.3235202   59.5426593
   76.3291617   59.5437353
   76.3432136   59.5448710
   76.3489869   59.5459689
   76.3629105   59.5470836
   76.3688030   59.5482008
   76.3825983   59.5492945
   76.3886246   59.5504335
   76.4022917   59.5515064
   76.4084498   59.5526668
   76.4219839   59.5537188
   76.4282669   59.5548990
   76.4416763   59.5559309
   76.4480920   59.5571322
   76.4613696   59.5581436
   76.4679082   59.5593641
   76.4810619   59.5603557
   76.4877298   59.5615964
   76.5007553   59.5625681
   76.5075550   59.5638293
   76.5204520   59.5647813
   76.5273713   59.5660606
   76.5401398   59.5669929
   76.5471974   59.5682935
   76.5598331   59.5692060
   76.5670137   59.5705250
   76.5795253   59.5714186
   76.5990532   59.5749940
   76.6183176   59.5807310
   76.6373196   59.5886299
   76.6411145   59.5906672
   76.6516997   59.6107589
   76.6543603   59.6175648
   76.6599746   59.6286064
   76.6623939   59.6348809
   76.6682465   59.6464517
   76.6704292   59.6521961
   76.6765175   59.6643003
   76.6784664   59.6695100
   76.7260876   59.7713986
   76.7322248   59.7899204
   76.7428690   59.8425769
   76.7443394   59.8474677
   76.7466304   59.8607162
   76.7483616   59.8666569
   76.7504001   59.8788556
   76.7523759   59.8858460
   76.7541770   59.8969942
   76.7563839   59.9050398
   76.7579609   59.9151311
   76.7603850   59.9242330
   76.7617506   59.9332636
   76.7643811   59.9434306
   76.7655482   59.9514039
   76.7683705   59.9626274
   76.7711458   59.9822053
   76.7719315   60.0024177
   76.7736550   60.0837024
   76.7738728   60.0992677
   76.8101397   60.1540179
   76.8200070   60.1713630
   76.8281089   60.1892564
   76.8344538   60.2077182
   76.8390344   60.2267282
   76.8408816   60.2395493
   76.8386976   60.2501240
   76.8333211   60.2679883
   76.8263741   60.2852871
   76.8178559   60.3020212
   76.7951843   60.3397966
   76.7914586   60.3612778
   76.7900530   60.3790638
   76.7900588   60.3906983
   76.7936802   60.4020392
   76.8005169   60.4186787
   76.8086404   60.4345805
   76.8194650   60.4516546
   76.8256076   60.4559005
   76.8430263   60.4657075
   76.8610267   60.4736852
   76.9119589   60.4909784
   76.9290933   60.4982912
   76.9456228   60.5072412
   76.9615553   60.5178333
   76.9768819   60.5300616
   76.9916012   60.5439241
   77.0057274   60.5594347
   77.0206175   60.5785723
   77.0241697   60.6202085
   77.0636563   60.6869825
   77.0721776   60.7044014
   77.0791371   60.7221043
   77.0845412   60.7401082
   77.0883830   60.7583906
   77.0893846   60.7665395
   77.0930099   60.7841027
   77.0980760   60.8014504
   77.1022019   60.8123115
   77.1152604   60.8243480
   77.1254253   60.8322417
   77.1384698   60.8372245
   77.1586175   60.8428358
   77.1786371   60.8463148
   77.1985339   60.8476625
   77.2183068   60.8468790
   77.2286362   60.8453469
   77.2380106   60.8449707
   77.2483332   60.8434435
   77.2577231   60.8430619
   77.2680335   60.8415405
   77.2774316   60.8411540
   77.2877398   60.8396368
   77.2971403   60.8392455
   77.3074354   60.8377339
   77.3168482   60.8373376
   77.3271370   60.8358307
   77.3365519   60.8354299
   77.3468421   60.8339264
   77.3562654   60.8335208
   77.3665389   60.8320234
   77.3759733   60.8316130
   77.3862391   60.8301202
   77.3956818   60.8297052
   77.4059457   60.8282162
   77.4153905   60.8277969
   77.4256410   60.8263132
   77.4350934   60.8258894
   77.4453425   60.8244094
   77.4548069   60.8239810
   77.4650427   60.8225061
   77.4745149   60.8220733
   77.4847494   60.8206020
   77.4942233   60.8201652
   77.5044446   60.8186989
   77.5139321   60.8182575
   77.5241462   60.8167954
   77.5336348   60.8163502
   77.5438515   60.8148908
   77.5533485   60.8144414
   77.5635480   60.8129875
   77.5730572   60.8125338
   77.5832481   60.8110841
   77.5927651   60.8106263
   77.6029551   60.8091798
   77.6124736   60.8087182
   77.6226499   60.8072766
   77.6321770   60.8068110
   77.6423515   60.8053725
   77.6518903   60.8049028
   77.6620571   60.8034682
   77.6715988   60.8029949
   77.6817533   60.8015648
   77.6913067   60.8010874
   77.7097485   60.7992438
   77.7462249   60.7920378
   77.9542677   60.7506240
   77.9747907   60.7488121
   77.9945786   60.7510433
   78.0845801   60.7695054
   78.0929954   60.7707773
   78.1072852   60.7738953
   78.3662077   60.7723811
   78.3718663   60.7719303
   78.3856960   60.7722638
   78.3917940   60.7717861
   78.4051833   60.7721463
   78.4117273   60.7716426
   78.4246666   60.7720279
   78.4316600   60.7714994
   78.4441595   60.7719086
   78.4515969   60.7713572
   78.4714728   60.7720683
   78.5637896   60.7850391
   78.5702748   60.7854952
   78.5825060   60.7876231
   78.5900388   60.7882005
   78.6012157   60.7901998
   78.6097924   60.7909100
   78.6199353   60.7927726
   78.6295506   60.7936263
   78.6386455   60.7953387
   78.6493093   60.7963476
   78.6573674   60.7979011
   78.6894828   60.8019377
   78.7089467   60.7985598
   78.7214252   60.7968709
   78.7290869   60.7950915
   78.7402431   60.7936772
   78.7492166   60.7916321
   78.7590538   60.7904775
   78.7693508   60.7881798
   78.7778702   60.7872680
   78.7894851   60.7847374
   78.8095299   60.7828211
   78.8294151   60.7833882
   78.8404156   60.7850882
   78.8492195   60.7853466
   78.8601901   60.7870384
   78.8690286   60.7873052
   78.8799647   60.7889882
   78.8888292   60.7892629
   78.8997391   60.7909385
   78.9086336   60.7912213
   78.9195178   60.7928895
   78.9284379   60.7931800
   78.9392882   60.7948398
   78.9482473   60.7951385
   78.9590626   60.7967897
   78.9680477   60.7970960
   78.9788382   60.7987402
   78.9878521   60.7990542
   78.9986126   60.8006907
   79.0076572   60.8010123
   79.0183871   60.8026412
   79.0274662   60.8029706
   79.0381616   60.8045913
   79.0472662   60.8049280
   79.0579405   60.8065426
   79.0670706   60.8068866
   79.0777106   60.8084931
   79.0868802   60.8088448
   79.0974851   60.8104433
   79.1066804   60.8108021
   79.1172595   60.8123940
   79.1264848   60.8127601
   79.1370340   60.8143447
   79.1462892   60.8147180
   79.1568084   60.8162955
   79.1660990   60.8166761
   79.1765829   60.8182457
   79.1965108   60.8190747
   79.2074191   60.8175877
   79.2245581   60.8112583
   79.2411141   60.8032794
   79.2506128   60.7975539
   79.2573352   60.7943540
   79.2956440   60.7731134
   79.3351130   60.7285050
   79.3403920   60.7218138
   79.3470460   60.7149576
   79.3535345   60.7068638
   79.3589626   60.7014016
   79.3666862   60.6919308
   79.3807386   60.6781460
   79.3961723   60.6661158
   79.4129785   60.6558463
   79.4311657   60.6473319
   79.4403671   60.6441538
   79.4504707   60.6447435
   79.6417345   60.6735370
   79.6476304   60.6740027
   79.6611350   60.6764291
   79.6674181   60.6763282
   79.6811061   60.6774466
   79.6873627   60.6773333
   79.7009796   60.6784568
   79.7073172   60.6783380
   79.7208632   60.6794670
   79.7272667   60.6793428
   79.7407416   60.6804773
   79.7472104   60.6803476
   79.7606156   60.6814879
   79.7671647   60.6813521
   79.7804988   60.6824983
   79.7871097   60.6823566
   79.8003768   60.6835095
   79.8070627   60.6833613
   79.8202510   60.6845199
   79.8270124   60.6843650
   79.8401340   60.6855307
   79.8469576   60.6853691
   79.8600127   60.6865423
   79.8669115   60.6863735
   79.8798911   60.6875535
   79.8868601   60.6873772
   79.8997656   60.6885646
   79.9068056   60.6883804
   79.9196483   60.6895765
   79.9267594   60.6893843
   79.9395270   60.6905882
   79.9467081   60.6903875
   79.9594015   60.6915997
   79.9666539   60.6913902
   79.9792836   60.6926121
   79.9866075   60.6923935
   79.9991623   60.6936244
   80.0065563   60.6933962
   80.0190408   60.6946369
   80.0265023   60.6943988
   80.0389158   60.6956498
   80.0464558   60.6954009
   80.0587980   60.6966625
   80.0664056   60.6964029
   80.0786767   60.6976758
   80.0863510   60.6974048
   80.0985518   60.6986893
   80.1063044   60.6984061
   80.1184340   60.6997030
   80.1262543   60.6994073
   80.1383125   60.7007169
   80.1462000   60.7004083
   80.1581874   60.7017314
   80.1661533   60.7014087
   80.1859547   60.7036310
   80.1934456   60.7056594
   80.2056056   60.7070636
   80.2128033   60.7090192
   80.2252620   60.7104973
   80.2321643   60.7123786
   80.2449160   60.7139304
   80.2515291   60.7157386
   80.2645665   60.7173642
   80.2708856   60.7190973
   80.2842230   60.7207988
   80.2902469   60.7224558
   80.3038734   60.7242325
   80.3096116   60.7258154
   80.3235308   60.7276684
   80.3289699   60.7291729
   80.3431846   60.7311032
   80.3483300   60.7325303
   80.3628339   60.7345375
   80.3676914   60.7358883
   80.3824913   60.7379737
   80.3870567   60.7392465
   80.4021450   60.7414096
   80.4064147   60.7426029
   80.4217941   60.7448446
   80.4257765   60.7459602
   80.6969452   60.7929574
   80.7285465   60.7984814
   80.7405718   60.7981122
   80.7596080   60.7955341
   80.7783808   60.7909696
   80.7841717   60.7889197
   80.7970802   60.7858242
   80.8036158   60.7835539
   80.8157694   60.7806780
   80.8230561   60.7781922
   80.8344619   60.7755275
   80.8424995   60.7728328
   80.8531606   60.7703724
   80.8619442   60.7674766
   80.8718482   60.7652176
   80.8813931   60.7621213
   80.8905463   60.7600570
   80.9008376   60.7567703
   80.9092330   60.7548973
   81.0058142   60.7281429
   81.0660266   60.6855850
   81.1163073   60.6506599
   81.1253316   60.6458657
   81.1354358   60.6428931
   81.1553600   60.6392472
   81.1752994   60.6378150
   81.1883808   60.6383285
   81.1952336   60.6378424
   81.2081712   60.6383605
   81.2151768   60.6378698
   81.2279572   60.6383917
   81.2351110   60.6378969
   81.2477521   60.6384231
   81.2550543   60.6379246
   81.2675426   60.6384542
   81.2749880   60.6379525
   81.2873331   60.6384856
   81.2949312   60.6379803
   81.3071190   60.6385163
   81.3148654   60.6380080
   81.3269140   60.6385472
   81.3348086   60.6380361
   81.3467044   60.6385778
   81.3547428   60.6380645
   81.3664949   60.6386088
   81.3746861   60.6380929
   81.3862808   60.6386390
   81.3946203   60.6381211
   81.4060758   60.6386694
   81.4145630   60.6381497
   81.4258663   60.6386995
   81.4344972   60.6381786
   81.4456522   60.6387298
   81.4544405   60.6382070
   81.4654472   60.6387594
   81.4743746   60.6382361
   81.4852377   60.6387896
   81.4943179   60.6382653
   81.5050281   60.6388192
   81.5142521   60.6382946
   81.5248135   60.6388490
   81.5341954   60.6383235
   81.5446081   60.6388781
   81.5541295   60.6383530
   81.5643985   60.6389079
   81.5740728   60.6383827
   81.5841890   60.6389370
   81.5940065   60.6384125
   81.6039748   60.6389663
   81.6139497   60.6384419
   81.6237699   60.6389949
   81.6338839   60.6384720
   81.6435604   60.6390242
   81.6538272   60.6385021
   81.6633509   60.6390529
   81.6737613   60.6385324
   81.6831367   60.6390816
   81.6937047   60.6385623
   81.7029318   60.6391098
   81.7136434   60.6385926
   81.7227223   60.6391381
   81.7335770   60.6386231
   81.7425127   60.6391668
   81.7535203   60.6386539
   81.7622986   60.6391946
   81.7734545   60.6386842
   81.7820937   60.6392228
   81.7933978   60.6387152
   81.8018842   60.6392507
   81.8133319   60.6387463
   81.8216746   60.6392789
   81.8332753   60.6387775
   81.8414605   60.6393062
   81.8544748   60.6387547
   81.8671909   60.6354563
   81.9921891   60.5888931
   81.9974990   60.5873724
   82.0101774   60.5822172
   82.0161117   60.5804947
   82.0281782   60.5755395
   82.0347214   60.5736149
   82.0461692   60.5688673
   82.0533335   60.5667324
   82.0641685   60.5621949
   82.0719436   60.5598479
   82.0821632   60.5555266
   82.0905571   60.5529602
   82.1001654   60.5488584
   82.1091595   60.5460736
   82.1181585   60.5421954
   82.1277685   60.5391827
   82.1361641   60.5355303
   82.1544826   60.5297164
   82.1607091   60.5284191
   82.1690134   60.5299413
   82.1883835   60.5356875
   82.2067430   60.5434457
   82.2740662   60.5739969
   82.2794354   60.5759150
   82.2902948   60.5813143
   82.2976088   60.5840244
   82.3065358   60.5886096
   82.3157770   60.5921603
   82.3227887   60.5958809
   82.3339240   60.6003169
   82.3513712   60.6098815
   82.3677137   60.6216188
   82.3829532   60.6355287
   82.4070161   60.6622649
   82.4117141   60.6667703
   82.4204319   60.6768727
   82.4260825   60.6824006
   82.4338592   60.6914805
   82.4439831   60.7021939
   82.4778533   60.7176834
   82.8014076   60.8653558
   83.1249374   61.0132436
   83.1369861   61.0174280
   83.1487970   61.0189354
   83.1677004   61.0193727
   83.3206028   61.0236243
   83.3266204   61.0233435
   83.3396928   61.0241406
   83.3464905   61.0238521
   83.3587875   61.0246535
   83.3663556   61.0243643
   83.3778733   61.0251629
   83.3862208   61.0248792
   83.3969640   61.0256689
   83.4060811   61.0253975
   83.4160597   61.0261726
   83.4259509   61.0259198
   83.4351454   61.0266722
   83.4458157   61.0264445
   83.4542358   61.0271686
   83.4656760   61.0269724
   83.4827715   61.0275404
   83.4926454   61.0253576
   83.5111302   61.0191545
   83.5194588   61.0153228
   83.5292459   61.0120400
   83.5375897   61.0082018
   83.5473666   61.0049238
   83.5557256   61.0010790
   83.5654802   60.9978100
   83.5738553   60.9939582
   83.5836020   60.9906934
   83.5919943   60.9868342
   83.6017177   60.9835788
   83.6101221   60.9797144
   83.6198383   60.9764627
   83.6282600   60.9725909
   83.6379520   60.9693489
   83.6463908   60.9654697
   83.6560737   60.9622322
   83.6645267   60.9583469
   83.6741895   60.9551177
   83.6826565   60.9512263
   83.6923101   60.9480016
   83.7007955   60.9441024
   83.7104237   60.9408876
   83.7189232   60.9369823
   83.7285455   60.9337710
   83.7370611   60.9298589
   83.7466631   60.9266559
   83.7551921   60.9227381
   83.7647789   60.9195416
   83.7733279   60.9156150
   83.7828994   60.9124252
   83.7914578   60.9084947
   83.8010132   60.9053118
   83.8095966   60.9013704
   83.8191348   60.8981946
   83.8277246   60.8942507
   83.8372507   60.8910805
   83.8458623   60.8871270
   83.8553711   60.8839640
   83.8639923   60.8800067
   83.8734850   60.8768506
   83.8821310   60.8728824
   83.8916065   60.8697334
   83.9002590   60.8657627
   83.9097224   60.8626193
   83.9183967   60.8586391
   83.9278429   60.8555028
   83.9365278   60.8515183
   83.9550434   60.8453738
   83.9743270   60.8412259
   83.9819234   60.8404104
   84.0225998   60.8436511
   84.0295278   60.8437263
   84.0412242   60.8450931
   84.0493397   60.8452316
   84.0598391   60.8465265
   84.0691425   60.8467432
   84.0784597   60.8479529
   84.0889487   60.8482628
   84.0970815   60.8493718
   84.1087550   60.8497901
   84.1157030   60.8507831
   84.2275771   60.8591006
   84.2473823   60.8606954
   84.2676551   60.8665024
   84.5341265   60.9445230
   85.3145599   61.1725535
   85.3193469   61.1743754
   85.3335947   61.1781170
   85.3384991   61.1799798
   85.3526312   61.1836810
   85.3576557   61.1855857
   85.3716693   61.1892459
   85.3768040   61.1911884
   85.3906997   61.1948080
   85.3959562   61.1967925
   85.4097344   61.2003718
   85.4151129   61.2023982
   85.4287690   61.2059361
   85.4342610   61.2080012
   85.4478036   61.2115001
   85.4534134   61.2136051
   85.4668400   61.2170646
   85.4725658   61.2192088
   85.4858739   61.2226284
   85.4917226   61.2248142
   85.5049083   61.2281931
   85.5108708   61.2304168
   85.5239472   61.2337585
   85.5300234   61.2360199
   85.5429774   61.2393212
   85.5491759   61.2416235
   85.5620119   61.2448856
   85.5683327   61.2472285
   85.5810480   61.2504511
   85.5996928   61.2573478
   85.6177484   61.2662666
   85.6352139   61.2772072
   85.6412868   61.2818720
   85.6447526   61.2873419
   85.6844294   61.3681860
   85.7041775   61.3886930
   85.7774782   61.4690086
   85.7919632   61.4874296
   85.8004990   61.4998989
   85.7951454   61.5058857
   85.7784127   61.5222208
   85.7612590   61.5366497
   85.7438364   61.5498605
   85.7261446   61.5618276
   85.7079978   61.5717821
   85.6894101   61.5797158
   85.6703767   61.5856312
   85.6571794   61.5882714
   85.6510406   61.5901778
   85.6379232   61.5927949
   85.6317110   61.5947224
   85.6186685   61.5973175
   85.6123710   61.5992698
   85.5994160   61.6018402
   85.5930354   61.6038167
   85.5801553   61.6063650
   85.5736998   61.6083630
   85.5609007   61.6108882
   85.5543642   61.6129094
   85.5416438   61.6154118
   85.5350330   61.6174543
   85.5223919   61.6199340
   85.5156931   61.6220019
   85.5031328   61.6244586
   85.4963574   61.6265483
   85.4838760   61.6289823
   85.4770218   61.6310945
   85.4646198   61.6335059
   85.4576861   61.6356407
   85.4453695   61.6380283
   85.4383506   61.6401874
   85.4261083   61.6425535
   85.4190193   61.6447322
   85.4068520   61.6470767
   85.3996793   61.6492792
   85.3875974   61.6516000
   85.3803436   61.6538254
   85.3683449   61.6561231
   85.3610080   61.6583719
   85.3490844   61.6606482
   85.3416723   61.6629179
   85.3298298   61.6651716
   85.3223405   61.6674629
   85.3105730   61.6696952
   85.3030020   61.6720094
   85.2913211   61.6742182
   85.2836664   61.6765558
   85.2720622   61.6787431
   85.2643307   61.6811018
   85.2528055   61.6832671
   85.2449950   61.6856477
   85.2335494   61.6877910
   85.2256635   61.6901923
   85.2142947   61.6923141
   85.2063236   61.6947390
   85.1950422   61.6968375
   85.1869880   61.6992853
   85.1757819   61.7013627
   85.1676522   61.7038311
   85.1565273   61.7058864
   85.1483165   61.7083770
   85.1372707   61.7104106
   85.1289849   61.7129214
   85.1180186   61.7149335
   85.1096451   61.7174683
   85.0987599   61.7194585
   85.0903094   61.7220141
   85.0795032   61.7239828
   85.0709736   61.7265598
   85.0602472   61.7285070
   85.0516378   61.7311054
   85.0409968   61.7330301
   85.0323021   61.7356515
   85.0217360   61.7375557
   85.0129700   61.7401959
   85.0024799   61.7420796
   84.9936315   61.7447419
   84.9832254   61.7466036
   84.9742957   61.7492875
   84.9639729   61.7511273
   84.9549600   61.7538335
   84.9447127   61.7556529
   84.9356242   61.7583789
   84.9254583   61.7601770
   84.9162924   61.7629231
   84.9062016   61.7647011
   84.8969526   61.7674692
   84.8869496   61.7692248
   84.8776168   61.7720150
   84.8676911   61.7737502
   84.8582810   61.7765604
   84.8484346   61.7782749
   84.8389451   61.7811056
   84.8291786   61.7827994
   84.8196133   61.7856497
   84.8099280   61.7873225
   84.8002736   61.7901961
   84.7906675   61.7918485
   84.7809377   61.7947413
   84.7714116   61.7963731
   84.7616018   61.7992864
   84.7521572   61.8008975
   84.7422659   61.8038316
   84.7329008   61.8054223
   84.7229339   61.8083754
   84.7136486   61.8099460
   84.6946628   61.8155648
   84.6762549   61.8234930
   84.6584235   61.8337307
   84.6364097   61.8497478
   84.6271011   61.8610156
   84.6206691   61.8678258
   84.6140377   61.8762708
   84.6080277   61.8826142
   84.6009718   61.8915259
   84.5953892   61.8974008
   84.5500301   61.9509051
   84.5445746   61.9624536
   84.5411360   61.9712366
   84.5365363   61.9805953
   84.5330213   61.9895768
   84.5285011   61.9987298
   84.5249056   62.0079207
   84.5204620   62.0168737
   84.5167895   62.0262653
   84.5124238   62.0350154
   84.5086757   62.0446045
   84.5043865   62.0531542
   84.5005613   62.0629451
   84.4963478   62.0712956
   84.4924455   62.0812888
   84.4883099   62.0894353
   84.4811349   62.1078188
   84.4758452   62.1267399
   84.4724421   62.1461943
   84.4709250   62.1661827
   84.4722961   62.1715147
   84.4837187   62.1880971
   84.4964713   62.2032062
   84.5105376   62.2168231
   84.7002621   62.3730461
   84.7910817   62.4247672
   84.7965431   62.4273564
   84.8075652   62.4341462
   84.8140909   62.4372758
   84.8240511   62.4435193
   84.8316346   62.4472005
   84.8485275   62.4579860
   84.8639792   62.4706556
   84.8779978   62.4852155
   84.9125586   62.5289771
   84.9166261   62.5334082
   84.9249522   62.5444600
   84.9294945   62.5494732
   84.9373464   62.5599396
   85.0001539   62.6081674
   85.0068387   62.6127357
   85.0154447   62.6198252
   85.0227268   62.6248375
   85.0307408   62.6314842
   85.0386165   62.6369439
   85.0460313   62.6431353
   85.0544979   62.6490465
   85.0613303   62.6547903
   85.0703813   62.6611545
   85.0766260   62.6664397
   85.2262010   62.7801296
   85.2391936   62.7879481
   85.2469297   62.7919316
   85.2560889   62.7977679
   85.2643428   62.8020346
   85.2729773   62.8075820
   85.2817479   62.8121342
   85.2898668   62.8173953
   85.2991560   62.8222372
   85.3067634   62.8272112
   85.3165630   62.8323418
   85.3236523   62.8370207
   85.3339723   62.8424490
   85.3405501   62.8468331
   85.3513738   62.8525540
   85.3574407   62.8566394
   85.3687777   62.8626625
   85.3743397   62.8664485
   85.3861802   62.8727730
   85.3912321   62.8762510
   85.4035843   62.8828865
   85.4081339   62.8860561
   85.4209807   62.8929988
   85.4250265   62.8958531
   85.4383790   62.9031148
   85.4419290   62.9056527
   85.4557752   62.9132335
   85.4719492   62.9249593
   85.4865840   62.9387137
   85.4996730   62.9544901
   85.5041555   62.9614004
   85.5121334   62.9710988
   85.5165170   62.9778113
   85.5245951   62.9877059
   85.5288746   62.9942201
   85.5370604   63.0043143
   85.5412358   63.0106364
   85.5495214   63.0209152
   85.5612132   63.0385345
   85.5647131   63.0449583
   85.5612557   63.0681735
   85.5565153   63.0869990
   85.5545416   63.0927108
   85.5402842   63.1435642
   85.5369468   63.1608647
   85.5352740   63.1757757
   85.5396430   63.1886784
   85.5574942   63.2304614
   85.5636448   63.2492766
   85.5682740   63.2689451
   85.5721485   63.2890550
   85.5746007   63.3099605
   85.5754953   63.3353917
   85.5694304   63.3409689
   85.5533373   63.3538338
   85.5366393   63.3653222
   85.5193311   63.3754381
   85.5014128   63.3841815
   85.4288736   63.4171942
   85.4214409   63.4202072
   85.4070647   63.4345870
   85.3974955   63.4447243
   85.3922870   63.4493912
   85.3824145   63.4598501
   85.3667707   63.4737058
   85.3503022   63.4857167
   85.2917827   63.5201147
   85.2744520   63.5321098
   85.2572990   63.5451456
   85.2404916   63.5600376
   85.2299754   63.5707352
   85.2451991   63.5929621
   85.3023633   63.6636827
   85.3852801   63.7910788
   85.4150902   63.8370316
   85.5146929   63.9089745
   85.5319837   63.9185795
   85.5500423   63.9261671
   85.5576248   63.9284105
   85.5684048   63.9329688
   85.5763769   63.9353491
   85.5867595   63.9397671
   85.5951348   63.9422905
   85.6051186   63.9465653
   85.6138911   63.9492320
   85.6234781   63.9533625
   85.6326424   63.9561729
   85.6418378   63.9601592
   85.6514011   63.9631177
   85.6601980   63.9669545
   85.6701517   63.9700605
   85.6785625   63.9737511
   85.6889077   63.9770069
   85.6969194   63.9805435
   85.7076624   63.9839532
   85.7152807   63.9873361
   85.7264120   63.9908986
   85.7336421   63.9941282
   85.7451691   63.9978480
   85.7520041   64.0009189
   85.7639219   64.0047965
   85.7703663   64.0077088
   85.7826686   64.0117440
   85.7887328   64.0145003
   85.8014256   64.0186970
   85.8070918   64.0212871
   85.8201735   64.0256469
   85.8254549   64.0280748
   85.8389290   64.0326008
   85.8438185   64.0348612
   85.8764253   64.0465055
   85.8946234   64.0550121
   85.9120762   64.0655608
   85.9288004   64.0781616
   85.9475451   64.0951233
   85.9683899   64.1628959
   85.9711747   64.1703440
   85.9740688   64.1810754
   85.9770126   64.1889701
   85.9797452   64.1992454
   85.9828505   64.2075964
   85.9877681   64.2263659
   85.9907433   64.2454627
   85.9917731   64.2648713
   85.9908582   64.2845968
   85.9891504   64.2917543
   85.9692073   64.3377636
   85.9280448   64.4350671
   85.9189589   64.4524919
   85.9082895   64.4693778
   85.9002089   64.4801589
   85.8855784   64.5012636
   85.8872930   64.5442811
   85.8869468   64.5646654
   85.8848778   64.5844698
   85.8810865   64.6036874
   85.8755719   64.6223238
   85.8683349   64.6403745
   85.8648961   64.6470783
   85.8303434   64.7253952
   85.8181707   64.7361383
   85.8076076   64.7447593
   85.8025441   64.7497282
   85.7924301   64.7578955
   85.7869148   64.7633216
   85.7772564   64.7710264
   85.7712882   64.7769156
   85.7552762   64.7895083
   85.7383648   64.7997799
   85.7205592   64.8077273
   85.7018504   64.8133540
   85.6963599   64.8142791
   85.6828804   64.8182756
   85.6778380   64.8191230
   85.5690246   64.8478078
   85.5617666   64.8487191
   85.5419001   64.8478693
   85.5224020   64.8448901
   85.5172013   64.8435015
   85.2702327   64.7981369
   85.2132025   64.7875493
   85.1938385   64.7858901
   85.1740891   64.7861763
   85.1539600   64.7884074
   85.1371165   64.7914573
   84.9901661   64.8616374
   84.9780072   64.8675323
   84.9529819   64.8884086
   84.9123431   64.9227998
   84.9016655   64.9305756
   84.8859958   64.9353005
   84.8658612   64.9393784
   84.8458449   64.9414263
   84.8259471   64.9414434
   84.8126409   64.9400881
   84.8061429   64.9400794
   84.7932405   64.9387389
   84.7863289   64.9387146
   84.7738350   64.9373910
   84.7665239   64.9373494
   84.7544244   64.9360430
   84.7467147   64.9359823
   84.7350230   64.9346964
   84.7269009   64.9346149
   84.7156173   64.9333511
   84.7070968   64.9332472
   84.6962116   64.9320061
   84.6872880   64.9318781
   84.6768009   64.9306614
   84.6674743   64.9305076
   84.6574000   64.9293186
   84.6476697   64.9291374
   84.6379940   64.9279762
   84.6278558   64.9277658
   84.6185872   64.9266350
   84.6080521   64.9263940
   84.5991761   64.9252936
   84.5882435   64.9250203
   84.5797751   64.9239537
   84.5684300   64.9236461
   84.5603689   64.9226149
   84.5486265   64.9222719
   84.5409626   64.9212765
   84.5288172   64.9208963
   84.5215504   64.9199383
   84.5090036   64.9195192
   84.5021491   64.9186021
   84.4892003   64.9181426
   84.4827427   64.9172661
   84.4632893   64.9165353
   84.4436835   64.9176943
   84.4239415   64.9207417
   84.4040463   64.9256797
   84.3916224   64.9307705
   84.3758436   64.9406911
   84.3604877   64.9519784
   84.3455328   64.9646477
   84.3345568   64.9752459
   84.3335326   64.9909555
   84.3323872   65.0767141
   84.3384951   65.0924235
   84.3434621   65.1034914
   84.3471073   65.1138134
   84.3564625   65.1342387
   84.3672810   65.1527457
   84.3795679   65.1693436
   84.3933212   65.1840290
   84.4085410   65.1968021
   84.4193975   65.2038684
   84.4247453   65.2082912
   84.4347408   65.2147101
   84.4409556   65.2197761
   84.4500839   65.2255609
   84.4571662   65.2312523
   84.4654219   65.2364160
   84.4733834   65.2427246
   84.4807562   65.2472768
   84.4956063   65.2588816
   84.5093226   65.2722213
   84.5219085   65.2872992
   84.5287362   65.2973224
   84.5278877   65.3112359
   84.5247974   65.3304346
   84.5198161   65.3491284
   84.4910800   65.4514919
   84.4889048   65.4609728
   84.4826966   65.4793258
   84.4746114   65.4971591
   84.4722657   65.5004932
   84.4583391   65.5139002
   84.4431093   65.5259812
   84.4265764   65.5367372
   84.4165111   65.5420597
   84.4093023   65.5467535
   84.3987121   65.5524137
   84.3920387   65.5567623
   84.2748165   65.6245045
   84.2441088   65.6344863
   84.1965054   65.6817202
   84.1805885   65.6949236
   84.1640802   65.7064406
   84.1469616   65.7162846
   84.0287222   65.7711065
   84.0231860   65.7741495
   84.0109643   65.7793251
   83.9973154   65.7820080
   83.9775706   65.7837235
   83.6673216   65.7775222
   83.6613402   65.7778179
   83.6478990   65.7771436
   83.6415810   65.7774426
   83.6284807   65.7767650
   83.6090024   65.7776460
   83.5894399   65.7804101
   83.5710496   65.7847591
   83.5586014   65.7925911
   83.5293648   65.8132279
   83.5172428   65.8309047
   83.4747889   65.8938743
   83.4620949   65.9091028
   83.4479717   65.9227730
   83.4324173   65.9348867
   83.4226829   65.9409365
   83.4160313   65.9460842
   83.4064988   65.9520091
   83.3996424   65.9572837
   83.3903108   65.9630843
   83.3745944   65.9751070
   83.3597234   65.9888587
   83.3457017   66.0043363
   83.3377980   66.0146587
   83.3339942   66.0254638
   83.3375884   66.0353916
   83.3461067   66.0541163
   83.3559023   66.0715659
   83.3669788   66.0877472
   83.3789710   66.1030180
   83.3918746   66.1173882
   83.4274336   66.1501497
   83.4405636   66.1643652
   83.4562347   66.1847756
   83.4497555   66.1980228
   83.4382711   66.2178677
   83.4256592   66.2357493
   83.4119285   66.2516558
   83.3970703   66.2655982
   83.3810875   66.2775731
   83.3639751   66.2875835
   83.3562326   66.2909979
   83.3463810   66.2967271
   83.3389687   66.2999822
   83.3287809   66.3058728
   83.3217012   66.3089692
   83.3111805   66.3150176
   83.3044401   66.3179538
   83.2935763   66.3241644
   83.2871720   66.3269431
   83.2759786   66.3333067
   83.2699093   66.3359298
   83.2583773   66.3424502
   83.2526428   66.3449191
   83.2407740   66.3515939
   83.2353830   66.3539060
   83.2231710   66.3607375
   83.2181158   66.3628975
   83.1490632   66.3988598
   83.1319605   66.4081862
   83.1231355   66.4151696
   83.1116595   66.4289254
   83.1014582   66.4437086
   83.0959465   66.4534687
   83.0938254   66.4663058
   83.0925160   66.4849659
   83.0929697   66.5037048
   83.0951859   66.5225011
   83.1005694   66.5482940
   83.1108667   66.5691224
   83.1138607   66.5732615
   83.1274070   66.5834891
   83.1415960   66.5925960
   83.1564496   66.6005963
   83.1634532   66.6037067
   83.1803597   66.6130361
   83.1966214   66.6239000
   83.2122381   66.6362985
   83.2272099   66.6502316
   83.2432832   66.6678694
   83.2415307   66.6739286
   83.2337389   66.6949645
   83.2246534   66.7145743
   83.2142668   66.7327744
   83.2071066   66.7430587
   83.1801182   66.7840869
   83.1673127   66.7996434
   83.1530646   66.8136182
   83.1373736   66.8260126
   83.1266720   66.8327671
   83.1156508   66.8375781
   83.1029143   66.8423723
   83.0975001   66.8450705
   83.0846978   66.8498941
   83.0793527   66.8525612
   83.0664825   66.8574151
   83.0612074   66.8600505
   83.0482693   66.8649348
   83.0430527   66.8675443
   83.0300529   66.8724567
   83.0249052   66.8750350
   83.0118377   66.8799778
   83.0067556   66.8825264
   82.9936207   66.8874996
   82.9886089   66.8900160
   82.9754083   66.8950191
   82.9704574   66.8975081
   82.9571931   66.9025402
   82.9523078   66.9049994
   82.3561056   67.1507542
   82.3386060   67.1599567
   82.3219500   67.1711604
   82.3061366   67.1843668
   82.2911700   67.1995726
   82.2770511   67.2167765
   82.2637745   67.2359852
   82.2530261   67.2543239
   82.2616202   67.2702952
   82.2699013   67.2886891
   82.2767358   67.3074000
   82.2821179   67.3264101
   82.2860542   67.3457418
   82.2982660   67.4342143
   82.3026870   67.4632303
   82.3046549   67.4829839
   82.3052577   67.5030352
   82.3040288   67.5061212
   82.2906495   67.5226289
   82.2764810   67.5377493
   82.2615162   67.5514896
   82.2457629   67.5638423
   82.2292183   67.5748100
   82.0806195   67.6572822
   82.0172119   67.7227774
   82.0017575   67.7356533
   81.9852785   67.7467320
   81.9742072   67.7526028
   81.9681328   67.7566534
   81.9576840   67.7621425
   81.9417464   67.7726840
   81.9267791   67.7848851
   81.9127786   67.7987489
   81.8995739   67.8139554
   81.8868635   67.8300171
   81.8750829   67.8476768
   81.8642385   67.8669246
   81.8554382   67.8854282
   81.8603312   67.8895768
   81.8800269   67.9040960
   81.8997479   67.9164541
   81.9194748   67.9266382
   81.9392098   67.9346506
   81.9589632   67.9412475
   81.9787215   67.9461411
   81.9984880   67.9487765
   82.0776321   67.9497850
   82.2721559   67.9518604
   82.2915642   67.9539411
   82.3109299   67.9582374
   82.3302670   67.9647532
   82.3436038   67.9707883
   82.3506584   67.9844196
   82.3580136   68.0029019
   82.3634671   68.0219782
   82.3670195   68.0416505
   82.3674153   68.0465087
   82.3759493   68.1013933
   82.3766423   68.1042565
   82.3825370   68.1112056
   82.3970084   68.1254236
   82.4125244   68.1380304
   82.4226132   68.1447285
   82.4286836   68.1496356
   82.4382736   68.1559555
   82.4448463   68.1612411
   82.4539314   68.1671829
   82.4610076   68.1728433
   82.4695893   68.1784127
   82.4771722   68.1844457
   82.4852491   68.1896461
   82.4933393   68.1960471
   82.5009010   68.2008766
   82.5094993   68.2076413
   82.5165525   68.2121089
   82.5256714   68.2192419
   82.5322104   68.2233489
   82.5418357   68.2308338
   82.5478587   68.2345840
   82.5580059   68.2424275
   82.5635089   68.2458236
   82.5741751   68.2540177
   82.5791607   68.2570667
   82.6571895   68.3135352
   82.6713494   68.3266564
   82.6750608   68.3309131
   82.6765395   68.3352358
   82.6808256   68.3539490
   82.6830131   68.3727050
   82.6831041   68.3915217
   82.6810981   68.4103858
   82.6796412   68.4171024
   82.6783458   68.4292635
   82.6768659   68.4362076
   82.6755917   68.4481509
   82.6740920   68.4553068
   82.6728396   68.4670280
   82.6713165   68.4744122
   82.6700858   68.4859151
   82.6685425   68.4935111
   82.6673334   68.5047976
   82.6657670   68.5126180
   82.6645811   68.5236745
   82.6629929   68.5317130
   82.6609166   68.5510494
   82.6607825   68.5571394
   82.6646944   68.5652764
   82.6749360   68.5824837
   82.6866029   68.5985609
   82.6996942   68.6135078
   82.7135057   68.6266549
   82.7268417   68.6417942
   82.7391262   68.6583765
   82.7503663   68.6764116
   82.7605556   68.6958901
   82.7633999   68.7024013
   82.7479601   68.7225603
   82.7334354   68.7386700
   82.7182845   68.7529942
   82.7024826   68.7655564
   82.6860538   68.7763373
   82.6689744   68.7853527
   82.5950926   68.8151198
   82.5800385   68.8232998
   82.5704200   68.8349772
   82.5600609   68.8504283
   82.5513093   68.8668009
   82.5474672   68.8761004
   82.5433947   68.8836661
   82.5392356   68.8936050
   82.5354837   68.9005286
   82.5310022   68.9111077
   82.5275745   68.9173921
   82.5062860   68.9636196
   82.4968165   68.9806702
   82.4856302   68.9970823
   82.4727327   69.0128493
   82.4634550   69.0224546
   82.4071456   69.0842877
   82.3790971   69.0925284
   82.3732142   69.0980263
   82.3550470   69.1127999
   82.3366324   69.1255981
   82.3179898   69.1364078
   82.2991011   69.1452406
   82.2799722   69.1520930
   82.2606017   69.1569653
   82.2409869   69.1598578
   82.2360816   69.1600830
   82.0236844   69.1860563
   82.0046165   69.1904110
   81.9857795   69.1966734
   81.9671732   69.2048434
   81.9487976   69.2149210
   81.9306528   69.2269063
   81.9127322   69.2408043
   81.8927109   69.2589777
   81.8772258   69.2962446
   81.8423568   69.3237231
   81.8339168   69.3308239
   81.8179297   69.3426174
   81.8013989   69.3532110
   81.7843392   69.3625959
   81.7667331   69.3707826
   81.7544880   69.3754960
   81.7438849   69.3730982
   81.7240011   69.3671643
   81.7052009   69.3600391
   81.6874662   69.3517160
   81.6708133   69.3422024
   81.6552275   69.3314902
   81.5839500   69.2815885
   81.5787537   69.2793585
   81.5596793   69.2738820
   81.5406161   69.2704848
   81.5215448   69.2691633
   81.4984917   69.2683730
   81.4262123   69.2644338
   81.4210786   69.2646195
   81.4071495   69.2634892
   81.4017314   69.2636812
   81.3880783   69.2625441
   81.3823791   69.2627418
   81.3690159   69.2615995
   81.3630276   69.2618025
   81.3499453   69.2606550
   81.3436754   69.2608626
   81.3308828   69.2597110
   81.3243191   69.2599229
   81.3050547   69.2581433
   81.2962451   69.2562038
   81.2858945   69.2552617
   81.2767678   69.2532800
   81.2667351   69.2523800
   81.2572866   69.2503563
   81.2475749   69.2494976
   81.2378052   69.2474332
   81.2284115   69.2466145
   81.2183196   69.2445103
   81.2092556   69.2437314
   81.1988420   69.2415887
   81.1900955   69.2408475
   81.1793604   69.2386672
   81.1709364   69.2379631
   81.1598786   69.2357461
   81.1517764   69.2350782
   81.1403925   69.2328247
   81.1326131   69.2321920
   81.1209146   69.2299054
   81.1134576   69.2293071
   81.1014326   69.2269857
   81.0942977   69.2264208
   81.0819505   69.2240665
   81.0751388   69.2235342
   81.0624638   69.2211467
   81.0559791   69.2206466
   81.0429859   69.2182286
   81.0368157   69.2177589
   81.0235035   69.2153110
   81.0176607   69.2148719
   81.0040210   69.2123933
   80.9842402   69.2109253
   80.9795196   69.2115908
   80.9606296   69.2181255
   80.9507558   69.2227487
   80.9421660   69.2257948
   80.9335907   69.2298831
   80.9237133   69.2334711
   80.9164216   69.2370088
   80.9052546   69.2411608
   80.8992498   69.2441244
   80.8130199   69.2797068
   80.7619057   69.3011550
   80.7544273   69.3040067
   80.7380126   69.3072786
   80.7254115   69.3103529
   80.7182181   69.3113659
   80.7059310   69.3143997
   80.6863937   69.3171435
   79.9242946   69.3520989
   79.9047677   69.3546050
   79.8853269   69.3590815
   79.8768892   69.3618917
   79.8659124   69.3644362
   79.8574007   69.3672470
   79.8465034   69.3697885
   79.8369080   69.3737139
   79.6454307   69.4734927
   79.6309049   69.4864434
   79.5752344   69.5354245
   79.5704724   69.5402440
   79.5610213   69.5479921
   79.5553640   69.5536781
   79.5397670   69.5662348
   79.5230869   69.5767646
   79.5120504   69.5820494
   79.5057032   69.5860183
   79.4952849   69.5909546
   79.4883247   69.5952655
   79.4785242   69.5998600
   79.4709446   69.6045099
   79.4617649   69.6087678
   79.4535600   69.6137534
   79.4450103   69.6176769
   79.4361773   69.6229930
   79.4282501   69.6265922
   79.4187899   69.6322313
   79.4007803   69.6403207
   79.3885703   69.6442147
   79.3820812   69.6471178
   79.3697160   69.6510911
   79.3633704   69.6539194
   79.3508690   69.6579648
   79.3446721   69.6607172
   79.3320147   69.6648402
   79.3259614   69.6675198
   79.3131691   69.6717124
   79.3072639   69.6743183
   79.2943172   69.6785861
   79.2885535   69.6811221
   79.2754625   69.6854611
   79.1246544   69.7404359
   79.1060441   69.7484553
   79.0895827   69.7570470
   79.0439732   69.8501341
   79.0751084   69.8964626
   79.0867040   69.9126645
   79.0991785   69.9277750
   79.1126800   69.9415898
   79.1272190   69.9541197
   79.1427899   69.9653596
   79.1595418   69.9753836
   79.3418801   70.0849944
   79.3501831   70.0897034
   79.3746811   70.0969917
   79.4016874   70.1045379
   79.4646612   70.1062687
   79.4693323   70.1060940
   79.4903998   70.1071505
   79.5106630   70.1100819
   79.5301201   70.1148876
   79.5487778   70.1215698
   79.5666282   70.1301257
   79.5778080   70.1369668
   79.5839327   70.1399433
   79.5944387   70.1464176
   79.6012438   70.1497686
   79.6110685   70.1558640
   79.6185496   70.1595942
   79.6276999   70.1653079
   79.6358543   70.1694224
   79.6443290   70.1747470
   79.6531537   70.1792506
   79.6609647   70.1841872
   79.6704609   70.1890862
   79.6776043   70.1936265
   79.7541584   70.2367667
   79.7665522   70.2398864
   79.7769590   70.2418342
   79.7859094   70.2443106
   79.7965578   70.2463019
   79.8052665   70.2487354
   79.8161669   70.2507718
   79.8246185   70.2531584
   79.8357735   70.2552402
   79.8439818   70.2575838
   79.8553759   70.2597080
   79.8633390   70.2620085
   79.8749755   70.2641753
   79.8826961   70.2664338
   79.8945841   70.2686447
   79.9136769   70.2743045
   79.9319318   70.2819175
   79.9388425   70.2857132
   79.9498289   70.2903543
   79.9560394   70.2937962
   79.9677323   70.2987983
   79.9732302   70.3018721
   80.1108893   70.3664260
   80.2138875   70.4151109
   80.2212276   70.4182797
   80.2375957   70.4222347
   80.2494162   70.4256660
   80.2688445   70.4292601
   80.2884493   70.4308583
   80.5826365   70.4304891
   80.6026349   70.4319524
   80.6227717   70.4350455
   80.6430467   70.4397684
   80.6517129   70.4424654
   80.7244362   70.4620522
   80.7448946   70.4689373
   80.7574758   70.4739871
   80.7608005   70.4862668
   80.7651239   70.5066658
   80.7681889   70.5268472
   80.7699954   70.5468109
   80.7705432   70.5665490
   80.7698325   70.5860850
   80.7678636   70.6053955
   80.7667442   70.6098463
   80.7598956   70.6288106
   80.7521933   70.6472833
   80.7432691   70.6650321
   80.7331322   70.6820409
   80.7217678   70.6983351
   80.7072305   70.7160013
   80.7007412   70.7423160
   80.6936263   70.7737961
   80.6878471   70.7934107
   80.6806053   70.8121503
   80.6718981   70.8300215
   80.5952965   70.9843993
   80.5927858   70.9904090
   80.5833943   71.0078756
   80.5723261   71.0243424
   80.5684819   71.0290080
   80.5632566   71.0319881
   80.5449041   71.0401954
   80.5260942   71.0464060
   80.5068102   71.0506252
   80.5008813   71.0512930
   80.1183111   71.1224601
   80.0038663   71.1436089
   79.9827898   71.1495526
   79.7161253   71.2226625
   79.4495629   71.2959410
   79.4301174   71.2994259
   79.4250898   71.2998110
   79.3695517   71.3084239
   79.3511654   71.3131370
   79.3329022   71.3195692
   79.3147462   71.3277270
   79.2967143   71.3376032
   79.2746537   71.3523045
   79.2696434   71.3587481
   79.2569699   71.3778700
   79.2673250   71.3973334
   79.2787877   71.4157594
   79.3182977   71.4699319
   79.3283881   71.4868277
   79.3369384   71.5046735
   79.3468557   71.5273313
   79.3533204   71.5407974
   79.3666339   71.5705450
   79.3821510   71.5813804
   79.3980654   71.5906951
   79.4077902   71.5953536
   79.4210964   71.5990435
   79.4409694   71.6025403
   79.4608404   71.6040205
   79.4649073   71.6039103
   79.8996920   71.6272281
   79.9194274   71.6285338
   79.9388524   71.6325762
   79.9691071   71.6429763
   79.9771982   71.6450983
   79.9851130   71.6482465
   80.0346620   71.6643719
   80.0535785   71.6728994
   80.0722432   71.6836469
   80.0906551   71.6966137
   80.0982699   71.7029817
   80.1046309   71.7266951
   80.1078811   71.7457382
   80.1091925   71.7595775
   80.1137447   71.7985613
   80.1170270   71.8181278
   80.1217060   71.8378005
   80.1277790   71.8575699
   80.1306745   71.8652746
   80.1169799   71.8826072
   80.1020832   71.9005284
   80.0866032   71.9166204
   80.0705567   71.9308660
   80.0539282   71.9432799
   80.0370286   71.9548187
   80.0195366   71.9644762
   80.0014497   71.9722376
   79.8122577   72.0290625
   79.7393977   72.0435539
   79.7348877   72.0448495
   79.7154794   72.0482580
   79.5385411   72.0613871
   79.0676499   72.0966724
   78.9509164   72.1197025
   78.9364128   72.1222283
   78.8541218   72.1387694
   78.8392247   72.1413699
   78.7766804   72.1540238
   78.7420378   72.1605118
   78.7230048   72.1658267
   78.7044871   72.1730344
   78.6864862   72.1821342
   78.6114511   72.2294607
   78.5979545   72.2506519
   78.5930395   72.2592308
   78.5817789   72.2757342
   78.5308520   72.3388814
   78.5184216   72.3565960
   78.5221908   72.4008989
   78.5224034   72.4083024
   78.5260509   72.4174713
   78.5844997   72.5925484
   78.5016440   72.6490056
   78.4354691   72.6991716
   78.4206376   72.7115139
   78.4061562   72.7247126
   78.3776186   72.7520724
   78.3636321   72.7664705
   78.3499978   72.7816639
   78.3366955   72.7976746
   78.2730794   72.8802179
   78.2591796   72.8992873
   78.2454170   72.9192129
   78.2317905   72.9399969
   78.2183090   72.9616254
   78.2049609   72.9841171
   78.1913587   73.0077005
   78.1423453   73.0893393
   78.1255167   73.1185369
   78.1087315   73.1488294
   78.0864665   73.1909608
   78.0795161   73.2068187
   78.0655478   73.2400968
   78.0517519   73.2743892
   78.0381333   73.3096837
   78.0246786   73.3460152
   78.0114003   73.3833504
   77.9982946   73.4216998
   77.9853614   73.4610634
   77.9726007   73.5014414
   77.9600125   73.5428336
   77.8971750   73.7574597
   77.8824657   73.8063438
   77.9516093   74.0309376
   77.6688426   74.6149489
   77.6610389   74.6312935
   77.1252501   75.7693801
   77.1107767   75.8004602
   77.0822223   75.8627826
   77.0678749   75.8946051
   77.0395035   75.9585497
   77.0113645   76.0233263
   76.9972271   76.0563872
   76.9693638   76.1225760
   76.9553523   76.1563806
   76.9277650   76.2239764
   76.9138627   76.2585672
   76.8865170   76.3276547
   76.8592442   76.3979617
   76.8455686   76.4337523
   76.8245977   76.4893863
   76.7661724   76.4938858
   76.5215060   76.5122794
   76.4727622   76.5162248
   76.1804586   76.5490398
   76.1433216   76.5530317
   75.8897398   76.5790890
   75.8382910   76.5802954
   75.7985972   76.5814225
   75.7391787   76.5835967
   75.6795713   76.5863642
   75.6396495   76.5885455
   75.6000378   76.5909694
   75.5403455   76.5951099
   75.5003760   76.5982094
   75.4406225   76.6033320
   75.0351074   76.6407399
   71.5233583   80.6263048
   71.4820577   80.7290827
   71.0411615   81.8780066
   119.7278818   81.8840158
   119.3923035   81.4423522
   119.3373942   81.3702696
   119.0239225   80.9598217
   116.6309446   77.5328092
   116.5933050   77.4792724
   116.5157213   77.3696816
   115.7905300   76.3215989
   115.7622459   76.2812664
   115.7336884   76.2412759
   115.2144542   75.5241135
   115.1931443   75.4952415
   114.9631497   75.1895807
   114.8856014   75.0313027
   114.8804805   75.0209739
   114.7915776   74.8437543
   114.7673202   74.8248206
   114.7344612   74.7999299
   114.7013988   74.7757116
   114.6818077   74.7617614
   114.5855286   74.7078379
   114.5418017   74.6878403
   114.5026415   74.6708316
   114.4573960   74.6522435
   114.4411469   74.6569537
   114.0044188   74.7482123
   113.9708675   74.7549204
   113.9292935   74.7639899
   113.7328623   74.8105813
   113.7177619   74.8138603
   113.6802417   74.8185810
   113.6588113   74.8206587
   113.6375864   74.8222750
   113.5536625   74.8265476
   113.5329837   74.8269375
   113.4644576   74.8266116
   113.3857169   74.8243375
   113.3662587   74.8231319
   113.3469327   74.8214035
   113.2712191   74.8122973
   113.2285221   74.8032062
   113.2091813   74.7995068
   113.1782434   74.7949291
   113.1510941   74.7873833
   113.1316963   74.7827584
   113.1123542   74.7788107
   113.0566033   74.7695157
   112.9864470   74.7557685
   112.9584216   74.7504489
   112.9385585   74.7477028
   112.7629862   74.7307680
   112.6325363   74.7252848
   112.5560548   74.7221535
   112.5369791   74.7216615
   112.5179927   74.7220646
   112.4857546   74.7240399
   112.4534287   74.7257683
   112.4184793   74.7249730
   112.4136127   74.7245801
   112.3591175   74.7222910
   112.2860316   74.7189658
   112.2602061   74.7176718
   112.2406251   74.7153264
   112.2296875   74.7133874
   112.2111782   74.7036663
   112.2044193   74.7006080
   112.1573699   74.6770225
   112.1392863   74.6690697
   112.1209991   74.6624181
   112.1025623   74.6565972
   112.0840550   74.6513002
   112.0653192   74.6473236
   112.0593542   74.6464887
   112.0472011   74.6395836
   112.0292218   74.6310293
   112.0109833   74.6239912
   111.9925101   74.6184786
   111.9671593   74.6122419
   111.9498088   74.6072218
   111.9329295   74.6008812
   111.9165329   74.5932242
   111.8803401   74.5728181
   111.8642283   74.5622146
   111.8596456   74.5585925
   111.8473995   74.5466351
   111.8195389   74.5172316
   111.8143631   74.5168351
   111.7759762   74.5164062
   111.7568688   74.5166400
   111.7379833   74.5180848
   111.7169484   74.5210774
   111.6424723   74.5273295
   111.6236782   74.5275492
   111.5860094   74.5271373
   111.4729403   74.5255866
   111.4591047   74.5240252
   111.4359292   74.5187679
   111.4042025   74.5085620
   111.3855476   74.5016075
   111.3671862   74.4935647
   111.3491515   74.4844476
   111.3314342   74.4742525
   111.3140196   74.4629705
   111.2969307   74.4506163
   111.2801440   74.4371732
   111.2636749   74.4226526
   111.2154700   74.3750408
   111.1967660   74.3546060
   111.1763456   74.3210451
   111.1991589   74.2992758
   111.2197116   74.2812394
   111.2401990   74.2647007
   111.2606543   74.2496338
   111.2810432   74.2360646
   111.3013785   74.2239840
   111.3216584   74.2133930
   111.3418837   74.2042911
   111.3620543   74.1966783
   111.3698272   74.1943122
   111.4023423   74.1829362
   111.4224356   74.1774340
   111.4424638   74.1735576
   111.4533937   74.1723250
   111.5224559   74.1621589
   111.5388881   74.1599579
   111.5697046   74.1533459
   111.5965354   74.1489156
   111.6151036   74.1446241
   111.6334793   74.1386864
   111.6516442   74.1311092
   111.6696183   74.1218847
   111.7052143   74.1005282
   111.7228321   74.0883451
   111.7402729   74.0746240
   111.7575134   74.0593841
   111.7745757   74.0426068
   111.7914557   74.0242954
   111.8081505   74.0044526
   111.8214484   73.9872366
   111.7980139   73.9714032
   111.7763989   73.9581752
   111.7550581   73.9464234
   111.7339813   73.9361428
   111.7131989   73.9273477
   111.6926783   73.9200237
   111.6724271   73.9141747
   111.6647599   73.9124966
   111.6322760   73.9042571
   111.6124904   73.9008803
   111.5929987   73.8991186
   111.5738192   73.8989728
   111.5162859   73.9033548
   111.4969969   73.9029861
   111.4777583   73.9008268
   111.4616909   73.8983437
   111.4135451   73.8852427
   111.3945367   73.8806727
   111.3641414   73.8760582
   111.3557679   73.8743631
   111.3380931   73.8723647
   111.3193030   73.8594556
   111.3016736   73.8497604
   111.2835456   73.8419379
   111.2649066   73.8359836
   111.2526601   73.8333717
   111.2459501   73.8312325
   111.2337794   73.8286401
   111.2151685   73.8227185
   111.1970016   73.8149359
   111.1792602   73.8052842
   111.1619637   73.7937741
   111.1450903   73.7803908
   111.1286653   73.7651545
   111.1126691   73.7480481
   111.0971016   73.7290694
   111.0819801   73.7082405
   111.0707122   73.6908299
   111.0471150   73.6863455
   110.9354344   73.6643654
   110.9204003   73.6478425
   110.9029827   73.6307349
   110.8852469   73.6153224
   110.8695524   73.5997962
   110.8554717   73.5837875
   110.8247710   73.5464265
   110.8113773   73.5311548
   110.7971084   73.5175639
   110.7819697   73.5056582
   110.7659549   73.4954329
   110.7490665   73.4868897
   110.7313026   73.4800280
   110.7195657   73.4767663
   110.7129950   73.4742235
   110.6254909   73.4467836
   110.6068587   73.4395176
   110.5884438   73.4305654
   110.5702721   73.4199397
   110.5523184   73.4076255
   110.5346104   73.3936421
   110.5171167   73.3779646
   110.4998697   73.3606220
   110.4853505   73.3443913
   110.4977731   73.2866780
   110.5030280   73.2671943
   110.6032492   73.1984226
   110.6225896   73.1868934
   110.7052290   73.1463927
   110.7224122   73.1360204
   110.7391809   73.1238990
   110.7555170   73.1100425
   110.7714474   73.0944279
   110.7923248   73.0706706
   110.7956186   73.0462331
   110.7968411   73.0270292
   110.7969868   73.0075681
   110.7960332   73.0046576
   110.7837553   72.9890444
   110.7708332   72.9743979
   110.7551696   72.9573839
   110.7426404   72.9432576
   110.7311351   72.9285943
   110.7206399   72.9133768
   110.7111591   72.8976108
   110.7026928   72.8812963
   110.6986579   72.8721658
   110.6947767   72.7900034
   110.7026666   72.7697315
   110.7127265   72.7493081
   110.7241291   72.7308643
   110.7367340   72.7142330
   110.7501323   72.6987599
   110.7649112   72.6853614
   110.7810877   72.6740221
   110.7986435   72.6647546
   110.8061273   72.6619096
   110.8167666   72.6563108
   110.8243185   72.6534119
   110.8348782   72.6478710
   110.8425153   72.6449131
   110.8530010   72.6394259
   110.8607067   72.6364167
   110.8711116   72.6309853
   110.8789057   72.6279181
   110.8892304   72.6225413
   110.8970947   72.6194242
   110.9073476   72.6140966
   110.9152950   72.6109254
   110.9254624   72.6056533
   110.9334839   72.6024325
   110.9435792   72.5972079
   110.9516847   72.5939343
   110.9616936   72.5887641
   110.9698801   72.5854394
   110.9798105   72.5803186
   110.9880686   72.5769475
   111.0060508   72.5676901
   111.0235248   72.5567264
   111.0405170   72.5440396
   111.0570024   72.5296484
   111.0730017   72.5135348
   111.0989786   72.4840179
   111.1061297   72.4763092
   111.1806742   72.4596412
   111.1984963   72.4360053
   111.2151504   72.4168506
   111.2321664   72.3999128
   111.2495380   72.3851977
   111.2671419   72.3718435
   111.2850128   72.3601658
   111.3032693   72.3508604
   111.3219112   72.3439273
   111.3409387   72.3393665
   111.4187484   72.3316096
   111.5131637   72.3225959
   111.5319438   72.3190416
   111.5431484   72.3157159
   111.5506762   72.3143148
   111.5640950   72.3105571
   111.6607075   72.2488172
   111.6645033   72.2458833
   111.6773906   72.2381054
   111.6813939   72.2350064
   111.6940821   72.2273885
   111.6982847   72.2241298
   111.7107664   72.2166770
   111.7151752   72.2132526
   111.7274527   72.2059645
   111.7320626   72.2023774
   111.7441373   72.1952539
   111.7489554   72.1914975
   111.7662211   72.1813783
   111.7846805   72.1736705
   111.7927077   72.1715072
   111.8036640   72.1670187
   111.8109492   72.1650754
   111.8226451   72.1603699
   111.8291936   72.1586400
   111.8416294   72.1537226
   111.8474416   72.1522013
   111.8606149   72.1470777
   111.8656796   72.1457637
   111.9386013   72.1197668
   111.9563689   72.1111457
   111.9637896   72.1066208
   111.9679015   72.0961931
   111.9734241   72.0767256
   111.9768372   72.0571458
   112.0119223   71.5056853
   112.0118108   71.5015158
   112.0135464   71.4817240
   112.0175503   71.4621031
   112.0238254   71.4426396
   112.0323682   71.4233464
   112.0344385   71.4196838
   112.0528210   71.4103291
   112.0707339   71.4033859
   112.3279807   71.3225691
   112.4407931   71.2868712
   112.4591444   71.2791815
   112.4771166   71.2699389
   112.4946809   71.2591583
   112.5120429   71.2475145
   112.5290410   71.2345022
   112.5456663   71.2199745
   112.5634623   71.2022197
   112.5578238   71.1843843
   112.5485332   71.1607373
   112.5426987   71.1532727
   112.5269948   71.1357011
   112.5107599   71.1199709
   112.4939950   71.1060836
   112.4767646   71.0938311
   112.4592953   71.0823997
   112.4412777   71.0728904
   112.4227072   71.0653008
   112.4035848   71.0596316
   112.3931995   71.0576528
   112.3841715   71.0549862
   112.3738904   71.0530287
   112.3647564   71.0503406
   112.3545833   71.0484049
   112.3453404   71.0456946
   112.3352708   71.0437799
   112.3259221   71.0410483
   112.3159668   71.0391567
   112.3065108   71.0364034
   112.2966597   71.0345328
   112.2870976   71.0317581
   112.2773456   71.0299076
   112.2676823   71.0271131
   112.2580436   71.0252852
   112.2491576   71.0227241
   112.1974753   71.0251189
   112.1412691   71.0273023
   112.1363272   71.0279469
   112.1227518   71.0280428
   112.1159500   71.0288837
   112.1042370   71.0287980
   112.0955736   71.0298027
   112.0754609   71.0293301
   112.0559095   71.0259892
   112.0369067   71.0197787
   112.0315195   71.0171275
   112.0180866   71.0126093
   112.0135553   71.0103684
   111.9161983   70.9737376
   111.7692293   70.9523338
   111.5509720   70.9209487
   111.5313699   70.9178530
   111.3617326   70.8640600
   111.3262803   70.8576891
   111.3208681   70.8571778
   111.3068768   70.8543470
   111.3013217   70.8538194
   111.2874815   70.8510057
   111.2817701   70.8504604
   111.2680815   70.8476640
   111.2622127   70.8471008
   111.2486812   70.8443229
   111.2426661   70.8437426
   111.2292778   70.8409806
   111.2231133   70.8403827
   111.2098823   70.8376397
   111.2035622   70.8370234
   111.1904821   70.8342983
   111.1840050   70.8336634
   111.1710832   70.8309578
   111.1644584   70.8303048
   111.1516831   70.8276166
   111.1449056   70.8269451
   111.1322786   70.8242747
   111.1253503   70.8235845
   111.1128827   70.8209347
   111.1058020   70.8202255
   111.0934837   70.8175940
   111.0862509   70.8168656
   111.0740836   70.8142533
   111.0666939   70.8135050
   111.0546788   70.8109122
   111.0471474   70.8101454
   111.0352842   70.8075722
   111.0275948   70.8067851
   111.0158840   70.8042319
   111.0080438   70.8034248
   110.9964838   70.8008915
   110.9884870   70.8000638
   110.9770834   70.7975518
   110.9689403   70.7967042
   110.9576800   70.7942109
   110.9493879   70.7933430
   110.9382840   70.7908714
   110.9298328   70.7899819
   110.9188836   70.7875319
   110.9102846   70.7866218
   110.8994844   70.7841923
   110.8907337   70.7832609
   110.8800799   70.7808517
   110.8711772   70.7798987
   110.8606837   70.7775132
   110.7367040   70.7650890
   110.7326296   70.7651214
   110.7172730   70.7631513
   110.7128073   70.7631868
   110.6978346   70.7612126
   110.6929800   70.7612512
   110.6784000   70.7592740
   110.6731508   70.7593156
   110.6589686   70.7573363
   110.6533269   70.7573810
   110.6395306   70.7553977
   110.6335009   70.7554454
   110.6138587   70.7525347
   110.5948159   70.7465553
   110.5872648   70.7428519
   110.5760344   70.7391975
   110.5693397   70.7358945
   110.5572547   70.7318369
   110.5514131   70.7289395
   110.5384708   70.7244721
   110.5334882   70.7219889
   110.5196957   70.7171088
   110.5155578   70.7150375
   110.5009159   70.7097410
   110.4851068   70.7034674
   110.4710678   70.7003161
   110.4625500   70.6991961
   110.4515286   70.6964389
   110.4430959   70.6953335
   110.4319912   70.6925619
   110.4236360   70.6914702
   110.4124519   70.6886853
   110.4041862   70.6876085
   110.3929144   70.6848084
   110.3847305   70.6837457
   110.3733752   70.6809313
   110.3652722   70.6798824
   110.3538333   70.6770539
   110.3458209   70.6760200
   110.3342983   70.6731774
   110.3263668   70.6721572
   110.3147608   70.6693007
   110.3069111   70.6682942
   110.2952215   70.6654238
   110.2874529   70.6644307
   110.2756839   70.6615476
   110.2680015   70.6605687
   110.2561446   70.6576707
   110.2485474   70.6567057
   110.2292512   70.6520004
   110.2103863   70.6450972
   110.1919431   70.6359931
   110.1738678   70.6249453
   110.1640151   70.6181272
   110.1595982   70.6094323
   110.1523615   70.5913488
   110.1467292   70.5725843
   110.1427034   70.5531455
   110.1402832   70.5330298
   110.1394688   70.5122373
   110.1398297   70.4909518
   110.1416633   70.4668467
   110.1109762   70.4441373
   110.0920920   70.4320451
   110.0730204   70.4219917
   110.0537773   70.4139850
   110.0343469   70.4080178
   110.0147345   70.4040923
   109.8817367   70.3902163
   109.8763227   70.3892252
   109.8624623   70.3881744
   109.8565491   70.3871068
   109.8431977   70.3861325
   109.8367755   70.3849892
   109.8239237   70.3840881
   109.8169971   70.3828726
   109.8046594   70.3820430
   109.7972287   70.3807580
   109.7853857   70.3799960
   109.7774547   70.3786449
   109.7661217   70.3779487
   109.7576806   70.3765326
   109.7468484   70.3758990
   109.7379017   70.3744215
   109.7275847   70.3738485
   109.7181319   70.3723122
   109.7083118   70.3717960
   109.6891733   70.3687364
   109.6702832   70.3636353
   109.6516414   70.3564915
   109.6332625   70.3473113
   109.6191168   70.3395600
   109.5721988   70.2761447
   109.5579711   70.2648907
   109.5421655   70.2537048
   109.5257472   70.2443399
   109.5087157   70.2367948
   109.4910662   70.2310675
   109.4811380   70.2289429
   109.4625942   70.2228493
   109.4444499   70.2147162
   109.4267022   70.2045424
   109.4093531   70.1923288
   109.3924037   70.1780764
   109.3758505   70.1617821
   109.3690879   70.1541072
   109.3736207   70.1401363
   109.3807167   70.1223866
   109.3888702   70.1054940
   109.3973691   70.0888691
   109.4068122   70.0729964
   109.4465434   70.0163860
   109.4425857   70.0048632
   109.4341392   69.9852863
   109.4032092   69.9272772
   109.3998771   69.9193798
   109.3675281   69.8519915
   109.3355995   69.8189660
   109.3303018   69.8141305
   109.3223058   69.8053204
   109.3084117   69.7926172
   109.2935428   69.7814453
   109.2910406   69.7803406
   109.2720922   69.7754101
   109.2531163   69.7725688
   109.2341083   69.7718158
   109.2210993   69.7727281
   109.2150794   69.7724666
   109.2012647   69.7733661
   109.1960505   69.7731201
   109.0822237   69.7771308
   108.9683900   69.7807335
   108.9487895   69.7872198
   108.9439840   69.7892446
   108.9294301   69.7936319
   108.9246160   69.7956838
   108.9100676   69.8000440
   108.9052520   69.8021231
   108.8907087   69.8064534
   108.8858889   69.8085640
   108.8664683   69.8143042
   108.8468322   69.8173755
   108.8324452   69.8176679
   108.8270301   69.8185019
   108.8128908   69.8187689
   108.8072310   69.8196273
   108.7933432   69.8198698
   108.7874326   69.8207526
   108.7737883   69.8209719
   108.7676378   69.8218765
   108.7542415   69.8220733
   108.7478348   69.8230010
   108.7346870   69.8231762
   108.7280363   69.8241245
   108.7151402   69.8242791
   108.7082377   69.8252480
   108.6955856   69.8253829
   108.6884422   69.8263701
   108.6760389   69.8264861
   108.6686396   69.8274928
   108.6564883   69.8275907
   108.6488402   69.8286151
   108.6369338   69.8286958
   108.6290415   69.8297364
   108.6173866   69.8298008
   108.6092427   69.8308579
   108.5978316   69.8309067
   108.5894471   69.8319779
   108.5782851   69.8320120
   108.5696442   69.8330986
   108.5587304   69.8331186
   108.5498446   69.8342183
   108.5391840   69.8342252
   108.5300458   69.8353382
   108.5196294   69.8353326
   108.5102509   69.8364568
   108.5000830   69.8364394
   108.4904472   69.8375759
   108.4805283   69.8375475
   108.4706481   69.8386943
   108.4609820   69.8386555
   108.4508483   69.8398127
   108.4414309   69.8397644
   108.4310494   69.8409308
   108.4218758   69.8408736
   108.4112545   69.8420477
   108.4023297   69.8419821
   108.3914504   69.8431651
   108.3827749   69.8430920
   108.3716514   69.8442817
   108.3632288   69.8442017
   108.3518522   69.8453985
   108.3436740   69.8453121
   108.3320566   69.8465141
   108.3241280   69.8464220
   108.3122530   69.8476302
   108.3045732   69.8475330
   108.2924530   69.8487456
   108.2725402   69.8484732
   108.2524433   69.8459546
   108.1828221   69.8141517
   108.1780800   69.8114714
   108.1655341   69.8061823
   108.1598737   69.8030161
   108.1482528   69.7982100
   108.1416682   69.7945670
   108.1309727   69.7902322
   108.1234582   69.7861221
   108.1136932   69.7822481
   108.1052478   69.7776840
   108.0964207   69.7742602
   108.0796826   69.7653281
   107.9594794   69.6829495
   107.9455728   69.6747873
   107.9267079   69.6723937
   107.9199985   69.6722817
   107.9069602   69.6706248
   107.9002823   69.6705198
   107.8872125   69.6688563
   107.8805738   69.6687585
   107.8674648   69.6670873
   107.8608608   69.6669967
   107.8477172   69.6653183
   107.8411490   69.6652349
   107.8279695   69.6635492
   107.8214318   69.6634731
   107.8082218   69.6617806
   107.8017231   69.6617120
   107.7884741   69.6600115
   107.7820113   69.6599504
   107.7687264   69.6582423
   107.7622942   69.6581887
   107.7489787   69.6564736
   107.7425865   69.6564277
   107.7292310   69.6547043
   107.7228735   69.6546662
   107.7094834   69.6529350
   107.7031605   69.6529047
   107.6897357   69.6511656
   107.6834447   69.6511433
   107.6699880   69.6493967
   107.6637356   69.6493824
   107.6502407   69.6476273
   107.6440237   69.6476211
   107.6304937   69.6458577
   107.6243069   69.6458598
   107.6047080   69.6433000
   107.6008466   69.6422714
   107.3118049   69.5967029
   106.9456975   69.5385052
   106.9407312   69.5381335
   106.9264244   69.5354465
   106.9211979   69.5350457
   106.9071571   69.5323892
   106.9016724   69.5319586
   106.8878931   69.5293325
   106.8821425   69.5288707
   106.8686197   69.5262751
   106.8541664   69.5241496
   106.8389697   69.5245294
   106.7602219   69.5360172
   106.5491162   69.5673663
   106.5436850   69.5677298
   106.5299238   69.5702079
   106.5240002   69.5706209
   106.5107324   69.5730479
   106.4913272   69.5744555
   106.4871423   69.5738055
   106.4685273   69.5670065
   106.4508412   69.5582220
   106.4415396   69.5522447
   106.4336953   69.5482742
   106.4253938   69.5428759
   106.4165512   69.5383190
   106.4092438   69.5335129
   106.3994041   69.5283544
   106.3930896   69.5241559
   106.3822708   69.5183905
   106.3769322   69.5148035
   106.3137411   69.4784678
   106.2973016   69.4669963
   106.2816623   69.4537961
   106.2668251   69.4388686
   106.2527969   69.4222218
   106.2402540   69.4047979
   106.2401855   69.4008704
   106.2494007   69.3834144
   106.2601312   69.3649893
   106.2716431   69.3476176
   106.2842306   69.3317232
   106.2979116   69.3172839
   106.3126680   69.3043198
   106.3901385   69.2444688
   106.4008281   69.2367280
   106.4056294   69.2325014
   106.4163087   69.2247717
   106.4211290   69.2205270
   106.4317878   69.2128159
   106.4366206   69.2085587
   106.4472670   69.2008604
   106.4521170   69.1965866
   106.4627461   69.1889046
   106.4676086   69.1846183
   106.4782283   69.1769469
   106.4831031   69.1726482
   106.4937024   69.1649954
   106.4985993   69.1606758
   106.5091847   69.1530368
   106.5140908   69.1487074
   106.5246640   69.1410813
   106.5295872   69.1367353
   106.5401460   69.1291234
   106.5450757   69.1247701
   106.5556235   69.1171701
   106.5605731   69.1127975
   106.5711027   69.1052146
   106.5760694   69.1008254
   106.5865790   69.0932609
   106.5915607   69.0888566
   106.6020614   69.0813026
   106.6070570   69.0768845
   106.6175434   69.0693449
   106.6225488   69.0649163
   106.6330207   69.0573912
   106.6380431   69.0529459
   106.6485000   69.0454357
   106.6535393   69.0409738
   106.6639791   69.0334800
   106.6690309   69.0290053
   106.6794584   69.0215246
   106.6845239   69.0170359
   106.6949389   69.0095683
   106.7000185   69.0050653
   106.7104183   68.9976128
   106.7155128   68.9930948
   106.7258976   68.9856574
   106.7310089   68.9811227
   106.7413768   68.9737017
   106.7465006   68.9691541
   106.7568562   68.9617463
   106.7619966   68.9571820
   106.7723364   68.9497897
   106.7774883   68.9452133
   106.7878158   68.9378343
   106.7929825   68.9332428
   106.8032952   68.9258789
   106.8084755   68.9212734
   106.8187773   68.9139217
   106.8239702   68.9093030
   106.8342548   68.9019680
   106.8394662   68.8973309
   106.8497314   68.8900143
   106.8549576   68.8853619
   106.8652137   68.8780564
   106.8798330   68.8650366
   106.8931179   68.8503600
   106.8964338   68.8458276
   106.8978081   68.8404118
   106.9006463   68.8209334
   106.9013978   68.8013891
   106.9007848   68.7923781
   106.9012105   68.7818035
   106.9005956   68.7723796
   106.9010226   68.7622221
   106.9004074   68.7523817
   106.9008336   68.7426462
   106.9002195   68.7323836
   106.9006436   68.7230606
   106.9000330   68.7123850
   106.9004531   68.7034798
   106.8998474   68.6923870
   106.9002615   68.6839036
   106.8996620   68.6723888
   106.9000691   68.6643172
   106.8994779   68.6523899
   106.8998759   68.6447414
   106.8992944   68.6323966
   106.8996825   68.6251555
   106.8991121   68.6123928
   106.8994880   68.6055746
   106.8989303   68.5923946
   106.8992926   68.5859988
   106.8962778   68.2924121
   106.8958417   68.2466801
   106.8815435   68.0330905
   106.8637784   67.7611739
   106.8628871   67.7539621
   106.8625019   67.7417586
   106.8615629   67.7340189
   106.8612231   67.7223388
   106.8602401   67.7140808
   106.8599430   67.7029183
   106.8589185   67.6941421
   106.8586617   67.6834977
   106.8575981   67.6742040
   106.8573790   67.6640718
   106.8410273   67.5210528
   106.8399173   67.5150736
   106.8388240   67.5018720
   106.8376020   67.4951874
   106.8366175   67.4826861
   106.8352890   67.4753017
   106.8344088   67.4635006
   106.8329791   67.4554201
   106.8321978   67.4443094
   106.8306712   67.4355296
   106.8299853   67.4251299
   106.8283654   67.4156435
   106.8277693   67.4059458
   106.8245835   67.3869310
   106.8194050   67.3682832
   106.8141385   67.3548537
   106.8047262   67.3449184
   106.7906625   67.3320624
   106.7756808   67.3202708
   106.7594448   67.3099299
   106.7173110   67.2886926
   106.6716463   67.2831061
   106.6645856   67.2826955
   106.6526416   67.2808627
   106.6449980   67.2804054
   106.6336314   67.2786202
   106.6254058   67.2781139
   106.6146160   67.2763786
   106.6058223   67.2758215
   106.5956109   67.2741392
   106.5862362   67.2735277
   106.5765957   67.2719000
   106.5666454   67.2712314
   106.5575899   67.2696640
   106.5470640   67.2689353
   106.5385790   67.2674288
   106.5274784   67.2666366
   106.5195640   67.2651946
   106.5078918   67.2643356
   106.5005583   67.2629636
   106.4883032   67.2620330
   106.4815479   67.2607346
   106.4687231   67.2597294
   106.4494735   67.2559265
   106.4394710   67.2526942
   106.4304972   67.2508930
   106.4208963   67.2477696
   106.4115190   67.2458581
   106.4023254   67.2428477
   106.3925485   67.2408248
   106.3837462   67.2379240
   106.3735743   67.2357888
   106.3651749   67.2330034
   106.3545946   67.2307511
   106.3465949   67.2280820
   106.3356255   67.2257149
   106.3280231   67.2231632
   106.3166517   67.2206767
   106.3094427   67.2182428
   106.2976782   67.2156372
   106.2908697   67.2133254
   106.2787006   67.2105962
   106.2722904   67.2084074
   106.2597304   67.2055563
   106.2537178   67.2034920
   106.2407579   67.2005151
   106.2351363   67.1985746
   106.1079492   67.1652039
   106.0875496   67.1577094
   106.0742807   67.1462240
   106.0010623   67.0731205
   105.9972326   67.0697748
   105.9847049   67.0567027
   105.9052512   66.9576970
   105.8994374   66.9495137
   105.9135091   66.9329328
   105.9280161   66.9177988
   105.9431507   66.9038556
   105.9589288   66.8910887
   105.9753321   66.8795136
   106.0283967   66.8476068
   106.1462505   66.7765878
   106.1730782   66.7605516
   106.1892670   66.7428008
   106.2013751   66.7279538
   106.2121305   66.7125581
   106.2215417   66.6966017
   106.2257990   66.6878837
   106.2327377   66.6700915
   106.2381608   66.6518256
   106.2420753   66.6330642
   106.2444800   66.6138071
   106.2496613   66.5182778
   106.1691384   66.3965726
   106.1598765   66.3788565
   106.1528592   66.3606871
   106.1480826   66.3420531
   106.1388979   66.2714769
   106.1377056   66.2657552
   106.1359028   66.2465145
   106.1362168   66.2268467
   106.1379562   66.2124610
   106.1479429   66.2029115
   106.1632825   66.1910047
   106.1792053   66.1802436
   106.1959213   66.1709848
   106.2135985   66.1636054
   106.3387187   66.1238768
   106.3522535   66.1149256
   106.4218138   66.0673403
   106.4330136   66.0602559
   106.4482885   66.0483050
   106.4622895   66.0348699
   106.4750104   66.0199566
   106.4831977   66.0082274
   106.4844224   65.9945288
   106.4843015   65.9751686
   106.4823124   65.9560127
   106.4806745   65.9479614
   106.4795064   65.9369314
   106.4779285   65.9292238
   106.4767020   65.9178602
   106.4751809   65.9104760
   106.4738952   65.8987798
   106.4724349   65.8917335
   106.4532235   65.7605296
   106.4508741   65.7417117
   106.4501633   65.7225798
   106.4504111   65.7173876
   106.4542983   65.7120669
   106.4676051   65.6968281
   106.4818653   65.6832575
   106.4970894   65.6713458
   106.5132671   65.6611015
   106.6773416   65.5729832
   106.6936427   65.5626551
   106.7091096   65.5506836
   106.7237447   65.5370671
   106.7379189   65.5225206
   106.7876427   65.4637078
   106.7767188   65.4531376
   106.7580918   65.4373370
   106.7393078   65.4236106
   106.7203856   65.4119733
   106.7013255   65.4024239
   106.6821113   65.3949546
   106.5850939   65.3681408
   106.5669112   65.3605515
   106.5498548   65.3507358
   106.5339317   65.3386978
   106.5191378   65.3244350
   106.5054721   65.3079464
   106.4634653   65.2542431
   106.4088339   65.2378526
   106.3904274   65.2307094
   106.3727950   65.2220407
   106.1714832   65.1213973
   106.1441218   65.1082025
   106.1270217   65.0984735
   106.1107135   65.0871958
   106.0951909   65.0743655
   106.0804517   65.0599798
   106.0665081   65.0440516
   106.0533453   65.0265639
   106.0408871   65.0077024
   106.0286791   64.9883416
   106.0172144   64.9675165
   106.0140939   64.9610290
   106.0112317   64.9476233
   105.9218646   64.8869653
   105.9113727   64.8802516
   105.8946107   64.8678696
   105.8790460   64.8545966
   105.8646860   64.8404387
   105.8515224   64.8253875
   105.8395639   64.8094522
   105.8288073   64.7926295
   105.8192528   64.7749194
   105.8147111   64.7648069
   105.7768819   64.6876165
   105.7766730   64.6327176
   105.7781861   64.6129348
   105.7810692   64.5935162
   105.7853257   64.5744420
   105.7881532   64.5650387
   105.7957207   64.5579135
   105.8121806   64.5445814
   105.8291162   64.5329690
   105.8465114   64.5230874
   105.8643826   64.5149267
   105.8825339   64.5078295
   105.9010864   64.5021653
   105.9201004   64.4982497
   105.9395956   64.4960780
   105.9718885   64.4950040
   106.0239673   64.4926124
   106.1334008   64.4464514
   106.1455401   64.4409124
   106.1591215   64.4368665
   106.1798349   64.4336283
   106.2002261   64.4325207
   106.2202925   64.4335433
   106.2332208   64.4356073
   106.2401579   64.4359636
   106.2529297   64.4380163
   106.2600198   64.4383833
   106.2726340   64.4404244
   106.2798804   64.4408024
   106.2923474   64.4428335
   106.2997411   64.4432222
   106.3120563   64.4452422
   106.3195985   64.4456419
   106.3317651   64.4476513
   106.3394635   64.4480625
   106.3514740   64.4500599
   106.3593242   64.4504826
   106.3711785   64.4524676
   106.3791849   64.4529022
   106.3908918   64.4548763
   106.3990467   64.4553224
   106.4106008   64.4572845
   106.4189029   64.4577425
   106.4303096   64.4596932
   106.4387678   64.4601636
   106.4500186   64.4621014
   106.4586284   64.4625841
   106.4783398   64.4660034
   106.4977047   64.4717174
   106.5167200   64.4797243
   106.5245350   64.4840362
   106.5543991   64.4981747
   106.5724332   64.5070782
   106.6099753   64.5110479
   106.6202399   64.5098458
   106.6394304   64.5043809
   106.6574803   64.4973972
   106.7436233   64.4568711
   106.7625661   64.4507821
   106.7821100   64.4472550
   106.7905586   64.4468512
   106.8019197   64.4449090
   106.8091846   64.4446025
   106.8217369   64.4425694
   106.8278147   64.4423452
   106.8415492   64.4402375
   106.8464485   64.4400815
   106.9370118   64.4290921
   106.9529714   64.4252631
   106.9597118   64.4230723
   106.9713498   64.4206323
   106.9789459   64.4182012
   106.9897297   64.4159964
   106.9981723   64.4133368
   107.0081022   64.4113587
   107.0174088   64.4084738
   107.0264771   64.4067151
   107.0366356   64.4036176
   107.0448510   64.4020679
   107.0558735   64.3987633
   107.0632237   64.3974160
   107.0751043   64.3939151
   107.0815935   64.3927604
   107.0943427   64.3890696
   107.0999646   64.3880997
   107.2097775   64.3600963
   107.2533689   64.3490869
   107.2665612   64.3415918
   107.2735079   64.3384330
   107.2846559   64.3318004
   107.2895005   64.3297115
   107.3208700   64.3123478
   107.3395994   64.3053261
   107.3590378   64.3013507
   107.4549860   64.2970150
   107.4596580   64.2963654
   107.4741172   64.2961297
   107.4797940   64.2953959
   107.4932443   64.2952370
   107.4999212   64.2944339
   107.5123719   64.2943383
   107.5200601   64.2934773
   107.5314967   64.2934331
   107.5401915   64.2925261
   107.5506308   64.2925226
   107.5603315   64.2915797
   107.5697619   64.2916076
   107.5804642   64.2906382
   107.5888922   64.2906889
   107.6006080   64.2897000
   107.6080187   64.2897659
   107.6290578   64.2887003
   107.6402767   64.2851953
   107.6519842   64.2822943
   107.6593658   64.2797407
   107.6711641   64.2768165
   107.6784660   64.2742832
   107.6903387   64.2713399
   107.6975536   64.2688294
   107.7095136   64.2658639
   107.7166530   64.2633722
   107.7286882   64.2603873
   107.7357423   64.2579181
   107.7478630   64.2549113
   107.7548423   64.2524607
   107.7670330   64.2494358
   107.7739300   64.2470065
   107.7862126   64.2439580
   107.7930292   64.2415493
   107.8053872   64.2384814
   107.8121194   64.2360949
   107.8245619   64.2330052
   107.8312169   64.2306383
   107.8437366   64.2275286
   107.8503066   64.2251841
   107.8629134   64.2220520
   107.8694057   64.2197273
   107.8820825   64.2165768
   107.8884959   64.2142724
   107.9012618   64.2110989
   107.9075933   64.2088159
   107.9204364   64.2056223
   107.9266832   64.2033617
   107.9396112   64.2001461
   107.9457826   64.1979046
   107.9650250   64.1931169
   107.9734517   64.1919383
   107.9815445   64.1924635
   108.0008398   64.1957499
   108.0196896   64.2010399
   108.0272642   64.2040408
   108.0383477   64.2072343
   108.0448363   64.2098403
   108.1502695   64.2445128
   108.1925210   64.2584913
   108.4145654   64.2908525
   108.4340380   64.2922617
   108.4536442   64.2917224
   108.4733975   64.2892348
   108.4855983   64.2865146
   108.4958713   64.2798950
   108.5113718   64.2677650
   108.5540197   64.2275977
   108.6005517   64.1222267
   108.6100696   64.1058561
   108.6211718   64.0906877
   108.6338559   64.0767241
   108.7087498   64.0120960
   108.7222239   63.9981090
   108.7297837   63.9889102
   108.7327797   63.9773751
   108.7360942   63.9588505
   108.7387193   63.9401703
   108.7400624   63.9211619
   108.7400392   63.9123213
   108.7361496   63.9068362
   108.7238486   63.8918892
   108.7107563   63.8782243
   108.6968598   63.8658283
   108.6821751   63.8547157
   108.6674399   63.8453532
   108.6487973   63.8408510
   108.6298911   63.8380082
   108.5355877   63.8317243
   108.5165264   63.8287525
   108.4975909   63.8240318
   108.4787987   63.8175661
   108.4601189   63.8096542
   108.4415191   63.8007213
   108.4230588   63.7900995
   108.4047184   63.7777770
   108.3865164   63.7637656
   108.3750013   63.7537577
   108.3720383   63.7425185
   108.3681691   63.7236294
   108.3658265   63.7078150
   108.3702493   63.7032580
   108.3889789   63.6860551
   108.4078230   63.6705824
   108.4267496   63.6563407
   108.4458117   63.6441596
   108.4650102   63.6340384
   108.4843451   63.6259772
   108.5038166   63.6199759
   108.5234252   63.6160345
   108.5431694   63.6141532
   108.5470851   63.6141884
   108.7409055   63.5997548
   109.0122442   63.5799966
   109.0177078   63.5791690
   109.0316265   63.5785792
   109.0374798   63.5777046
   109.0510087   63.5771611
   109.0572524   63.5762411
   109.0703863   63.5757424
   109.0765272   63.5748501
   109.0828461   63.5725220
   109.1005519   63.5637092
   109.1170665   63.5530458
   109.1230168   63.5481863
   109.1331325   63.5416708
   109.1393069   63.5366509
   109.1491902   63.5303007
   109.1555899   63.5251205
   109.1652510   63.5189279
   109.1718727   63.5135911
   109.1813148   63.5075531
   109.1881619   63.5020582
   109.1973719   63.4961822
   109.2044471   63.4905280
   109.2134295   63.4848101
   109.2207337   63.4789968
   109.2294943   63.4734326
   109.2370208   63.4674666
   109.2455507   63.4620608
   109.2533066   63.4559373
   109.2616103   63.4506861
   109.2695940   63.4444072
   109.2776729   63.4393090
   109.2858785   63.4328804
   109.2937288   63.4279367
   109.3021692   63.4213490
   109.3097851   63.4165627
   109.3184590   63.4098180
   109.3258489   63.4051831
   109.3347411   63.3982938
   109.3419042   63.3938100
   109.3510325   63.3867632
   109.3579627   63.3824336
   109.3673176   63.3752373
   109.3740212   63.3710573
   109.3836116   63.3637055
   109.3900827   63.3596780
   109.4000452   63.3520669
   109.4066703   63.3413348
   109.4153711   63.3235974
   109.4222004   63.3052500
   109.4246268   63.2959740
   109.4281129   63.2866066
   109.4305430   63.2773218
   109.4340284   63.2679542
   109.4364616   63.2586625
   109.4399421   63.2493060
   109.4423770   63.2400132
   109.4458546   63.2306626
   109.4482949   63.2213546
   109.4517695   63.2120100
   109.4542098   63.2027072
   109.4576839   63.1933620
   109.4601272   63.1840524
   109.4635964   63.1747186
   109.4660451   63.1653938
   109.4695113   63.1560660
   109.4719605   63.1467445
   109.4754255   63.1374180
   109.4778771   63.1280925
   109.4813381   63.1187747
   109.4837953   63.1094329
   109.4872535   63.1001209
   109.4897108   63.0907837
   109.4931671   63.0814749
   109.4956291   63.0721252
   109.4990792   63.0628315
   109.5015435   63.0534777
   109.5049947   63.0441790
   109.5074609   63.0348229
   109.5109089   63.0255310
   109.5133792   63.0161643
   109.5168210   63.0068875
   109.5192941   62.9975150
   109.5227364   62.9882349
   109.5252119   62.9788584
   109.5320264   62.9604831
   109.5406592   62.9426599
   109.5665429   62.8977604
   109.5753205   62.8804079
   109.5829132   62.8619872
   109.5869939   62.8495764
   109.5831308   62.8446775
   109.5682252   62.8284163
   109.5527056   62.8140168
   109.5253064   62.7927226
   109.5109995   62.7791900
   109.4981740   62.7643934
   109.4943718   62.7590095
   109.3877387   62.6270849
   109.3768942   62.6106247
   109.3674746   62.5929527
   109.3594505   62.5740880
   109.3520703   62.5546997
   109.3638261   62.5339802
   109.3758112   62.5170987
   109.3889878   62.5017434
   109.4033647   62.4879040
   109.4189348   62.4755876
   109.4356983   62.4647933
   109.4536633   62.4555164
   109.4701980   62.4488233
   109.4863023   62.4471131
   109.4947665   62.4467269
   109.5056307   62.4452643
   109.5145935   62.4448346
   109.5249580   62.4434167
   109.5344205   62.4429413
   109.5442867   62.4415701
   109.5542474   62.4410469
   109.5636142   62.4397247
   109.5740752   62.4391513
   109.5829432   62.4378804
   109.5939019   62.4372547
   109.6022709   62.4360372
   109.8516437   62.4125004
   109.8694227   62.4094256
   109.8828925   62.3992768
   109.8975515   62.3861373
   109.9109924   62.3720368
   109.9237368   62.3574113
   109.9350999   62.3417115
   109.9450844   62.3249322
   109.9536833   62.3070855
   109.9609977   62.2878331
   109.9592249   62.2692904
   109.9559091   62.2504730
   109.9482661   62.2192586
   109.9408017   62.1870161
   109.9026363   62.1377930
   109.8969090   62.1296652
   109.8908317   62.1225094
   109.8843206   62.1133386
   109.8790365   62.1072266
   109.8717278   62.0970182
   109.8672470   62.0919375
   109.8591319   62.0807090
   109.8456001   62.0657045
   109.8307404   62.0525792
   109.8145447   62.0413261
   109.6887040   61.9548132
   109.6847934   61.9516103
   109.6730046   61.9440058
   109.6685664   61.9404006
   109.6573081   61.9331970
   109.6424126   61.9211961
   109.6286758   61.9074666
   109.6160931   61.8920034
   109.6054683   61.8760140
   109.6060973   61.8575552
   109.6076052   61.8276543
   109.6074854   61.8188628
   109.6090946   61.7996632
   109.6125773   61.7807801
   109.6179366   61.7621972
   109.6207617   61.7550609
   109.6255344   61.7497819
   109.6396258   61.7368944
   109.6485360   61.7302029
   109.6543571   61.7248695
   109.6633451   61.7181170
   109.6690915   61.7128423
   109.6781541   61.7060311
   109.6838291   61.7008121
   109.6929629   61.6939448
   109.6985586   61.6887890
   109.7077721   61.6818590
   109.7132989   61.6767569
   109.7225837   61.6697705
   109.7280306   61.6647322
   109.7373906   61.6576864
   109.7427682   61.6527023
   109.7521993   61.6456000
   109.7574998   61.6406774
   109.7670082   61.6335139
   109.7722374   61.6286475
   109.7818168   61.6214275
   109.7869691   61.6166227
   109.7966285   61.6093392
   109.8105872   61.5962941
   109.8232123   61.5817339
   109.8345019   61.5656607
   109.8448995   61.5470910
   109.8450060   61.5296386
   109.8435160   61.5112827
   109.8392631   61.4745698
   109.8311743   61.4079655
   109.8299008   61.3885955
   109.8300850   61.3731242
   109.8433414   61.3595881
   109.8588973   61.3461027
   109.8751471   61.3343086
   109.8920884   61.3242077
   109.9097212   61.3158000
   109.9280470   61.3090850
   109.9354829   61.3071215
   110.0759034   61.2616380
   110.1949649   61.1889233
   110.2126848   61.1807289
   110.2229351   61.1782530
   110.2420366   61.1777431
   110.2609153   61.1792229
   110.2719374   61.1812715
   110.2796760   61.1819069
   110.2901122   61.1838782
   110.2984271   61.1845916
   110.3082877   61.1864835
   110.3171864   61.1872795
   110.3264668   61.1890874
   110.3359370   61.1899683
   110.3446377   61.1916885
   110.3546922   61.1926594
   110.3628138   61.1942884
   110.3734510   61.1953527
   110.3809907   61.1968862
   110.3992926   61.1987803
   110.4076349   61.1988388
   110.4173180   61.1970173
   110.4359937   61.1915161
   110.4542526   61.1841050
   110.4721832   61.1752085
   110.4886718   61.1659960
   110.5002711   61.1528124
   110.5131170   61.1351258
   110.5162105   61.1181831
   110.5169051   61.1114675
   110.5150862   61.1026129
   110.5096469   61.0840711
   110.5027624   61.0664315
   110.4944327   61.0496942
   110.4846580   61.0338591
   110.4792168   61.0266173
   110.4696850   61.0124050
   110.4636244   61.0059234
   110.4543862   60.9973994
   110.4496850   60.9921411
   110.4406019   60.9837983
   110.4357425   60.9783548
   110.4268196   60.9701989
   110.4218077   60.9645756
   110.4130322   60.9565959
   110.4078634   60.9507868
   110.3992490   60.9429968
   110.3939273   60.9370049
   110.3854613   60.9293944
   110.3799877   60.9232192
   110.3716769   60.9157960
   110.3660474   60.9094314
   110.3578888   60.9021941
   110.3521118   60.8956481
   110.3441017   60.8885950
   110.3314175   60.8741868
   110.3207353   60.8582999
   110.3120600   60.8409421
   110.3095044   60.8337272
   110.3041743   60.8229975
   110.3015833   60.8157743
   110.2962882   60.8050566
   110.2936629   60.7978196
   110.2884022   60.7871185
   110.2857447   60.7798663
   110.2805130   60.7691759
   110.2778265   60.7619111
   110.2726255   60.7512394
   110.2699101   60.7439575
   110.2647347   60.7332976
   110.2619935   60.7260019
   110.2533746   60.7081873
   110.2351558   60.6950180
   110.2179073   60.6851326
   110.1997013   60.6767868
   110.1952919   60.6752206
   110.0707708   60.6213210
   110.0687000   60.6198926
   109.9814947   60.5391793
   109.9683406   60.5246982
   109.9565889   60.5091922
   109.9462259   60.4926431
   109.9295027   60.4604012
   109.9115311   60.4262598
   109.9087650   60.4235022
   109.8055273   60.3063647
   109.7407269   60.2331200
   109.7302899   60.2189831
   109.7226231   60.2027070
   109.7159807   60.1839738
   109.7111544   60.1644672
   109.6919759   60.0240875
   109.6686135   59.9784957
   109.6362210   59.9165199
   109.6157044   59.8922304
   109.5545725   59.8215630
   109.5430001   59.8049515
   109.5334457   59.7874628
   109.5259173   59.7691097
   109.5204124   59.7498871
   109.5109503   59.6950106
   109.5068281   59.6726910
   109.5003436   59.6638165
   109.4921997   59.6540783
   109.4878731   59.6477713
   109.4749348   59.6323301
   109.4607562   59.6185012
   109.3715161   59.5471804
   109.3575844   59.5339278
   109.3449307   59.5191573
   109.3335538   59.5028680
   109.3234521   59.4850576
   109.3146264   59.4657273
   109.3044640   59.4392419
   109.3078635   59.3857574
   109.3146933   59.3780487
   109.3306017   59.3626221
   109.3470908   59.3490686
   109.3641646   59.3373853
   109.3818173   59.3275761
   109.4000591   59.3196360
   109.4188718   59.3135724
   109.4407381   59.3071648
   109.4576264   59.3001501
   109.4740720   59.2915510
   109.4874074   59.2830664
   109.5046296   59.2578014
   109.5319124   59.2166613
   109.5435406   59.2018093
   109.5565048   59.1880718
   109.6534566   59.0965555
   109.6722761   59.0853920
   109.7920136   59.0155209
   109.8098938   59.0073252
   109.8178921   59.0045753
   109.8256490   59.0034841
   109.9796914   58.9989012
   110.1688523   58.9936446
   110.1915030   58.9930854
   110.2107510   58.9950430
   110.2158240   58.9961169
   110.2299926   58.9975190
   110.2357032   58.9986949
   110.2492439   58.9999996
   110.2648138   59.0021360
   110.3518995   59.0258891
   110.4421301   59.0501237
   110.4478118   59.0521035
   110.4602336   59.0550133
   110.4779909   59.0610844
   110.4946566   59.0686819
   110.5076609   59.0822354
   110.5194772   59.0972527
   110.5251081   59.1060443
   110.5633788   59.1602578
   110.5731276   59.1743546
   110.6280424   59.2199462
   110.6345276   59.2247117
   110.6423723   59.2317737
   110.6494464   59.2369948
   110.6567025   59.2435979
   110.6715283   59.2545920
   110.6873045   59.2639541
   110.7019554   59.2707258
   110.7201278   59.2712559
   110.9699688   59.2513273
   110.9746183   59.2505202
   110.9891869   59.2497906
   110.9941978   59.2489292
   111.0084049   59.2482538
   111.0137809   59.2473387
   111.0276228   59.2467162
   111.0333688   59.2457482
   111.0468445   59.2451774
   111.0529485   59.2441597
   111.0660582   59.2436391
   111.0725357   59.2425706
   111.0852759   59.2420989
   111.0921155   59.2409831
   111.1044944   59.2405585
   111.1117027   59.2393956
   111.1237119   59.2390168
   111.1312826   59.2378096
   111.1429293   59.2374749
   111.1508698   59.2362237
   111.1621504   59.2359316
   111.1704499   59.2346397
   111.1900910   59.2341878
   111.2098683   59.2363213
   111.3078142   59.2592128
   111.3146680   59.2607118
   111.3290991   59.2608665
   111.3413334   59.2615648
   111.3487927   59.2613232
   111.3610063   59.2620157
   111.3684750   59.2617795
   111.3806802   59.2624670
   111.4439100   59.2636992
   111.5763788   59.2383721
   111.5834988   59.2365459
   111.5949366   59.2348126
   111.6029759   59.2327772
   111.6224913   59.2299406
   111.6400138   59.2292626
   111.6566932   59.2321094
   111.6880039   59.2402375
   111.7308497   59.2503580
   111.7618353   59.2584063
   111.9162349   59.2959813
   111.9346509   59.3011688
   111.9400243   59.3039639
   112.0033213   59.3523347
   112.1249760   59.4459459
   112.1410170   59.4564955
   112.1581855   59.4654542
   112.1764698   59.4728164
   112.1958814   59.4785871
   112.2069677   59.4808426
   112.2161609   59.4811795
   112.2354052   59.4803674
   112.2551130   59.4780530
   112.2692334   59.4749032
   112.2776586   59.4639631
   112.2884173   59.4476809
   112.2978088   59.4308616
   112.3058322   59.4135087
   112.3124912   59.3956133
   112.3198766   59.3744866
   112.3272147   59.3581243
   112.3309482   59.3511424
   112.3437333   59.3447892
   112.3620963   59.3373385
   112.3805543   59.3315146
   112.4299608   59.3203377
   112.4489860   59.3142458
   112.4678304   59.3064070
   112.4864951   59.2968211
   112.5049813   59.2854872
   112.5232865   59.2724069
   112.5306129   59.2664136
   112.5233363   59.1998217
   112.5225574   59.1804618
   112.5231063   59.1610007
   112.5249821   59.1414689
   112.5281864   59.1218442
   112.5327205   59.1021256
   112.5385782   59.0823380
   112.5513692   59.0471974
   112.5748943   59.0451081
   112.5997064   59.0443989
   112.6233429   59.0452882
   112.6458055   59.0477751
   112.6670956   59.0518598
   112.6872225   59.0575442
   112.7061755   59.0648259
   112.7239583   59.0737060
   112.7284459   59.0765366
   112.7801276   59.1041121
   112.7975191   59.1128520
   112.8156461   59.1195655
   112.8912806   59.1378074
   112.9244887   59.1456102
   112.9387149   59.1469796
   113.0533927   59.1570313
   113.1863494   59.1691553
   113.1923568   59.1692473
   113.2054018   59.1708749
   113.2122124   59.1710060
   113.2244457   59.1725901
   113.2320587   59.1727669
   113.2434943   59.1743023
   113.2519146   59.1745319
   113.2716437   59.1772768
   113.2911152   59.1822226
   113.3172435   59.1918081
   113.3717155   59.2270031
   113.3765159   59.2306155
   113.3880445   59.2376106
   113.3931171   59.2414142
   113.4043831   59.2482250
   113.4200185   59.2599072
   113.4346299   59.2732027
   113.4482078   59.2881040
   113.4601853   59.3038648
   113.4660367   59.3215024
   113.4782648   59.3716162
   113.5652402   59.4805655
   113.5696043   59.4853951
   113.5813323   59.5010499
   113.5914305   59.5175769
   113.6223930   59.5771240
   113.6331326   59.5950792
   113.6391557   59.5992301
   113.6569514   59.6090615
   113.6753717   59.6168885
   113.7325122   59.6341818
   114.0321450   59.7243443
   114.0373126   59.7263300
   114.0508754   59.7299866
   114.0563684   59.7320860
   114.0696127   59.7356325
   114.0754157   59.7378383
   114.0883480   59.7412775
   114.0944720   59.7435927
   114.1070804   59.7469227
   114.1135197   59.7493439
   114.1258154   59.7525689
   114.1325764   59.7550972
   114.1445430   59.7582141
   114.1516242   59.7608477
   114.1616435   59.7634393
   114.1781364   59.7715590
   114.4440738   59.9378744
   114.4497738   59.9409489
   114.4664294   59.9520927
   114.4821231   59.9648759
   114.4968676   59.9793091
   114.5155250   60.0016114
   114.5209375   60.0244936
   114.5271796   60.0531991
   114.5346839   60.0675891
   114.5444630   60.0849429
   114.5554290   60.1009086
   114.5675744   60.1154757
   114.5809076   60.1286549
   114.5910736   60.1369089
   114.6025499   60.1430096
   114.6197287   60.1500843
   114.7207049   60.1825985
   114.7336423   60.1849925
   114.9754445   60.2258857
   114.9940800   60.2312111
   115.0122283   60.2386146
   115.0269752   60.2534801
   115.0390192   60.2689352
   115.0992758   60.3624818
   115.1173847   60.3900619
   115.1971649   60.4597190
   115.2138945   60.4740397
   115.2371210   60.4861564
   115.2557668   60.4934157
   115.2747096   60.4984694
   115.2939482   60.5013163
   115.2999184   60.5015117
   115.3132706   60.5034719
   115.3190772   60.5036584
   115.3326018   60.5056282
   115.3382351   60.5058057
   115.3519243   60.5077836
   115.3573894   60.5079525
   115.3712511   60.5099395
   115.3765527   60.5101001
   115.3905823   60.5120954
   115.3957114   60.5122478
   115.6907821   60.5454377
   115.7015845   60.5445461
   115.7209446   60.5408283
   115.7274082   60.5388366
   115.7401081   60.5364171
   115.7467743   60.5343666
   115.7592824   60.5320032
   115.7661406   60.5298974
   115.7784500   60.5275909
   115.7855069   60.5254281
   115.7976182   60.5231783
   115.8048774   60.5209577
   115.8167839   60.5187656
   115.8242396   60.5164892
   115.8359556   60.5143516
   115.8436060   60.5120204
   115.8551254   60.5099383
   115.8629724   60.5075519
   115.8742929   60.5055253
   115.8823388   60.5030834
   115.8934586   60.5011124
   115.9017055   60.4986147
   115.9126300   60.4966978
   115.9210747   60.4941456
   115.9317994   60.4922834
   115.9404374   60.4896784
   115.9509667   60.4878697
   115.9598040   60.4852106
   115.9701361   60.4834554
   115.9791706   60.4807431
   115.9892997   60.4790420
   115.9985371   60.4762752
   116.0084728   60.4746262
   116.0179038   60.4718081
   116.0276400   60.4702118
   116.0372743   60.4673399
   116.0468090   60.4657963
   116.0566374   60.4628738
   116.0659726   60.4613820
   116.0760041   60.4584067
   116.0851453   60.4569655
   116.0953709   60.4539405
   116.1043123   60.4525502
   116.1147378   60.4494743
   116.1234812   60.4481343
   116.1341083   60.4450075
   116.1426445   60.4437186
   116.1534717   60.4405418
   116.1618168   60.4393012
   116.1728387   60.4360765
   116.1809835   60.4348850
   116.1922058   60.4316114
   116.2001507   60.4304683
   116.2115730   60.4271464
   116.2707489   60.4194645
   116.4042053   60.4028520
   116.4088816   60.4018235
   116.4232258   60.4004679
   116.4286168   60.3993141
   116.4422553   60.3980788
   116.4483528   60.3968087
   116.4612754   60.3956875
   116.4680894   60.3943061
   116.4802995   60.3932920
   116.4878307   60.3918058
   116.4993285   60.3908923
   116.5075647   60.3893103
   116.5183478   60.3884912
   116.5273017   60.3868171
   116.5373758   60.3860861
   116.5563271   60.3826368
   116.5712641   60.3782597
   116.5837529   60.3691598
   116.5937542   60.3611334
   116.5992400   60.3576350
   116.6098180   60.3492001
   116.6147219   60.3461096
   116.6258794   60.3372718
   116.6302042   60.3345800
   116.6580114   60.3134215
   116.6750506   60.3030950
   116.6881863   60.2971221
   116.6929742   60.2942334
   116.7060642   60.2882754
   116.7109001   60.2853704
   116.7239450   60.2794273
   116.7288276   60.2765065
   116.7418228   60.2705806
   116.7467508   60.2676444
   116.7596980   60.2617354
   116.7646779   60.2587797
   116.7775828   60.2528850
   116.7826010   60.2499177
   116.7954607   60.2440389
   116.8005284   60.2410532
   116.8133418   60.2351910
   116.8184513   60.2321911
   116.8312197   60.2263451
   116.8363807   60.2233252
   116.8490987   60.2174981
   116.8543044   60.2144622
   116.8669799   60.2086504
   116.8722271   60.2055999
   116.8848578   60.1998048
   116.8901544   60.1967350
   116.9027391   60.1909572
   116.9206170   60.1821116
   116.9529087   60.1540487
   116.9668947   60.1396397
   116.9792975   60.1239664
   116.9901223   60.1070214
   117.0167651   60.0533492
   117.0267084   60.0366775
   117.0382173   60.0204043
   117.0513040   60.0045124
   117.0659520   59.9890216
   117.0821861   59.9739061
   117.0914413   59.9662524
   117.1070496   59.9622541
   117.1413145   59.9555593
   117.1444305   59.9475884
   117.1549414   59.9246850
   117.1663413   59.9034892
   117.1695969   59.8983256
   117.1805606   59.8779123
   117.1895359   59.8576280
   117.1965251   59.8374668
   117.2015228   59.8174452
   117.2045334   59.7975473
   117.2055558   59.7777786
   117.2045899   59.7581387
   117.2016350   59.7386220
   117.1896053   59.6880727
   117.1812159   59.6516738
   117.1745755   59.6209631
   117.1828128   59.6055868
   117.1938092   59.5887056
   117.2059665   59.5733001
   117.2190415   59.5590420
   117.2327953   59.5456462
   117.2477345   59.5337502
   117.2566583   59.5279962
   117.2682293   59.5257642
   117.2878283   59.5240572
   117.2996176   59.5242956
   117.3073398   59.5235937
   117.3195891   59.5238208
   117.3268610   59.5231309
   117.3395561   59.5233442
   117.3463769   59.5226689
   117.3595316   59.5228659
   117.3658925   59.5222088
   117.3795025   59.5223867
   117.3854088   59.5217500
   117.3994724   59.5219060
   117.4049244   59.5212928
   117.4194430   59.5214238
   117.4244356   59.5208377
   117.4394135   59.5209404
   117.4439556   59.5203839
   117.4593837   59.5204547
   117.4634709   59.5199320
   117.5415094   59.5184788
   117.5608196   59.5211245
   117.5651337   59.5223427
   117.5800866   59.5244173
   117.5842937   59.5255956
   117.5993544   59.5277098
   117.6034536   59.5288488
   117.6186217   59.5310018
   117.6226134   59.5321025
   117.6378856   59.5342928
   117.6992523   59.5451215
   117.7185205   59.5479852
   117.7383861   59.5487014
   117.7588489   59.5472701
   117.7628225   59.5465948
   117.8269975   59.5106063
   117.8439466   59.5035217
   117.8616767   59.4980154
   117.8801714   59.4940919
   117.8994582   59.4917456
   117.9053102   59.4915223
   117.9129808   59.4949485
   117.9297466   59.5042253
   117.9457291   59.5149422
   118.0244191   59.5706875
   118.0540981   59.5918251
   118.1496496   59.6214354
   118.1563925   59.6239628
   118.1683357   59.6272332
   118.1754941   59.6299174
   118.1870312   59.6330340
   118.1946006   59.6358735
   118.2137803   59.6409783
   118.2331703   59.6440696
   118.2437345   59.6446494
   118.2511570   59.6436192
   118.2682378   59.6396030
   118.2848366   59.6340094
   118.3125548   59.6227197
   118.3266539   59.6173834
   118.3360584   59.6096583
   118.3459199   59.6006152
   118.3503979   59.5973308
   118.4082844   59.5474435
   118.4251220   59.5367079
   118.4432228   59.5285875
   118.4522793   59.5260118
   118.4619254   59.5216995
   118.4710559   59.5190760
   118.4806277   59.5148112
   118.4898293   59.5121417
   118.4993297   59.5079220
   118.5086095   59.5052052
   118.5180316   59.5010328
   118.5273864   59.4982707
   118.5367369   59.4941418
   118.5461633   59.4913361
   118.5554353   59.4872530
   118.5649368   59.4844033
   118.5741353   59.4803630
   118.5837178   59.4774683
   118.5928389   59.4734720
   118.6024950   59.4705351
   118.6115401   59.4665814
   118.6212723   59.4636021
   118.6302451   59.4596889
   118.6400456   59.4566701
   118.6489423   59.4527985
   118.6588272   59.4497358
   118.6676432   59.4459072
   118.6776047   59.4428034
   118.6863440   59.4390157
   118.6963779   59.4358727
   118.7148813   59.4278684
   118.7328491   59.4178249
   118.7395932   59.4131507
   118.7510193   59.3944871
   118.7590877   59.3778797
   118.7666985   59.3609759
   118.7729678   59.3432502
   118.7773089   59.3269170
   118.7709684   59.3124633
   118.7622169   59.2961432
   118.7438082   59.2642486
   118.7181152   59.2205576
   118.7095365   59.2028138
   118.7028222   59.1843521
   118.6979719   59.1651710
   118.6966907   59.1566334
   118.6982561   59.1494789
   118.7041473   59.1311676
   118.7117681   59.1135741
   118.7211134   59.0967117
   118.7321822   59.0805801
   118.7476978   59.0624231
   118.8018552   58.9995842
   118.8154843   58.9706128
   118.8396320   58.8346645
   118.8422753   58.8221615
   118.8430723   58.8153135
   118.8457783   58.8025051
   118.8465121   58.7959637
   118.8492812   58.7828482
   118.8513897   58.7632514
   118.8514494   58.7437590
   118.8494608   58.7243556
   118.8454238   58.7050473
   118.8355187   58.6721160
   118.8312277   58.6525556
   118.8305507   58.6473579
   118.8355935   58.6407914
   118.8497774   58.6253923
   118.8648802   58.6118675
   118.8809055   58.6002145
   118.8978426   58.5904405
   119.0615524   58.5214304
   119.0787067   58.5120305
   119.0897492   58.5045822
   119.0950404   58.4975662
   119.1027234   58.4854322
   119.1043138   58.4672521
   119.1042503   58.4482178
   119.1035523   58.4411070
   119.1035936   58.4293215
   119.1028156   58.4211233
   119.1029324   58.4104262
   119.1020839   58.4011406
   119.1024591   58.3813384
   119.1050523   58.3618765
   119.1653823   58.1328327
   119.1626606   58.0729812
   119.1622729   58.0569970
   119.1597166   58.0372593
   119.1550953   58.0180428
   119.0862873   57.8132294
   119.0814779   57.7936129
   119.0784286   57.7735743
   119.0835857   57.7582519
   119.0910073   57.7409959
   119.0998383   57.7243497
   119.1051666   57.7160066
   119.1671258   57.6102693
   119.1739990   57.6000108
   119.1834406   57.5919625
   119.1986519   57.5807443
   119.2065957   57.5757069
   119.2187091   57.5751105
   119.2391697   57.5756178
   119.2590446   57.5776703
   119.2896124   57.5833749
   119.3093435   57.5853040
   119.3292493   57.5855112
   119.3493099   57.5839970
   119.3695439   57.5807604
   119.3899468   57.5758016
   119.4008808   57.5722505
   119.4141939   57.5626467
   119.4244048   57.5104917
   119.4249522   57.5059181
   119.4297036   57.4836435
   119.4363389   57.4630384
   119.4448585   57.4440974
   119.4552649   57.4268144
   119.4675593   57.4111897
   119.4769174   57.4019747
   119.4811077   57.3966739
   119.4902929   57.3876534
   119.4946546   57.3821608
   119.5036682   57.3733320
   119.5082053   57.3676441
   119.5170412   57.3590118
   119.5217528   57.3531311
   119.5304180   57.3446873
   119.5353050   57.3386142
   119.5437921   57.3303647
   119.5488531   57.3241023
   119.5571662   57.3160420
   119.5695696   57.3007589
   119.5803103   57.2838307
   119.5893870   57.2652603
   119.5912575   57.2601604
   119.6282284   57.1792386
   119.6235915   57.1650537
   119.6188118   57.1452053
   119.6157829   57.1254857
   119.6145046   57.1058949
   119.6145275   57.0863997
   119.6155335   57.0669705
   119.6177362   57.0516386
   119.6261473   57.0403630
   119.6390870   57.0259536
   119.6530684   57.0130870
   119.6680755   57.0017770
   119.6841268   56.9920091
   119.7012138   56.9837892
   119.7099957   56.9805562
   119.7264290   56.9727955
   119.7425239   56.9634496
   119.7582968   56.9525084
   119.7717667   56.9415769
   119.7815955   56.9220920
   119.7868186   56.9091969
   119.7851585   56.8977914
   119.7810317   56.8790861
   119.7755727   56.8608822
   119.7634594   56.8287933
   119.7580976   56.8111894
   119.7540007   56.7931376
   119.7511649   56.7746200
   119.7495930   56.7556492
   119.7493116   56.7379215
   119.7592753   56.7225204
   119.7704531   56.7075248
   119.7825836   56.6933432
   119.8249257   56.6508366
   119.8298876   56.6381104
   119.8366366   56.6287998
   119.8425025   56.6193772
   119.8560163   56.6010530
   119.8703991   56.5847112
   119.8856685   56.5703308
   119.9018144   56.5579221
   119.9142887   56.5502730
   119.9186125   56.5469636
   119.9303967   56.5398282
   119.9354083   56.5360092
   119.9465034   56.5293819
   119.9522082   56.5250551
   119.9693819   56.5149464
   119.9875358   56.5070132
   120.0066527   56.5012624
   120.0111294   56.5004663
   120.1035551   56.4753885
   120.1958668   56.4507158
   120.2307413   56.4413036
   120.2581242   56.4206341
   120.2879246   56.3977039
   120.3293294   56.3592652
   120.3425675   56.3446573
   120.3549370   56.3285396
   120.3664533   56.3108914
   120.3770953   56.2917454
   120.3800102   56.2855868
   120.3641057   56.2704509
   120.3462145   56.2557780
   120.3281491   56.2422549
   120.3098461   56.2303273
   120.2912138   56.2205982
   120.2722520   56.2130675
   120.1944157   56.1930413
   120.1767835   56.1862696
   120.1598828   56.1774868
   120.1262794   56.1593495
   120.1101535   56.1483976
   120.0947181   56.1355502
   120.0889856   56.1298190
   120.0883628   56.1189065
   120.0890908   56.0990411
   120.0917081   56.0796464
   120.0962121   56.0607375
   120.1026066   56.0422959
   120.1208284   55.9936752
   120.1228160   55.9872332
   120.1303189   55.9690700
   120.1395863   55.9513454
   120.1516561   55.9326969
   120.1752000   55.9281752
   120.1952598   55.9263535
   120.2032203   55.9263559
   120.2152449   55.9252353
   120.2234669   55.9252431
   120.2352257   55.9241172
   120.2437026   55.9241312
   120.2552065   55.9229983
   120.2639467   55.9230192
   120.2751814   55.9218799
   120.2841837   55.9219086
   120.2951672   55.9207600
   120.3044292   55.9207976
   120.3151470   55.9196402
   120.3246646   55.9196876
   120.3351239   55.9185196
   120.3449107   55.9185782
   120.3551082   55.9173985
   120.3651468   55.9174696
   120.3750894   55.9162759
   120.3853927   55.9163613
   120.3950669   55.9151535
   120.4148935   55.9153438
   120.4343926   55.9182397
   120.4416602   55.9203629
   120.4537665   55.9221716
   120.4610809   55.9242919
   120.4731376   55.9261031
   120.4805001   55.9282213
   120.4925153   55.9300360
   120.4999142   55.9321493
   120.5118902   55.9339673
   120.5193355   55.9360790
   120.5312603   55.9378981
   120.5387523   55.9400087
   120.5506392   55.9418304
   120.5581676   55.9439374
   120.5700142   55.9457611
   120.5775889   55.9478677
   120.5893882   55.9496919
   120.5970057   55.9517974
   120.6087590   55.9536219
   120.6164247   55.9557282
   120.6281373   55.9575536
   120.6358378   55.9596573
   120.6475124   55.9614836
   120.6552593   55.9635883
   120.6668820   55.9654131
   120.6746757   55.9675191
   120.6862617   55.9693444
   120.6940903   55.9714487
   120.7056358   55.9732739
   120.7135119   55.9753802
   120.7250062   55.9772031
   120.7329290   55.9793115
   120.7443861   55.9811343
   120.7523406   55.9832410
   120.7637602   55.9850632
   120.7717642   55.9871731
   120.7831355   55.9889929
   120.7911813   55.9911042
   120.8025045   55.9929215
   120.8105973   55.9950357
   120.8218849   55.9968521
   120.8300113   55.9989661
   120.8412590   56.0007808
   120.8494332   56.0028983
   120.8606291   56.0047093
   120.8688501   56.0068303
   120.8844098   56.0097706
   121.1495608   56.0296125
   121.1688302   56.0296716
   121.1914041   56.0271807
   121.2053373   56.0204832
   121.2156136   56.0144517
   121.2268078   56.0010372
   121.2384093   55.9858161
   121.2483443   55.9696591
   121.2566228   55.9525508
   121.2603506   55.9423819
   121.2639871   55.9349261
   121.2680784   55.9239524
   121.2713497   55.9172960
   121.2758062   55.9055307
   121.2787081   55.8996681
   121.3107953   55.8225409
   121.3404697   55.6832122
   121.3414063   55.6767995
   121.3444723   55.6643550
   121.3455093   55.6573574
   121.3484738   55.6454975
   121.3496152   55.6379089
   121.3524732   55.6266411
   121.3537212   55.6184676
   121.3564716   55.6077833
   121.3578301   55.5990201
   121.3628446   55.5798302
   121.3698108   55.5611985
   121.3733236   55.5540778
   121.3810643   55.5503321
   121.4014104   55.5429604
   121.4215684   55.5381538
   121.4415381   55.5359123
   121.4613194   55.5362360
   121.4699287   55.5375054
   121.4810140   55.5377319
   121.4890177   55.5389444
   121.5007089   55.5392306
   121.5080998   55.5403803
   121.5204039   55.5407313
   121.5271861   55.5418138
   121.5400987   55.5422344
   121.5462725   55.5432448
   121.5597933   55.5437400
   121.5653589   55.5446734
   121.5794870   55.5452481
   121.5990453   55.5486074
   121.6896890   55.5758113
   121.6959684   55.5772385
   121.7079631   55.5812488
   121.7153513   55.5829910
   121.7262407   55.5866802
   121.7347337   55.5887500
   121.7445212   55.5921062
   121.7757788   55.6010840
   121.8418415   55.6017630
   121.8513058   55.5986703
   121.8698679   55.5907432
   121.8871680   55.5813673
   121.9033845   55.5707352
   121.9188347   55.5592241
   121.9330009   55.5462484
   121.9458902   55.5318020
   121.9575030   55.5158839
   121.9598734   55.5095608
   121.9616644   55.4903197
   121.9624995   55.2783630
   121.9643044   55.2589335
   121.9764562   55.1964655
   121.9701813   55.1812267
   121.9667219   55.1714272
   121.9624867   55.1620186
   121.9557903   55.1427974
   121.9510271   55.1235234
   121.9481983   55.1041969
   121.9455170   55.0524680
   121.9433916   55.0349059
   121.9396401   55.0174907
   121.9337750   54.9990300
   121.9286105   54.9933031
   121.8869502   54.9549325
   121.8738854   54.9406392
   121.8621829   54.9250207
   121.8518497   54.9080854
   121.8428836   54.8898304
   121.8352847   54.8702559
   121.8290529   54.8493618
   121.8241884   54.8271481
   121.8232870   54.8210831
   121.8456391   54.8044137
   121.8596233   54.7924958
   121.8725181   54.7799021
   121.8843305   54.7666260
   121.8950543   54.7526743
   121.9027506   54.7409914
   121.9072162   54.7260373
   121.9221623   54.6545593
   121.9234672   54.6460818
   121.9283241   54.6267933
   121.9349761   54.6081183
   121.9434188   54.5900712
   121.9536511   54.5726514
   121.9728842   54.5457846
   121.9837346   54.5278378
   121.9936576   54.5083949
   122.0026481   54.4874644
   122.0090771   54.4695792
   121.9960540   54.4593539
   121.9781868   54.4470243
   121.9600853   54.4362123
   121.9417706   54.4269313
   121.9232336   54.4191761
   121.9176193   54.4178659
   121.8964004   54.4159301
   121.8686775   54.4147236
   121.8490900   54.4130686
   121.8301790   54.4097422
   121.8119420   54.4047437
   121.7943867   54.3980749
   121.7775058   54.3897332
   121.7613064   54.3797220
   121.7457773   54.3680340
   121.7309382   54.3546845
   121.7245374   54.3478956
   121.7236056   54.3327381
   121.7241232   54.3125829
   121.7264149   54.2927465
   121.7371697   54.2400935
   121.7397071   54.2220123
   121.7407980   54.2035873
   121.7406387   54.1952301
   121.7374418   54.1885661
   121.7283813   54.1728921
   121.6962242   54.1268656
   121.6853399   54.1073133
   121.6885702   54.0938099
   121.6954650   54.0733403
   121.7039559   54.0545476
   121.7140427   54.0374298
   121.7257310   54.0219784
   121.7384759   54.0076381
   121.7525216   53.9946637
   121.7681884   53.9833766
   121.7805131   53.9765341
   121.7850411   53.9733356
   121.7966377   53.9669477
   121.8018945   53.9633004
   121.8127536   53.9573615
   121.8187570   53.9532641
   121.8288722   53.9477682
   121.8424828   53.9395254
   121.8660349   53.9138416
   121.9035619   53.8723925
   121.9145120   53.8573323
   121.9256506   53.8391790
   121.9291750   53.8268367
   121.9327800   53.8168743
   121.9349110   53.8083758
   121.9385736   53.7982654
   121.9406453   53.7899168
   121.9443684   53.7796515
   121.9463774   53.7714655
   121.9501636   53.7610394
   121.9521123   53.7530046
   121.9559590   53.7424257
   121.9578455   53.7345477
   121.9617542   53.7238134
   121.9635781   53.7160922
   121.9675503   53.7051999
   121.9693118   53.6976325
   121.9733474   53.6865839
   121.9750448   53.6791755
   121.9791428   53.6679744
   121.9807767   53.6607194
   121.9849398   53.6493611
   121.9865094   53.6422596
   121.9907365   53.6307490
   121.9922409   53.6238019
   121.9988786   53.6057643
   122.0080011   53.5888715
   122.0122487   53.5831092
   122.0180835   53.5724251
   122.0220821   53.5670037
   122.0281675   53.5559771
   122.0319108   53.5509046
   122.0382476   53.5395346
   122.0417438   53.5347994
   122.0483327   53.5230853
   122.0515770   53.5186934
   122.0584161   53.5066393
   122.0614052   53.5025946
   122.0684982   53.4901943
   122.0810694   53.4703852
   122.0905697   53.4540226
   122.0984239   53.4363670
   122.1046305   53.4174213
   122.1088063   53.3988884
   121.2328530   53.2282293
   121.2323423   53.2281835
   120.8933773   53.2328449
   120.8874319   53.2309864
   120.3118387   52.8203203
   120.3113282   52.8200398
   120.1100858   52.7384524
   120.1067162   52.7362000
   120.1039792   52.7308305
   120.0906864   52.6511461
   120.0924827   52.6435916
   120.0954098   52.6409230
   120.1021226   52.6396251
   120.4499428   52.6950091
   120.4504434   52.6949576
   120.7610589   52.5770615
   120.7613713   52.5767222
   120.7761292   52.5254063
   120.7760914   52.5249278
   120.6961780   52.3540618
   120.6955581   52.3473090
   120.7002175   52.3411759
   120.7897974   52.2891976
   120.7900682   52.2888559
   120.8297271   52.1585594
   120.8297014   52.1580900
   120.7452943   51.9611900
   120.6830665   51.8860109
   120.6826664   51.8856939
   120.0992990   51.5957087
   120.0942770   51.5899568
   120.0398823   51.4290635
   120.0396272   51.4286297
   119.8691214   51.2408651
   119.8672298   51.2378312
   119.7974922   51.0621124
   119.7972077   51.0617203
   119.5802171   50.8815143
   119.5770311   50.8767061
   119.5266766   50.7095742
   119.5263873   50.7091612
   119.3427746   50.5720926
   119.3393745   50.5675398
   119.2871245   50.4258843
   119.2865216   50.4229707
   119.2884982   50.4164350
   119.2951872   50.4125111
   119.3725483   50.4022135
   119.3729488   50.4019742
   119.4272516   50.3268752
   119.4273536   50.3264210
   119.3992428   50.1754900
   119.3990580   50.1750740
   119.3211404   50.0730139
   119.3208026   50.0727093
   119.0966257   49.9356980
   119.0961375   49.9355269
   118.6030977   49.8733671
   118.5990249   49.8719107
   118.1873011   49.6129765
   118.1868714   49.6127852
   117.9447791   49.5441316
   117.9395840   49.5406117
   117.8775557   49.4600523
   117.8771502   49.4599028
   117.0507551   49.6346661
   117.0502616   49.6348256
   116.6928376   49.7931348
   116.6924061   49.7934130
   116.5964563   49.8790525
   116.5924289   49.8812395
   116.2409220   49.9771175
   116.2354913   49.9770702
   115.7565126   49.8374120
   115.7560791   49.8373656
   115.5055548   49.8550520
   115.5050541   49.8551393
   115.2069348   49.9391838
   115.2065080   49.9394005
   114.9765209   50.1197542
   114.9736133   50.1213378
   114.8422310   50.1666941
   114.8401166   50.1671753
   114.3364066   50.2254301
   114.3315560   50.2247860
   113.2520403   49.7946222
   113.2478283   49.7914460
   113.0754595   49.5683165
   113.0750587   49.5680105
   112.8331303   49.4682250
   112.8326509   49.4681318
   112.4843664   49.4706501
   112.4816811   49.4703030
   111.9715132   49.3321977
   111.9710791   49.3321401
   111.6995816   49.3323188
   111.6961276   49.3317058
   111.5352487   49.2726213
   111.5347392   49.2725769
   111.3818934   49.3000498
   111.3771763   49.2997631
   110.8320688   49.1315929
   110.8315194   49.1314891
   110.6752388   49.1198678
   110.6747660   49.1199006
   110.3969043   49.1800101
   110.3910494   49.1795103
   110.2018253   49.1031909
   110.2013583   49.1031248
   109.5603909   49.1690201
   109.5598239   49.1691465
   109.1869199   49.2995337
   109.1831740   49.3000842
   108.5230451   49.2706609
   108.5225901   49.2707770
   108.3195905   49.3935848
   108.3192777   49.3938860
   108.2590019   49.4855615
   108.2544328   49.4893230
   107.9190279   49.6265468
   107.9187516   49.6268814
   107.8688700   49.8756391
   107.8645682   49.8820227
   107.8599527   49.8836335
   107.2218236   49.9404901
   107.2213976   49.9406073
   107.0555393   50.0203250
   107.0551519   50.0206604
   106.9590593   50.1636238
   106.9540529   50.1674876
   106.6151550   50.2856833
   106.6109330   50.2861978
   106.2524221   50.2527507
   106.2519804   50.2527687
   106.0689267   50.2850500
   106.0685280   50.2852430
   105.9796754   50.3642587
   105.9739000   50.3667482
   105.3381911   50.4222612
   105.3335746   50.4215707
   105.1358100   50.3416548
   105.1353741   50.3415856
   104.9207677   50.3563717
   104.9148866   50.3549409
   104.8161947   50.2949584
   104.8157731   50.2948194
   104.4228042   50.2591790
   104.4185218   50.2577702
   104.1508109   50.0954079
   104.1503559   50.0953157
   103.8681158   50.1366469
   103.8630366   50.1360702
   103.7204181   50.0805050
   103.7199753   50.0804855
   103.4524360   50.1585145
   103.4486960   50.1588702
   103.2694377   50.1419425
   103.2689995   50.1420497
   103.2186949   50.1746039
   103.2184628   50.1749592
   103.2036528   50.2662632
   103.2017302   50.2707303
   103.1979277   50.2737622
   103.1931446   50.2746417
   102.9293419   50.2577954
   102.9288702   50.2578572
   102.6373331   50.3557517
   102.6369499   50.3560247
   102.4939922   50.5414347
   102.4902834   50.5443990
   102.2661288   50.6484538
   102.2658933   50.6488121
   102.2638246   50.7261240
   102.2600558   50.7336806
   102.1672828   50.8075245
   102.1671084   50.8079035
   102.1728830   50.9692815
   102.1711630   50.9752559
   102.0842346   51.1033017
   102.0840949   51.1037396
   102.0796783   51.3111678
   102.0778261   51.3167558
   102.0712265   51.3208347
   101.6077171   51.3933660
   101.5179812   51.4430878
   101.5106434   51.4440307
   101.3558500   51.4043241
   101.3553833   51.4044003
   101.2410918   51.4784219
   101.2349814   51.4800057
   101.1290644   51.4728479
   101.1285516   51.4729225
   100.5615474   51.6840494
   100.5579356   51.6846772
   100.0342787   51.6782734
   100.0337274   51.6783283
   99.8581688   51.7158789
   99.8577593   51.7161046
   99.7244904   51.8524231
   99.7185105   51.8553637
   99.2772249   51.9073811
   99.2767928   51.9075706
   99.1998680   51.9735673
   99.1956015   51.9757225
   98.9998421   52.0208188
   98.9994569   52.0210292
   98.9321487   52.0867444
   98.9259515   52.0895580
   98.9211117   52.0887318
   98.9161989   52.0840217
   98.7883949   51.8255622
   98.7880680   51.8252679
   98.4065464   51.6842006
   98.4026736   51.6816118
   98.2979967   51.5684526
   98.2956797   51.5642553
   98.2566361   51.4188463
   98.2563159   51.4185784
   98.0924339   51.4046609
   98.0857632   51.4012919
   98.0156174   51.3213432
   98.0137181   51.3181147
   97.9067797   51.0190270
   97.9072310   51.0112298
   97.9104647   51.0074656
   98.0767211   50.8911891
   98.0768259   50.8908263
   98.0293886   50.7780920
   98.0298889   50.7693129
   98.0762182   50.6869047
   98.0802610   50.6829648
   98.3714233   50.5290246
   98.3716176   50.5286659
   98.3506026   50.3001961
   98.3504237   50.2997586
   98.1055139   49.9997430
   98.1051065   49.9993848
   97.9151232   49.8812526
   97.9146593   49.8811064
   97.8136921   49.8756143
   97.8132098   49.8757429
   97.7416013   49.9221995
   97.7331945   49.9233609
   97.6405319   49.8946011
   97.6377687   49.8932478
   97.6340791   49.8884148
   97.6092015   49.8187781
   97.6089135   49.8184235
   97.5177260   49.7626387
   97.3352008   49.7039435
   97.3346052   49.7038296
   97.2139416   49.6957555
   97.2135052   49.6958492
   96.9419623   49.8407152
   96.9385594   49.8418068
   96.7293919   49.8693186
   96.7242333   49.8686313
   96.6106176   49.8211709
   96.6102111   49.8212212
   96.5332425   49.8787391
   96.5296242   49.8804443
   96.5227659   49.8796637
   96.4097418   49.8228615
   96.4093054   49.8228749
   96.2333562   49.9253115
   96.2300918   49.9265120
   96.0638951   49.9563470
   96.0587410   49.9559131
   95.9633826   49.9215837
   95.9629385   49.9216280
   95.8593286   49.9843422
   95.8555526   49.9856885
   95.8496686   49.9847268
   95.8465178   49.9822483
   95.8005720   49.9279714
   95.8001681   49.9277139
   95.5297076   49.8538122
   95.5292621   49.8538405
   95.4047046   49.9055736
   95.4013646   49.9063261
   95.0251647   49.9249974
   95.0247258   49.9251863
   94.9527401   49.9940900
   94.9454939   49.9968605
   94.6055962   49.9855878
   94.6051983   49.9857524
   94.4594716   50.1411494
   94.4559616   50.1435652
   94.3493194   50.1871662
   94.3490428   50.1875033
   94.2922422   50.4804722
   94.2892916   50.4858387
   94.2420498   50.5304604
   94.2351849   50.5331907
   93.7002257   50.5332800
   93.6997975   50.5333171
   93.4429749   50.5781093
   93.4399751   50.5781755
   93.1167212   50.5364025
   93.1162206   50.5364142
   92.9922408   50.5583756
   92.9918101   50.5586003
   92.9203162   50.6302434
   92.9202401   50.6306485
   92.9636546   50.7297871
   92.9644562   50.7346724
   92.9608047   50.7415561
   92.9553191   50.7437644
   92.8199851   50.7549634
   92.8135116   50.7532492
   92.8103033   50.7496397
   92.7742772   50.6809036
   92.7739117   50.6806349
   92.6335256   50.6551482
   92.6330073   50.6551952
   92.5589093   50.6831074
   92.5586267   50.6834156
   92.5445670   50.7335592
   92.5428239   50.7370090
   92.5352713   50.7408539
   92.4357035   50.7441716
   92.4352468   50.7443319
   92.3717821   50.7917756
   92.3653078   50.7937544
   92.3615050   50.7927994
   92.3577388   50.7896910
   92.2794679   50.6832675
   92.2791015   50.6830356
   92.0844182   50.6452263
   92.0839385   50.6452041
   91.8095414   50.6725489
   91.8038413   50.6714203
   91.7067777   50.6196167
   91.7022185   50.6145507
   91.6738606   50.5445836
   91.6735346   50.5443072
   91.5103627   50.5076773
   91.5047020   50.5041137
   91.4245452   50.4025040
   91.4241660   50.4023061
   90.9770231   50.3757496
   90.9742050   50.3751675
   90.9690851   50.3709849
   90.9268924   50.3020001
   90.9265392   50.3017585
   90.7877439   50.2768225
   90.7826202   50.2742258
   90.7795975   50.2682832
   90.7726419   50.2153625
   90.7724028   50.2149901
   90.7034436   50.1717602
   90.7029568   50.1716393
   90.5268015   50.1845762
   90.5213208   50.1834038
   90.2927574   50.0600865
   90.2923377   50.0599496
   90.0871438   50.0318949
   90.0817753   50.0293898
   90.0785034   50.0223025
   90.0770975   49.9777571
   90.0768929   49.9773879
   90.0014002   49.9267974
   90.0009831   49.9266397
   89.7112031   49.8879685
   89.7046558   49.8842258
   89.7025619   49.8789044
   89.7048030   49.8717036
   89.7632495   49.8006529
   89.7633836   49.8002337
   89.7559775   49.6936815
   89.7557270   49.6933336
   89.3754990   49.5360506
   89.3750516   49.5360235
   89.2880381   49.5602316
   89.2830507   49.5603277
   89.2779260   49.5572884
   89.2758963   49.5538346
   89.2597267   49.5065743
   89.2594400   49.5062400
   89.1547688   49.4514521
   88.9863381   49.4132840
   88.9858813   49.4133386
   88.9259430   49.4430890
   88.9199946   49.4440182
   88.9153625   49.4420290
   88.8495929   49.3909398
   88.8491616   49.3908430
   88.5978956   49.4467020
   88.5950934   49.4469203
   88.2461746   49.4248213
   88.2388187   49.4208572
   88.2369451   49.4164993
   88.2112888   49.2639009
   88.2110518   49.2635453
   88.0086688   49.1362276
   88.0081918   49.1360784
   87.7168237   49.1230450
   87.7139951   49.1225034
   87.4214576   49.0210889
   87.4210029   49.0210905
   87.2477885   49.0825154
   87.2475205   49.0828514
   87.2360892   49.1803541
   87.2324789   49.1869381
   87.2272255   49.1891325
   86.9986230   49.2136939
   86.9982082   49.2138938
   86.7933891   49.4211290
   86.7931770   49.4215100
   86.7750739   49.4966190
   86.7722463   49.5015197
   86.7672119   49.5041015
   86.5780525   49.5399022
   86.5777104   49.5401908
   86.5491019   49.6170999
   86.5509876   49.6217322
   86.5493221   49.6293307
   86.5455612   49.6325364
   86.5417226   49.6335429
   86.5351648   49.6315656
   86.4441877   49.5634905
   86.4437690   49.5633095
   86.3227567   49.5420965
   86.3169089   49.5387757
   86.2116133   49.4166195
   86.2112238   49.4165368
   86.0978320   49.4700683
   86.0911902   49.4707398
   85.9557562   49.4376601
   85.9553288   49.4377771
   85.8874188   49.5041504
   85.8800853   49.5069929
   85.6744173   49.4999178
   85.6739917   49.5000213
   85.5840075   49.5505080
   85.5787979   49.5517819
   85.2395131   49.5410374
   85.2391038   49.5411828
   85.1643477   49.6060059
   85.1641456   49.6063940
   85.1539697   49.7040180
   85.1503205   49.7107497
   84.9436804   49.8782476
   84.9434900   49.8786677
   84.9488380   50.0167941
   84.9481693   50.0207957
   84.9425906   50.0264532
   84.6199867   50.1567555
   84.6168792   50.1574629
   84.3111792   50.1769947
   84.3107622   50.1771707
   84.2045228   50.2731639
   84.2043074   50.2735490
   84.1628042   50.4965119
   84.1593418   50.5023915
   83.9318669   50.6903039
   83.9315961   50.6906593
   83.8988353   50.7637128
   83.8931510   50.7690105
   83.3959233   50.9511879
   83.3925299   50.9517982
   83.1710051   50.9528360
   83.1655003   50.9512153
   82.9849452   50.8336072
   82.9845203   50.8335190
   82.7901214   50.8665014
   82.7835306   50.8653493
   82.7795414   50.8611877
   82.7356785   50.7752326
   82.7353531   50.7749203
   82.5613388   50.6949805
   82.5608818   50.6949153
   82.3700730   50.7231928
   82.3664887   50.7230739
   82.1668807   50.6798078
   82.1664405   50.6798133
   81.8941706   50.7459018
   81.8908496   50.7461375
   81.4523215   50.7037434
   81.4519843   50.7039430
   81.3618174   50.9139408
   81.3588826   50.9177984
   81.3525309   50.9199949
   81.0199161   50.9167424
   81.0197630   50.9169678
   81.1028473   51.1205249
   81.1031537   51.1272215
   81.0999448   51.1320240
   81.0965264   51.1338626
   80.7150229   51.2511066
   80.7121195   51.2515478
   80.7057638   51.2492963
   80.7032784   51.2462848
   80.6577111   51.1615666
   80.6573677   51.1613274
   80.5285017   51.1432669
   80.5241085   51.1415233
   80.5206096   51.1370895
   80.5198896   51.1333642
   80.5198800   50.9343635
   80.5196477   50.9340470
   80.2494279   50.8490827
   80.2462246   50.8473869
   80.0519244   50.6937338
   80.0515792   50.6937768
   79.0442321   52.0086126
   79.0435678   52.0093933
   77.8808691   53.2417938
   77.8783119   53.2437492
   76.4652258   53.9995953
   76.4648982   53.9998787
   76.3880452   54.1040631
   76.3879359   54.1045020
   76.4019930   54.1993103
   76.4022824   54.1995627
   76.6954123   54.2026438
   76.7027481   54.2059624
   76.7908141   54.3040486
   76.7931110   54.3084547
   76.7926852   54.3143743
   76.7881208   54.3195305
   76.7490901   54.3405851
   76.7421467   54.3415400
   76.7393021   54.3404209
   76.6440208   54.2848172
   76.6435876   54.2847069
   76.2845895   54.2953718
   76.2815390   54.2949896
   76.2764825   54.2916215
   76.2099411   54.2084089
   76.2095538   54.2081674
   75.4817161   54.0461818
   75.4755209   54.0418962
   75.4738886   54.0364224
   75.4738700   53.9337069
   75.4736551   53.9333704
   75.0749802   53.7486966
   75.0744970   53.7486086
   74.8348824   53.7662454
   74.8277843   53.7639860
   74.6596034   53.6252295
   74.6591593   53.6250730
   74.5210405   53.6267221
   74.5139464   53.6238889
   74.5113949   53.6197644
   74.5116225   53.6130437
   74.5347184   53.5546715
   74.5346462   53.5542526
   74.4077363   53.4090588
   74.4073523   53.4089472
   74.2584621   53.4529044
   74.2581026   53.4531564
   74.2000689   53.5318499
   74.1944135   53.5356241
   74.1904789   53.5357950
   74.0529692   53.5143358
   74.0525469   53.5144285
   73.9389266   53.5900515
   73.9325689   53.5916934
   73.9280768   53.5902011
   73.8297947   53.5286283
   73.8293539   53.5285512
   73.7130178   53.5537518
   73.7055466   53.5524244
   73.4416436   53.3851291
   73.4412399   53.3851345
   73.1926138   53.5522730
   73.1924348   53.5526543
   73.2066856   53.6930292
   73.2069325   53.6933653
   73.2814671   53.7253074
   73.2847035   53.7275338
   73.2873711   53.7327340
   73.3028292   53.8189426
   73.3030533   53.8193106
   73.3806988   53.8788626
   73.3845285   53.8855003
   73.3825352   53.8928997
   73.3758896   53.8967156
   73.0494783   53.9387293
   73.0490569   53.9389156
   72.9286352   54.0412869
   72.9235405   54.0435719
   72.7458477   54.0683720
   72.7401696   54.0674983
   72.7354477   54.0627901
   72.7344729   54.0580816
   72.7369373   54.0518857
   72.7625181   54.0223406
   72.7397226   53.9214829
   72.7394312   53.9212473
   72.5800639   53.9194361
   72.5731327   53.9165340
   72.5139199   53.8577587
   72.5135265   53.8576760
   72.3284357   53.9289032
   72.3283131   53.9292087
   72.3624757   54.0016788
   72.3633047   54.0043625
   72.3622116   54.0107272
   72.2761765   54.1686357
   72.2721530   54.1726470
   72.2665937   54.1738191
   72.2592940   54.1697137
   72.1925636   54.0774984
   72.1921971   54.0774014
   71.9700660   54.1784458
   71.9666372   54.1793179
   71.8063475   54.1907562
   71.8006446   54.1894470
   71.7959628   54.1833184
   71.7961993   54.1774720
   71.8137288   54.1274917
   71.8136271   54.1270963
   71.7328975   54.0548478
   71.7324585   54.0546735
   71.4762676   54.0480964
   71.4758113   54.0482234
   71.3552601   54.1252592
   71.3524890   54.1264852
   71.3455676   54.1258574
   71.1694450   54.0417874
   71.1690077   54.0418106
   71.0933530   54.0884532
   70.9561907   54.2471157
   70.9560244   54.2475199
   70.9494268   54.3446931
   70.9496545   54.3449780
   71.1440309   54.3751788
   71.1477036   54.3765235
   71.1511189   54.3799968
   71.1523711   54.3866332
   71.1215510   54.5801427
   71.1216729   54.5806033
   71.1630167   54.6322060
   71.1651820   54.6376772
   71.1643455   54.6425316
   71.1604739   54.6469626
   71.1557756   54.6484427
   71.0780518   54.6528264
   71.0776468   54.6530189
   70.9976299   54.7407485
   70.9112462   54.8729769
   70.9111566   54.8733978
   70.9400880   55.0534274
   70.9393929   55.0589842
   70.9372769   55.0620940
   70.7715584   55.2273991
   70.7642299   55.2303157
   70.4703069   55.2224810
   70.4545408   55.2868456
END
END
