asia-russia-volga
1
   47.4095072   50.3242561
   47.3912636   50.3369968
   47.3729736   50.3448942
   47.3546278   50.3479531
   47.3454904   50.3470683
   47.3362588   50.3485389
   47.3277283   50.3476256
   47.3178861   50.3491188
   47.3099699   50.3481888
   47.2995152   50.3496940
   47.2922087   50.3487578
   47.2811459   50.3502626
   47.2744512   50.3493319
   47.2627731   50.3508260
   47.2566906   50.3499127
   47.2390140   50.3520275
   47.2312299   50.3551197
   47.2246699   50.3625230
   47.2141120   50.3782946
   47.2051692   50.4050487
   47.1958399   50.4116349
   47.1834701   50.4262549
   47.1754938   50.4436621
   47.1740841   50.4516124
   47.1695174   50.4623325
   47.1670579   50.4722191
   47.1611675   50.4757813
   47.1423527   50.4819738
   47.1235049   50.4830022
   47.1187443   50.4819599
   47.1046441   50.4826500
   47.1002133   50.4816708
   47.0857870   50.4822979
   47.0816809   50.4813822
   47.0669257   50.4819446
   47.0552698   50.4813535
   47.0448398   50.4754097
   47.0265147   50.4701220
   47.0118402   50.4709870
   47.0079793   50.4698943
   46.9933127   50.4707406
   46.9894430   50.4696660
   46.9747867   50.4704938
   46.9709097   50.4694370
   46.9562577   50.4702477
   46.9523748   50.4692084
   46.9377306   50.4700021
   46.9338385   50.4689788
   46.9152548   50.4699665
   46.9023551   50.4746246
   46.8930227   50.4853908
   46.8882857   50.4950759
   46.8617690   50.5096442
   46.8481021   50.5238240
   46.8384399   50.5421934
   46.8363689   50.5470769
   46.8271324   50.5523512
   46.8223740   50.5538649
   46.8053906   50.5645715
   46.7922921   50.5793465
   46.7830791   50.5981879
   46.7816352   50.6043958
   46.7676357   50.6105089
   46.7591783   50.6169025
   46.7491834   50.6230514
   46.7347456   50.6330473
   46.7301106   50.6386866
   46.7200444   50.6461451
   46.7046132   50.6664201
   46.6986950   50.6663483
   46.6707009   50.6598864
   46.6591372   50.6544388
   46.6558300   50.6538028
   46.6399860   50.6472294
   46.6205202   50.6404659
   46.6108630   50.6391347
   46.6045156   50.6287784
   46.5907281   50.6139399
   46.5744326   50.6026671
   46.5649994   50.5988011
   46.5563078   50.5939916
   46.5364637   50.5877743
   46.5332387   50.5873703
   46.5181642   50.5793529
   46.5071859   50.5757062
   46.4999584   50.5676614
   46.4898166   50.5507700
   46.4788424   50.5385441
   46.4636097   50.5295077
   46.4443479   50.5235757
   46.4247934   50.5231298
   46.4225474   50.5237001
   46.4052029   50.5233610
   46.4031094   50.5238796
   46.3856099   50.5235909
   46.3836715   50.5240599
   46.3660213   50.5238192
   46.3464310   50.5240466
   46.3266072   50.5286353
   46.3190660   50.5321626
   46.3165449   50.5319400
   46.3072789   50.5239551
   46.2882352   50.5139505
   46.2834642   50.5129948
   46.2689961   50.5076014
   46.2103277   50.5061769
   46.0930320   50.5030944
   46.0860517   50.5030553
   46.0778635   50.5072592
   46.0636830   50.5224109
   46.0575159   50.5413212
   46.0576028   50.5423870
   46.0404959   50.5987421
   46.0404360   50.6205119
   46.0421289   50.6277555
   46.0301956   50.6375138
   46.0144213   50.6586381
   45.9978610   50.6634067
   45.9907949   50.6636712
   45.9729497   50.6695190
   45.9668377   50.6736414
   45.9557329   50.6774089
   45.9497776   50.6813578
   45.9385162   50.6852929
   45.9327231   50.6890768
   45.9212988   50.6931719
   45.9156695   50.6967999
   45.9040778   50.7010487
   45.8986175   50.7045257
   45.8868576   50.7089213
   45.8818730   50.7120610
   45.8688332   50.7141879
   45.8637685   50.7161370
   45.8504402   50.7182724
   45.8453071   50.7202725
   45.7945140   50.7280890
   45.7929161   50.7287478
   45.7735015   50.7312337
   45.7561938   50.7285627
   45.7382981   50.7165533
   45.7304166   50.7044410
   45.7246399   50.6886881
   45.7240968   50.6848052
   45.7193260   50.6726956
   45.7180456   50.6661772
   45.7179787   50.6554219
   45.7198399   50.6474527
   45.7196830   50.6358445
   45.7216448   50.6282111
   45.7213726   50.6162597
   45.7234695   50.6089666
   45.7228088   50.5900794
   45.7144184   50.5686693
   45.7112808   50.5661410
   45.6933055   50.5590576
   45.6745455   50.5587265
   45.6395525   50.5588671
   45.6369420   50.5582008
   45.6220451   50.5588635
   45.6181458   50.5580040
   45.6045376   50.5588238
   45.5993420   50.5578385
   45.5826887   50.5591797
   45.5670305   50.5507754
   45.5557672   50.5491179
   45.5472440   50.5451808
   45.5278626   50.5455711
   45.5153518   50.5522740
   45.5089467   50.5528462
   45.4960359   50.5592289
   45.4900253   50.5600361
   45.4712126   50.5688362
   45.4673005   50.5720305
   45.4620180   50.5731137
   45.4520842   50.5729660
   45.4439852   50.5747428
   45.4327972   50.5747551
   45.4259529   50.5763529
   45.4162295   50.5765163
   45.4043177   50.5738408
   45.3936032   50.5691656
   45.3740220   50.5666105
   45.3642592   50.5684527
   45.3546438   50.5670698
   45.3443451   50.5689664
   45.3352686   50.5675327
   45.3244311   50.5694764
   45.3158924   50.5680002
   45.3045171   50.5699823
   45.2965163   50.5684721
   45.2846045   50.5704831
   45.2771407   50.5689485
   45.2646899   50.5709788
   45.2577653   50.5694308
   45.2447761   50.5714691
   45.2383905   50.5699193
   45.2248626   50.5719530
   45.2190160   50.5704143
   45.1997945   50.5731689
   45.1908685   50.5782853
   45.1809601   50.5816479
   45.1783933   50.5846381
   45.1747084   50.6038554
   45.1755728   50.6109018
   45.1746497   50.6238087
   45.1750891   50.6431304
   45.1790499   50.6561529
   45.1797164   50.6632480
   45.1820280   50.6701402
   45.1816650   50.6830758
   45.1843523   50.7029814
   45.1889429   50.7125379
   45.1955535   50.7199955
   45.2011780   50.7284831
   45.2152947   50.7426196
   45.2355474   50.7559674
   45.2400642   50.7639227
   45.2428972   50.7715002
   45.2536737   50.7888466
   45.2597643   50.7951044
   45.2660770   50.8046260
   45.2701781   50.8085236
   45.2785646   50.8203288
   45.2832166   50.8255786
   45.2911165   50.8431177
   45.2939535   50.8593959
   45.2883513   50.8760214
   45.2817065   50.8860210
   45.2730380   50.8904550
   45.2639025   50.8969798
   45.2561924   50.9002762
   45.2413673   50.9123600
   45.2373564   50.9182254
   45.2265042   50.9254898
   45.2140482   50.9346092
   45.2110813   50.9358144
   45.1964355   50.9480953
   45.1859454   50.9650220
   45.1824479   50.9769357
   45.1657122   50.9997015
   45.1601526   51.0115603
   45.1533212   51.0145013
   45.1442204   51.0206790
   45.1361619   51.0239771
   45.1263637   51.0306258
   45.1190016   51.0334537
   45.1085057   51.0405722
   45.1018463   51.0429286
   45.0906487   51.0505184
   45.0846874   51.0524062
   45.0687237   51.0632185
   45.0568743   51.0783898
   45.0483344   51.0908159
   45.0439171   51.0958321
   45.0366678   51.1011806
   45.0216597   51.1077028
   45.0076827   51.1102259
   45.0061700   51.1092919
   44.9857536   51.1034120
   44.9728261   51.1041764
   44.9657445   51.1028992
   44.9606659   51.1038499
   44.9507720   51.1012336
   44.9454311   51.0983910
   44.9254152   51.0977882
   44.9198649   51.1006379
   44.9051796   51.1026758
   44.8861947   51.1073400
   44.8672570   51.1210177
   44.8608977   51.1288634
   44.8477161   51.1266799
   44.8278540   51.1281560
   44.8190660   51.1280511
   44.8053205   51.1257631
   44.7875557   51.1234627
   44.7790074   51.1248624
   44.7676537   51.1243531
   44.7650173   51.1250302
   44.7477887   51.1257799
   44.7406692   51.1283014
   44.7280569   51.1289279
   44.7209850   51.1313738
   44.7083215   51.1320741
   44.7013029   51.1344484
   44.6885883   51.1352170
   44.6816214   51.1375255
   44.6688565   51.1383572
   44.6619415   51.1406045
   44.6552406   51.1410704
   44.6485331   51.1337332
   44.6276205   51.1212809
   44.6143665   51.1205615
   44.6073499   51.1173334
   44.6012312   51.1185946
   44.5872052   51.1150333
   44.5815301   51.1185053
   44.5712236   51.1201078
   44.5675619   51.1193807
   44.5315204   51.1382311
   44.5290800   51.1387009
   44.5138788   51.1474377
   44.5098560   51.1485533
   44.4961743   51.1565945
   44.4906316   51.1584524
   44.4797806   51.1641315
   44.4707975   51.1602396
   44.4528030   51.1566724
   44.4504831   51.1557389
   44.4303011   51.1529251
   44.3992003   51.1575654
   44.3890610   51.1582975
   44.3778333   51.1574612
   44.3705738   51.1554026
   44.3630397   51.1554898
   44.3504038   51.1528022
   44.3308869   51.1550731
   44.3134261   51.1576739
   44.3108056   51.1573511
   44.2959447   51.1601736
   44.2910185   51.1597700
   44.2653711   51.1655086
   44.2531299   51.1632312
   44.2487249   51.1611350
   44.2436202   51.1456424
   44.2409579   51.1415102
   44.2361867   51.1262426
   44.2249031   51.1101271
   44.2194790   51.1061433
   44.2118810   51.0954912
   44.2068017   51.0917951
   44.1988568   51.0808560
   44.1858245   51.0714579
   44.1712078   51.0703467
   44.1650389   51.0715610
   44.1509189   51.0718787
   44.1331881   51.0730415
   44.1232154   51.0760762
   44.1143987   51.0720621
   44.0958680   51.0682756
   44.0818752   51.0687730
   44.0772382   51.0655912
   44.0589990   51.0586970
   44.0534586   51.0582398
   44.0404592   51.0550489
   44.0214769   51.0560859
   44.0128806   51.0589971
   43.9964374   51.0777403
   43.9881891   51.0941889
   43.9864815   51.1009770
   43.9813994   51.1115650
   43.9736413   51.1156215
   43.9421749   51.1251981
   43.9296496   51.1265155
   43.9218731   51.1207075
   43.9070212   51.1111878
   43.9047946   51.1085078
   43.8872350   51.0982186
   43.8801095   51.0975065
   43.8687717   51.0915251
   43.7825415   51.0899523
   43.7692925   51.0865348
   43.7651328   51.0865130
   43.7500319   51.0830125
   43.7477280   51.0830398
   43.7172479   51.0771256
   43.7126625   51.0713846
   43.6963105   51.0591053
   43.6864925   51.0535678
   43.6784922   51.0470346
   43.6596842   51.0417097
   43.6532464   51.0426335
   43.6400150   51.0398119
   43.6361077   51.0404563
   43.6007111   51.0358766
   43.5847149   51.0347204
   43.5811571   51.0335180
   43.5675860   51.0329815
   43.5076656   51.0181765
   43.5047897   51.0167457
   43.4901711   51.0138834
   43.4858715   51.0118515
   43.4726838   51.0095577
   43.4669480   51.0069888
   43.4552035   51.0052008
   43.4480158   51.0021574
   43.4285109   50.9996067
   43.4245256   51.0001064
   43.4133542   50.9963157
   43.4097548   50.9940749
   43.3968204   50.9901184
   43.3914192   50.9868743
   43.3803042   50.9838850
   43.3730714   50.9797187
   43.3558538   50.9757944
   43.3392762   50.9821238
   43.3378698   50.9832467
   43.3213948   50.9900857
   43.3039083   50.9988623
   43.3010274   51.0016958
   43.2870543   51.0089467
   43.2846354   51.0113135
   43.2701969   51.0190309
   43.2682431   51.0209338
   43.2533414   51.0291118
   43.2518542   51.0305540
   43.2364823   51.0391928
   43.1701295   51.0788446
   43.1544247   51.0845678
   43.1501299   51.0853112
   43.1386198   51.0902271
   43.1314717   51.0916645
   43.1136510   51.0997451
   43.0798554   51.1155376
   43.0780052   51.1159085
   43.0622243   51.1235810
   43.0601847   51.1239894
   43.0445935   51.1316249
   43.0423609   51.1320714
   43.0269624   51.1396684
   43.0245402   51.1401523
   43.0093314   51.1477125
   43.0067165   51.1482343
   42.9917016   51.1557558
   42.9888943   51.1563153
   42.9740706   51.1637994
   42.9710736   51.1643960
   42.9564398   51.1718435
   42.9532498   51.1724777
   42.9388089   51.1798873
   42.9354275   51.1805586
   42.9211780   51.1879310
   42.9176066   51.1886391
   42.9035487   51.1959746
   42.8997826   51.1967203
   42.8829857   51.2055618
   42.8734964   51.2223414
   42.8722319   51.2278149
   42.8604207   51.2396158
   42.8476271   51.2533254
   42.8429121   51.2647600
   42.8378389   51.2706056
   42.8342217   51.2803474
   42.8281135   51.2879242
   42.8254645   51.2959011
   42.8184529   51.3052786
   42.8145526   51.3185196
   42.8116423   51.3242530
   42.8108953   51.3291268
   42.8059712   51.3438789
   42.8049557   51.3661497
   42.7992610   51.3742323
   42.7916200   51.3814136
   42.7873636   51.3879218
   42.7783281   51.3967034
   42.7754277   51.4015640
   42.7650953   51.4120250
   42.7634400   51.4151417
   42.7386371   51.4426719
   42.7277319   51.4561979
   42.7159117   51.4627644
   42.7126600   51.4631168
   42.6987727   51.4707876
   42.6956303   51.4711246
   42.6816359   51.4788110
   42.6786006   51.4791330
   42.6644980   51.4868345
   42.6615699   51.4871417
   42.6473622   51.4948570
   42.6445390   51.4951499
   42.6302232   51.5028802
   42.6275075   51.5031589
   42.6130859   51.5109026
   42.6104792   51.5111671
   42.5959478   51.5189255
   42.5934486   51.5191763
   42.5788107   51.5269477
   42.5764180   51.5271851
   42.5616725   51.5349703
   42.5593867   51.5351945
   42.5445339   51.5429923
   42.5423587   51.5432033
   42.5273966   51.5510146
   42.5253284   51.5512129
   42.5115588   51.5583616
   42.5094879   51.5637053
   42.5030795   51.5718510
   42.5022461   51.5759598
   42.4946487   51.5877935
   42.4932663   51.5886003
   42.4867426   51.6059123
   42.4912130   51.6139184
   42.4913380   51.6233339
   42.4898937   51.6248765
   42.4880559   51.6352112
   42.4816969   51.6419034
   42.4820557   51.6500759
   42.4733997   51.6589119
   42.4776384   51.6680680
   42.4703177   51.6768115
   42.4755634   51.6861049
   42.4755337   51.6961286
   42.4766375   51.6975729
   42.4819641   51.7137817
   42.4871010   51.7160057
   42.4954665   51.7257354
   42.5024059   51.7288971
   42.5106248   51.7384087
   42.5177136   51.7417877
   42.5257825   51.7510831
   42.5330216   51.7546758
   42.5409392   51.7637594
   42.5483304   51.7675629
   42.5560944   51.7764366
   42.5636400   51.7804489
   42.5712474   51.7891133
   42.5789508   51.7933333
   42.5864027   51.8017933
   42.5942611   51.8062169
   42.6015541   51.8144723
   42.6095751   51.8191017
   42.6167071   51.8271530
   42.6248869   51.8319839
   42.6306980   51.8410667
   42.6381941   51.8485921
   42.6427729   51.8570180
   42.6485070   51.8620325
   42.6549593   51.8728516
   42.6586437   51.8755671
   42.6630478   51.8821601
   42.6665553   51.8982427
   42.6658645   51.9017536
   42.6696966   51.9143607
   42.6687393   51.9208287
   42.6726614   51.9304954
   42.6718125   51.9398556
   42.6754015   51.9466518
   42.6751300   51.9588211
   42.6802868   51.9664254
   42.6815250   51.9770369
   42.6849089   51.9812743
   42.6882749   51.9951651
   42.6980238   52.0059286
   42.7009576   52.0118456
   42.7070956   52.0176433
   42.7143122   52.0283635
   42.7264439   52.0392091
   42.7203376   52.0664440
   42.7217182   52.0858845
   42.7227389   52.0883359
   42.7241342   52.1050693
   42.7248553   52.1066343
   42.7289857   52.1434393
   42.7314577   52.1615283
   42.7311021   52.1626976
   42.7342043   52.1817180
   42.7372189   52.1856758
   42.7419699   52.1988250
   42.7550073   52.2045316
   42.7571877   52.2069457
   42.7717647   52.2137168
   42.7731527   52.2153547
   42.8052556   52.2321308
   42.8208940   52.2408933
   42.8222062   52.2409842
   42.8366873   52.2496532
   42.8391486   52.2498506
   42.8511028   52.2575136
   42.8587225   52.2717582
   42.8611983   52.2736882
   42.8684528   52.2873430
   42.8712868   52.2898694
   42.8781894   52.3029233
   42.8813732   52.3060552
   42.8888982   52.3195287
   42.8919931   52.3318418
   42.8919259   52.3361036
   42.8953411   52.3483219
   42.8952751   52.3539264
   42.8986820   52.3648024
   42.8986335   52.3717492
   42.9022253   52.3818840
   42.9113080   52.3880674
   42.9281953   52.3911883
   42.9295719   52.3908101
   42.9450525   52.3946572
   42.9539116   52.3923129
   42.9622747   52.3936350
   42.9690705   52.3916288
   42.9795053   52.3925286
   42.9842426   52.3910139
   42.9970979   52.3913703
   43.0084789   52.4001568
   43.0183260   52.4149545
   43.0209635   52.4211770
   43.0160289   52.4382125
   43.0101154   52.4565624
   43.0103347   52.4584488
   43.0040079   52.4751754
   43.0051518   52.4791014
   42.9970686   52.4938645
   43.0045601   52.5024851
   43.0037939   52.5112986
   43.0187442   52.5279788
   43.0241037   52.5311541
   43.0239924   52.5376325
   43.0225547   52.5479930
   43.0215805   52.5631762
   43.0340365   52.5766733
   43.0474117   52.5813646
   43.0509492   52.5849960
   43.0649259   52.5904767
   43.0678408   52.5933468
   43.0824505   52.5995567
   43.0847203   52.6017190
   43.0999813   52.6086152
   43.1015860   52.6101035
   43.1231890   52.6208374
   43.1333188   52.6296850
   43.1368984   52.6313499
   43.1482043   52.6408441
   43.1505919   52.6418881
   43.1640394   52.6527272
   43.1730424   52.6651732
   43.1791286   52.6712789
   43.1787030   52.6751578
   43.1718872   52.6934893
   43.1606472   52.7083617
   43.1543148   52.7129760
   43.1501344   52.7186420
   43.1399711   52.7267204
   43.1374350   52.7304032
   43.1256858   52.7405350
   43.1246755   52.7421026
   43.1113350   52.7542721
   43.0996465   52.7659784
   43.0967539   52.7677410
   43.0872057   52.7779893
   43.0822370   52.7812855
   43.0746972   52.7899309
   43.0675022   52.7945813
   43.0539681   52.8047128
   43.0510592   52.8058878
   43.0388175   52.8154769
   43.0346204   52.8172052
   43.0236638   52.8262291
   43.0181910   52.8285316
   43.0085020   52.8369695
   43.0017733   52.8398690
   42.9872216   52.8533611
   42.9452967   52.8930167
   42.9435796   52.8939032
   42.9313075   52.9062194
   42.9290488   52.9074306
   42.9173110   52.9194161
   42.9070647   52.9251099
   42.8998439   52.9316324
   42.8899671   52.9343898
   42.8829739   52.9385901
   42.8719739   52.9418198
   42.8660951   52.9455277
   42.8539905   52.9492700
   42.8492085   52.9524428
   42.8360189   52.9567420
   42.8323134   52.9593332
   42.8180568   52.9642396
   42.8154080   52.9661958
   42.8001105   52.9717628
   42.7984939   52.9730267
   42.7641944   52.9867683
   42.7478687   52.9938719
   42.7461131   52.9940159
   42.7284806   53.0021947
   42.7226336   53.0081021
   42.7121697   53.0131039
   42.7061354   53.0189652
   42.6958523   53.0240031
   42.6896458   53.0298345
   42.6795316   53.0348926
   42.6731578   53.0407129
   42.6632067   53.0457768
   42.6566763   53.0515949
   42.6170132   53.0735302
   42.6121553   53.0741274
   42.6008225   53.0783801
   42.5931315   53.0794239
   42.5837911   53.0832979
   42.5741255   53.0847571
   42.5667548   53.0881697
   42.5551424   53.0901379
   42.5497121   53.0929792
   42.5361889   53.0955821
   42.5301260   53.0992230
   42.5182471   53.1140685
   42.5175677   53.1161326
   42.4962570   53.1451525
   42.4853462   53.1607605
   42.4795154   53.1803749
   42.4784014   53.2038523
   42.4709233   53.2126821
   42.4649915   53.2173461
   42.4568712   53.2268413
   42.4515140   53.2309299
   42.4428126   53.2409965
   42.4380447   53.2445175
   42.4287497   53.2551451
   42.4245802   53.2581134
   42.4146815   53.2692845
   42.4111251   53.2717147
   42.4006044   53.2834164
   42.3976803   53.2853243
   42.3865197   53.2975375
   42.3695435   53.3080463
   42.3644012   53.3096099
   42.3514655   53.3171826
   42.3404811   53.3223593
   42.2738978   53.3283337
   42.2614622   53.3329393
   42.2562506   53.3336927
   42.2481287   53.3373163
   42.2386838   53.3393382
   42.2353271   53.3410924
   42.2317031   53.3461362
   42.2254316   53.3650567
   42.2238386   53.3762404
   42.2208955   53.3841133
   42.2216574   53.4035759
   42.2240230   53.4091110
   42.2249846   53.4232341
   42.2329648   53.4433081
   42.2271403   53.4495096
   42.2101978   53.4600896
   42.1984684   53.4632683
   42.1920714   53.4671717
   42.1812461   53.4698928
   42.1739419   53.4742413
   42.1640265   53.4765313
   42.1479794   53.4858354
   42.1430771   53.4909404
   42.1377742   53.4933916
   42.1311856   53.4934357
   42.1229760   53.4958429
   42.1123449   53.4963828
   42.0951847   53.5031521
   42.0860866   53.5095749
   42.0824523   53.5164679
   42.0792154   53.5202006
   42.0729911   53.5383498
   42.0743994   53.5491326
   42.0721097   53.5570653
   42.0735682   53.5662650
   42.0712857   53.5757842
   42.0726846   53.5833955
   42.0705107   53.5945092
   42.0717552   53.6005296
   42.0697793   53.6132393
   42.0707859   53.6176609
   42.0690855   53.6319750
   42.0697817   53.6347955
   42.0684255   53.6507109
   42.0735419   53.6700590
   42.0761403   53.6744678
   42.0795674   53.6852246
   42.0760349   53.6958448
   42.0694587   53.7087822
   42.0619081   53.7252508
   42.0600016   53.7438566
   42.0635036   53.7591578
   42.0725234   53.7687571
   42.0754127   53.7706044
   42.0850659   53.7809186
   42.0882452   53.7830369
   42.0984016   53.7936852
   42.1020259   53.8124205
   42.1102180   53.8285687
   42.1228253   53.8413463
   42.1377416   53.8450346
   42.1423165   53.8475892
   42.1566021   53.8509089
   42.1602128   53.8529435
   42.1754583   53.8567874
   42.1781095   53.8582935
   42.1943169   53.8626718
   42.1960078   53.8636393
   42.2320388   53.8743950
   42.2843004   53.8906770
   42.2951249   53.8970134
   42.3008474   53.9018985
   42.3098292   53.9067067
   42.3166056   53.9124258
   42.3245218   53.9164072
   42.3323674   53.9229386
   42.3392040   53.9261199
   42.3526243   53.9371072
   42.3628313   53.9513423
   42.3712384   53.9723618
   42.3764254   53.9814723
   42.3616895   53.9963752
   42.3460440   54.0064391
   42.3415815   54.0080426
   42.3299945   54.0155229
   42.3256390   54.0170297
   42.3139495   54.0246068
   42.3096919   54.0260161
   42.2979006   54.0336944
   42.2937454   54.0350001
   42.2818567   54.0427825
   42.2777968   54.0439813
   42.2626070   54.0539851
   42.2522440   54.0632459
   42.2454341   54.0684749
   42.2370952   54.0861438
   42.2362383   54.0934231
   42.2327091   54.1057163
   42.2327761   54.1274262
   42.2338064   54.1327943
   42.2256618   54.1399166
   42.2203348   54.1431240
   42.2057692   54.1578026
   42.1985167   54.1715780
   42.1958228   54.1746972
   42.1917431   54.1843375
   42.1862487   54.1917734
   42.1846061   54.1968659
   42.1770800   54.2090463
   42.1746407   54.2199130
   42.1710500   54.2278253
   42.1705486   54.2319646
   42.1657057   54.2469355
   42.1655519   54.2511449
   42.1683448   54.2545162
   42.1855151   54.2663114
   42.2034695   54.2747596
   42.2233080   54.2751470
   42.2395292   54.2743183
   42.2432440   54.2751055
   42.2557633   54.2738508
   42.2632353   54.2748329
   42.2708428   54.2737764
   42.2825054   54.2776469
   42.2883744   54.2780182
   42.3013571   54.2822643
   42.3068639   54.2825810
   42.3202045   54.2868795
   42.3253568   54.2871460
   42.3390543   54.2914924
   42.3438455   54.2917122
   42.3579044   54.2961038
   42.3623373   54.2962811
   42.3774200   54.3007359
   42.3889821   54.3056034
   42.3946386   54.3094625
   42.4015201   54.3115847
   42.4125925   54.3179134
   42.4271761   54.3205286
   42.4313621   54.3228694
   42.4452085   54.3251253
   42.4599549   54.3331841
   42.4856971   54.3786485
   42.4923671   54.3851479
   42.4996394   54.3943352
   42.5121778   54.4079517
   42.5141641   54.4093402
   42.5140890   54.4283526
   42.5150387   54.4492442
   42.5218741   54.4671462
   42.5241357   54.4696899
   42.5298838   54.4844533
   42.5318924   54.4866413
   42.5378991   54.5017574
   42.5396427   54.5035941
   42.5459199   54.5190576
   42.5599371   54.5333157
   42.5703165   54.5386916
   42.5825422   54.5467530
   42.5877759   54.5619266
   42.6059950   54.5909580
   42.6007382   54.6000755
   42.5926968   54.6082296
   42.5668490   54.6440173
   42.5664608   54.6448983
   42.5486535   54.6508277
   42.5324145   54.6608006
   42.5049771   54.6797822
   42.4994690   54.6799873
   42.4786270   54.6825290
   42.4610755   54.6903796
   42.4591897   54.6921195
   42.4439719   54.6989562
   42.4422942   54.7005708
   42.4268710   54.7075344
   42.4254001   54.7090184
   42.4097704   54.7161156
   42.3962605   54.7304897
   42.3906616   54.7427173
   42.3877127   54.7464858
   42.3823787   54.7491432
   42.3802633   54.7526616
   42.3781768   54.7603347
   42.3702484   54.7745436
   42.3691839   54.7944981
   42.3734734   54.8017280
   42.3736424   54.8132655
   42.3831964   54.8275189
   42.3838674   54.8307941
   42.3924280   54.8425440
   42.3943132   54.8482725
   42.4015386   54.8577193
   42.4048751   54.8657286
   42.4105871   54.8729627
   42.4155007   54.8831674
   42.4196028   54.8882470
   42.4243137   54.8971079
   42.4238590   54.9102550
   42.4204463   54.9215595
   42.4200407   54.9308472
   42.4071051   54.9701627
   42.3961034   54.9730262
   42.3762714   54.9749999
   42.3643722   54.9722941
   42.3569816   54.9730646
   42.3450852   54.9703223
   42.3376902   54.9711298
   42.3257984   54.9683495
   42.3183973   54.9691961
   42.3065114   54.9663763
   42.2991071   54.9672636
   42.2872248   54.9644014
   42.2716605   54.9630526
   42.2507122   54.9569347
   42.2489664   54.9555934
   42.2354676   54.9529919
   42.2299755   54.9490386
   42.2203345   54.9488560
   42.2109633   54.9428399
   42.2022951   54.9450379
   42.1916754   54.9408839
   42.1887176   54.9424479
   42.1749814   54.9408543
   42.1724164   54.9384809
   42.1545799   54.9418172
   42.1528610   54.9406483
   42.1344497   54.9432779
   42.1333151   54.9426690
   42.1143534   54.9448732
   42.0556963   54.9498531
   42.0544199   54.9510796
   42.0391348   54.9574276
   42.0362459   54.9603140
   42.0221512   54.9653381
   42.0180933   54.9696222
   42.0051135   54.9731745
   41.9999753   54.9790749
   41.9879580   54.9808611
   41.9819377   54.9888488
   41.9704849   54.9881382
   41.9608615   55.0055336
   41.9525359   55.0246023
   41.9523987   55.0313766
   41.9435574   55.0439641
   41.9372963   55.0442976
   41.9234016   55.0412487
   41.9201660   55.0416154
   41.8847301   55.0361175
   41.8778418   55.0380900
   41.8655557   55.0371770
   41.8618473   55.0385114
   41.8463892   55.0384668
   41.8381530   55.0420378
   41.8273283   55.0421313
   41.8186089   55.0455948
   41.8082681   55.0457801
   41.7990727   55.0491648
   41.7956059   55.0492533
   41.7857941   55.0558086
   41.7750006   55.0699600
   41.7727176   55.0772700
   41.7663144   55.0854527
   41.7635499   55.0935807
   41.7576410   55.1009568
   41.7547052   55.1089666
   41.7572935   55.1199602
   41.7683015   55.1357748
   41.7778639   55.1422163
   41.7829967   55.1491648
   41.7926476   55.1560766
   41.7976571   55.1625756
   41.8074505   55.1699107
   41.8122970   55.1760004
   41.8222602   55.1837218
   41.8269208   55.1894339
   41.8379090   55.1985178
   41.8367453   55.2060299
   41.8359239   55.2296298
   41.8414717   55.2490368
   41.8533883   55.2642536
   41.8630744   55.2700944
   41.8689764   55.2770545
   41.8784699   55.2831235
   41.8845218   55.2898835
   41.8938786   55.2961129
   41.8986147   55.3011985
   41.8985058   55.3037399
   41.9023748   55.3242537
   41.9067764   55.3329515
   41.9095961   55.3425594
   41.9205383   55.3584173
   41.9259125   55.3625243
   41.9442832   55.3690085
   41.9594587   55.3735926
   41.9641864   55.3760291
   41.9712271   55.3777036
   41.9795244   55.3886581
   41.9940699   55.4025140
   42.0112320   55.4114018
   42.0263046   55.4185492
   42.0292515   55.4208013
   42.0413196   55.4258496
   42.0469657   55.4297536
   42.0562886   55.4332802
   42.0606889   55.4360478
   42.0593077   55.4556097
   42.0495588   55.4782836
   42.0514962   55.4936021
   42.0500678   55.4972312
   42.0520629   55.5120833
   42.0505861   55.5161767
   42.0526215   55.5305666
   42.0511128   55.5351243
   42.0509463   55.5442010
   42.0432822   55.5539005
   42.0435247   55.5631172
   42.0325491   55.5726179
   42.0397644   55.5829866
   42.0320433   55.5915440
   42.0372870   55.5972436
   42.0377780   55.6009939
   42.0379635   55.6015476
   42.0321133   55.6104812
   42.0494776   55.6257173
   42.0509840   55.6298020
   42.0627108   55.6415598
   42.0649783   55.6420887
   42.0703822   55.6530658
   42.0766125   55.6590728
   42.0832752   55.6693185
   42.0977873   55.6833576
   42.1081177   55.6864740
   42.1156627   55.6927866
   42.1241493   55.6951863
   42.1335682   55.7021721
   42.1365635   55.7029745
   42.1439286   55.7112043
   42.1468974   55.7178324
   42.1622779   55.7306804
   42.1719336   55.7327949
   42.1812654   55.7385833
   42.1895475   55.7409322
   42.1982844   55.7491871
   42.2024281   55.7508560
   42.2145610   55.7608071
   42.2284298   55.7703891
   42.2304152   55.7730037
   42.2416930   55.7798124
   42.2463205   55.7851338
   42.2643699   55.7943244
   42.2685406   55.7948590
   42.2836257   55.8018617
   42.2862152   55.8022326
   42.3220209   55.8170949
   42.3570329   55.8308972
   42.3647508   55.8352612
   42.3897777   55.8599405
   42.4066201   55.8707812
   42.4092322   55.8718086
   42.4317339   55.8852109
   42.4367093   55.8974007
   42.4484328   55.9152571
   42.4633214   55.9287813
   42.4677142   55.9310174
   42.4789920   55.9412316
   42.4832102   55.9433403
   42.4946620   55.9536801
   42.4987058   55.9556635
   42.5103347   55.9661295
   42.5152397   55.9689192
   42.5504396   55.9865651
   42.5675801   55.9955937
   42.5813829   55.9960891
   42.5865091   55.9981560
   42.5968663   55.9978241
   42.6055080   56.0004334
   42.6254534   55.9986625
   42.6304197   55.9965868
   42.6486165   56.0078789
   42.6585331   56.0178438
   42.6571106   56.0274899
   42.6536865   56.0363010
   42.6529106   56.0534174
   42.6535001   56.0552618
   42.6533918   56.0704250
   42.6543749   56.0838397
   42.6534416   56.0874699
   42.6558226   56.1043144
   42.6588555   56.1164484
   42.6627652   56.1198724
   42.6666008   56.1267209
   42.6799911   56.1365003
   42.6818376   56.1367551
   42.6938700   56.1453190
   42.7034951   56.1460685
   42.7094260   56.1508337
   42.7218377   56.1533195
   42.7383797   56.1678466
   42.7464063   56.1817669
   42.7349604   56.1993529
   42.7304686   56.2175574
   42.7288960   56.2299863
   42.7261443   56.2372114
   42.7272005   56.2565479
   42.7297293   56.2620039
   42.7305956   56.2760557
   42.7329077   56.2818069
   42.7313899   56.2920600
   42.7290034   56.2951941
   42.7244365   56.3085985
   42.7125432   56.3227786
   42.7072898   56.3254970
   42.6992555   56.3355490
   42.6930451   56.3389858
   42.6901111   56.3428330
   42.6771544   56.3506780
   42.6757782   56.3528038
   42.6613780   56.3624959
   42.6473836   56.3732398
   42.6449780   56.3736321
   42.6334531   56.3839366
   42.6285545   56.3847440
   42.6195190   56.3946286
   42.6121372   56.3958628
   42.6055807   56.4053111
   42.5957286   56.4069918
   42.5868912   56.4263742
   42.5868542   56.4321053
   42.5890019   56.4362248
   42.6050113   56.4462747
   42.6170301   56.4524416
   42.6171349   56.4656070
   42.6300909   56.4737996
   42.6303937   56.4742601
   42.6303501   56.4806769
   42.6330762   56.4823227
   42.6484538   56.4834067
   42.6499004   56.4873813
   42.6663631   56.4890771
   42.6695565   56.4928932
   42.6842761   56.4945375
   42.6891846   56.4984523
   42.7061180   56.5004123
   42.7097359   56.5024937
   42.7255949   56.5043734
   42.7302814   56.5065462
   42.7450670   56.5083226
   42.7508239   56.5106048
   42.7645422   56.5122677
   42.7713605   56.5146649
   42.7852403   56.5166003
   42.7878685   56.5253524
   42.7988995   56.5450264
   42.8123857   56.5581186
   42.8212963   56.5650640
   42.8390719   56.5841498
   42.8473012   56.5983980
   42.8211854   56.6184956
   42.8187721   56.6194358
   42.8104656   56.6279993
   42.8023912   56.6318504
   42.7994493   56.6367458
   42.7870074   56.6449428
   42.7852283   56.6545771
   42.7756513   56.6607730
   42.7726674   56.6788101
   42.7708850   56.6810816
   42.7688744   56.6967352
   42.7718925   56.7093479
   42.7962785   56.7411346
   42.7933004   56.7600443
   42.8014821   56.7756315
   42.8098437   56.7881929
   42.8098864   56.7924623
   42.8178600   56.8009484
   42.8187018   56.8083595
   42.8276754   56.8156747
   42.8306267   56.8224046
   42.8356207   56.8252865
   42.8435999   56.8358237
   42.8479172   56.8377652
   42.8594432   56.8366176
   42.8681020   56.8394112
   42.8766787   56.8382313
   42.8883271   56.8409037
   42.8939241   56.8399724
   42.8995766   56.8408663
   42.9078694   56.8450772
   42.9155358   56.8457706
   42.9270212   56.8507939
   42.9314212   56.8508858
   42.9462311   56.8562869
   42.9632710   56.8608868
   42.9652924   56.8623560
   42.9848427   56.8665073
   42.9897899   56.8655179
   43.0051555   56.8676449
   43.0070886   56.8672214
   43.0254115   56.8690105
   43.0415886   56.8695917
   43.0488701   56.8707534
   43.0651859   56.8746492
   43.0786092   56.8766318
   43.0847130   56.8788945
   43.0934711   56.8796199
   43.1039283   56.8843543
   43.1124844   56.8863262
   43.1227623   56.8913274
   43.1273775   56.8920700
   43.1421365   56.8980852
   43.1606350   56.9044594
   43.1825359   56.9046118
   43.2040495   56.9105354
   43.2260187   56.9216173
   43.2418170   56.9362696
   43.2586722   56.9532352
   43.2754225   56.9734898
   43.2920845   56.9970524
   43.3086611   57.0239302
   43.3129807   57.0318395
   43.3236748   57.0580345
   43.3190067   57.0683790
   43.3119342   57.0863465
   43.3056850   57.1047845
   43.3030905   57.1138262
   43.2879457   57.1616411
   43.2946285   57.1846730
   43.3011351   57.2040954
   43.3084642   57.2228886
   43.3166215   57.2410654
   43.3255893   57.2585879
   43.3353859   57.2754934
   43.3460083   57.2917748
   43.3574467   57.3074176
   43.3694462   57.3226469
   43.3791824   57.3395964
   43.3897589   57.3558987
   43.4011803   57.3715612
   43.4134440   57.3865794
   43.4265585   57.4009630
   43.4404972   57.4146836
   43.4544675   57.4270438
   43.4704986   57.4341868
   43.4883553   57.4410627
   43.5066035   57.4470314
   43.5222900   57.4510817
   43.5451016   57.4629583
   43.5734791   57.4757444
   43.6003874   57.4857787
   43.6443646   57.4984516
   43.6517475   57.5012055
   43.6766224   57.5074053
   43.6994619   57.5097655
   43.7202618   57.5082855
   43.7390203   57.5029658
   43.7456669   57.4993246
   43.7568954   57.4959780
   43.7621410   57.4929280
   43.7747543   57.4889636
   43.7786260   57.4865642
   43.7925976   57.4819162
   43.7951224   57.4802402
   43.8282286   57.4677201
   43.8535377   57.4577304
   43.8723411   57.4563613
   43.8828256   57.4596038
   43.8909136   57.4589793
   43.9022875   57.4621864
   43.9094859   57.4616021
   43.9217537   57.4647641
   43.9280578   57.4642303
   43.9412172   57.4673372
   43.9466296   57.4668618
   43.9606829   57.4699066
   43.9652011   57.4694968
   43.9801510   57.4724731
   43.9837725   57.4721351
   43.9966622   57.4744956
   43.9994554   57.4757766
   44.0135887   57.4778780
   44.0185702   57.4799669
   44.0304985   57.4813377
   44.0376990   57.4840801
   44.0473935   57.4848735
   44.0568469   57.4881181
   44.0613497   57.4883408
   44.0758043   57.4930150
   44.0789642   57.4930956
   44.0947700   57.4978811
   44.0965676   57.4978824
   44.1137445   57.5027147
   44.1495299   57.5117568
   44.1515695   57.5129410
   44.1672238   57.5162522
   44.1704746   57.5180792
   44.1849114   57.5207679
   44.1893873   57.5231958
   44.2025919   57.5253064
   44.2083027   57.5282871
   44.2229628   57.5302256
   44.2274519   57.5323107
   44.2396913   57.5333773
   44.2466280   57.5362180
   44.2564027   57.5366469
   44.2658269   57.5400106
   44.2730903   57.5400278
   44.2850515   57.5436946
   44.2897598   57.5435179
   44.2997543   57.5460990
   44.3039877   57.5486906
   44.3162226   57.5512304
   44.3226563   57.5549277
   44.3326597   57.5564430
   44.3413437   57.5610672
   44.3490498   57.5617534
   44.3644904   57.5692387
   44.3678894   57.5727707
   44.3794093   57.5779051
   44.3844628   57.5825861
   44.3942956   57.5866556
   44.4002873   57.5933786
   44.4071057   57.5979680
   44.4145161   57.6062674
   44.4167683   57.6074378
   44.4291373   57.6186405
   44.4385626   57.6221882
   44.4460329   57.6280291
   44.4489238   57.6289974
   44.4571767   57.6387485
   44.4588158   57.6428147
   44.4677989   57.6519438
   44.4706302   57.6588701
   44.4855122   57.6709020
   44.4884546   57.6713872
   44.5017093   57.6812063
   44.5032374   57.6814525
   44.5179109   57.6915050
   44.5330589   57.7011248
   44.5338102   57.7022043
   44.5480870   57.7107519
   44.5497193   57.7128861
   44.5665356   57.7223802
   44.5836573   57.7244468
   44.5875823   57.7261115
   44.5990828   57.7263895
   44.6058677   57.7289262
   44.6209955   57.7281569
   44.6242617   57.7293243
   44.6389981   57.7284680
   44.6426557   57.7297176
   44.6569999   57.7287838
   44.6610517   57.7301069
   44.6750044   57.7291054
   44.6794455   57.7304911
   44.6930071   57.7294303
   44.6978403   57.7308709
   44.7110084   57.7297596
   44.7219532   57.7328751
   44.7291467   57.7417594
   44.7305925   57.7459805
   44.7422498   57.7601410
   44.7450822   57.7617654
   44.7547453   57.7735999
   44.7578190   57.7754283
   44.7672411   57.7870552
   44.7705555   57.7890942
   44.7797406   57.8005092
   44.7832878   57.8027606
   44.7903709   57.8116216
   44.7914932   57.8145923
   44.8008207   57.8259011
   44.8021988   57.8295513
   44.8112719   57.8401815
   44.8129060   57.8445131
   44.8217225   57.8544606
   44.8280632   57.8712823
   44.8282750   57.8766044
   44.7925687   57.9492180
   44.7928345   57.9498135
   44.7841135   57.9662405
   44.7897548   57.9711301
   44.7856433   57.9851180
   44.7891482   57.9899494
   44.7863137   58.0038352
   44.7888848   58.0087011
   44.7867186   58.0225046
   44.7928923   58.0377773
   44.8036016   58.0488065
   44.8049470   58.0493552
   44.8179334   58.0619559
   44.8302689   58.0721828
   44.8320033   58.0754120
   44.8430212   58.0835029
   44.8461507   58.0887773
   44.8626504   58.0993892
   44.8721432   58.1008914
   44.8815620   58.1060259
   44.8903397   58.1047766
   44.9002892   58.1063762
   44.9085568   58.1050335
   44.9197695   58.1065937
   44.9267738   58.1053169
   44.9392472   58.1067854
   44.9449923   58.1056251
   44.9587286   58.1069509
   44.9628870   58.1060301
   44.9748217   58.1093805
   44.9781234   58.1111573
   44.9975521   58.1138443
   45.0106972   58.1132393
   45.0170181   58.1146245
   45.0292891   58.1124280
   45.0365171   58.1139194
   45.0486788   58.1117894
   45.0560135   58.1132166
   45.0680675   58.1111485
   45.0755125   58.1125164
   45.0874588   58.1105062
   45.0950082   58.1118175
   45.1068485   58.1098614
   45.1145067   58.1111203
   45.1262382   58.1092154
   45.1340027   58.1104245
   45.1456261   58.1085679
   45.1535018   58.1097306
   45.1650167   58.1079196
   45.1729977   58.1090373
   45.1844053   58.1072693
   45.1924964   58.1083450
   45.2288101   58.1027830
   45.2416873   58.1010339
   45.2464722   58.0988513
   45.2610014   58.0957360
   45.2639414   58.0943261
   45.3048380   58.0836726
   45.3195492   58.0826566
   45.3234453   58.0814391
   45.3394561   58.0801123
   45.3420530   58.0792336
   45.3792561   58.0749331
   45.4164715   58.0699948
   45.4191809   58.0703256
   45.4350715   58.0675403
   45.4391377   58.0680090
   45.4536714   58.0650961
   45.4590942   58.0656800
   45.4785893   58.0612196
   45.4865614   58.0562806
   45.4972953   58.0531299
   45.5027799   58.0495492
   45.5165415   58.0445752
   45.5289041   58.0308791
   45.5519549   58.0045410
   45.5554376   58.0009971
   45.5675094   57.9916058
   45.5702287   57.9884472
   45.5777047   57.9827770
   45.5830116   57.9816520
   45.5962644   57.9770525
   45.6023202   57.9762395
   45.6072411   57.9742134
   45.6227861   57.9722080
   45.6266154   57.9702010
   45.6454349   57.9679704
   45.6614264   57.9748568
   45.6635716   57.9774650
   45.6772140   57.9823958
   45.6815766   57.9866102
   45.6844339   57.9875068
   45.6938609   57.9934015
   45.6970005   57.9993285
   45.7064408   58.0072551
   45.7099545   58.0154686
   45.7175287   58.0197782
   45.7230734   58.0313801
   45.7367858   58.0345216
   45.7417196   58.0396365
   45.7508952   58.0407018
   45.7608501   58.0472207
   45.7649006   58.0474394
   45.7871746   58.0572430
   45.7976329   58.0644388
   45.8106470   58.0708306
   45.8184484   58.0759292
   45.8560090   58.0760580
   45.8577806   58.0766190
   45.8744426   58.0760476
   45.8774466   58.0769106
   45.8928752   58.0760711
   45.8971154   58.0771706
   45.9045856   58.0766211
   45.9166852   58.0795852
   45.9229796   58.0789309
   45.9362564   58.0819727
   45.9413660   58.0812704
   45.9558285   58.0843293
   45.9597481   58.0836450
   45.9754028   58.0866483
   45.9825163   58.0851120
   45.9950481   58.0874288
   46.0018587   58.0859239
   46.0146930   58.0882082
   46.0212034   58.0867374
   46.0343391   58.0889857
   46.0405456   58.0875531
   46.0539833   58.0897622
   46.0598902   58.0883699
   46.0736290   58.0905361
   46.0792336   58.0891880
   46.0932742   58.0913085
   46.0985756   58.0900080
   46.1129194   58.0920799
   46.1179201   58.0908295
   46.1325651   58.0928493
   46.1372621   58.0916527
   46.1522110   58.0936174
   46.1566064   58.0924772
   46.1718565   58.0943837
   46.1759495   58.0933030
   46.1915033   58.0951486
   46.1952912   58.0941312
   46.2111480   58.0959128
   46.2146349   58.0949603
   46.2307942   58.0966744
   46.2339761   58.0957909
   46.2504399   58.0974353
   46.2533203   58.0966227
   46.2726271   58.0984325
   46.2859241   58.1048136
   46.2868361   58.1155949
   46.2949320   58.1333890
   46.3002579   58.1384219
   46.3058367   58.1492674
   46.3095467   58.1524549
   46.3168404   58.1650766
   46.3187346   58.1665570
   46.3279041   58.1808462
   46.3376494   58.1943989
   46.3384156   58.1969912
   46.3504611   58.2120880
   46.3582629   58.2166732
   46.3655244   58.2251267
   46.3727723   58.2295956
   46.3777578   58.2351004
   46.3795278   58.2416468
   46.3797618   58.2983548
   46.3803901   58.3178031
   46.3860931   58.3353475
   46.3856307   58.3412431
   46.3826248   58.3566880
   46.3841113   58.3761260
   46.3854953   58.3791935
   46.4015499   58.3895660
   46.4115705   58.3925732
   46.4186597   58.3966499
   46.4251599   58.3981488
   46.4358446   58.4035086
   46.4386337   58.4039521
   46.4531095   58.4101156
   46.4610149   58.4107894
   46.4710354   58.4146744
   46.4773011   58.4150765
   46.4889718   58.4191940
   46.4935794   58.4194003
   46.5069197   58.4236789
   46.5098519   58.4237574
   46.5220669   58.4273137
   46.5278062   58.4322822
   46.5388153   58.4464900
   46.5406192   58.4511018
   46.5356931   58.4707483
   46.5405675   58.4898200
   46.5490973   58.4958491
   46.5522977   58.5044482
   46.5593910   58.5091596
   46.5641008   58.5190266
   46.5702615   58.5236204
   46.5715798   58.5364111
   46.5733065   58.5381614
   46.5774255   58.5548533
   46.5834925   58.5571852
   46.5875739   58.5705068
   46.5959619   58.5732082
   46.6028983   58.5828035
   46.6068393   58.5840674
   46.6180635   58.5952048
   46.6320490   58.6061938
   46.6867924   58.6028929
   46.6915387   58.6028268
   46.7065420   58.6056202
   46.7096656   58.6053698
   46.7252595   58.6081417
   46.7277961   58.6079178
   46.7439794   58.6106582
   46.7459223   58.6104709
   46.8135776   58.6199598
   46.8186646   58.6220938
   46.8315626   58.6236950
   46.8371877   58.6260500
   46.8495483   58.6274310
   46.8557121   58.6300062
   46.8675328   58.6311679
   46.8742341   58.6339610
   46.9077509   58.6366514
   46.9118148   58.6379408
   46.9241578   58.6380190
   46.9306235   58.6397754
   46.9405576   58.6394850
   46.9568449   58.6432063
   46.9636815   58.6465760
   46.9709711   58.6525807
   46.9758574   58.6625221
   46.9778809   58.6727649
   46.9827965   58.6815320
   46.9848125   58.6932165
   46.9961416   58.7095325
   47.0049782   58.7139964
   47.0115615   58.7219951
   47.0184030   58.7252297
   47.0270457   58.7344007
   47.0317919   58.7365248
   47.0425754   58.7467611
   47.0451516   58.7478619
   47.0635307   58.7632525
   47.0716375   58.7733630
   47.0815345   58.7832182
   47.0845895   58.7881499
   47.0973310   58.7985862
   47.1098944   58.7996240
   47.1130986   58.8007558
   47.1255398   58.8009964
   47.1322584   58.8030137
   47.1514650   58.8020465
   47.1565606   58.8000215
   47.1707127   58.7982159
   47.1872167   58.7947378
   47.1899565   58.7947933
   47.2024072   58.7917449
   47.2192650   58.7932180
   47.2246114   58.7947297
   47.2394386   58.8026939
   47.2410800   58.8195535
   47.2465431   58.8369284
   47.2521080   58.8464781
   47.2564701   58.8576349
   47.2563813   58.8722353
   47.2569590   58.8921035
   47.2638099   58.9087697
   47.2692478   58.9143485
   47.2742947   58.9235820
   47.2765907   58.9256150
   47.2851253   58.9382150
   47.2911153   58.9429038
   47.2988301   58.9440786
   47.3107984   58.9422639
   47.3172378   58.9430760
   47.3276790   58.9412371
   47.3356401   58.9420355
   47.3445641   58.9402480
   47.3540430   58.9409571
   47.3614537   58.9392958
   47.3724458   58.9398413
   47.3783424   58.9383806
   47.3870211   58.9385958
   47.3908931   58.9398074
   47.4045387   58.9398569
   47.4094146   58.9413822
   47.4220541   58.9411189
   47.4279327   58.9429571
   47.4395723   58.9423809
   47.4464528   58.9445314
   47.4648366   58.9429953
   47.4699377   58.9404756
   47.4802782   58.9377408
   47.5089716   58.9355170
   47.5206636   58.9427831
   47.5222673   58.9593130
   47.5209247   58.9755512
   47.5073063   59.0211546
   47.5018433   59.0340322
   47.4707449   59.0518106
   47.4201554   59.0814255
   47.4057684   59.0939296
   47.3844704   59.0978464
   47.3660490   59.1050749
   47.3568704   59.1109674
   47.3487826   59.1142652
   47.3409431   59.1194840
   47.3315288   59.1234738
   47.3250037   59.1279807
   47.3142873   59.1327030
   47.3090558   59.1364544
   47.2970598   59.1419527
   47.2930950   59.1449064
   47.2798409   59.1512279
   47.2771235   59.1533325
   47.2281648   59.1789934
   47.2111254   59.1885695
   47.2060147   59.1932306
   47.2031133   59.1996572
   47.1997240   59.2170438
   47.1974859   59.2311535
   47.1952727   59.2380624
   47.1942854   59.2575153
   47.1957601   59.2646338
   47.1954121   59.2771442
   47.1966544   59.2829656
   47.1965487   59.2967743
   47.1975401   59.3013035
   47.1976859   59.3155589
   47.1833792   59.3261951
   47.1655050   59.3336223
   47.1506713   59.3352546
   47.1471361   59.3368123
   47.1314268   59.3387373
   47.1287616   59.3399842
   47.1121885   59.3422382
   47.1103872   59.3431342
   47.0545045   59.3528769
   47.0458814   59.3580834
   47.0370763   59.3614157
   47.0345305   59.3819762
   47.0393049   59.3982170
   47.0389685   59.4012470
   47.0437802   59.4168070
   47.0434163   59.4205150
   47.0482461   59.4353969
   47.0478725   59.4397815
   47.0527032   59.4539910
   47.0523384   59.4590452
   47.0571510   59.4725844
   47.0568126   59.4783085
   47.0615896   59.4911831
   47.0612961   59.4975668
   47.0660193   59.5097815
   47.0657884   59.5168248
   47.0704399   59.5283832
   47.0702898   59.5360802
   47.0748522   59.5469881
   47.0748005   59.5553339
   47.0792549   59.5655929
   47.0794194   59.5883821
   47.1104396   59.6137030
   47.1197339   59.6207916
   47.1234170   59.6321695
   47.1262713   59.6443379
   47.1289180   59.6507916
   47.1329259   59.6699403
   47.1330226   59.6729763
   47.1301515   59.6929889
   47.1255186   59.7130657
   47.1191720   59.7289751
   47.1047074   59.7361996
   46.9944335   59.7739292
   46.9913455   59.7754335
   46.9758160   59.7803389
   46.9580019   59.7889795
   46.9535174   59.7920014
   46.9513992   59.7987547
   46.9480373   59.8201081
   46.9482937   59.8405536
   46.9521678   59.8600994
   46.9550316   59.8672267
   46.9574335   59.8793023
   46.9602859   59.8864198
   46.9626972   59.8985002
   46.9655410   59.9056149
   46.9679616   59.9177007
   46.9707966   59.9248114
   46.9732259   59.9369001
   46.9760531   59.9440092
   46.9784914   59.9561031
   46.9813076   59.9632022
   46.9837548   59.9753010
   46.9865629   59.9823971
   46.9890190   59.9945015
   46.9918198   60.0015963
   46.9942841   60.0137034
   46.9970745   60.0207891
   46.9988369   60.0294214
   46.9995946   60.0477793
   46.9978083   60.0664120
   46.9945105   60.0852186
   46.9917040   60.0940043
   46.9770367   60.1005951
   46.9575018   60.1060245
   46.9377607   60.1081995
   46.9237491   60.1074421
   46.9122830   60.1031332
   46.9072826   60.1003324
   46.8952102   60.0958934
   46.8894773   60.0927243
   46.8781414   60.0886491
   46.8716749   60.0851229
   46.8610721   60.0813994
   46.8538700   60.0775264
   46.8440058   60.0741455
   46.8360616   60.0699345
   46.8269418   60.0668866
   46.8182508   60.0623475
   46.8098819   60.0596230
   46.8004373   60.0547650
   46.7819551   60.0489108
   46.7693410   60.0471077
   46.7194194   60.0547778
   46.6244850   60.0689917
   46.6209200   60.0700287
   46.6055139   60.0718453
   46.6012155   60.0730685
   46.5865376   60.0747049
   46.5815162   60.0761023
   46.5675689   60.0775673
   46.5618134   60.0791325
   46.5485939   60.0804353
   46.5421090   60.0821577
   46.5296257   60.0833068
   46.5224049   60.0851787
   46.5106532   60.0861839
   46.5027001   60.0881947
   46.4916864   60.0890646
   46.4829947   60.0912064
   46.4727145   60.0919509
   46.4632885   60.0942130
   46.4537502   60.0948410
   46.4435818   60.0972155
   46.4347797   60.0977367
   46.4237467   60.1002193
   46.4121391   60.1047682
   46.3952783   60.1151301
   46.3809427   60.1282556
   46.3757940   60.1351819
   46.3677934   60.1426753
   46.3632006   60.1489181
   46.3546431   60.1571052
   46.3429627   60.1731373
   46.3336467   60.1917670
   46.3266995   60.2129848
   46.3245012   60.2244125
   46.3344671   60.2306348
   46.3538097   60.2395936
   46.3731568   60.2479353
   46.3924955   60.2552677
   46.4118150   60.2587799
   46.4311160   60.2584719
   46.4409560   60.2563653
   46.4504053   60.2557853
   46.4561479   60.2543394
   46.4696911   60.2529394
   46.4832941   60.2507590
   46.4889901   60.2516404
   46.4989326   60.2514528
   46.5082984   60.2528355
   46.5172404   60.2525686
   46.5276066   60.2540218
   46.5355477   60.2536935
   46.5469148   60.2551986
   46.5538540   60.2548283
   46.5662229   60.2563651
   46.5721589   60.2559736
   46.5855285   60.2575204
   46.5904624   60.2571298
   46.6048395   60.2586641
   46.6087634   60.2582990
   46.6241480   60.2597953
   46.6434403   60.2577188
   46.7182460   60.2486235
   46.7314216   60.2471514
   46.7447502   60.2494768
   46.7625577   60.2556773
   46.7691636   60.2592315
   46.7748551   60.2650377
   46.7859812   60.2807960
   46.7946222   60.2984273
   46.8007773   60.3179309
   46.8012919   60.3287260
   46.8029569   60.3388360
   46.8033249   60.3483794
   46.8049732   60.3587652
   46.8053231   60.3672467
   46.8125377   60.3764244
   46.8167750   60.3833418
   46.8240135   60.3924890
   46.8282735   60.3994993
   46.8354907   60.4085524
   46.8397686   60.4156559
   46.8469663   60.4246095
   46.8512604   60.4318135
   46.8584505   60.4406731
   46.8627531   60.4479769
   46.8699348   60.4567306
   46.8742390   60.4641378
   46.8814235   60.4727858
   46.8857260   60.4803100
   46.8929190   60.4888415
   46.8972061   60.4964839
   46.9098969   60.5112759
   46.9252699   60.5230154
   46.9366548   60.5284923
   46.9424342   60.5327083
   46.9527901   60.5376123
   46.9596083   60.5423917
   46.9689155   60.5467394
   46.9845770   60.5573396
   46.9993268   60.5707977
   47.0005113   60.5725289
   47.0000886   60.5905642
   46.9987044   60.5995701
   46.9985841   60.6084098
   46.9970944   60.6185782
   46.9970688   60.6262599
   46.9954956   60.6375795
   46.9955440   60.6441023
   46.9939069   60.6565875
   46.9940069   60.6619498
   46.9923308   60.6755890
   46.9929088   60.6945983
   46.9964005   60.7136172
   46.9985886   60.7228340
   47.0047718   60.7343661
   47.0577644   60.8358855
   47.1021569   60.9200764
   47.1030690   60.9227511
   47.1110443   60.9369454
   47.1121316   60.9401220
   47.1218135   60.9571188
   47.1346845   60.9721522
   47.1393686   60.9759652
   47.1752482   61.0127240
   47.1803487   61.0186015
   47.1917503   61.0394186
   47.2015259   61.0449482
   47.2216614   61.0524177
   47.2415995   61.0558562
   47.2613474   61.0552649
   47.2649371   61.0544164
   47.2810588   61.0539544
   47.2848013   61.0530806
   47.3007699   61.0526430
   47.3046610   61.0517455
   47.3204812   61.0513320
   47.3245235   61.0504109
   47.3401922   61.0500204
   47.3443878   61.0490760
   47.3599004   61.0487081
   47.3642474   61.0477414
   47.3796142   61.0473955
   47.3841125   61.0464072
   47.3993252   61.0460825
   47.4039720   61.0450738
   47.4190358   61.0447697
   47.4238367   61.0437400
   47.4387470   61.0434562
   47.4436969   61.0424073
   47.4584580   61.0421428
   47.4635615   61.0410742
   47.4781665   61.0408287
   47.4884231   61.0396629
   47.4979627   61.0412249
   47.5072117   61.0409494
   47.5178040   61.0426157
   47.5259994   61.0422458
   47.5376453   61.0439959
   47.5447839   61.0435536
   47.5574858   61.0453638
   47.5635660   61.0448745
   47.5773252   61.0467177
   47.5823439   61.0462110
   47.5971625   61.0480555
   47.6168214   61.0456225
   47.6251224   61.0424843
   47.6363653   61.0408577
   47.6437074   61.0380755
   47.6559098   61.0360922
   47.6649421   61.0331963
   47.6755522   61.0333608
   47.6842267   61.0317892
   47.6952566   61.0319058
   47.7035138   61.0303837
   47.7149606   61.0304491
   47.7228032   61.0289791
   47.7346616   61.0289905
   47.7420882   61.0275760
   47.7543684   61.0275305
   47.7613757   61.0261750
   47.7740722   61.0260695
   47.7806656   61.0247747
   47.7937756   61.0246067
   47.7999509   61.0233762
   47.8134796   61.0231430
   47.8192416   61.0219787
   47.8331832   61.0216774
   47.8385264   61.0205829
   47.8528843   61.0202113
   47.8578146   61.0191878
   47.8725906   61.0187431
   47.8835873   61.0160437
   47.9003723   61.0063039
   47.9101126   60.9978005
   47.9150988   60.9947102
   47.9218941   60.9882486
   47.9297287   60.9830270
   47.9424933   60.9696698
   47.9521597   60.9535292
   47.9549622   60.9454550
   47.9603078   60.9360211
   47.9626612   60.9292108
   47.9684537   60.9185110
   47.9703634   60.9129647
   47.9762611   60.9016448
   47.9825316   60.8928379
   48.0009517   60.8851492
   48.0198042   60.8808200
   48.0313525   60.8802452
   48.0388963   60.8784973
   48.0506550   60.8778897
   48.0579879   60.8761756
   48.0699547   60.8755346
   48.0770774   60.8738549
   48.0892517   60.8731796
   48.0961717   60.8715333
   48.1085549   60.8708230
   48.1152640   60.8692128
   48.1278546   60.8684665
   48.1343558   60.8668927
   48.1471514   60.8661099
   48.1534454   60.8645732
   48.1664536   60.8637525
   48.1725400   60.8622537
   48.1857530   60.8613949
   48.1916325   60.8599348
   48.2050505   60.8590369
   48.2107216   60.8576167
   48.2243527   60.8566783
   48.2298170   60.8552984
   48.2436520   60.8543194
   48.2489091   60.8529808
   48.2629485   60.8519603
   48.2680019   60.8506630
   48.2822504   60.8496000
   48.2870920   60.8483469
   48.3015495   60.8472403
   48.3061869   60.8460303
   48.3208467   60.8448800
   48.3252797   60.8437139
   48.3401486   60.8425182
   48.3443720   60.8413983
   48.3594475   60.8401569
   48.3634623   60.8390839
   48.3787437   60.8377958
   48.3825573   60.8367684
   48.3980453   60.8354330
   48.4164070   60.8304473
   48.4279697   60.8156378
   48.4369169   60.7985804
   48.4704635   60.7329585
   48.4724371   60.7301986
   48.4788359   60.7166225
   48.4813091   60.7131013
   48.4872156   60.7002892
   48.4901755   60.6959985
   48.4956030   60.6839580
   48.4990346   60.6788924
   48.5039962   60.6676326
   48.5078855   60.6617851
   48.5123963   60.6513099
   48.5167319   60.6446700
   48.5208044   60.6349892
   48.5255708   60.6275525
   48.5292184   60.6186746
   48.5344006   60.6104362
   48.5416068   60.5924709
   48.5458257   60.5708247
   48.5392037   60.5542274
   48.5359102   60.5485576
   48.5317096   60.5377379
   48.5278490   60.5309033
   48.5209425   60.5126322
   48.5187088   60.5023838
   48.5206411   60.4862761
   48.5230800   60.4826633
   48.5583376   60.4409615
   48.5622397   60.4347909
   48.5751902   60.4304464
   48.5826218   60.4270413
   48.5941627   60.4234339
   48.5997361   60.4207546
   48.6131231   60.4163930
   48.6168572   60.4145027
   48.6698645   60.3950626
   48.6868401   60.3847475
   48.6939769   60.3783442
   48.7024824   60.3722412
   48.7167921   60.3575304
   48.7292258   60.3397228
   48.7371309   60.3240703
   48.7252223   60.3090371
   48.7173183   60.3014898
   48.7107490   60.2940969
   48.6952029   60.2812175
   48.6262199   60.2427207
   48.5767667   60.2156547
   48.5744560   60.2139008
   48.5602275   60.2065745
   48.5571959   60.2043044
   48.5436914   60.1974891
   48.5399329   60.1947135
   48.5271567   60.1883974
   48.5226690   60.1851301
   48.5106276   60.1793020
   48.4952376   60.1682588
   48.4924679   60.1653801
   48.4866938   60.1491940
   48.4835102   60.1324422
   48.4829136   60.1163031
   48.4851983   60.0970032
   48.4959532   60.0022061
   48.4967396   59.9992865
   48.4981695   59.9830277
   48.4990449   59.9797458
   48.5003871   59.9638439
   48.5013497   59.9601995
   48.5026054   59.9446650
   48.5036529   59.9406586
   48.5048250   59.9254813
   48.5059557   59.9211121
   48.5070455   59.9062999
   48.5082564   59.9015709
   48.5092662   59.8871220
   48.5105576   59.8820243
   48.5114895   59.8679382
   48.5128562   59.8624829
   48.5137124   59.8487605
   48.5151552   59.8429361
   48.5159377   59.8295770
   48.5174524   59.8233915
   48.5181632   59.8103997
   48.5197484   59.8038490
   48.5203902   59.7912164
   48.5220434   59.7843019
   48.5226183   59.7720367
   48.5270763   59.7531576
   48.5350881   59.7347462
   48.5382907   59.7319846
   48.5571595   59.7260841
   48.6343129   59.7164546
   48.6370275   59.7165411
   48.6536065   59.7140863
   48.6568066   59.7141750
   48.6728996   59.7117206
   48.6765817   59.7118072
   48.6921930   59.7093569
   48.6963573   59.7094374
   48.7114874   59.7069953
   48.7161320   59.7070655
   48.7307811   59.7046357
   48.7359044   59.7046916
   48.7500752   59.7022776
   48.7556814   59.7023152
   48.7693703   59.6999221
   48.7754560   59.6999372
   48.7886650   59.6975687
   48.7952305   59.6975571
   48.8079634   59.6952168
   48.8150039   59.6951745
   48.8272556   59.6928674
   48.8347750   59.6927904
   48.8465510   59.6905197
   48.8545507   59.6904036
   48.8658473   59.6881744
   48.8743241   59.6880153
   48.8851431   59.6858313
   48.8940965   59.6856250
   48.9044392   59.6834902
   48.9138667   59.6832327
   48.9237362   59.6811507
   48.9336421   59.6808376
   48.9430327   59.6788137
   48.9534138   59.6784410
   48.9623296   59.6764788
   48.9731859   59.6760424
   48.9816274   59.6741460
   48.9929570   59.6736417
   49.0009275   59.6718147
   49.0127259   59.6712385
   49.0322356   59.6666767
   49.0513048   59.6585282
   49.0641513   59.6504359
   49.0677834   59.6411811
   49.0721811   59.6228099
   49.0738326   59.6042031
   49.0736054   59.6002928
   49.0748983   59.5855416
   49.0746781   59.5817427
   49.0757503   59.5631928
   49.0773349   59.5446581
   49.0815809   59.5262000
   49.0875520   59.5103109
   49.0984483   59.5059427
   49.1103544   59.5043452
   49.1283420   59.5042516
   49.1359386   59.5052907
   49.1560792   59.5045990
   49.1752847   59.5003335
   49.1786797   59.4988770
   49.1943245   59.4954281
   49.1978669   59.4939139
   49.2133631   59.4905233
   49.2170564   59.4889504
   49.2324029   59.4856179
   49.2362485   59.4839862
   49.2514412   59.4807121
   49.2554360   59.4790236
   49.2704798   59.4758064
   49.2746270   59.4740599
   49.2895193   59.4708999
   49.2938145   59.4690980
   49.3085576   59.4659939
   49.3268787   59.4583371
   49.3451900   59.4462368
   49.3683987   59.4303622
   49.4187375   59.4210394
   49.4737087   59.4104072
   49.4768669   59.4102113
   49.4960863   59.4059800
   49.5145197   59.3987591
   49.5288098   59.3904927
   49.5339881   59.3735639
   49.5368313   59.3535927
   49.5367242   59.3484668
   49.5401954   59.3136324
   49.5416276   59.2936481
   49.5378830   59.2575694
   49.5382366   59.2470335
   49.5445459   59.2427666
   49.5620177   59.2341618
   49.5798874   59.2284975
   49.6160966   59.2225975
   49.6710044   59.2129819
   49.6747953   59.2128739
   49.6892221   59.2098191
   49.6943629   59.2096181
   49.7074398   59.2066720
   49.7255168   59.2057676
   49.7427116   59.2107516
   49.8007031   59.2377119
   49.8307999   59.2782415
   49.8396055   59.2955441
   49.8452272   59.3140413
   49.8476689   59.3337444
   49.8467682   59.3464496
   49.8370793   59.3804960
   49.8328016   59.3990256
   49.8312284   59.4183377
   49.8316000   59.4249274
   49.8305853   59.4379140
   49.8309188   59.4444773
   49.8299403   59.4574875
   49.8299651   59.4678050
   49.8228658   59.4798801
   49.8215494   59.4842829
   49.8180483   59.5050574
   49.8175589   59.5248193
   49.8200807   59.5435750
   49.8256149   59.5613274
   49.8315735   59.5789299
   49.8329477   59.5816358
   49.8375342   59.5965352
   49.8389930   59.5994219
   49.8434962   59.6141444
   49.8513937   59.6298484
   49.8691149   59.6389035
   49.8879623   59.6445180
   49.8924013   59.6449947
   49.9070562   59.6493031
   49.9111916   59.6497457
   49.9261528   59.6540879
   49.9299774   59.6544958
   49.9486445   59.6598462
   49.9666507   59.6684855
   49.9839991   59.6804159
   49.9911051   59.6868969
   50.0010171   59.6939614
   50.0070155   59.6994323
   50.0180369   59.7075082
   50.0276319   59.7154940
   50.0312833   59.7249028
   50.0487851   59.7347685
   50.0551778   59.7388531
   50.0756299   59.7486170
   50.0958485   59.7549266
   50.1158310   59.7577797
   50.1713209   59.7555719
   50.1750530   59.7559446
   50.1892508   59.7548087
   50.1947872   59.7552787
   50.2071864   59.7540730
   50.2251285   59.7553215
   50.2433767   59.7596004
   50.2558618   59.7685790
   50.2586057   59.7712327
   50.2693527   59.7785345
   50.2742059   59.7830625
   50.2827972   59.7885290
   50.2898358   59.7948317
   50.3064448   59.8046178
   50.3182930   59.8086569
   50.3242628   59.8119289
   50.3336890   59.8148744
   50.3421152   59.8191727
   50.3490575   59.8211582
   50.3600027   59.8263562
   50.3644092   59.8275077
   50.3779121   59.8334790
   50.3949921   59.8401943
   50.4098172   59.8406873
   50.4135149   59.8414882
   50.4292452   59.8420088
   50.4329595   59.8428133
   50.4486739   59.8433310
   50.4524006   59.8441381
   50.4681049   59.8446532
   50.4718394   59.8454620
   50.4875303   59.8459742
   50.4912840   59.8467870
   50.5069590   59.8472963
   50.5107224   59.8481113
   50.5263873   59.8486180
   50.5301666   59.8494364
   50.5458153   59.8499400
   50.5496057   59.8507607
   50.5652434   59.8512616
   50.5690496   59.8520857
   50.5846721   59.8525838
   50.5884911   59.8534106
   50.6041004   59.8539059
   50.6079302   59.8547350
   50.6235285   59.8552275
   50.6273741   59.8560600
   50.6429599   59.8565497
   50.6468129   59.8573838
   50.6623855   59.8578707
   50.6662574   59.8587089
   50.6818135   59.8591928
   50.6856986   59.8600338
   50.7012422   59.8605150
   50.7051374   59.8613581
   50.7206706   59.8618366
   50.7245819   59.8626831
   50.7400986   59.8631587
   50.7440203   59.8640075
   50.7595273   59.8644803
   50.7634645   59.8653325
   50.7789556   59.8658024
   50.7829064   59.8666574
   50.7983837   59.8671245
   50.8023448   59.8679818
   50.8178144   59.8684462
   50.8305174   59.8711951
   50.8405883   59.8774386
   50.8487027   59.8846762
   50.8554160   59.8887982
   50.8639155   59.8963117
   50.8702456   59.9001610
   50.8791361   59.9079499
   50.8850726   59.9115251
   50.8943545   59.9195844
   50.8998983   59.9228908
   50.9095722   59.9312155
   50.9147230   59.9342578
   50.9247948   59.9428477
   50.9295462   59.9456269
   50.9400160   59.9544764
   50.9443683   59.9569973
   50.9552393   59.9661037
   50.9591910   59.9683703
   50.9704659   59.9777306
   50.9740066   59.9797415
   50.9856898   59.9893538
   50.9888261   59.9911176
   51.0009187   60.0009777
   51.0036430   60.0024949
   51.0161471   60.0125991
   51.0290684   60.0223702
   51.0448145   60.0276478
   51.0535792   60.0288737
   51.0637369   60.0319238
   51.0691431   60.0324970
   51.1016502   60.0401387
   51.1100811   60.0404602
   51.1208957   60.0428064
   51.1281983   60.0430228
   51.1401434   60.0454632
   51.1535765   60.0469913
   51.1679833   60.0452006
   51.1878650   60.0415519
   51.1981149   60.0373565
   51.2068910   60.0356501
   51.2158973   60.0317956
   51.2259128   60.0297326
   51.2336885   60.0262503
   51.2449277   60.0237977
   51.2514798   60.0207250
   51.2639358   60.0178451
   51.2692802   60.0152181
   51.2829380   60.0118719
   51.2870830   60.0097347
   51.3019275   60.0058794
   51.3048946   60.0042729
   51.3209113   59.9998618
   51.3227086   59.9988388
   51.3588490   59.9877495
   51.3760066   59.9769167
   51.4048614   59.9565948
   51.4098645   59.9540492
   51.4189319   59.9469352
   51.4271402   59.9422406
   51.4364399   59.9383750
   51.4456114   59.9361514
   51.4528802   59.9329203
   51.4696091   59.9284660
   51.4778469   59.9276134
   51.4883874   59.9298676
   51.5060557   59.9369811
   51.5156027   59.9428623
   51.5230969   59.9458869
   51.5330743   59.9519357
   51.5401399   59.9547936
   51.5505378   59.9610055
   51.5592734   59.9649309
   51.5671601   59.9712573
   51.5745055   59.9755208
   51.5831592   59.9823575
   51.5897391   59.9861187
   51.5991688   59.9934564
   51.6049642   59.9967190
   51.6151810   60.0045503
   51.6201925   60.0073291
   51.6311915   60.0156346
   51.6354096   60.0179384
   51.6472131   60.0267196
   51.6506292   60.0285574
   51.7445156   60.0941417
   51.8608172   60.1966323
   51.8688598   60.2014927
   51.8765716   60.2080831
   51.8830926   60.2118714
   51.8923404   60.2195041
   51.8973055   60.2222748
   51.9081346   60.2309029
   51.9114958   60.2327032
   51.9397727   60.2536165
   51.9803095   60.2828015
   51.9919519   60.2855178
   52.0049722   60.2859603
   52.0118861   60.2875079
   52.0233499   60.2876718
   52.0318196   60.2894787
   52.0417278   60.2894045
   52.0517539   60.2914264
   52.0600964   60.2911616
   52.0716836   60.2933472
   52.0915103   60.2921793
   52.0968832   60.2905103
   52.1112904   60.2896382
   52.1167828   60.2879845
   52.1310704   60.2870981
   52.1366801   60.2854582
   52.1508523   60.2845595
   52.1565815   60.2829307
   52.1706302   60.2820220
   52.1764806   60.2804021
   52.1904102   60.2794847
   52.1963794   60.2778727
   52.2101905   60.2769481
   52.2162782   60.2753427
   52.2299706   60.2744121
   52.2361741   60.2728128
   52.2497503   60.2718773
   52.2560752   60.2702815
   52.2695335   60.2693423
   52.2759735   60.2677504
   52.2961210   60.2663278
   52.3121457   60.2678216
   52.3222010   60.2796238
   52.3325643   60.2967403
   52.3402890   60.3149869
   52.3461655   60.3340108
   52.3479858   60.3472800
   52.3459686   60.3522641
   52.3383918   60.3655561
   52.3320755   60.3815526
   52.3243681   60.4145614
   52.3219295   60.4212096
   52.3058408   60.4304020
   52.2872994   60.4373225
   52.1908035   60.4548910
   52.1722811   60.4618426
   52.1543853   60.4721459
   52.1482024   60.4770337
   52.1454764   60.4834441
   52.1422626   60.4954307
   52.1397239   60.5020379
   52.1371409   60.5119561
   52.1350669   60.5154212
   52.1244869   60.5289988
   52.1158798   60.5342852
   52.0971294   60.5420735
   52.0778708   60.5464460
   52.0702307   60.5468158
   52.0584117   60.5494711
   52.0510442   60.5498081
   52.0389525   60.5524960
   52.0318532   60.5528017
   52.0194951   60.5555191
   52.0126668   60.5557948
   52.0000330   60.5585427
   51.9934760   60.5587899
   51.9805735   60.5615650
   51.9742910   60.5617849
   51.9611140   60.5645872
   51.9550995   60.5647813
   51.9416543   60.5676081
   51.9359146   60.5677778
   51.9221946   60.5706288
   51.9167233   60.5707756
   51.9027346   60.5736483
   51.8975359   60.5737735
   51.8832746   60.5766671
   51.8783514   60.5767721
   51.8638145   60.5796857
   51.8591605   60.5797720
   51.8401018   60.5835446
   51.8215912   60.5907279
   51.8123259   60.5961938
   51.8105432   60.6095651
   51.8111111   60.6305808
   51.8134540   60.6509138
   51.8199582   60.6696606
   51.8232224   60.6749114
   51.8278270   60.6878811
   51.8308246   60.6926695
   51.8357001   60.7061058
   51.8384247   60.7104288
   51.8435728   60.7243243
   51.8460231   60.7281872
   51.8514493   60.7425464
   51.8536180   60.7459440
   51.8593255   60.7607661
   51.8612142   60.7637074
   51.8672036   60.7789842
   51.8688076   60.7814675
   51.8987319   60.8518556
   51.9099184   60.8688118
   51.9138054   60.8729336
   51.9171950   60.8738381
   51.9365662   60.8757058
   52.0128213   60.8692111
   52.0159005   60.8684615
   52.0318812   60.8675434
   52.0355378   60.8666743
   52.0509408   60.8658730
   52.0551801   60.8648894
   52.0699994   60.8641989
   52.0748175   60.8631084
   52.0890583   60.8625221
   52.0944610   60.8613300
   52.1081171   60.8608415
   52.1140990   60.8595555
   52.1271756   60.8591583
   52.1337432   60.8577835
   52.1462338   60.8574714
   52.1533815   60.8560154
   52.1652918   60.8557817
   52.1730257   60.8542498
   52.1843494   60.8540884
   52.1926653   60.8524880
   52.2034069   60.8523924
   52.2123102   60.8507288
   52.2224639   60.8506927
   52.2319504   60.8489733
   52.2415208   60.8489904
   52.2515955   60.8472206
   52.2605773   60.8472843
   52.2712358   60.8454714
   52.2796336   60.8455757
   52.2908823   60.8437249
   52.2986896   60.8438633
   52.3105228   60.8419821
   52.3303656   60.8424387
   52.3453411   60.8454216
   52.3540772   60.8540113
   52.3874302   60.8989961
   52.4323040   60.9592732
   52.4433815   60.9698330
   52.4600579   60.9725593
   52.4794857   60.9723339
   52.4861729   60.9710558
   52.4988313   60.9709168
   52.5055893   60.9696305
   52.5181721   60.9695002
   52.5250056   60.9682049
   52.5375152   60.9680830
   52.5444220   60.9667792
   52.5568581   60.9666658
   52.5638356   60.9653542
   52.5762045   60.9652490
   52.5832550   60.9639291
   52.5955448   60.9638322
   52.6026721   60.9625036
   52.6148877   60.9624148
   52.6220885   60.9610782
   52.6342312   60.9609974
   52.6415021   60.9596534
   52.6535772   60.9595803
   52.6609212   60.9582285
   52.6729172   60.9581633
   52.6803376   60.9568032
   52.6922600   60.9567457
   52.6997540   60.9553780
   52.7116063   60.9553281
   52.7191679   60.9539538
   52.7309467   60.9539114
   52.7385878   60.9525287
   52.7502895   60.9524937
   52.7580042   60.9511036
   52.7775250   60.9510570
   52.7941687   60.9538990
   52.8040702   60.9630837
   52.8840759   61.0615352
   52.8957241   61.0757492
   52.9070950   61.0857876
   52.9255849   61.0879289
   52.9454255   61.0866371
   52.9497851   61.0855337
   52.9651764   61.0845435
   52.9696197   61.0834229
   52.9849299   61.0824495
   52.9894564   61.0813119
   53.0046862   61.0803554
   53.0092939   61.0792015
   53.0244371   61.0782620
   53.0291314   61.0770907
   53.0441907   61.0761679
   53.0489687   61.0749800
   53.0639469   61.0740735
   53.0688055   61.0728698
   53.0836985   61.0719799
   53.0886430   61.0707593
   53.1034523   61.0698855
   53.1084803   61.0686488
   53.1232058   61.0677911
   53.1283171   61.0665384
   53.1429620   61.0656965
   53.1481547   61.0644284
   53.1627128   61.0636026
   53.1679922   61.0623181
   53.1824664   61.0615081
   53.1878296   61.0602079
   53.2022225   61.0594132
   53.2076664   61.0580982
   53.2219733   61.0573191
   53.2275040   61.0559881
   53.2417276   61.0552243
   53.2473414   61.0538781
   53.2614840   61.0531291
   53.2671782   61.0517687
   53.2812348   61.0510349
   53.2870158   61.0496587
   53.3009883   61.0489399
   53.3068534   61.0475489
   53.3207444   61.0468447
   53.3266908   61.0454396
   53.3404951   61.0447501
   53.3599872   61.0401613
   53.3692348   61.0362015
   53.3724538   61.0315770
   53.3807570   61.0150066
   53.3878333   60.9980801
   53.3918784   60.9802775
   53.3924976   60.9688712
   53.3939914   60.9619160
   53.3945426   60.9512078
   53.3961009   60.9435552
   53.3965907   60.9335441
   53.3982075   60.9251922
   53.3986415   60.9158841
   53.4016091   60.8997987
   53.4062565   60.8964531
   53.4245530   60.8869977
   53.4432977   60.8809374
   53.4624902   60.8782733
   53.5747124   60.8633737
   53.5776577   60.8625234
   53.5933876   60.8608855
   53.5968496   60.8599033
   53.6120647   60.8583947
   53.6160481   60.8572844
   53.6307439   60.8559007
   53.6352414   60.8546695
   53.6494182   60.8534055
   53.6544370   60.8520566
   53.6699522   60.8507508
   53.6755011   60.8512851
   53.6895391   60.8503344
   53.6933709   60.8507577
   53.7287226   60.8495765
   53.7648491   60.8489303
   53.7678838   60.8484385
   53.7875080   60.8486147
   53.8039699   60.8515236
   53.8156574   60.8626105
   53.8249130   60.8747565
   53.8279698   60.8776449
   53.8373097   60.8898824
   53.8402838   60.8926816
   53.8497038   60.9050045
   53.8525957   60.9077156
   53.8620985   60.9201265
   53.8649066   60.9227484
   53.8744968   60.9352531
   53.8772181   60.9377835
   53.8868911   60.9503752
   53.8895298   60.9528185
   53.8992885   60.9655004
   53.9125489   60.9777269
   53.9314194   60.9799965
   53.9512467   60.9788096
   53.9562766   60.9775661
   53.9709729   60.9766818
   53.9759734   60.9754442
   53.9906982   60.9745537
   53.9956653   60.9733229
   54.0104268   60.9724258
   54.0153619   60.9712015
   54.0301502   60.9702982
   54.0350533   60.9690804
   54.0498764   60.9681705
   54.0547507   60.9669585
   54.0696025   60.9660423
   54.0744421   60.9648374
   54.0893279   60.9639146
   54.0941394   60.9627153
   54.1090538   60.9617863
   54.1138306   60.9605943
   54.1287800   60.9596585
   54.1335246   60.9584731
   54.1485061   60.9575308
   54.1532220   60.9563512
   54.1682315   60.9554025
   54.1729134   60.9542300
   54.1879574   60.9532748
   54.1926107   60.9521082
   54.2076862   60.9511463
   54.2123021   60.9499876
   54.2274096   60.9490192
   54.2319995   60.9478658
   54.2471349   60.9468909
   54.2516907   60.9457447
   54.2668609   60.9447630
   54.2713874   60.9436229
   54.2865870   60.9426347
   54.2910794   60.9415019
   54.3063132   60.9405068
   54.3107735   60.9393807
   54.3260393   60.9383790
   54.3304708   60.9372589
   54.3457646   60.9362506
   54.3501622   60.9351378
   54.3654906   60.9341229
   54.3698596   60.9330160
   54.3852167   60.9319944
   54.3895508   60.9308952
   54.4049428   60.9298665
   54.4092475   60.9287734
   54.4246708   60.9277380
   54.4289396   60.9266528
   54.4443940   60.9256107
   54.4486363   60.9245311
   54.4641201   60.9234824
   54.4683283   60.9224102
   54.4838463   60.9213544
   54.4880222   60.9202892
   54.5035716   60.9192264
   54.5077190   60.9181673
   54.5232975   60.9170981
   54.5274110   60.9160464
   54.5430237   60.9149701
   54.5471077   60.9139247
   54.5627497   60.9128417
   54.5667997   60.9118039
   54.5824759   60.9107136
   54.5864965   60.9096821
   54.6022012   60.9085852
   54.6061885   60.9075612
   54.6219271   60.9064572
   54.6258851   60.9054396
   54.6416559   60.9043285
   54.6455766   60.9033192
   54.6613793   60.9022012
   54.6652712   60.9011983
   54.6811046   60.9000732
   54.6849680   60.8990765
   54.7008305   60.8979448
   54.7046600   60.8969557
   54.7205567   60.8958167
   54.7243568   60.8948340
   54.7402827   60.8936882
   54.7440488   60.8927133
   54.7600081   60.8915601
   54.7637454   60.8905916
   54.7797340   60.8894315
   54.7834368   60.8884709
   54.7994601   60.8873035
   54.8031342   60.8863492
   54.8191862   60.8851749
   54.8228256   60.8842285
   54.8389149   60.8830466
   54.8425203   60.8821081
   54.8586376   60.8809192
   54.8622169   60.8799864
   54.8783634   60.8787906
   54.8819083   60.8778658
   54.8980896   60.8766625
   54.9016057   60.8757442
   54.9178156   60.8745338
   54.9212971   60.8736235
   54.9410637   60.8721417
   54.9575491   60.8738623
   54.9687152   60.8836118
   54.9807300   60.8983883
   54.9847847   60.9056362
   54.9915565   60.9140649
   54.9953212   60.9208508
   55.0023815   60.9297419
   55.0058626   60.9360681
   55.0132009   60.9454153
   55.0164034   60.9512819
   55.0240234   60.9610968
   55.0269474   60.9664951
   55.0348413   60.9767746
   55.0374938   60.9817093
   55.0476397   60.9950632
   55.0661448   61.0012345
   55.0855512   61.0040915
   55.0945375   61.0037895
   55.1051087   61.0051873
   55.1125624   61.0048395
   55.1246650   61.0062618
   55.1305805   61.0059099
   55.1442224   61.0073164
   55.1486041   61.0070006
   55.1846332   61.0094626
   55.1985228   61.0127426
   55.2084680   61.0228554
   55.2189484   61.0375193
   55.2210970   61.0418342
   55.2288277   61.0525833
   55.2311392   61.0571910
   55.2387052   61.0676457
   55.2411832   61.0725493
   55.2485815   61.0827088
   55.2512254   61.0879028
   55.2584556   61.0977700
   55.2612697   61.1032582
   55.2683317   61.1128361
   55.2713163   61.1186148
   55.2822660   61.1333743
   55.2896845   61.1406249
   55.3034213   61.1433316
   55.3232786   61.1437041
   55.3351704   61.1417353
   55.3429286   61.1418538
   55.3544514   61.1399064
   55.3625758   61.1400020
   55.3737318   61.1380782
   55.3822283   61.1381486
   55.3930133   61.1362518
   55.4018780   61.1362944
   55.4122946   61.1344267
   55.4215249   61.1344389
   55.4315755   61.1326023
   55.4411770   61.1325817
   55.4508573   61.1307797
   55.4608263   61.1307237
   55.4701389   61.1289583
   55.4804728   61.1288645
   55.4894202   61.1271377
   55.5001246   61.1270035
   55.5087023   61.1253189
   55.5197736   61.1251418
   55.5279844   61.1235013
   55.5394198   61.1232788
   55.5472660   61.1216844
   55.5590712   61.1214140
   55.5665483   61.1198693
   55.5787199   61.1195485
   55.5858301   61.1180554
   55.5983657   61.1176819
   55.6051128   61.1162422
   55.6180168   61.1158134
   55.6243955   61.1144308
   55.6376651   61.1139442
   55.6436777   61.1126206
   55.6573106   61.1120740
   55.6629608   61.1108110
   55.6769614   61.1102018
   55.6822438   61.1090033
   55.7016135   61.1080940
   55.7197771   61.1104003
   55.7323360   61.1216169
   55.7399435   61.1310333
   55.7450199   61.1355207
   55.7529965   61.1453110
   55.7577046   61.1494296
   55.7660514   61.1595869
   55.7703874   61.1633402
   55.7791081   61.1738611
   55.7830683   61.1772525
   55.7921656   61.1881321
   55.7957474   61.1911663
   55.8052280   61.2024042
   55.8084242   61.2050822
   55.8182906   61.2166729
   55.8211001   61.2190008
   55.8313554   61.2309393
   55.8464354   61.2432938
   55.8485862   61.2439457
   55.8686250   61.2447330
   55.8840197   61.2425313
   55.8883636   61.2426736
   55.9030446   61.2404759
   55.9081078   61.2406086
   55.9220649   61.2384260
   55.9278483   61.2385398
   55.9410906   61.2363805
   55.9475854   61.2364657
   55.9601111   61.2343396
   55.9673282   61.2343871
   55.9791379   61.2323034
   55.9870672   61.2323036
   55.9981596   61.2302724
   56.0068028   61.2302161
   56.0171881   61.2282450
   56.0265442   61.2281228
   56.0362107   61.2262234
   56.0462817   61.2260259
   56.0552394   61.2242058
   56.0660185   61.2239238
   56.0742659   61.2221929
   56.0857530   61.2218172
   56.0932899   61.2201849
   56.1054918   61.2197057
   56.1123203   61.2181811
   56.1252272   61.2175898
   56.1313462   61.2161827
   56.1449602   61.2154698
   56.1503774   61.2141878
   56.1646975   61.2133439
   56.1694035   61.2121987
   56.1844315   61.2112146
   56.1884357   61.2102134
   56.2041630   61.2090803
   56.2074630   61.2082331
   56.2455625   61.2046332
   56.2587616   61.2057758
   56.2673966   61.2126084
   56.2796717   61.2261221
   56.2893639   61.2413933
   56.2918149   61.2472647
   56.2982407   61.2572217
   56.3011592   61.2639771
   56.3071073   61.2730510
   56.3105142   61.2806904
   56.3159685   61.2888902
   56.3188884   61.2978384
   56.3242683   61.3095939
   56.3258676   61.3156246
   56.3313397   61.3276259
   56.3328456   61.3334045
   56.3384094   61.3456541
   56.3398255   61.3511894
   56.3454788   61.3636857
   56.3468046   61.3689689
   56.3525485   61.3817181
   56.3537860   61.3867512
   56.3615941   61.4041576
   56.3725807   61.4201346
   56.3795418   61.4272826
   56.3861717   61.4289332
   56.4041889   61.4305268
   56.4157641   61.4296896
   56.4221903   61.4303445
   56.4352935   61.4295755
   56.4401978   61.4301412
   56.4548180   61.4294823
   56.4582022   61.4299181
   56.5133992   61.4291356
   56.5329324   61.4293141
   56.5503373   61.4324842
   56.5577141   61.4391283
   56.5644695   61.4471433
   56.5688758   61.4509299
   56.5901706   61.4739427
   56.6047509   61.4852057
   56.6099764   61.4879562
   56.6357082   61.5055227
   56.6564951   61.5191725
   56.6653705   61.5212420
   56.6853830   61.5223346
   56.6975537   61.5208169
   56.7053637   61.5211951
   56.7170356   61.5197002
   56.7253500   61.5200532
   56.7365179   61.5185862
   56.7453306   61.5189093
   56.7560003   61.5174739
   56.7653140   61.5177629
   56.7754829   61.5163635
   56.7853004   61.5166146
   56.7949658   61.5152557
   56.8052808   61.5154648
   56.8144486   61.5141492
   56.8252642   61.5143126
   56.8339310   61.5130444
   56.8452512   61.5131589
   56.8534144   61.5119419
   56.8652318   61.5120037
   56.8728979   61.5108404
   56.8852184   61.5108466
   56.8923816   61.5097411
   56.9051984   61.5096885
   56.9118655   61.5086427
   56.9251817   61.5085284
   56.9313495   61.5075457
   56.9451683   61.5073668
   56.9508337   61.5064507
   56.9651482   61.5062044
   56.9703178   61.5053564
   56.9851314   61.5050401
   56.9898013   61.5042634
   57.0051181   61.5038745
   57.0092859   61.5031722
   57.0250983   61.5027084
   57.0287706   61.5020816
   57.0586260   61.5006097
   57.0799058   61.5047056
   57.0851300   61.5062744
   57.0960904   61.5078551
   57.1051767   61.5103427
   57.1251955   61.5125270
   57.1392721   61.5117362
   57.1451905   61.5123771
   57.1591539   61.5115784
   57.1651884   61.5122270
   57.1790295   61.5114210
   57.1851803   61.5120771
   57.1989082   61.5112636
   57.2051758   61.5119270
   57.2187874   61.5111062
   57.2251742   61.5117770
   57.2386666   61.5109495
   57.2451661   61.5116268
   57.2585453   61.5107924
   57.2651640   61.5114766
   57.2784240   61.5106359
   57.2851560   61.5113262
   57.2983027   61.5104789
   57.3051509   61.5111755
   57.3181814   61.5103221
   57.3251488   61.5110251
   57.3380630   61.5101657
   57.3451407   61.5108739
   57.3579392   61.5100088
   57.3651357   61.5107228
   57.3778184   61.5098523
   57.3851341   61.5105721
   57.3976971   61.5096964
   57.4051265   61.5104211
   57.4175758   61.5095401
   57.4251244   61.5102700
   57.4374545   61.5093844
   57.4451163   61.5101188
   57.4573332   61.5092283
   57.4651112   61.5099673
   57.4772124   61.5090723
   57.4851091   61.5098159
   57.4970916   61.5089170
   57.5051011   61.5096644
   57.5169732   61.5087610
   57.5250960   61.5095121
   57.5368490   61.5086051
   57.5450938   61.5093604
   57.5567277   61.5084500
   57.5650863   61.5092086
   57.5766064   61.5082946
   57.5850846   61.5090566
   57.5964851   61.5081398
   57.6050766   61.5089046
   57.6163643   61.5079845
   57.6250715   61.5087522
   57.6362435   61.5078295
   57.6450693   61.5085999
   57.6561222   61.5076750
   57.6650613   61.5084475
   57.6760009   61.5075201
   57.6850562   61.5082948
   57.6958796   61.5073653
   57.7050540   61.5081422
   57.7157612   61.5072109
   57.7250460   61.5079890
   57.7356375   61.5070561
   57.7450415   61.5078360
   57.7555167   61.5069017
   57.7650397   61.5076830
   57.7753954   61.5067479
   57.7850317   61.5075300
   57.7952741   61.5065937
   57.8050295   61.5073768
   57.8151528   61.5064401
   57.8250215   61.5072236
   57.8350315   61.5062861
   57.8450164   61.5070699
   57.8549107   61.5061322
   57.8650141   61.5069164
   57.8747899   61.5059790
   57.8850062   61.5067628
   57.8946715   61.5058251
   57.9050011   61.5066083
   57.9145473   61.5056713
   57.9249993   61.5064545
   57.9344260   61.5055185
   57.9449918   61.5063005
   57.9543047   61.5053652
   57.9649896   61.5061464
   57.9741834   61.5052125
   57.9849816   61.5059922
   57.9940626   61.5050594
   58.0049765   61.5058376
   58.0139418   61.5049065
   58.0249742   61.5056831
   58.0338205   61.5047542
   58.0449662   61.5055286
   58.0536993   61.5046016
   58.0649611   61.5053737
   58.0735808   61.5044487
   58.0849588   61.5052183
   58.0934567   61.5042966
   58.1049514   61.5050635
   58.1133359   61.5041442
   58.1249495   61.5049083
   58.1332151   61.5039925
   58.1449416   61.5047532
   58.1530938   61.5038405
   58.1649365   61.5045977
   58.1729725   61.5036885
   58.1849341   61.5044422
   58.1928512   61.5035372
   58.2049262   61.5042867
   58.2127299   61.5033855
   58.2249211   61.5041308
   58.2326086   61.5032339
   58.2449187   61.5039750
   58.2524878   61.5030829
   58.2649108   61.5038192
   58.2723699   61.5029313
   58.2849062   61.5036624
   58.2922458   61.5027799
   58.3049043   61.5035061
   58.3121245   61.5026293
   58.3248964   61.5033499
   58.3320032   61.5024784
   58.3448940   61.5031934
   58.3518819   61.5023281
   58.3648861   61.5030369
   58.3717611   61.5021773
   58.3848809   61.5028800
   58.3916404   61.5020268
   58.4048785   61.5027231
   58.4115191   61.5018768
   58.4248706   61.5025663
   58.4313978   61.5017265
   58.4448655   61.5024090
   58.4512793   61.5015760
   58.4648636   61.5022512
   58.4711552   61.5014264
   58.4848562   61.5020939
   58.4910339   61.5012764
   58.5048538   61.5019364
   58.5109132   61.5011271
   58.5248459   61.5017789
   58.5307924   61.5009775
   58.5448407   61.5016210
   58.5506711   61.5008280
   58.5648383   61.5014630
   58.5705498   61.5006791
   58.5848304   61.5013051
   58.5904285   61.5005298
   58.6048252   61.5011467
   58.6103073   61.5003807
   58.6248228   61.5009884
   58.6301892   61.5002318
   58.6448154   61.5008297
   58.6500657   61.5000829
   58.6648134   61.5006709
   58.6699444   61.4999347
   58.6848055   61.5005124
   58.6898232   61.4997861
   58.7048004   61.5003534
   58.7097019   61.4996377
   58.7247979   61.5001943
   58.7295806   61.4994899
   58.7447900   61.5000353
   58.7494593   61.4993417
   58.7647849   61.4998759
   58.7693385   61.4991936
   58.7847824   61.4997164
   58.7892178   61.4990463
   58.8090996   61.4996991
   58.8230324   61.5024082
   58.8354644   61.5073517
   58.8392790   61.5097004
   58.8532753   61.5152315
   58.8571244   61.5176297
   58.8752237   61.5247343
   58.9100277   61.5315030
   58.9133492   61.5326827
   58.9279391   61.5351154
   58.9324202   61.5366321
   58.9458435   61.5387425
   58.9514954   61.5405676
   58.9637487   61.5423850
   58.9705746   61.5444900
   58.9816532   61.5460408
   58.9896579   61.5484006
   58.9995591   61.5497091
   59.0087430   61.5522994
   59.0174578   61.5533869
   59.0278324   61.5561887
   59.0417923   61.5587407
   59.0487244   61.5622969
   59.1333822   61.6087052
   59.1508060   61.6180035
   59.1695134   61.6231334
   59.1780455   61.6235438
   59.1888788   61.6261273
   59.1948657   61.6262926
   59.2082604   61.6290639
   59.2116907   61.6290960
   59.2276585   61.6319504
   59.2451314   61.6344970
   59.2652696   61.6415738
   59.3328856   61.6621246
   59.3698746   61.6061345
   59.3785332   61.5955974
   59.3851411   61.5754784
   59.4018626   61.5271926
   59.4076950   61.5097135
   59.4084345   61.5040951
   59.4071395   61.4858984
   59.4040278   61.4679570
   59.3990994   61.4502670
   59.3915030   61.4311192
   59.3744612   61.4156945
   59.3694468   61.4117879
   59.3602576   61.4029522
   59.3546654   61.3985769
   59.3460455   61.3902048
   59.3398912   61.3853680
   59.3318411   61.3774659
   59.3251087   61.3721494
   59.3176292   61.3647243
   59.3103358   61.3589357
   59.3034232   61.3519910
   59.2955596   61.3457164
   59.2892089   61.3392550
   59.2807878   61.3324971
   59.2670866   61.3183673
   59.2552508   61.3025800
   59.2560497   61.2817523
   59.2595566   61.2619429
   59.2657636   61.2433076
   59.2702629   61.2344853
   59.2733082   61.2252469
   59.2779513   61.2160850
   59.2808547   61.2071840
   59.2856383   61.1976842
   59.2883998   61.1891270
   59.2933248   61.1792832
   59.2959481   61.1710648
   59.3010101   61.1608809
   59.3034954   61.1530088
   59.3086941   61.1424806
   59.3110457   61.1349475
   59.3163757   61.1240810
   59.3185944   61.1168920
   59.3240589   61.1056757
   59.3261468   61.0988317
   59.3317401   61.0872718
   59.3336982   61.0807773
   59.3394200   61.0688699
   59.3412526   61.0627179
   59.3470988   61.0504657
   59.3488060   61.0446644
   59.3547769   61.0320613
   59.3563625   61.0266059
   59.3624538   61.0136557
   59.3639182   61.0085533
   59.3701294   60.9952520
   59.3714769   60.9904958
   59.3797090   60.9727357
   59.3907957   60.9562030
   59.4020118   60.9438916
   59.4042006   60.9406792
   59.4373306   60.9024857
   59.4434559   60.8535500
   59.4435675   60.8341264
   59.4410684   60.8151353
   59.4359586   60.7965765
   59.4320544   60.7874104
   59.4295481   60.7782358
   59.4254233   60.7683346
   59.4231328   60.7598894
   59.4187951   60.7492604
   59.4167170   60.7415469
   59.4121701   60.7301890
   59.4103000   60.7232046
   59.4055442   60.7111098
   59.4038810   60.7048627
   59.3989220   60.6920371
   59.3974608   60.6865196
   59.3855684   60.6534631
   59.3735020   60.6378837
   59.3650063   60.6262151
   59.3611928   60.6219678
   59.3533706   60.6110755
   59.3488820   60.6060437
   59.3417333   60.5959415
   59.3365797   60.5901237
   59.3300892   60.5808055
   59.3242772   60.5741953
   59.3184437   60.5656761
   59.3119849   60.5582711
   59.3067947   60.5505504
   59.2996912   60.5423354
   59.2951421   60.5354318
   59.2874085   60.5264039
   59.2834816   60.5203136
   59.2751288   60.5104634
   59.2718171   60.5052039
   59.2628581   60.4945214
   59.2601474   60.4901027
   59.2505973   60.4785772
   59.2484678   60.4750048
   59.2383432   60.4626231
   59.2283953   60.4453949
   59.2260822   60.4392677
   59.2194058   60.4276288
   59.2171951   60.4217576
   59.2104184   60.4098676
   59.2083072   60.4042464
   59.2014288   60.3921014
   59.1994167   60.3867306
   59.1924423   60.3743398
   59.1905292   60.3692207
   59.1834533   60.3565732
   59.1816395   60.3517084
   59.1744669   60.3388116
   59.1727491   60.3341934
   59.1654788   60.3210445
   59.1638605   60.3166841
   59.1564928   60.3032827
   59.1549696   60.2991692
   59.1475051   60.2855153
   59.1460807   60.2816602
   59.1385196   60.2677534
   59.1371904   60.2641482
   59.1295317   60.2499859
   59.1282984   60.2466337
   59.0215643   60.0365204
   59.0103826   60.0200593
   58.9969550   60.0046402
   58.9930970   60.0011007
   58.9829661   59.9894751
   58.9789045   59.9856946
   58.9689745   59.9743065
   58.9647142   59.9702904
   58.9551179   59.9592908
   58.9175652   59.9437200
   58.9121019   59.9418948
   58.8990387   59.9360454
   58.8935554   59.9342232
   58.8805212   59.9283741
   58.8750085   59.9265523
   58.8619993   59.9207010
   58.8564615   59.9188817
   58.8434734   59.9130258
   58.8379146   59.9112109
   58.8249558   59.9053535
   58.8193662   59.9035405
   58.8064302   59.8976779
   58.8008211   59.8958713
   58.7879126   59.8900047
   58.7822734   59.8882019
   58.7693906   59.8823297
   58.7637255   59.8805328
   58.7508673   59.8746533
   58.7451775   59.8728638
   58.7323497   59.8669787
   58.7266291   59.8651957
   58.7138288   59.8593025
   58.7080774   59.8575272
   58.6899358   59.8491436
   58.6731282   59.8383874
   58.6576530   59.8252570
   58.6526410   59.8197619
   58.6427532   59.8111073
   58.6391589   59.8071051
   58.5980635   59.7686327
   58.5784945   59.7500739
   58.5058668   59.7293339
   58.4872331   59.7218102
   58.4827759   59.7188307
   58.4693850   59.7039026
   58.4582593   59.6879069
   58.4493980   59.6708439
   58.4478587   59.6666141
   58.4248074   59.6187000
   58.4019401   59.5700987
   58.3998954   59.5667081
   58.3921897   59.5490906
   58.3867554   59.5304020
   58.3835921   59.5106435
   58.3829029   59.4945765
   58.3924925   59.4830456
   58.4064002   59.4696835
   58.4173501   59.4613435
   58.4212652   59.4575569
   58.4325552   59.4489127
   58.4361244   59.4454376
   58.5997542   59.3121094
   58.6590409   59.2635409
   58.6696371   59.2567956
   58.6815690   59.2529209
   58.6928563   59.2508116
   58.7001939   59.2483970
   58.7120157   59.2461444
   58.7188218   59.2438748
   58.7311691   59.2414761
   58.7374428   59.2393564
   58.7503205   59.2368066
   58.7560679   59.2348390
   58.7694778   59.2321333
   58.7746935   59.2303243
   58.7886297   59.2274593
   58.7933195   59.2258115
   58.8077796   59.2227835
   58.8119493   59.2212994
   58.8269352   59.2181035
   58.8305742   59.2167915
   58.9609826   59.1852918
   59.0375673   59.1664918
   59.0559666   59.1588782
   59.0736830   59.1485696
   59.0907066   59.1355722
   59.1088042   59.1178146
   59.1076428   59.1050197
   59.0995125   59.0540535
   59.0982329   59.0347287
   59.0990895   59.0154291
   59.1020829   58.9961500
   59.1072105   58.9769053
   59.1161539   58.9530751
   59.1091488   58.9383097
   59.1063875   58.9309799
   59.1003577   58.9188967
   59.0932046   58.8995029
   59.0885915   58.8801390
   59.0861687   58.8608014
   59.0851108   58.8414761
   59.0866427   58.8221881
   59.0907649   58.8029269
   59.0938883   58.7939782
   59.0996775   58.7881314
   59.1145559   58.7763367
   59.1308110   58.7663819
   59.1410851   58.7616525
   59.1478708   58.7574894
   59.1586387   58.7524643
   59.1649267   58.7486003
   59.1761832   58.7432807
   59.1819838   58.7397107
   59.1937337   58.7340931
   59.1990431   58.7308207
   59.3341236   58.6605830
   59.3362026   58.6592253
   59.3692866   58.6081918
   59.3782501   58.5907014
   59.3852224   58.5727512
   59.3902047   58.5543365
   59.3942794   58.5357210
   59.3966261   58.5167040
   59.3969819   58.4972256
   59.3965841   58.4923754
   59.3925575   58.4866377
   59.3794259   58.4715291
   59.3649778   58.4581453
   59.3492050   58.4464788
   59.3395208   58.4408442
   59.3326934   58.4357841
   59.3227036   58.4299336
   59.3161754   58.4250860
   59.3058866   58.4190224
   59.2996611   58.4143910
   59.2890711   58.4081119
   59.2831485   58.4036979
   59.2722557   58.3972013
   59.2666307   58.3930018
   59.2554465   58.3862936
   59.2501181   58.3823088
   59.2386263   58.3753784
   59.2336020   58.3716148
   59.2218115   58.3644668
   59.2170834   58.3609195
   59.1705025   58.3310762
   59.1183732   58.3161261
   59.1123265   58.3148945
   59.0995520   58.3108228
   59.0925926   58.3093941
   59.0807258   58.3055193
   59.0728481   58.3038882
   59.0619090   58.3002214
   59.0531102   58.2983822
   59.0430874   58.2949254
   59.0333738   58.2928736
   59.0242615   58.2896312
   59.0136415   58.2873617
   59.0054435   58.2843431
   58.9939104   58.2818461
   58.9866212   58.2790588
   58.9741774   58.2763246
   58.9677983   58.2737809
   58.9544504   58.2707985
   58.9359239   58.2630560
   58.9243831   58.2555238
   58.9186238   58.2530399
   58.9080756   58.2460127
   58.9013319   58.2430151
   58.8917594   58.2365097
   58.8840413   58.2329777
   58.8754388   58.2270175
   58.8667598   58.2229328
   58.8591159   58.2175365
   58.8494807   58.2128778
   58.8427801   58.2080605
   58.8322076   58.2028137
   58.8264429   58.1985950
   58.8149414   58.1927417
   58.8101016   58.1891382
   58.7976770   58.1826595
   58.7937523   58.1796881
   58.7804170   58.1725689
   58.7774023   58.1702488
   58.7113766   58.1322193
   58.6941849   58.1220023
   58.6785075   58.1089873
   58.6643433   58.0931737
   58.6401871   58.0575195
   58.6440661   58.0362479
   58.6464867   58.0203492
   58.6476176   58.0162358
   58.6500513   58.0001700
   58.6511696   57.9962273
   58.6536145   57.9799917
   58.6547216   57.9762233
   58.6571763   57.9598097
   58.6629981   57.9407714
   58.6715878   57.9231220
   58.6829433   57.9068663
   58.6970697   57.8919979
   58.6995305   57.8900349
   58.7717510   57.8168543
   58.7867489   57.7977468
   58.7860027   57.7821484
   58.7836376   57.7639562
   58.7817490   57.7551599
   58.7734629   57.7449408
   58.7592988   57.7303815
   58.7442385   57.7176233
   58.7282751   57.7066591
   58.7246744   57.7047014
   58.6150188   57.6328855
   58.5987954   57.6224211
   58.5814760   57.6141466
   58.5630607   57.6080606
   58.5465196   57.6047554
   58.4218924   57.6633455
   58.4029356   57.6686070
   58.3893230   57.6698712
   58.3834013   57.6714758
   58.3700365   57.6727104
   58.3638686   57.6743436
   58.3507499   57.6755494
   58.3443301   57.6772121
   58.3314641   57.6783891
   58.3247942   57.6800802
   58.3121779   57.6812292
   58.3052628   57.6829470
   58.2928914   57.6840690
   58.2857239   57.6858148
   58.2736049   57.6869095
   58.2661880   57.6886821
   58.2543192   57.6897501
   58.2466517   57.6915494
   58.2350330   57.6925911
   58.2271206   57.6944154
   58.2073144   57.6961851
   58.1868679   57.6953064
   58.1711159   57.6926724
   58.1601919   57.6864896
   58.1525571   57.6813266
   58.1441362   57.6768503
   58.1368291   57.6718872
   58.1280743   57.6672057
   58.1211073   57.6624530
   58.1120170   57.6575637
   58.1053818   57.6530177
   58.0959573   57.6479190
   58.0896558   57.6435832
   58.0799000   57.6382750
   58.0739293   57.6341495
   58.0638465   57.6286321
   58.0582009   57.6247148
   58.0477841   57.6189825
   58.0376463   57.6126110
   58.0043617   57.5692305
   57.9947868   57.5521414
   57.9879079   57.5342115
   57.9457991   57.3466602
   57.9437450   57.3272397
   57.9438998   57.3087550
   57.9508603   57.2932100
   58.0061732   57.1951883
   58.0143765   57.1775507
   58.0212494   57.1588513
   58.0272322   57.1369162
   58.0244552   57.1299266
   58.0103017   57.1187242
   57.9910220   57.1050721
   57.9716377   57.0939351
   57.9521478   57.0853125
   57.9325522   57.0792046
   57.9211925   57.0771328
   57.9128972   57.0745303
   57.9017631   57.0725473
   57.8829551   57.0666047
   57.8652227   57.0582590
   57.8485706   57.0475108
   57.8330064   57.0343661
   57.8297155   57.0308336
   57.7927483   56.9978680
   57.7834970   56.9941696
   57.6945584   56.9600562
   57.6455811   56.9411376
   57.6307295   56.9377161
   57.6194885   56.9358729
   57.6114021   56.9335559
   57.5998866   56.9316780
   57.5920783   56.9293960
   57.5727470   56.9262627
   57.5534216   56.9256461
   57.3834283   56.9406557
   57.3624749   56.9423217
   57.3409597   56.9336921
   57.3234642   56.9241765
   57.3076990   56.9128544
   57.2936644   56.8997261
   57.2801989   56.8860069
   57.2683242   56.8706158
   57.2581806   56.8534341
   57.2497587   56.8344473
   57.2499166   56.8283825
   57.2564909   56.8097785
   57.2650340   56.7920659
   57.2755415   56.7752540
   57.2824071   56.7664944
   57.2871923   56.7589556
   57.2935332   56.7509111
   57.2988413   56.7426662
   57.3046508   56.7353345
   57.3104981   56.7263701
   57.3157751   56.7197427
   57.3454729   56.6775061
   57.3561258   56.6627015
   57.3574180   56.6498091
   57.3577192   56.6398776
   57.3589149   56.6298590
   57.3592593   56.6189680
   57.3604096   56.6099043
   57.3608013   56.5980726
   57.3619015   56.5899611
   57.3625878   56.5702418
   57.3612054   56.5511189
   57.3577536   56.5325848
   57.3324740   56.4443938
   57.3291681   56.4254639
   57.3280219   56.4059302
   57.3295823   56.3822169
   57.3716415   56.3111460
   57.4590485   56.1639880
   57.4611119   56.1596353
   57.4687898   56.1475652
   57.4710550   56.1428050
   57.4785261   56.1311505
   57.4809993   56.1259734
   57.4915900   56.1095841
   57.4984080   56.1015320
   57.5096822   56.0969163
   57.5293866   56.0918515
   57.5492196   56.0897383
   57.6490343   56.0953848
   57.8235770   56.1058536
   57.8606661   56.1079944
   57.8686082   56.1071150
   57.8785479   56.1070331
   57.8884719   56.1059461
   57.8981452   56.1058815
   57.9083457   56.1047765
   57.9177514   56.1047284
   57.9282102   56.1036084
   57.9373534   56.1035760
   57.9480837   56.1024401
   57.9569547   56.1024227
   57.9679475   56.1012726
   57.9765566   56.1012696
   57.9878210   56.1001051
   57.9961578   56.1001156
   58.0076850   56.0989384
   58.0157597   56.0989617
   58.0275584   56.0977716
   58.0353617   56.0978069
   58.0474224   56.0966057
   58.0549628   56.0966521
   58.0672959   56.0954398
   58.0745646   56.0954966
   58.0871600   56.0942746
   58.0941657   56.0943411
   58.1070334   56.0931095
   58.1137674   56.0931847
   58.1268976   56.0919452
   58.1333684   56.0920283
   58.1467710   56.0907809
   58.1529701   56.0908711
   58.1666353   56.0896173
   58.1725719   56.0897140
   58.1865087   56.0884539
   58.1921727   56.0885559
   58.2063730   56.0872912
   58.2117743   56.0873979
   58.2262468   56.0861286
   58.2313751   56.0862389
   58.3555243   56.0787673
   58.3688114   56.0811053
   58.3835586   56.0830563
   58.4021268   56.0877258
   58.4549604   56.1085300
   58.4589376   56.1105824
   58.4725404   56.1155583
   58.4771924   56.1179329
   58.4901125   56.1225868
   58.4954457   56.1252790
   58.5076830   56.1296182
   58.5137044   56.1326239
   58.5322875   56.1391086
   58.5517773   56.1432522
   58.5558933   56.1430737
   58.5751751   56.1377953
   58.7053073   56.1005808
   58.7098102   56.0997577
   58.7237525   56.0953200
   58.7290460   56.0943264
   58.7421983   56.0900634
   58.7482785   56.0888920
   58.7606471   56.0848101
   58.7675069   56.0834540
   58.7790953   56.0795605
   58.7867428   56.0780099
   58.7975442   56.0743157
   58.8059718   56.0725637
   58.8159962   56.0690742
   58.8252002   56.0671132
   58.8344477   56.0638372
   58.8444288   56.0616583
   58.8528999   56.0586045
   58.8636508   56.0562008
   58.8713550   56.0533749
   58.8828805   56.0507363
   58.8898099   56.0481505
   58.9084911   56.0437726
   58.9119994   56.0440275
   58.9314994   56.0494434
   58.9498200   56.0573817
   58.9669587   56.0678407
   58.9723909   56.0722591
   58.9836688   56.0792320
   58.9886419   56.0832785
   59.0003762   56.0906209
   59.0048951   56.0942992
   59.0170805   56.1020080
   59.0211508   56.1053223
   59.0337928   56.1134013
   59.0374019   56.1163410
   59.0627825   56.1333009
   59.0747212   56.1353813
   59.0946158   56.1366283
   59.1144757   56.1356476
   59.1342881   56.1324391
   59.1540518   56.1270040
   59.1737812   56.1193380
   59.1934571   56.1094486
   59.2131211   56.0983783
   59.2354037   56.0837023
   59.2344809   56.0674212
   59.2319890   56.0479465
   59.2281407   56.0290669
   59.2229396   56.0108014
   59.1860392   55.8961859
   59.1809213   55.8781324
   59.1774385   55.8597673
   59.1755874   55.8410743
   59.1753687   55.8220529
   59.1757887   55.8163087
   59.1816594   55.8088095
   59.1954608   55.7940949
   59.2102616   55.7810212
   59.2260519   55.7695980
   59.2401342   55.7613954
   59.2553905   55.7504413
   59.2668393   55.7404703
   59.2706470   55.7303447
   59.2753866   55.7134009
   59.2794336   55.6963895
   59.2943847   55.6008930
   59.3004514   55.5753340
   59.3044993   55.5623107
   59.2424493   55.5227189
   59.2376548   55.5200718
   59.2192236   55.5077304
   59.2027760   55.4943188
   59.1883119   55.4798371
   59.1758314   55.4642851
   59.1653322   55.4476595
   59.1568196   55.4299688
   59.1338647   55.3635171
   59.1201209   55.3515615
   59.1039750   55.3402570
   59.0869021   55.3308882
   59.0689180   55.3234632
   58.9934014   55.3012349
   58.9385908   55.2998754
   58.9317279   55.3002034
   58.9204043   55.2995479
   58.9116131   55.2998903
   58.9022145   55.2992386
   58.8914907   55.2995568
   58.8840368   55.2989505
   58.8311574   55.2984261
   58.8113076   55.2960226
   58.7917653   55.2912350
   58.7725303   55.2840632
   58.7536017   55.2745068
   58.7349818   55.2625667
   58.7297194   55.2573089
   58.7206361   55.2397858
   58.6882927   55.1745251
   58.6851828   55.1689883
   58.6767933   55.1509350
   58.6696344   55.1319555
   58.6637062   55.1120503
   58.6590098   55.0912240
   58.6576343   55.0825917
   58.6244875   55.0684476
   58.6175498   55.0650230
   58.6039913   55.0595063
   58.5970803   55.0560596
   58.5766711   55.0478095
   58.5564763   55.0415935
   58.5364943   55.0374100
   58.5167097   55.0352563
   58.4971379   55.0351346
   58.4777785   55.0370438
   58.4636799   55.0399444
   58.4485438   55.0508593
   58.4363828   55.0590976
   58.4325044   55.0623903
   58.4205695   55.0704266
   58.4164623   55.0739248
   58.4047505   55.0817590
   58.4004235   55.0854574
   58.3889350   55.0930873
   58.3843824   55.0969935
   58.3731170   55.1044167
   58.3683447   55.1085287
   58.3572958   55.1157464
   58.3523047   55.1200668
   58.3414756   55.1270736
   58.3362679   55.1316044
   58.3256563   55.1383980
   58.3202297   55.1431459
   58.3036809   55.1536155
   58.2857870   55.1612538
   58.2665459   55.1660624
   58.2459543   55.1680416
   58.2240173   55.1671908
   58.2007347   55.1635106
   58.1760993   55.1569994
   58.1609241   55.1515436
   58.1506118   55.1486869
   58.1367182   55.1436982
   58.1251172   55.1403729
   58.1122777   55.1357831
   58.1077553   55.1491236
   58.0977427   55.1733231
   58.0866767   55.1952972
   58.0745481   55.2150631
   58.0615545   55.2329795
   58.0480084   55.2497558
   58.0333266   55.2641384
   58.0175037   55.2761325
   58.0005451   55.2857340
   57.9824452   55.2929461
   57.9682309   55.2965082
   57.9634979   55.2983711
   57.9492779   55.3019567
   57.9445475   55.3037974
   57.9301242   55.3074818
   57.6401083   55.3375361
   57.5258602   55.3491981
   57.5102398   55.3466354
   57.4915557   55.3410301
   57.4030319   55.3134996
   57.3982699   55.3124818
   57.3854258   55.3080490
   57.3796158   55.3067615
   57.3678200   55.3026064
   57.3609620   55.3010336
   57.3502088   55.2971703
   57.3423083   55.2952981
   57.3325978   55.2917422
   57.3236637   55.2895579
   57.3149818   55.2863196
   57.3050170   55.2838093
   57.2973664   55.2809043
   57.2863704   55.2780539
   57.2680691   55.2709836
   57.2553567   55.2643520
   57.2470092   55.2539586
   57.2410460   55.2446256
   57.2359459   55.2382639
   57.2301405   55.2291412
   57.2248898   55.2225796
   57.2192311   55.2136507
   57.2138296   55.2068878
   57.2083236   55.1981635
   57.2027699   55.1911967
   57.1974159   55.1826767
   57.1917121   55.1755075
   57.1865079   55.1671900
   57.1806555   55.1598192
   57.1756017   55.1517060
   57.1695936   55.1441239
   57.1646905   55.1362170
   57.1585393   55.1284381
   57.1484616   55.1121110
   57.1402584   55.0945724
   57.1374147   55.0861471
   57.1381300   55.0777095
   57.1418351   55.0589577
   57.1476088   55.0407742
   57.1554466   55.0231725
   57.1601716   55.0150491
   57.1643263   55.0058493
   57.1687762   54.9982112
   57.1732035   54.9885328
   57.1773767   54.9813802
   57.1820800   54.9712184
   57.1859786   54.9645456
   57.1921891   54.9517973
   57.1900330   54.9338591
   57.1891762   54.9222751
   57.1876733   54.9134152
   57.1870515   54.9034194
   57.1853230   54.8929808
   57.1843541   54.8729240
   57.1858504   54.8535579
   57.1898129   54.8348717
   57.1949383   54.8165154
   57.2022965   54.7987707
   57.2094640   54.7863343
   57.2224894   54.7780306
   57.2403614   54.7696849
   57.2477534   54.7673393
   57.2587063   54.7622723
   57.2657338   54.7600488
   57.2770447   54.7548631
   57.2837137   54.7527588
   57.2953920   54.7474510
   57.3016916   54.7454685
   57.3137363   54.7400401
   57.3196718   54.7381770
   57.3320771   54.7326313
   57.3376514   54.7308859
   57.3504252   54.7252201
   57.3556306   54.7235940
   57.3687700   54.7178103
   57.3736081   54.7163024
   57.5818659   54.6317896
   57.7063491   54.5553170
   57.7111807   54.5528418
   57.7232150   54.5449797
   57.7281699   54.5424450
   57.7400771   54.5346446
   57.7451641   54.5320462
   57.7569464   54.5243056
   57.7621488   54.5216524
   57.7738132   54.5139668
   57.7791445   54.5112522
   57.7906767   54.5036303
   57.7961324   54.5008571
   57.8075387   54.4932945
   57.8131240   54.4904603
   57.8244074   54.4829548
   57.8301140   54.4800644
   57.8412726   54.4726164
   57.8471056   54.4696676
   57.8581379   54.4622780
   57.8640958   54.4592719
   57.8749998   54.4519413
   57.8810903   54.4488746
   57.8918679   54.4416012
   57.8980769   54.4384816
   57.9087337   54.4312611
   57.9150727   54.4280831
   57.9255967   54.4209230
   57.9320598   54.4176904
   57.9424583   54.4105850
   57.9490562   54.4072931
   57.9593257   54.4002441
   57.9769763   54.3914602
   57.9930916   54.3860798
   58.0102088   54.3894773
   58.0289871   54.3960772
   58.0351792   54.3993124
   58.0473956   54.4036034
   58.0536378   54.4068586
   58.0658049   54.4111295
   58.0721031   54.4144077
   58.0842112   54.4186553
   58.0905628   54.4219553
   58.1026234   54.4261836
   58.1090245   54.4295029
   58.1210343   54.4337108
   58.1274862   54.4370504
   58.1394398   54.4412361
   58.1459485   54.4445989
   58.1578520   54.4487646
   58.1644084   54.4521459
   58.1762611   54.4562913
   58.1828701   54.4596935
   58.1946719   54.4638186
   58.2013319   54.4672409
   58.2130773   54.4713439
   58.2197942   54.4747893
   58.2314896   54.4788725
   58.2382542   54.4823363
   58.2498987   54.4863993
   58.2567159   54.4898838
   58.2683095   54.4939267
   58.2751745   54.4974295
   58.2867150   54.5014517
   58.2936399   54.5049789
   58.3051272   54.5089803
   58.3120999   54.5125258
   58.3235363   54.5165072
   58.3305616   54.5200732
   58.3419441   54.5240336
   58.3490232   54.5276209
   58.3677754   54.5341419
   58.3861306   54.5310644
   58.4044935   54.5254039
   58.4103074   54.5227102
   58.4225745   54.5189608
   58.4286813   54.5161460
   58.4406489   54.5125195
   58.4470559   54.5095816
   58.4587295   54.5060750
   58.4654287   54.5030192
   58.4768034   54.4996324
   58.4838032   54.4964564
   58.4948835   54.4931868
   58.5021780   54.4898948
   58.5129570   54.4867429
   58.5205529   54.4833334
   58.5310382   54.4802955
   58.5389282   54.4767733
   58.5491136   54.4738497
   58.5573038   54.4702136
   58.5671863   54.4674038
   58.5756794   54.4636543
   58.5852651   54.4609548
   58.5940553   54.4570960
   58.6128815   54.4518459
   58.6326090   54.4492145
   58.6356728   54.4495725
   58.7077131   54.4790592
   58.7112318   54.4809753
   58.7256979   54.4864980
   58.7296600   54.4886375
   58.7436783   54.4939362
   58.7480951   54.4963011
   58.7616586   54.5013770
   58.7665269   54.5039617
   58.7796392   54.5088198
   58.7849588   54.5116201
   58.7976210   54.5162646
   58.8033959   54.5192789
   58.8156025   54.5237114
   58.8218299   54.5269343
   58.8335778   54.5311573
   58.8402670   54.5345897
   58.8515575   54.5386072
   58.8586999   54.5422410
   58.8695340   54.5460572
   58.8771387   54.5498933
   58.8875140   54.5535106
   58.8955780   54.5575436
   58.9054884   54.5609635
   58.9140161   54.5651919
   58.9234629   54.5684186
   58.9324504   54.5728369
   58.9414398   54.5758756
   58.9508947   54.5804839
   58.9594130   54.5833338
   58.9693346   54.5881279
   58.9773898   54.5907949
   58.9877710   54.5957679
   58.9953614   54.5982549
   59.0062173   54.6034104
   59.0133328   54.6057175
   59.0246590   54.6110500
   59.0313046   54.6131820
   59.0431005   54.6186876
   59.0529343   54.6218093
   59.0610124   54.6223386
   59.0794563   54.6213273
   59.0856518   54.6202245
   59.0978332   54.6195700
   59.1041940   54.6184450
   59.1162101   54.6178125
   59.1227361   54.6166656
   59.1345869   54.6160548
   59.1412782   54.6148864
   59.1529637   54.6142969
   59.1598195   54.6131075
   59.1713405   54.6125388
   59.1783617   54.6113286
   59.1897173   54.6107806
   59.1969038   54.6095500
   59.2080941   54.6090221
   59.2154452   54.6077716
   59.2264708   54.6072635
   59.2339875   54.6059933
   59.2526200   54.6051551
   59.2691071   54.6064102
   59.2853032   54.6161832
   59.2973608   54.6257423
   59.3011918   54.6280651
   59.3129844   54.6374525
   59.3170792   54.6399470
   59.3286066   54.6491612
   59.3329715   54.6518329
   59.3442362   54.6608739
   59.3488626   54.6637192
   59.3598572   54.6725795
   59.3647499   54.6756028
   59.3754875   54.6842913
   59.3806379   54.6874887
   59.3911091   54.6959960
   59.3965236   54.6993731
   59.4067373   54.7077048
   59.4124137   54.7112619
   59.4223648   54.7194123
   59.4283031   54.7231506
   59.4379917   54.7311180
   59.4441883   54.7350370
   59.4536174   54.7428221
   59.4600747   54.7469250
   59.4692501   54.7545308
   59.4759604   54.7588140
   59.4848740   54.7662324
   59.4918460   54.7707029
   59.5005047   54.7779379
   59.5077324   54.7825936
   59.5161346   54.7896422
   59.5236171   54.7944840
   59.5317637   54.8013451
   59.5395015   54.8063747
   59.5473917   54.8130461
   59.5553857   54.8182658
   59.5630266   54.8247518
   59.5712714   54.8301594
   59.5786531   54.8364500
   59.5871509   54.8420486
   59.5942859   54.8481527
   59.6030365   54.8539437
   59.6099181   54.8598540
   59.6262077   54.8706820
   59.6386427   54.8769279
   59.6533860   54.8771020
   59.6731784   54.8748826
   59.7268602   54.8624402
   59.7315364   54.8618121
   59.7453770   54.8582361
   59.7509868   54.8574433
   59.7638963   54.8540375
   59.7704362   54.8530687
   59.7824191   54.8498437
   59.7898847   54.8486882
   59.8009365   54.8456567
   59.8093336   54.8443027
   59.8194597   54.8414741
   59.8287804   54.8399124
   59.8480542   54.8344341
   59.8669793   54.8267653
   59.8855559   54.8169059
   59.8934581   54.8116820
   59.8940536   54.7896018
   59.8925525   54.7695003
   59.8890739   54.7502997
   59.8846248   54.7315511
   59.8786405   54.7134972
   59.8706124   54.6963882
   59.8605338   54.6802103
   59.8529070   54.6706248
   59.8491589   54.6646350
   59.8414201   54.6548458
   59.8364316   54.6473365
   59.8279886   54.6411895
   59.8174379   54.6324362
   59.8128375   54.6294241
   59.7220265   54.5587009
   59.7084916   54.5451582
   59.6965240   54.5299089
   59.6861183   54.5129467
   59.6772761   54.4942737
   59.6750885   54.4881472
   59.6805142   54.4662055
   59.6870216   54.4445684
   59.7113296   54.3586764
   59.7178196   54.3370881
   59.7328650   54.2832530
   59.7359360   54.2648608
   59.7286351   54.2454639
   59.7203305   54.2280946
   59.7110625   54.2113524
   59.7024274   54.1989593
   59.6869239   54.1925384
   59.6676094   54.1869521
   59.6483703   54.1838103
   59.6292065   54.1831130
   59.6175447   54.1841803
   59.6100924   54.1838962
   59.5981365   54.1849657
   59.5909705   54.1846802
   59.5787318   54.1857497
   59.5718524   54.1854639
   59.5593199   54.1865334
   59.5527344   54.1862486
   59.5399120   54.1873168
   59.5336165   54.1870338
   59.5205039   54.1880996
   59.5145031   54.1878197
   59.5010959   54.1888824
   59.4953815   54.1886063
   59.4816875   54.1896642
   59.4762636   54.1893930
   59.4622787   54.1904454
   59.4571457   54.1901803
   59.4428706   54.1912262
   59.4380318   54.1909683
   59.4234625   54.1920070
   59.4189099   54.1917568
   59.3458286   54.1951231
   59.3341507   54.1944057
   59.3237021   54.1883733
   59.3080604   54.1764379
   59.2943591   54.1627189
   59.2886873   54.1552431
   59.2816397   54.1480885
   59.2765630   54.1413153
   59.2689277   54.1334581
   59.2644339   54.1273902
   59.2562168   54.1188200
   59.2522994   54.1134673
   59.2435133   54.1041818
   59.2401657   54.0995538
   59.2308079   54.0895342
   59.2280203   54.0856354
   59.1610182   54.0089154
   59.1515079   54.0022259
   59.1339615   53.9930525
   59.1010204   53.9805951
   59.0971307   53.9786021
   59.0829979   53.9735517
   59.0787174   53.9713799
   59.0649724   53.9665058
   59.0603031   53.9641595
   59.0469543   53.9594617
   59.0418864   53.9569392
   59.0289278   53.9524127
   59.0234689   53.9497209
   59.0109114   53.9453665
   59.0050466   53.9425009
   58.9928912   53.9383161
   58.9866337   53.9352861
   58.9748676   53.9312640
   58.9682147   53.9280710
   58.9568500   53.9242132
   58.9497943   53.9208563
   58.9388279   53.9171590
   58.9212352   53.9088604
   58.9043587   53.8984352
   58.9026614   53.8961248
   58.8947362   53.8778659
   58.8889629   53.8589878
   58.8853465   53.8395067
   58.8850661   53.8356530
   58.8437897   53.5846479
   58.8676399   53.2677212
   58.8683761   53.2635175
   58.8691305   53.2480134
   58.8725578   53.2286993
   58.8906665   53.1723447
   58.9023844   53.1365380
   58.9064806   53.1176653
   58.9086748   53.0979262
   58.9089668   53.0773293
   58.9080353   53.0649040
   58.9081492   53.0570348
   58.8995454   53.0468324
   58.8941435   53.0394092
   58.8868560   53.0310512
   58.8816948   53.0239109
   58.8741726   53.0152776
   58.8692410   53.0084058
   58.8614871   52.9995000
   58.8567920   52.9929074
   58.8488002   52.9837209
   58.8443379   52.9774033
   58.8361168   52.9679453
   58.8318859   52.9619019
   58.8234293   52.9521640
   58.8194357   52.9464043
   58.8107469   52.9363890
   58.8069811   52.9309012
   58.7980631   52.9206104
   58.7945317   52.9154059
   58.7853780   52.9048309
   58.7820744   52.8999015
   58.7726965   52.8890538
   58.7616634   52.8723672
   58.7529358   52.8544258
   58.7504456   52.8469844
   58.7498852   52.8395438
   58.7540173   52.7658746
   58.7538284   52.7607157
   58.7550300   52.7476794
   58.7548507   52.7410108
   58.7560283   52.7294751
   58.7558882   52.7213110
   58.7570120   52.7112783
   58.7569403   52.7016034
   58.7579803   52.6930764
   58.7580068   52.6819010
   58.7589345   52.6748690
   58.7590886   52.6621990
   58.7598732   52.6566700
   58.7601847   52.6424982
   58.7631617   52.6229015
   58.7657363   52.6138272
   58.7673481   52.6033708
   58.7699026   52.5942784
   58.7715331   52.5838404
   58.7740713   52.5747222
   58.7757021   52.5644092
   58.7792674   52.5555637
   58.7820515   52.5455460
   58.7855726   52.5368292
   58.7884350   52.5266011
   58.7918757   52.5181019
   58.7948217   52.5076456
   58.7981812   52.4993643
   58.8012059   52.4886992
   58.8044858   52.4806308
   58.8075915   52.4697504
   58.8151712   52.4511425
   58.8248402   52.4331539
   58.8274637   52.4299268
   58.8443775   52.4204169
   58.8536950   52.4163408
   58.8616880   52.4118621
   58.8706497   52.4079706
   58.8790012   52.4033074
   58.8875988   52.3996024
   58.8963160   52.3947527
   58.9045470   52.3912332
   58.9136275   52.3862001
   58.9215002   52.3828609
   58.9309389   52.3776493
   58.9384483   52.3744907
   58.9482551   52.3690969
   58.9553953   52.3661193
   58.9655699   52.3605459
   58.9723471   52.3577446
   58.9828863   52.3519956
   58.9892910   52.3493725
   59.0001998   52.3434473
   59.0062407   52.3409965
   59.0175169   52.3348987
   59.0231891   52.3326200
   59.0348315   52.3263528
   59.0401315   52.3242450
   59.0521483   52.3178067
   59.0570795   52.3158662
   59.0694667   52.3092614
   59.0740260   52.3074866
   59.1214154   52.2836368
   59.1342692   52.2788062
   59.1482710   52.2830003
   59.1669226   52.2914291
   59.1835871   52.3017486
   59.1992882   52.3129856
   59.2125873   52.3265101
   59.2234839   52.3423219
   59.2248497   52.3452321
   59.2339943   52.3585039
   59.2354673   52.3615674
   59.2445024   52.3746820
   59.2460847   52.3779034
   59.2550115   52.3908628
   59.2567000   52.3942362
   59.2655222   52.4070451
   59.2673171   52.4105711
   59.2760302   52.4232227
   59.2779345   52.4269074
   59.2901290   52.4442703
   59.2948336   52.4454689
   59.3155588   52.4480364
   59.3357507   52.4477541
   59.3519509   52.4451716
   59.3554914   52.4451196
   59.3713440   52.4425443
   59.3752344   52.4424843
   59.3907378   52.4399172
   59.3949786   52.4398487
   59.4101310   52.4372905
   59.4147257   52.4372127
   59.4295248   52.4346646
   59.4344654   52.4345769
   59.4489181   52.4320385
   59.4542093   52.4319403
   59.4683119   52.4294128
   59.4739531   52.4293033
   59.4877052   52.4267875
   59.4936987   52.4266659
   59.5070992   52.4241630
   59.5266714   52.4237480
   59.5336288   52.4247225
   59.5463406   52.4245266
   59.5528487   52.4254371
   59.5660091   52.4253050
   59.5720710   52.4261523
   59.5856779   52.4260838
   59.5912876   52.4268671
   59.6053471   52.4268621
   59.6105100   52.4275824
   59.6250159   52.4276407
   59.6297264   52.4282973
   59.6446851   52.4284190
   59.6489452   52.4290123
   59.8291334   52.4357286
   60.0307553   52.3992938
   60.0495660   52.3938190
   60.0676864   52.3859271
   60.0851102   52.3756217
   60.1018438   52.3628993
   60.1151441   52.3503483
   60.1172577   52.3331576
   60.1191865   52.3133870
   60.1192302   52.2935301
   60.1179978   52.2810053
   60.1099578   52.2702182
   60.0960694   52.2551291
   60.0809480   52.2419263
   60.0466307   52.2139169
   60.0347664   52.2035361
   60.0312674   52.2011551
   60.0193677   52.1907353
   60.0159069   52.1883952
   60.0039766   52.1779400
   60.0005453   52.1756352
   59.9885818   52.1651415
   59.9851838   52.1628753
   59.9731887   52.1523444
   59.9698244   52.1501173
   59.9548602   52.1369667
   59.9418954   52.1218970
   59.9309239   52.1049030
   59.9249198   52.0922512
   59.9276288   52.0842354
   59.9360396   52.0666602
   59.9463296   52.0508336
   59.9956857   51.9951169
   59.9987556   51.9923715
   60.0080801   51.9812439
   60.0115137   51.9781538
   60.0204792   51.9673687
   60.0238346   51.9643297
   60.0669242   51.9470134
   60.0826980   51.9377908
   60.0854417   51.9387593
   60.1059043   51.9429743
   60.1258645   51.9440060
   60.1453316   51.9418556
   60.1789734   51.9365222
   60.1840768   51.9363308
   60.2133187   51.9303157
   60.2308758   51.9291931
   60.5543774   51.8335887
   60.5546154   51.8332775
   60.5566543   51.7419535
   60.5564478   51.7415612
   60.5111617   51.7119526
   60.5078282   51.7083218
   60.5068404   51.7015615
   60.5089957   51.6971286
   60.5159109   51.6936090
   60.9560635   51.6616971
   60.9563403   51.6614464
   60.9725856   51.5673598
   60.9762652   51.5611953
   61.0260410   51.5221226
   61.0309451   51.5200697
   61.5047330   51.4593842
   61.5052117   51.4591837
   61.7335238   51.2798963
   61.7336342   51.2795257
   61.7109454   51.2124231
   61.7106452   51.2121297
   61.6140807   51.1819468
   61.6107163   51.1801292
   61.6075284   51.1754139
   61.4775775   50.7639653
   61.4772499   50.7636598
   60.8251847   50.6067817
   60.8247493   50.6067364
   60.3083422   50.6216333
   60.3079436   50.6218021
   60.1478708   50.7777051
   60.1447186   50.7797809
   60.1391323   50.7803850
   60.0482205   50.7641177
   60.0417711   50.7599822
   60.0399835   50.7544523
   60.0380245   50.6445604
   60.0378209   50.6441581
   59.8367843   50.4908258
   59.8363256   50.4906347
   59.5039170   50.4444957
   59.5034602   50.4446256
   59.4122748   50.5202385
   59.4120626   50.5206525
   59.4080927   50.5781985
   59.4070525   50.5819986
   59.4038418   50.5857090
   59.3992527   50.5874455
   58.8742280   50.6474905
   58.8737777   50.6476945
   58.7538174   50.7565559
   58.7473851   50.7591464
   58.6367649   50.7623327
   58.6364302   50.7625822
   58.6189258   50.8156928
   58.6145419   50.8211562
   58.6117087   50.8222991
   58.5569412   50.8351258
   58.5567074   50.8354175
   58.5548993   50.9974924
   58.5519611   51.0044618
   58.5459512   51.0073254
   58.3683171   51.0261039
   58.3678971   51.0263084
   58.3041314   51.0920695
   58.3009172   51.0942886
   58.2951425   51.0949431
   58.2915132   51.0934996
   58.1666538   51.0125686
   58.1661877   51.0124651
   57.8269230   51.0595930
   57.8211855   51.0586868
   57.8180725   51.0563311
   57.8156411   51.0510559
   57.7919928   50.8797874
   57.7917204   50.8795509
   57.5779044   50.8803663
   57.5715431   50.8781136
   57.5066781   50.8251717
   57.5062388   50.8250947
   57.2993230   50.8977917
   57.2989371   50.8980412
   57.1664454   51.0373397
   57.1590552   51.0404468
   56.7912601   51.0351376
   56.7865300   51.0338702
   56.7835406   51.0313160
   56.7815505   51.0268417
   56.7819234   51.0219590
   56.7994911   50.9695753
   56.7993528   50.9692199
   56.7164311   50.9233767
   56.7159945   50.9233457
   56.5232752   50.9965895
   56.5193624   50.9972353
   56.5130192   50.9946624
   56.5100028   50.9895927
   56.4957662   50.9307322
   56.4955088   50.9303712
   56.3740480   50.8526395
   56.3735716   50.8525134
   56.2176170   50.8605752
   56.2119724   50.8591734
   56.2074005   50.8530187
   56.1746980   50.7224817
   56.1744508   50.7221042
   56.0820717   50.6509665
   55.7190895   50.4981324
   55.7186565   50.4981454
   55.4771294   50.6174108
   55.4718732   50.6184100
   55.3628884   50.6093490
   55.3624553   50.6094332
   55.0258301   50.7792090
   55.0256053   50.7795665
   55.0242576   50.8503889
   55.0230320   50.8549989
   55.0172095   50.8597536
   54.7241153   50.9502450
   54.7192619   50.9505073
   54.7156493   50.9490312
   54.7123682   50.9454452
   54.7115828   50.9378305
   54.7155731   50.9323998
   54.7445327   50.9126063
   54.7281526   50.8100454
   54.7283884   50.8058058
   54.7815070   50.6134980
   54.7813899   50.6131167
   54.6463522   50.4981336
   54.6459127   50.4979197
   54.5417415   50.4767271
   54.5413219   50.4768229
   54.3652633   50.6105955
   54.3651366   50.6109936
   54.4248014   50.8008259
   54.4245566   50.8075123
   54.4192786   50.8129820
   54.1706368   50.9220505
   54.1702778   50.9223594
   54.0815562   51.0628491
   54.0778603   51.0663045
   53.9952672   51.1109980
   53.9925254   51.1119975
   53.6365154   51.1853236
   53.6361377   51.1855425
   53.5514975   51.2813916
   53.5513039   51.2818052
   53.5381595   51.3673917
   53.5368495   51.3710201
   53.5307864   51.3755534
   53.2272862   51.4542833
   53.2229596   51.4544374
   52.9501073   51.4040594
   52.9495768   51.4040778
   52.7839897   51.4467569
   52.7798911   51.4469441
   52.5412077   51.4081886
   52.5408200   51.4083384
   52.3231809   51.6816701
   52.3194456   51.6845675
   52.3119995   51.6848603
   52.0981434   51.6086104
   52.0976220   51.6085436
   51.9108099   51.6250084
   51.9032472   51.6224844
   51.8466824   51.5716444
   51.8436905   51.5667295
   51.8434568   51.5628701
   51.8560062   51.4698409
   51.8557972   51.4695182
   51.6359435   51.4044990
   51.6355375   51.4046018
   51.5848846   51.4550576
   51.5773547   51.4579616
   51.2628738   51.4430811
   51.2624925   51.4432517
   51.1948872   51.5265164
   51.1948306   51.5269382
   51.2333975   51.6144462
   51.2338707   51.6211959
   51.2314387   51.6254273
   51.2243847   51.6284782
   50.8866003   51.6331347
   50.8808911   51.6314398
   50.8771579   51.6267996
   50.8462714   51.5483620
   50.8459417   51.5480567
   50.7682040   51.5241619
   50.7677354   51.5241598
   50.6386054   51.5625719
   50.6327661   51.5625301
   50.6285998   51.5599737
   50.6261429   51.5557480
   50.5920571   51.4370936
   50.5917677   51.4367617
   50.4426773   51.3708529
   50.4380979   51.3667714
   50.3889662   51.2831249
   50.3885981   51.2828502
   50.0214464   51.1920282
   50.0190009   51.1910677
   49.7754950   51.0561392
   49.7750342   51.0560165
   49.4685707   51.0516049
   49.4639730   51.0504103
   49.4604453   51.0472289
   49.4381471   51.0144365
   49.4364360   51.0081885
   49.4373668   51.0045585
   49.4950700   50.8818327
   49.4950572   50.8814138
   49.4563635   50.8106558
   49.4559904   50.8103671
   49.1451051   50.7319893
   49.1424185   50.7308759
   48.8392209   50.5496180
   48.8387210   50.5494797
   48.7256955   50.5493632
   48.7178296   50.5455248
   48.7160451   50.5419459
   48.7159973   50.5369663
   48.7742865   50.3008645
   48.7756065   50.2978177
   48.9528359   50.0247167
   48.9527766   50.0243573
   48.7611141   49.8730633
   48.7606895   49.8728202
   48.4481186   49.7510552
   48.4476749   49.7510360
   48.2033700   49.8227067
   48.2029825   49.8230012
   48.0607049   50.0518440
   48.0589677   50.0539375
   47.8955784   50.2036285
   47.8943910   50.2045616
   47.5957653   50.4047283
   47.5899824   50.4064194
   47.5869805   50.4058902
   47.5115175   50.3802518
   47.5088356   50.3788582
   47.4200925   50.3140260
   47.4095072   50.3242561
END
END
