asia-russia-north-west
1
   66.3346090   73.5939888
   66.2762020   73.5830536
   66.2373099   73.5753523
   66.1790410   73.5631847
   66.1401241   73.5546358
   66.1014789   73.5458110
   66.0627526   73.5366308
   66.0047323   73.5222449
   65.9659933   73.5122158
   65.9275017   73.5019135
   65.8888223   73.4912214
   65.8504175   73.4802673
   65.8119306   73.4689510
   65.7542703   73.4513611
   65.7345463   73.4451671
   65.3416872   73.2855211
   65.3102101   73.2725527
   65.1510208   73.2060662
   65.0404344   73.1682245
   64.9996485   73.1507104
   64.9627659   73.1345277
   64.9257817   73.1179759
   64.8888812   73.1011372
   64.8334259   73.0754528
   64.7967106   73.0581650
   64.7597805   73.0404499
   64.7231567   73.0225574
   64.4481931   72.8863973
   64.3819810   72.8451030
   64.1353779   72.7001649
   64.0825133   72.6708231
   64.0118134   72.6309595
   64.0373860   72.5656257
   64.0634904   72.5001735
   64.0767675   72.4673535
   64.1026212   72.4043487
   61.1842450   70.8815594
   61.1793458   70.8757385
   61.1804448   70.8673087
   61.1857329   70.8631989
   64.1999494   69.8669473
   63.1308123   70.3983595
   63.1305130   70.3987060
   63.0945879   70.5088312
   63.0947200   70.5092077
   64.5638553   71.4726963
   64.6158525   71.3755396
   64.6438293   71.3242507
   64.6719109   71.2740686
   64.6860695   71.2492510
   64.7145586   71.2002754
   64.7534580   71.1344424
   64.7774196   71.0967083
   64.8073870   71.0503306
   64.8375725   71.0048033
   65.0428606   70.7011913
   65.0688528   70.6636134
   65.0951639   70.6267181
   65.1093828   70.6072535
   65.1283655   70.5849000
   65.1598073   70.5488366
   65.1914153   70.5137186
   65.2095549   70.4940474
   65.2484997   70.4506287
   65.3050245   70.3858044
   65.3324704   70.3550932
   65.3463803   70.3399110
   65.4382719   70.2412782
   65.3886124   70.1082158
   65.3271061   69.9487456
   65.0573792   69.2765340
   65.0507248   69.2634257
   65.0443413   69.2564333
   65.0300455   69.2439751
   65.0143388   69.2331702
   65.0102760   69.2309977
   64.9338681   69.2089495
   64.9153576   69.2061209
   64.8750971   69.2053081
   64.8691873   69.2034682
   64.8410728   69.1806096
   64.8240953   69.1703882
   64.8108261   69.1648027
   64.8061709   69.1620235
   64.7932291   69.1566099
   64.7882436   69.1536580
   64.7756295   69.1484141
   64.7703165   69.1452938
   64.7580321   69.1402180
   64.7523890   69.1369303
   64.7404326   69.1320197
   64.7344629   69.1285691
   64.7228312   69.1238199
   64.7165334   69.1202077
   64.7052364   69.1156220
   64.6986044   69.1118472
   64.6876389   69.1074214
   64.6806750   69.1034875
   64.6700417   69.0992199
   64.6627472   69.0951297
   64.6524417   69.0910165
   64.6448159   69.0867717
   64.6348504   69.0828160
   64.6268854   69.0784143
   64.6172533   69.0746115
   64.6001549   69.0652294
   64.5840063   69.0535898
   64.5740901   69.0445386
   64.5700056   69.0308401
   64.5665787   69.0112050
   64.5655480   68.9914706
   64.5669124   68.9716244
   64.5706720   68.9516707
   64.5766116   68.9323110
   64.5762341   68.9118501
   64.5781456   68.9076654
   64.5957467   68.8920827
   64.6138135   68.8796052
   64.6322681   68.8697721
   64.6509791   68.8616756
   64.6701753   68.8568894
   64.6812657   68.8560571
   64.6896971   68.8542619
   64.6968242   68.8539689
   64.7092352   68.8517701
   64.7291196   68.8516161
   64.7437355   68.8538611
   64.7493738   68.8539957
   64.7609888   68.8560058
   64.7696467   68.8564490
   64.7782670   68.8580864
   64.7899251   68.8589615
   64.7991353   68.8604600
   64.8097894   68.8586790
   64.8239477   68.8570835
   64.8292743   68.8558477
   64.8423245   68.8544701
   64.8487672   68.8530236
   64.8606918   68.8518497
   64.8682583   68.8502073
   64.8790633   68.8492202
   64.8877467   68.8474000
   64.8974367   68.8465830
   64.9072431   68.8445999
   64.9173307   68.8436404
   64.9265634   68.8406270
   64.9365854   68.8386853
   64.9457380   68.8356754
   64.9558501   68.8337280
   64.9649101   68.8307251
   64.9751073   68.8287738
   64.9840882   68.8257721
   64.9943695   68.8238180
   65.0032637   68.8208195
   65.0136279   68.8188640
   65.0224391   68.8158660
   65.0328920   68.8139089
   65.0416103   68.8109137
   65.0521487   68.8089569
   65.0607886   68.8059582
   65.0714110   68.8040034
   65.0799628   68.8010030
   65.0993448   68.7974701
   65.1125427   68.7971861
   65.1190470   68.7960682
   65.1312788   68.7958832
   65.1387481   68.7946737
   65.1500183   68.7945721
   65.1584503   68.7932865
   65.1687584   68.7932537
   65.1781492   68.7919067
   65.1874985   68.7919290
   65.1978567   68.7905328
   65.2062386   68.7905975
   65.2175608   68.7891650
   65.2249783   68.7892602
   65.2372667   68.7878029
   65.2437180   68.7879173
   65.2569698   68.7864466
   65.2624621   68.7865698
   65.2812022   68.7846265
   65.2999611   68.7803191
   65.3302728   68.7694887
   65.3564644   68.7543990
   65.3665030   68.7409882
   65.3794813   68.7268998
   65.4281640   68.6844243
   65.4337015   68.6733106
   65.4440036   68.6560171
   65.4559171   68.6406515
   65.4694418   68.6272152
   65.4845724   68.6157129
   65.4929502   68.6109225
   65.5005112   68.6051704
   65.5091496   68.6001849
   65.5247655   68.5882965
   65.5392387   68.5741928
   65.5525712   68.5578728
   65.5658645   68.5376618
   65.5527868   68.5214788
   65.5393454   68.5076913
   65.5071844   68.4807048
   65.4986367   68.4714385
   65.4932339   68.4668738
   65.4850707   68.4579633
   65.4792849   68.4530413
   65.4715059   68.4444914
   65.4653330   68.4392039
   65.4579356   68.4310171
   65.4513824   68.4253652
   65.4443694   68.4175501
   65.4374383   68.4115312
   65.4307943   68.4040760
   65.4234905   68.3976897
   65.4172242   68.3906096
   65.4095434   68.3838474
   65.4036485   68.3771406
   65.3956036   68.3700091
   65.3900760   68.3636765
   65.3816594   68.3561640
   65.3764997   68.3502117
   65.3677185   68.3423199
   65.3629220   68.3367483
   65.3537783   68.3284741
   65.3493415   68.3232843
   65.3398398   68.3146267
   65.3357637   68.3098256
   65.3259027   68.3007788
   65.3221807   68.2963640
   65.3119667   68.2869289
   65.3086018   68.2829098
   65.2980315   68.2730781
   65.2854143   68.2579027
   65.2804639   68.2501563
   65.2795178   68.2424684
   65.2794968   68.2232133
   65.2829520   68.1937827
   65.2875727   68.1473309
   65.2918694   68.1286820
   65.2986293   68.1103773
   65.3069331   68.0942086
   65.3074564   68.0780956
   65.3071753   68.0609721
   65.3065391   68.0537278
   65.3068673   68.0438536
   65.3061483   68.0344203
   65.3070987   68.0152983
   65.3095434   68.0080653
   65.3203536   67.9909555
   65.3458145   67.9607068
   65.3587457   67.9457900
   65.3937350   67.9166211
   65.4039096   67.9076266
   65.4203045   67.8969979
   65.4390071   67.8963055
   65.5534737   67.9079991
   65.6669081   67.9078754
   65.6716264   67.9073705
   65.6852817   67.9078418
   65.6910624   67.9072602
   65.7036592   67.9078006
   65.7104945   67.9071577
   65.7220287   67.9077520
   65.7299229   67.9070628
   65.7404046   67.9076958
   65.7493576   67.9069764
   65.7687203   67.9083226
   65.7788993   67.9105770
   65.7880183   67.9112296
   65.7982434   67.9134684
   65.8073131   67.9141348
   65.8175924   67.9163611
   65.8266043   67.9170395
   65.8369396   67.9192548
   65.8459027   67.9199449
   65.8562854   67.9221484
   65.8651975   67.9228490
   65.8756306   67.9250423
   65.8844885   67.9257523
   65.8949776   67.9279374
   65.9080687   67.9295406
   65.9232097   67.9286627
   65.9377828   67.9283512
   65.9558041   67.9258231
   65.9735174   67.9211584
   65.9909213   67.9143573
   66.0080469   67.9056420
   66.0250492   67.8960644
   66.0404306   67.8853755
   66.0410736   67.8352789
   66.0408966   67.8308584
   66.0419973   67.8119231
   66.0449535   67.7929669
   66.0497687   67.7739675
   66.0675085   67.7233714
   66.0338272   67.6911393
   65.9680253   67.6215390
   65.9531830   67.6034513
   65.9389027   67.5835720
   65.9225690   67.5572465
   65.9261201   67.5404877
   65.8967450   67.5023803
   65.8787637   67.4818809
   65.8605279   67.4639603
   65.8420399   67.4486205
   65.8233716   67.4351182
   65.8045022   67.4236624
   65.7602296   67.4035233
   65.7434802   67.3931616
   65.7276836   67.3804892
   65.7142029   67.3681503
   65.6639238   67.3450391
   65.6516510   67.3410165
   65.6396012   67.3390734
   65.6329551   67.3372465
   65.6201716   67.3351520
   65.6013329   67.3298251
   65.5833590   67.3223981
   65.5788469   67.3198851
   65.5656168   67.3144116
   65.5611381   67.3119193
   65.5478788   67.3064272
   65.5434294   67.3039533
   65.5301401   67.2984421
   65.5257244   67.2959891
   65.5123966   67.2904555
   65.5080122   67.2880218
   65.4946585   67.2824712
   65.4903036   67.2800557
   65.4299323   67.2531323
   65.3876524   67.2450525
   65.3840003   67.2447238
   65.3646798   67.2405464
   65.3463302   67.2340164
   65.3361196   67.2287967
   65.3285654   67.2261034
   65.3183585   67.2208892
   65.3107945   67.2181876
   65.3005995   67.2129830
   65.2930231   67.2102721
   65.2828371   67.2050756
   65.2752575   67.2023587
   65.2650760   67.1971681
   65.2574866   67.1944430
   65.2401052   67.1855876
   65.2236736   67.1744607
   65.2081812   67.1610551
   65.1980170   67.1500995
   65.1880443   67.1226890
   65.1760303   67.1112867
   65.1688525   67.1053955
   65.1612373   67.0975996
   65.1534705   67.0912348
   65.1464487   67.0839150
   65.1380846   67.0770733
   65.1241170   67.0621935
   65.1127614   67.0459969
   65.1040146   67.0284793
   65.0978775   67.0096413
   65.0943511   66.9894872
   65.0936929   66.9740711
   65.0928581   66.9683028
   65.0925475   66.9563624
   65.0913743   66.9419529
   65.0624140   66.9180445
   65.0460078   66.9075019
   65.0289019   66.8993776
   65.0110998   66.8936730
   65.0046218   66.8925226
   64.9930808   66.8887205
   64.9854762   66.8873025
   64.9750591   66.8837772
   64.9663281   66.8820720
   64.9570351   66.8788440
   64.9471893   66.8768342
   64.9390101   66.8739202
   64.9280494   66.8715864
   64.9209770   66.8690038
   64.9089120   66.8663290
   64.9029448   66.8640971
   64.8897737   66.8610619
   64.8761074   66.8570947
   64.8704513   66.8565392
   64.8569803   66.8532718
   64.8509532   66.8526735
   64.8378461   66.8494482
   64.8314558   66.8488071
   64.8187143   66.8456254
   64.8119553   66.8449397
   64.7995867   66.8418046
   64.7924613   66.8410735
   64.7804524   66.8379827
   64.7729656   66.8372055
   64.7613213   66.8341616
   64.7534684   66.8333367
   64.7421924   66.8303419
   64.7339687   66.8294675
   64.7230580   66.8265223
   64.7144752   66.8255983
   64.7039266   66.8227033
   64.6949789   66.8217277
   64.6847972   66.8188857
   64.6754826   66.8178567
   64.6656627   66.8150678
   64.6559851   66.8139844
   64.6465310   66.8112514
   64.6364920   66.8101121
   64.6274011   66.8074363
   64.6169963   66.8062387
   64.6082664   66.8036210
   64.5975011   66.8023639
   64.5785054   66.7965589
   64.5604085   66.7872711
   64.5432191   66.7745060
   64.5358332   66.7671395
   64.5265302   66.7597887
   64.5181485   66.7518950
   64.5020212   66.7497177
   64.4884603   66.7484674
   64.4832312   66.7473175
   64.4686335   66.7458893
   64.4644411   66.7449254
   64.3893360   66.7354799
   64.3702122   66.7301702
   64.3518230   66.7220224
   64.3461073   66.7184656
   64.3336979   66.7128464
   64.3286627   66.7097122
   64.3155777   66.7036726
   64.3112227   66.7009611
   64.2991800   66.6953073
   64.2860449   66.6910750
   64.2782715   66.6894161
   64.2670760   66.6856046
   64.2591974   66.6839143
   64.2493196   66.6805475
   64.2398025   66.6796360
   64.2307893   66.6776808
   64.2200770   66.6766736
   64.2110016   66.6746932
   64.2003450   66.6737109
   64.1912066   66.6717041
   64.1806136   66.6707481
   64.1714192   66.6687157
   64.1608784   66.6677860
   64.1516237   66.6657262
   64.1411505   66.6648250
   64.1318325   66.6627361
   64.1214202   66.6618638
   64.1120444   66.6597460
   64.1016877   66.6589034
   64.0922500   66.6567545
   64.0819525   66.6559430
   64.0724621   66.6537638
   64.0622235   66.6529848
   64.0526674   66.6507709
   64.0424911   66.6500259
   64.0328766   66.6477775
   64.0227585   66.6470679
   64.0130885   66.6447839
   64.0030240   66.6441112
   63.9837211   66.6395039
   63.9692888   66.6333519
   63.9650944   66.6322737
   63.9520994   66.6265656
   63.9464732   66.6250223
   63.9349000   66.6197981
   63.9278569   66.6177519
   63.9176928   66.6130478
   63.9092420   66.6104635
   63.9004708   66.6063102
   63.8906388   66.6031618
   63.8832501   66.5995887
   63.8720343   66.5958443
   63.8660199   66.5928785
   63.8534335   66.5885140
   63.8487851   66.5861800
   63.8024940   66.5683067
   63.7899269   66.5655789
   63.7778454   66.5637752
   63.7716539   66.5620509
   63.7583304   66.5599617
   63.7533866   66.5585358
   63.6803156   66.5446004
   63.6218408   66.5329462
   63.5700125   66.5145443
   63.5653998   66.5134292
   63.5519783   66.5082565
   63.5465880   66.5069123
   63.5339490   66.5019756
   63.5277777   66.5003913
   63.5159106   66.4956967
   63.5089650   66.4938645
   63.4996889   66.4901501
   63.4898103   66.4886903
   63.4827323   66.4867364
   63.4703057   66.4848572
   63.4638624   66.4830426
   63.4507999   66.4810209
   63.4449920   66.4793519
   63.4312918   66.4771813
   63.4261212   66.4756647
   63.4117918   66.4733403
   63.4002996   66.4708257
   63.3892310   66.4658465
   63.3722848   66.4552390
   63.3666353   66.4504592
   63.3561642   66.4436948
   63.3522444   66.4402518
   63.3239935   66.4205141
   63.3096924   66.4068976
   63.3005595   66.3950237
   63.2969713   66.3914945
   63.2888172   66.3806926
   63.2842591   66.3760744
   63.2770549   66.3663651
   63.2715613   66.3606451
   63.2652866   66.3520535
   63.2588730   66.3452059
   63.2470473   66.3287744
   63.2369537   66.3103901
   63.2285844   66.2900396
   63.2265927   66.2833492
   63.2111153   66.2800269
   63.2062929   66.2784730
   63.1461749   66.2641976
   63.1269580   66.2561607
   63.1101718   66.2453708
   63.1050026   66.2404948
   63.0944201   66.2334014
   63.0909645   66.2299796
   63.0630270   66.2093479
   63.0349564   66.1876646
   63.0312722   66.1856963
   63.0210234   66.1769782
   63.0154197   66.1738415
   63.0007445   66.1606552
   62.9959377   66.1538941
   62.9874505   66.1458996
   62.9837317   66.1405231
   62.9741724   66.1311229
   62.9715018   66.1271628
   62.9609137   66.1163316
   62.9495296   66.1034976
   62.9378415   66.0949615
   62.9305663   66.0910824
   62.9226980   66.0846474
   62.9140879   66.0799379
   62.9075445   66.0743543
   62.8976282   66.0687770
   62.8829184   66.0556282
   62.8710807   66.0392190
   62.8690989   66.0348707
   62.8608536   66.0209812
   62.8529451   66.0001095
   62.8481872   65.9783604
   62.8312194   65.9650826
   62.8174084   65.9509092
   62.8052331   65.9348917
   62.7946813   65.9170134
   62.7923700   65.9119016
   62.7780216   65.9060816
   62.7704818   65.9022034
   62.7589587   65.8978686
   62.7514590   65.8939587
   62.7323380   65.8868491
   62.7129584   65.8824645
   62.7027138   65.8815993
   62.6934416   65.8794975
   62.6832991   65.8786595
   62.6739317   65.8765320
   62.6638911   65.8757213
   62.6544184   65.8735656
   62.6444764   65.8727822
   62.6349018   65.8705988
   62.6250683   65.8698438
   62.6153920   65.8676325
   62.6056537   65.8669049
   62.5958795   65.8646663
   62.5862453   65.8639671
   62.5763662   65.8616993
   62.5668307   65.8610286
   62.5568499   65.8587321
   62.5474223   65.8580906
   62.5373397   65.8557650
   62.5280077   65.8551524
   62.5178265   65.8527982
   62.5085991   65.8522153
   62.3367636   65.8121611
   62.3337123   65.8110094
   62.3176695   65.8077015
   62.3142897   65.8064397
   62.2985818   65.8032422
   62.2948686   65.8018709
   62.2794882   65.7987801
   62.2754498   65.7973047
   62.2604009   65.7943189
   62.2560265   65.7927378
   62.2413066   65.7898543
   62.2366075   65.7881740
   62.2222199   65.7853912
   62.2171823   65.7836089
   62.2031303   65.7809254
   62.1977595   65.7790453
   62.1840377   65.7764578
   62.1783411   65.7744846
   62.1649516   65.7719915
   62.1589150   65.7699225
   62.1458593   65.7675221
   62.1394949   65.7653635
   62.1267737   65.7630540
   62.1200680   65.7608031
   62.1076818   65.7585825
   62.1006487   65.7562462
   62.0885966   65.7541125
   62.0812216   65.7516878
   62.0695051   65.7496394
   62.0617973   65.7471313
   62.0504204   65.7451671
   62.0423759   65.7425761
   62.0313291   65.7406926
   62.0229493   65.7380210
   62.0122448   65.7362186
   62.0035278   65.7334677
   61.9931537   65.7317426
   61.9840994   65.7289140
   61.9740698   65.7272669
   61.9646772   65.7243621
   61.9549791   65.7227891
   61.9452497   65.7198102
   61.9358956   65.7183119
   61.9258241   65.7152590
   61.9168087   65.7138328
   61.9064017   65.7107095
   61.8977184   65.7093528
   61.8788716   65.7037527
   61.8664900   65.6982258
   61.8603907   65.6963803
   61.8488696   65.6912469
   61.8380230   65.6846338
   61.8320858   65.6799831
   61.8215040   65.6736065
   61.8159086   65.6691937
   61.8049948   65.6625846
   61.7997291   65.6584031
   61.7884797   65.6515569
   61.7835494   65.6476142
   61.7719692   65.6405308
   61.7673679   65.6368249
   61.7554558   65.6295009
   61.7511890   65.6260394
   61.7389444   65.6184714
   61.7350100   65.6152559
   61.7202598   65.6056508
   61.6677981   65.5814072
   61.6128252   65.5558416
   61.5967893   65.5441498
   61.5359545   65.4980880
   61.5332173   65.4966193
   61.5209169   65.4867296
   61.5173156   65.4847503
   61.5058771   65.4753816
   61.5014169   65.4728719
   61.4908284   65.4640398
   61.4855265   65.4609873
   61.4757747   65.4527061
   61.4696391   65.4490933
   61.4607131   65.4413785
   61.4537600   65.4371931
   61.4456498   65.4300608
   61.4378834   65.4252840
   61.4305769   65.4187477
   61.4220150   65.4133691
   61.4155035   65.4074452
   61.4061487   65.4014457
   61.4004178   65.3961449
   61.3902890   65.3895155
   61.3853324   65.3848556
   61.3744350   65.3775795
   61.3702381   65.3735700
   61.3585851   65.3656355
   61.3441990   65.3516718
   61.3364994   65.3412387
   61.3314494   65.3354397
   61.3199995   65.3174177
   61.3104734   65.2967289
   61.3049365   65.2797155
   61.3009518   65.2693177
   61.2633380   65.2348148
   61.2490651   65.2268225
   61.2313983   65.2196139
   61.2213217   65.2168412
   61.2121241   65.2132689
   61.2015295   65.2103596
   61.1928403   65.2069190
   61.1817276   65.2038749
   61.1735609   65.2005698
   61.1619301   65.1973926
   61.1542858   65.1942208
   61.1421270   65.1909103
   61.1234190   65.1829214
   61.1064571   65.1725120
   61.0912482   65.1596859
   61.0777863   65.1444383
   61.0750434   65.1403009
   61.0648362   65.1284903
   61.0544691   65.1155853
   61.0441836   65.1097369
   61.0331938   65.1045245
   61.0278023   65.1010699
   61.0155081   65.0951151
   61.0114187   65.0924205
   60.9978340   65.0856927
   60.9814098   65.0745452
   60.9745810   65.0683857
   60.9657211   65.0623785
   60.9587667   65.0561276
   60.9413957   65.0444938
   60.9312033   65.0434850
   60.9238091   65.0417805
   60.9123102   65.0406569
   60.9051222   65.0389573
   60.8934143   65.0378298
   60.8864355   65.0361335
   60.8745245   65.0350050
   60.8677484   65.0333075
   60.8556296   65.0321808
   60.8490616   65.0304803
   60.8367377   65.0293591
   60.8185838   65.0244845
   60.8015536   65.0164881
   60.7694868   64.9945508
   60.7215219   64.9623671
   60.7190595   64.9603230
   60.6707284   64.9489189
   60.6532770   64.9466340
   60.6355849   64.9464628
   60.6297438   64.9470962
   60.6214187   64.9501047
   60.4859169   65.0190444
   60.4740577   65.0248859
   60.4252096   65.0667667
   60.4090965   65.0770563
   60.3916996   65.0850836
   60.3819175   65.0865793
   60.3732279   65.0857324
   60.3618806   65.0861258
   60.3544351   65.0853158
   60.3418421   65.0856605
   60.3356507   65.0849121
   60.3218118   65.0851834
   60.3168637   65.0845216
   60.3017791   65.0846921
   60.2980747   65.0841457
   60.2416933   65.0831256
   60.2216747   65.0825573
   60.2021356   65.0783837
   60.1674371   65.0701385
   60.1631037   65.0696911
   60.1502447   65.0661342
   60.1435912   65.0652968
   60.1330391   65.0621773
   60.1240908   65.0608578
   60.1158182   65.0582623
   60.1045931   65.0563755
   60.0985810   65.0543852
   60.0851007   65.0518532
   60.0658930   65.0451772
   60.0470924   65.0355118
   60.0332993   65.0260236
   60.0286072   65.0234631
   60.0174284   65.0155929
   60.0086748   65.0077367
   60.0011689   65.0000615
   59.9890417   64.9928609
   59.9182672   64.9701549
   59.9005257   64.9620287
   59.8838865   64.9519238
   59.8583210   64.9356655
   59.8494245   64.9338396
   59.8386191   64.9304226
   59.8299852   64.9287605
   59.8199317   64.9254934
   59.8105461   64.9236812
   59.7917792   64.9173954
   59.7743514   64.9087060
   59.7582629   64.8976128
   59.7520110   64.8918918
   59.7054228   64.8549476
   59.6957304   64.8499704
   59.6719872   64.8367130
   59.6614829   64.8315000
   59.6451708   64.8208081
   59.6391101   64.8157267
   59.6361667   64.8096146
   59.6298577   64.7914018
   59.6258383   64.7728316
   59.6241083   64.7539025
   59.6243844   64.7443896
   59.6237084   64.7347668
   59.6246038   64.7154290
   59.6277287   64.6957416
   59.6299712   64.6873501
   59.6224241   64.6773722
   59.6060923   64.6501913
   59.5945047   64.6352467
   59.5812921   64.6219409
   59.5765350   64.6182009
   59.5675729   64.6091522
   59.5626360   64.6052538
   59.5492564   64.5917106
   59.5374286   64.5764178
   59.5271411   64.5593605
   59.5184010   64.5405487
   59.5087830   64.5130721
   59.5090294   64.5116728
   59.5217479   64.4993326
   59.5384974   64.4859488
   59.5574997   64.4737919
   59.5716829   64.4625100
   59.5844143   64.4499487
   59.5956884   64.4361154
   59.6055178   64.4209944
   59.6102623   64.4117067
   59.6111574   64.4005861
   59.6107329   64.3832605
   59.5784407   64.3156760
   59.5723548   64.2983962
   59.5686302   64.2805715
   59.5665154   64.2623828
   59.5661318   64.2437922
   59.5676667   64.2286652
   59.5784169   64.2167272
   59.5924979   64.2044617
   59.6777405   64.1317744
   59.6936227   64.1217250
   59.7164203   64.1109581
   59.7348434   64.0993806
   59.7555269   64.0829293
   59.7543283   64.0743562
   59.7496899   64.0546217
   59.7433515   64.0361610
   59.7353095   64.0189632
   59.7315783   64.0128628
   59.7252797   64.0064261
   59.7096776   63.9939559
   59.6929772   63.9838367
   59.6812138   63.9787024
   59.6755413   63.9752740
   59.6639797   63.9702525
   59.6581102   63.9667142
   59.6467475   63.9618037
   59.6406758   63.9581530
   59.6295137   63.9533536
   59.6232453   63.9495946
   59.6122856   63.9449063
   59.6058080   63.9410323
   59.5950511   63.9364545
   59.5785367   63.9266045
   59.5632154   63.9144411
   59.5500137   63.9009153
   59.5461556   63.8888889
   59.5434352   63.8829241
   59.5395609   63.8707378
   59.5366606   63.8643173
   59.5329653   63.8525898
   59.5298895   63.8457161
   59.5263680   63.8344413
   59.5231181   63.8271101
   59.5197674   63.8162879
   59.5163508   63.8085087
   59.5131698   63.7981451
   59.5095815   63.7898995
   59.5065677   63.7799963
   59.5028163   63.7712973
   59.4999656   63.7618504
   59.4960494   63.7526871
   59.4933615   63.7437042
   59.4892849   63.7340800
   59.4867544   63.7255526
   59.4825238   63.7154763
   59.4801504   63.7074121
   59.4757605   63.6968645
   59.4735427   63.6892670
   59.4690012   63.6782601
   59.4669338   63.6711204
   59.4622402   63.6596473
   59.4603242   63.6529770
   59.4554831   63.6410421
   59.4537123   63.6348287
   59.4487246   63.6224282
   59.4471014   63.6166876
   59.4419696   63.6038222
   59.4404891   63.5985451
   59.4350133   63.5844914
   59.3614978   63.4480290
   59.3595015   63.4451243
   59.3504506   63.4274418
   59.3438273   63.4087814
   59.3408465   63.3948355
   59.3389849   63.3893905
   59.3363834   63.3767896
   59.3320583   63.3708535
   59.3224218   63.3534086
   59.3151603   63.3350074
   59.3102684   63.3156365
   59.3077492   63.2953060
   59.3071602   63.2627034
   59.2838945   63.2195769
   59.2750451   63.2018234
   59.2682126   63.1832396
   59.2634041   63.1638434
   59.2609236   63.1458545
   59.2238479   63.0944849
   59.2143880   63.0769764
   59.2101444   63.0661225
   59.2138978   63.0526125
   59.2225938   63.0324070
   59.2336205   63.0149028
   59.2413863   63.0062953
   59.2463768   62.9993950
   59.2607124   62.9857112
   59.3456810   62.9326713
   59.3951886   62.9021069
   59.4108536   62.8897323
   59.4191096   62.8814897
   59.4191725   62.8714020
   59.4173249   62.8530359
   59.4135107   62.8354282
   59.4077312   62.8185823
   59.4036165   62.8100357
   59.4009501   62.8021156
   59.3964970   62.7927125
   59.3941658   62.7856554
   59.3893845   62.7753919
   59.3873751   62.7691925
   59.3822733   62.7580589
   59.3765676   62.7401158
   59.3737360   62.7253205
   59.3817070   62.7082348
   59.3870454   62.6982403
   59.3905859   62.6897546
   59.4008180   62.6724232
   59.4095725   62.6615575
   59.4126422   62.6564433
   59.4207129   62.6466312
   59.4244745   62.6404702
   59.4318430   62.6317008
   59.4363150   62.6245042
   59.4429639   62.6167639
   59.4481644   62.6085457
   59.4540747   62.6018205
   59.4600219   62.5925972
   59.4651741   62.5868715
   59.4718915   62.5766537
   59.4853489   62.5620602
   59.5012857   62.5495714
   59.5197043   62.5391862
   59.5717175   62.5109753
   59.5792714   62.5060315
   59.5812995   62.4966388
   59.5834932   62.4769813
   59.5835733   62.4576211
   59.5815401   62.4385531
   59.5773944   62.4197806
   59.5711332   62.4012929
   59.5681846   62.3947321
   59.5639936   62.3898353
   59.5544140   62.3807327
   59.5505059   62.3760903
   59.5402671   62.3662855
   59.5370072   62.3623425
   59.5119884   62.3373754
   59.4996032   62.3217605
   59.4939466   62.3123250
   59.4884161   62.3053602
   59.4827368   62.2958872
   59.4772269   62.2889562
   59.4715279   62.2794509
   59.4660401   62.2725557
   59.4603192   62.2630145
   59.4548510   62.2561517
   59.4491103   62.2465783
   59.4436641   62.2397511
   59.4379016   62.2301418
   59.4324750   62.2233472
   59.4266927   62.2137056
   59.4212881   62.2069466
   59.4154841   62.1972692
   59.4100990   62.1905427
   59.4042752   62.1808329
   59.3989122   62.1741421
   59.3889320   62.1575038
   59.3883232   62.1391719
   59.3902968   62.1200765
   59.3948932   62.1014958
   59.3974810   62.0950180
   59.4005052   62.0831079
   59.4028588   62.0772556
   59.4061205   62.0647169
   59.4082340   62.0594945
   59.4117358   62.0463323
   59.4136056   62.0417395
   59.4293994   61.9883168
   59.4324751   61.9695903
   59.4330470   61.9594457
   59.4281013   61.9526602
   59.4155438   61.9387427
   59.4080929   61.9321192
   59.4024207   61.9256720
   59.3938159   61.9179055
   59.3892947   61.9126219
   59.3795488   61.9036775
   59.3761515   61.8995834
   59.3510770   61.8751897
   59.3389727   61.8595056
   59.3294101   61.8421161
   59.3223840   61.8230117
   59.3178987   61.8022055
   59.3169346   61.7910579
   59.3195449   61.7838220
   59.3280447   61.7666128
   59.3440754   61.7411494
   59.3328856   61.6621246
   59.2652696   61.6415738
   59.2451314   61.6344970
   59.2276585   61.6319504
   59.2116907   61.6290960
   59.2082604   61.6290639
   59.1948657   61.6262926
   59.1888788   61.6261273
   59.1780455   61.6235438
   59.1695134   61.6231334
   59.1508060   61.6180035
   59.1333822   61.6087052
   59.0487244   61.5622969
   59.0417923   61.5587407
   59.0278324   61.5561887
   59.0174578   61.5533869
   59.0087430   61.5522994
   58.9995591   61.5497091
   58.9896579   61.5484006
   58.9816532   61.5460408
   58.9705746   61.5444900
   58.9637487   61.5423850
   58.9514954   61.5405676
   58.9458435   61.5387425
   58.9324202   61.5366321
   58.9279391   61.5351154
   58.9133492   61.5326827
   58.9100277   61.5315030
   58.8752237   61.5247343
   58.8571244   61.5176297
   58.8532753   61.5152315
   58.8392790   61.5097004
   58.8354644   61.5073517
   58.8230324   61.5024082
   58.8090996   61.4996991
   58.7892178   61.4990463
   58.7847824   61.4997164
   58.7693385   61.4991936
   58.7647849   61.4998759
   58.7494593   61.4993417
   58.7447900   61.5000353
   58.7295806   61.4994899
   58.7247979   61.5001943
   58.7097019   61.4996377
   58.7048004   61.5003534
   58.6898232   61.4997861
   58.6848055   61.5005124
   58.6699444   61.4999347
   58.6648134   61.5006709
   58.6500657   61.5000829
   58.6448154   61.5008297
   58.6301892   61.5002318
   58.6248228   61.5009884
   58.6103073   61.5003807
   58.6048252   61.5011467
   58.5904285   61.5005298
   58.5848304   61.5013051
   58.5705498   61.5006791
   58.5648383   61.5014630
   58.5506711   61.5008280
   58.5448407   61.5016210
   58.5307924   61.5009775
   58.5248459   61.5017789
   58.5109132   61.5011271
   58.5048538   61.5019364
   58.4910339   61.5012764
   58.4848562   61.5020939
   58.4711552   61.5014264
   58.4648636   61.5022512
   58.4512793   61.5015760
   58.4448655   61.5024090
   58.4313978   61.5017265
   58.4248706   61.5025663
   58.4115191   61.5018768
   58.4048785   61.5027231
   58.3916404   61.5020268
   58.3848809   61.5028800
   58.3717611   61.5021773
   58.3648861   61.5030369
   58.3518819   61.5023281
   58.3448940   61.5031934
   58.3320032   61.5024784
   58.3248964   61.5033499
   58.3121245   61.5026293
   58.3049043   61.5035061
   58.2922458   61.5027799
   58.2849062   61.5036624
   58.2723699   61.5029313
   58.2649108   61.5038192
   58.2524878   61.5030829
   58.2449187   61.5039750
   58.2326086   61.5032339
   58.2249211   61.5041308
   58.2127299   61.5033855
   58.2049262   61.5042867
   58.1928512   61.5035372
   58.1849341   61.5044422
   58.1729725   61.5036885
   58.1649365   61.5045977
   58.1530938   61.5038405
   58.1449416   61.5047532
   58.1332151   61.5039925
   58.1249495   61.5049083
   58.1133359   61.5041442
   58.1049514   61.5050635
   58.0934567   61.5042966
   58.0849588   61.5052183
   58.0735808   61.5044487
   58.0649611   61.5053737
   58.0536993   61.5046016
   58.0449662   61.5055286
   58.0338205   61.5047542
   58.0249742   61.5056831
   58.0139418   61.5049065
   58.0049765   61.5058376
   57.9940626   61.5050594
   57.9849816   61.5059922
   57.9741834   61.5052125
   57.9649896   61.5061464
   57.9543047   61.5053652
   57.9449918   61.5063005
   57.9344260   61.5055185
   57.9249993   61.5064545
   57.9145473   61.5056713
   57.9050011   61.5066083
   57.8946715   61.5058251
   57.8850062   61.5067628
   57.8747899   61.5059790
   57.8650141   61.5069164
   57.8549107   61.5061322
   57.8450164   61.5070699
   57.8350315   61.5062861
   57.8250215   61.5072236
   57.8151528   61.5064401
   57.8050295   61.5073768
   57.7952741   61.5065937
   57.7850317   61.5075300
   57.7753954   61.5067479
   57.7650397   61.5076830
   57.7555167   61.5069017
   57.7450415   61.5078360
   57.7356375   61.5070561
   57.7250460   61.5079890
   57.7157612   61.5072109
   57.7050540   61.5081422
   57.6958796   61.5073653
   57.6850562   61.5082948
   57.6760009   61.5075201
   57.6650613   61.5084475
   57.6561222   61.5076750
   57.6450693   61.5085999
   57.6362435   61.5078295
   57.6250715   61.5087522
   57.6163643   61.5079845
   57.6050766   61.5089046
   57.5964851   61.5081398
   57.5850846   61.5090566
   57.5766064   61.5082946
   57.5650863   61.5092086
   57.5567277   61.5084500
   57.5450938   61.5093604
   57.5368490   61.5086051
   57.5250960   61.5095121
   57.5169732   61.5087610
   57.5051011   61.5096644
   57.4970916   61.5089170
   57.4851091   61.5098159
   57.4772124   61.5090723
   57.4651112   61.5099673
   57.4573332   61.5092283
   57.4451163   61.5101188
   57.4374545   61.5093844
   57.4251244   61.5102700
   57.4175758   61.5095401
   57.4051265   61.5104211
   57.3976971   61.5096964
   57.3851341   61.5105721
   57.3778184   61.5098523
   57.3651357   61.5107228
   57.3579392   61.5100088
   57.3451407   61.5108739
   57.3380630   61.5101657
   57.3251488   61.5110251
   57.3181814   61.5103221
   57.3051509   61.5111755
   57.2983027   61.5104789
   57.2851560   61.5113262
   57.2784240   61.5106359
   57.2651640   61.5114766
   57.2585453   61.5107924
   57.2451661   61.5116268
   57.2386666   61.5109495
   57.2251742   61.5117770
   57.2187874   61.5111062
   57.2051758   61.5119270
   57.1989082   61.5112636
   57.1851803   61.5120771
   57.1790295   61.5114210
   57.1651884   61.5122270
   57.1591539   61.5115784
   57.1451905   61.5123771
   57.1392721   61.5117362
   57.1251955   61.5125270
   57.1051767   61.5103427
   57.0960904   61.5078551
   57.0851300   61.5062744
   57.0799058   61.5047056
   57.0586260   61.5006097
   57.0287706   61.5020816
   57.0250983   61.5027084
   57.0092859   61.5031722
   57.0051181   61.5038745
   56.9898013   61.5042634
   56.9851314   61.5050401
   56.9703178   61.5053564
   56.9651482   61.5062044
   56.9508337   61.5064507
   56.9451683   61.5073668
   56.9313495   61.5075457
   56.9251817   61.5085284
   56.9118655   61.5086427
   56.9051984   61.5096885
   56.8923816   61.5097411
   56.8852184   61.5108466
   56.8728979   61.5108404
   56.8652318   61.5120037
   56.8534144   61.5119419
   56.8452512   61.5131589
   56.8339310   61.5130444
   56.8252642   61.5143126
   56.8144486   61.5141492
   56.8052808   61.5154648
   56.7949658   61.5152557
   56.7853004   61.5166146
   56.7754829   61.5163635
   56.7653140   61.5177629
   56.7560003   61.5174739
   56.7453306   61.5189093
   56.7365179   61.5185862
   56.7253500   61.5200532
   56.7170356   61.5197002
   56.7053637   61.5211951
   56.6975537   61.5208169
   56.6853830   61.5223346
   56.6653705   61.5212420
   56.6564951   61.5191725
   56.6357082   61.5055227
   56.6099764   61.4879562
   56.6047509   61.4852057
   56.5901706   61.4739427
   56.5688758   61.4509299
   56.5644695   61.4471433
   56.5577141   61.4391283
   56.5503373   61.4324842
   56.5329324   61.4293141
   56.5133992   61.4291356
   56.4582022   61.4299181
   56.4548180   61.4294823
   56.4401978   61.4301412
   56.4352935   61.4295755
   56.4221903   61.4303445
   56.4157641   61.4296896
   56.4041889   61.4305268
   56.3861717   61.4289332
   56.3795418   61.4272826
   56.3725807   61.4201346
   56.3615941   61.4041576
   56.3537860   61.3867512
   56.3525485   61.3817181
   56.3468046   61.3689689
   56.3454788   61.3636857
   56.3398255   61.3511894
   56.3384094   61.3456541
   56.3328456   61.3334045
   56.3313397   61.3276259
   56.3258676   61.3156246
   56.3242683   61.3095939
   56.3188884   61.2978384
   56.3159685   61.2888902
   56.3105142   61.2806904
   56.3071073   61.2730510
   56.3011592   61.2639771
   56.2982407   61.2572217
   56.2918149   61.2472647
   56.2893639   61.2413933
   56.2796717   61.2261221
   56.2673966   61.2126084
   56.2587616   61.2057758
   56.2455625   61.2046332
   56.2074630   61.2082331
   56.2041630   61.2090803
   56.1884357   61.2102134
   56.1844315   61.2112146
   56.1694035   61.2121987
   56.1646975   61.2133439
   56.1503774   61.2141878
   56.1449602   61.2154698
   56.1313462   61.2161827
   56.1252272   61.2175898
   56.1123203   61.2181811
   56.1054918   61.2197057
   56.0932899   61.2201849
   56.0857530   61.2218172
   56.0742659   61.2221929
   56.0660185   61.2239238
   56.0552394   61.2242058
   56.0462817   61.2260259
   56.0362107   61.2262234
   56.0265442   61.2281228
   56.0171881   61.2282450
   56.0068028   61.2302161
   55.9981596   61.2302724
   55.9870672   61.2323036
   55.9791379   61.2323034
   55.9673282   61.2343871
   55.9601111   61.2343396
   55.9475854   61.2364657
   55.9410906   61.2363805
   55.9278483   61.2385398
   55.9220649   61.2384260
   55.9081078   61.2406086
   55.9030446   61.2404759
   55.8883636   61.2426736
   55.8840197   61.2425313
   55.8686250   61.2447330
   55.8485862   61.2439457
   55.8464354   61.2432938
   55.8313554   61.2309393
   55.8211001   61.2190008
   55.8182906   61.2166729
   55.8084242   61.2050822
   55.8052280   61.2024042
   55.7957474   61.1911663
   55.7921656   61.1881321
   55.7830683   61.1772525
   55.7791081   61.1738611
   55.7703874   61.1633402
   55.7660514   61.1595869
   55.7577046   61.1494296
   55.7529965   61.1453110
   55.7450199   61.1355207
   55.7399435   61.1310333
   55.7323360   61.1216169
   55.7197771   61.1104003
   55.7016135   61.1080940
   55.6822438   61.1090033
   55.6769614   61.1102018
   55.6629608   61.1108110
   55.6573106   61.1120740
   55.6436777   61.1126206
   55.6376651   61.1139442
   55.6243955   61.1144308
   55.6180168   61.1158134
   55.6051128   61.1162422
   55.5983657   61.1176819
   55.5858301   61.1180554
   55.5787199   61.1195485
   55.5665483   61.1198693
   55.5590712   61.1214140
   55.5472660   61.1216844
   55.5394198   61.1232788
   55.5279844   61.1235013
   55.5197736   61.1251418
   55.5087023   61.1253189
   55.5001246   61.1270035
   55.4894202   61.1271377
   55.4804728   61.1288645
   55.4701389   61.1289583
   55.4608263   61.1307237
   55.4508573   61.1307797
   55.4411770   61.1325817
   55.4315755   61.1326023
   55.4215249   61.1344389
   55.4122946   61.1344267
   55.4018780   61.1362944
   55.3930133   61.1362518
   55.3822283   61.1381486
   55.3737318   61.1380782
   55.3625758   61.1400020
   55.3544514   61.1399064
   55.3429286   61.1418538
   55.3351704   61.1417353
   55.3232786   61.1437041
   55.3034213   61.1433316
   55.2896845   61.1406249
   55.2822660   61.1333743
   55.2713163   61.1186148
   55.2683317   61.1128361
   55.2612697   61.1032582
   55.2584556   61.0977700
   55.2512254   61.0879028
   55.2485815   61.0827088
   55.2411832   61.0725493
   55.2387052   61.0676457
   55.2311392   61.0571910
   55.2288277   61.0525833
   55.2210970   61.0418342
   55.2189484   61.0375193
   55.2084680   61.0228554
   55.1985228   61.0127426
   55.1846332   61.0094626
   55.1486041   61.0070006
   55.1442224   61.0073164
   55.1305805   61.0059099
   55.1246650   61.0062618
   55.1125624   61.0048395
   55.1051087   61.0051873
   55.0945375   61.0037895
   55.0855512   61.0040915
   55.0661448   61.0012345
   55.0476397   60.9950632
   55.0374938   60.9817093
   55.0348413   60.9767746
   55.0269474   60.9664951
   55.0240234   60.9610968
   55.0164034   60.9512819
   55.0132009   60.9454153
   55.0058626   60.9360681
   55.0023815   60.9297419
   54.9953212   60.9208508
   54.9915565   60.9140649
   54.9847847   60.9056362
   54.9807300   60.8983883
   54.9687152   60.8836118
   54.9575491   60.8738623
   54.9410637   60.8721417
   54.9212971   60.8736235
   54.9178156   60.8745338
   54.9016057   60.8757442
   54.8980896   60.8766625
   54.8819083   60.8778658
   54.8783634   60.8787906
   54.8622169   60.8799864
   54.8586376   60.8809192
   54.8425203   60.8821081
   54.8389149   60.8830466
   54.8228256   60.8842285
   54.8191862   60.8851749
   54.8031342   60.8863492
   54.7994601   60.8873035
   54.7834368   60.8884709
   54.7797340   60.8894315
   54.7637454   60.8905916
   54.7600081   60.8915601
   54.7440488   60.8927133
   54.7402827   60.8936882
   54.7243568   60.8948340
   54.7205567   60.8958167
   54.7046600   60.8969557
   54.7008305   60.8979448
   54.6849680   60.8990765
   54.6811046   60.9000732
   54.6652712   60.9011983
   54.6613793   60.9022012
   54.6455766   60.9033192
   54.6416559   60.9043285
   54.6258851   60.9054396
   54.6219271   60.9064572
   54.6061885   60.9075612
   54.6022012   60.9085852
   54.5864965   60.9096821
   54.5824759   60.9107136
   54.5667997   60.9118039
   54.5627497   60.9128417
   54.5471077   60.9139247
   54.5430237   60.9149701
   54.5274110   60.9160464
   54.5232975   60.9170981
   54.5077190   60.9181673
   54.5035716   60.9192264
   54.4880222   60.9202892
   54.4838463   60.9213544
   54.4683283   60.9224102
   54.4641201   60.9234824
   54.4486363   60.9245311
   54.4443940   60.9256107
   54.4289396   60.9266528
   54.4246708   60.9277380
   54.4092475   60.9287734
   54.4049428   60.9298665
   54.3895508   60.9308952
   54.3852167   60.9319944
   54.3698596   60.9330160
   54.3654906   60.9341229
   54.3501622   60.9351378
   54.3457646   60.9362506
   54.3304708   60.9372589
   54.3260393   60.9383790
   54.3107735   60.9393807
   54.3063132   60.9405068
   54.2910794   60.9415019
   54.2865870   60.9426347
   54.2713874   60.9436229
   54.2668609   60.9447630
   54.2516907   60.9457447
   54.2471349   60.9468909
   54.2319995   60.9478658
   54.2274096   60.9490192
   54.2123021   60.9499876
   54.2076862   60.9511463
   54.1926107   60.9521082
   54.1879574   60.9532748
   54.1729134   60.9542300
   54.1682315   60.9554025
   54.1532220   60.9563512
   54.1485061   60.9575308
   54.1335246   60.9584731
   54.1287800   60.9596585
   54.1138306   60.9605943
   54.1090538   60.9617863
   54.0941394   60.9627153
   54.0893279   60.9639146
   54.0744421   60.9648374
   54.0696025   60.9660423
   54.0547507   60.9669585
   54.0498764   60.9681705
   54.0350533   60.9690804
   54.0301502   60.9702982
   54.0153619   60.9712015
   54.0104268   60.9724258
   53.9956653   60.9733229
   53.9906982   60.9745537
   53.9759734   60.9754442
   53.9709729   60.9766818
   53.9562766   60.9775661
   53.9512467   60.9788096
   53.9314194   60.9799965
   53.9125489   60.9777269
   53.8992885   60.9655004
   53.8895298   60.9528185
   53.8868911   60.9503752
   53.8772181   60.9377835
   53.8744968   60.9352531
   53.8649066   60.9227484
   53.8620985   60.9201265
   53.8525957   60.9077156
   53.8497038   60.9050045
   53.8402838   60.8926816
   53.8373097   60.8898824
   53.8279698   60.8776449
   53.8249130   60.8747565
   53.8156574   60.8626105
   53.8039699   60.8515236
   53.7875080   60.8486147
   53.7678838   60.8484385
   53.7648491   60.8489303
   53.7287226   60.8495765
   53.6933709   60.8507577
   53.6895391   60.8503344
   53.6755011   60.8512851
   53.6699522   60.8507508
   53.6544370   60.8520566
   53.6494182   60.8534055
   53.6352414   60.8546695
   53.6307439   60.8559007
   53.6160481   60.8572844
   53.6120647   60.8583947
   53.5968496   60.8599033
   53.5933876   60.8608855
   53.5776577   60.8625234
   53.5747124   60.8633737
   53.4624902   60.8782733
   53.4432977   60.8809374
   53.4245530   60.8869977
   53.4062565   60.8964531
   53.4016091   60.8997987
   53.3986415   60.9158841
   53.3982075   60.9251922
   53.3965907   60.9335441
   53.3961009   60.9435552
   53.3945426   60.9512078
   53.3939914   60.9619160
   53.3924976   60.9688712
   53.3918784   60.9802775
   53.3878333   60.9980801
   53.3807570   61.0150066
   53.3724538   61.0315770
   53.3692348   61.0362015
   53.3599872   61.0401613
   53.3404951   61.0447501
   53.3266908   61.0454396
   53.3207444   61.0468447
   53.3068534   61.0475489
   53.3009883   61.0489399
   53.2870158   61.0496587
   53.2812348   61.0510349
   53.2671782   61.0517687
   53.2614840   61.0531291
   53.2473414   61.0538781
   53.2417276   61.0552243
   53.2275040   61.0559881
   53.2219733   61.0573191
   53.2076664   61.0580982
   53.2022225   61.0594132
   53.1878296   61.0602079
   53.1824664   61.0615081
   53.1679922   61.0623181
   53.1627128   61.0636026
   53.1481547   61.0644284
   53.1429620   61.0656965
   53.1283171   61.0665384
   53.1232058   61.0677911
   53.1084803   61.0686488
   53.1034523   61.0698855
   53.0886430   61.0707593
   53.0836985   61.0719799
   53.0688055   61.0728698
   53.0639469   61.0740735
   53.0489687   61.0749800
   53.0441907   61.0761679
   53.0291314   61.0770907
   53.0244371   61.0782620
   53.0092939   61.0792015
   53.0046862   61.0803554
   52.9894564   61.0813119
   52.9849299   61.0824495
   52.9696197   61.0834229
   52.9651764   61.0845435
   52.9497851   61.0855337
   52.9454255   61.0866371
   52.9255849   61.0879289
   52.9070950   61.0857876
   52.8957241   61.0757492
   52.8840759   61.0615352
   52.8040702   60.9630837
   52.7941687   60.9538990
   52.7775250   60.9510570
   52.7580042   60.9511036
   52.7502895   60.9524937
   52.7385878   60.9525287
   52.7309467   60.9539114
   52.7191679   60.9539538
   52.7116063   60.9553281
   52.6997540   60.9553780
   52.6922600   60.9567457
   52.6803376   60.9568032
   52.6729172   60.9581633
   52.6609212   60.9582285
   52.6535772   60.9595803
   52.6415021   60.9596534
   52.6342312   60.9609974
   52.6220885   60.9610782
   52.6148877   60.9624148
   52.6026721   60.9625036
   52.5955448   60.9638322
   52.5832550   60.9639291
   52.5762045   60.9652490
   52.5638356   60.9653542
   52.5568581   60.9666658
   52.5444220   60.9667792
   52.5375152   60.9680830
   52.5250056   60.9682049
   52.5181721   60.9695002
   52.5055893   60.9696305
   52.4988313   60.9709168
   52.4861729   60.9710558
   52.4794857   60.9723339
   52.4600579   60.9725593
   52.4433815   60.9698330
   52.4323040   60.9592732
   52.3874302   60.8989961
   52.3540772   60.8540113
   52.3453411   60.8454216
   52.3303656   60.8424387
   52.3105228   60.8419821
   52.2986896   60.8438633
   52.2908823   60.8437249
   52.2796336   60.8455757
   52.2712358   60.8454714
   52.2605773   60.8472843
   52.2515955   60.8472206
   52.2415208   60.8489904
   52.2319504   60.8489733
   52.2224639   60.8506927
   52.2123102   60.8507288
   52.2034069   60.8523924
   52.1926653   60.8524880
   52.1843494   60.8540884
   52.1730257   60.8542498
   52.1652918   60.8557817
   52.1533815   60.8560154
   52.1462338   60.8574714
   52.1337432   60.8577835
   52.1271756   60.8591583
   52.1140990   60.8595555
   52.1081171   60.8608415
   52.0944610   60.8613300
   52.0890583   60.8625221
   52.0748175   60.8631084
   52.0699994   60.8641989
   52.0551801   60.8648894
   52.0509408   60.8658730
   52.0355378   60.8666743
   52.0318812   60.8675434
   52.0159005   60.8684615
   52.0128213   60.8692111
   51.9365662   60.8757058
   51.9171950   60.8738381
   51.9138054   60.8729336
   51.9099184   60.8688118
   51.8987319   60.8518556
   51.8688076   60.7814675
   51.8672036   60.7789842
   51.8612142   60.7637074
   51.8593255   60.7607661
   51.8536180   60.7459440
   51.8514493   60.7425464
   51.8460231   60.7281872
   51.8435728   60.7243243
   51.8384247   60.7104288
   51.8357001   60.7061058
   51.8308246   60.6926695
   51.8278270   60.6878811
   51.8232224   60.6749114
   51.8199582   60.6696606
   51.8134540   60.6509138
   51.8111111   60.6305808
   51.8105432   60.6095651
   51.8123259   60.5961938
   51.8215912   60.5907279
   51.8401018   60.5835446
   51.8591605   60.5797720
   51.8638145   60.5796857
   51.8783514   60.5767721
   51.8832746   60.5766671
   51.8975359   60.5737735
   51.9027346   60.5736483
   51.9167233   60.5707756
   51.9221946   60.5706288
   51.9359146   60.5677778
   51.9416543   60.5676081
   51.9550995   60.5647813
   51.9611140   60.5645872
   51.9742910   60.5617849
   51.9805735   60.5615650
   51.9934760   60.5587899
   52.0000330   60.5585427
   52.0126668   60.5557948
   52.0194951   60.5555191
   52.0318532   60.5528017
   52.0389525   60.5524960
   52.0510442   60.5498081
   52.0584117   60.5494711
   52.0702307   60.5468158
   52.0778708   60.5464460
   52.0971294   60.5420735
   52.1158798   60.5342852
   52.1244869   60.5289988
   52.1350669   60.5154212
   52.1371409   60.5119561
   52.1397239   60.5020379
   52.1422626   60.4954307
   52.1454764   60.4834441
   52.1482024   60.4770337
   52.1543853   60.4721459
   52.1722811   60.4618426
   52.1908035   60.4548910
   52.2872994   60.4373225
   52.3058408   60.4304020
   52.3219295   60.4212096
   52.3243681   60.4145614
   52.3320755   60.3815526
   52.3383918   60.3655561
   52.3459686   60.3522641
   52.3479858   60.3472800
   52.3461655   60.3340108
   52.3402890   60.3149869
   52.3325643   60.2967403
   52.3222010   60.2796238
   52.3121457   60.2678216
   52.2961210   60.2663278
   52.2759735   60.2677504
   52.2695335   60.2693423
   52.2560752   60.2702815
   52.2497503   60.2718773
   52.2361741   60.2728128
   52.2299706   60.2744121
   52.2162782   60.2753427
   52.2101905   60.2769481
   52.1963794   60.2778727
   52.1904102   60.2794847
   52.1764806   60.2804021
   52.1706302   60.2820220
   52.1565815   60.2829307
   52.1508523   60.2845595
   52.1366801   60.2854582
   52.1310704   60.2870981
   52.1167828   60.2879845
   52.1112904   60.2896382
   52.0968832   60.2905103
   52.0915103   60.2921793
   52.0716836   60.2933472
   52.0600964   60.2911616
   52.0517539   60.2914264
   52.0417278   60.2894045
   52.0318196   60.2894787
   52.0233499   60.2876718
   52.0118861   60.2875079
   52.0049722   60.2859603
   51.9919519   60.2855178
   51.9803095   60.2828015
   51.9397727   60.2536165
   51.9114958   60.2327032
   51.9081346   60.2309029
   51.8973055   60.2222748
   51.8923404   60.2195041
   51.8830926   60.2118714
   51.8765716   60.2080831
   51.8688598   60.2014927
   51.8608172   60.1966323
   51.7445156   60.0941417
   51.6506292   60.0285574
   51.6472131   60.0267196
   51.6354096   60.0179384
   51.6311915   60.0156346
   51.6201925   60.0073291
   51.6151810   60.0045503
   51.6049642   59.9967190
   51.5991688   59.9934564
   51.5897391   59.9861187
   51.5831592   59.9823575
   51.5745055   59.9755208
   51.5671601   59.9712573
   51.5592734   59.9649309
   51.5505378   59.9610055
   51.5401399   59.9547936
   51.5330743   59.9519357
   51.5230969   59.9458869
   51.5156027   59.9428623
   51.5060557   59.9369811
   51.4883874   59.9298676
   51.4778469   59.9276134
   51.4696091   59.9284660
   51.4528802   59.9329203
   51.4456114   59.9361514
   51.4364399   59.9383750
   51.4271402   59.9422406
   51.4189319   59.9469352
   51.4098645   59.9540492
   51.4048614   59.9565948
   51.3760066   59.9769167
   51.3588490   59.9877495
   51.3227086   59.9988388
   51.3209113   59.9998618
   51.3048946   60.0042729
   51.3019275   60.0058794
   51.2870830   60.0097347
   51.2829380   60.0118719
   51.2692802   60.0152181
   51.2639358   60.0178451
   51.2514798   60.0207250
   51.2449277   60.0237977
   51.2336885   60.0262503
   51.2259128   60.0297326
   51.2158973   60.0317956
   51.2068910   60.0356501
   51.1981149   60.0373565
   51.1878650   60.0415519
   51.1679833   60.0452006
   51.1535765   60.0469913
   51.1401434   60.0454632
   51.1281983   60.0430228
   51.1208957   60.0428064
   51.1100811   60.0404602
   51.1016502   60.0401387
   51.0691431   60.0324970
   51.0637369   60.0319238
   51.0535792   60.0288737
   51.0448145   60.0276478
   51.0290684   60.0223702
   51.0161471   60.0125991
   51.0036430   60.0024949
   51.0009187   60.0009777
   50.9888261   59.9911176
   50.9856898   59.9893538
   50.9740066   59.9797415
   50.9704659   59.9777306
   50.9591910   59.9683703
   50.9552393   59.9661037
   50.9443683   59.9569973
   50.9400160   59.9544764
   50.9295462   59.9456269
   50.9247948   59.9428477
   50.9147230   59.9342578
   50.9095722   59.9312155
   50.8998983   59.9228908
   50.8943545   59.9195844
   50.8850726   59.9115251
   50.8791361   59.9079499
   50.8702456   59.9001610
   50.8639155   59.8963117
   50.8554160   59.8887982
   50.8487027   59.8846762
   50.8405883   59.8774386
   50.8305174   59.8711951
   50.8178144   59.8684462
   50.8023448   59.8679818
   50.7983837   59.8671245
   50.7829064   59.8666574
   50.7789556   59.8658024
   50.7634645   59.8653325
   50.7595273   59.8644803
   50.7440203   59.8640075
   50.7400986   59.8631587
   50.7245819   59.8626831
   50.7206706   59.8618366
   50.7051374   59.8613581
   50.7012422   59.8605150
   50.6856986   59.8600338
   50.6818135   59.8591928
   50.6662574   59.8587089
   50.6623855   59.8578707
   50.6468129   59.8573838
   50.6429599   59.8565497
   50.6273741   59.8560600
   50.6235285   59.8552275
   50.6079302   59.8547350
   50.6041004   59.8539059
   50.5884911   59.8534106
   50.5846721   59.8525838
   50.5690496   59.8520857
   50.5652434   59.8512616
   50.5496057   59.8507607
   50.5458153   59.8499400
   50.5301666   59.8494364
   50.5263873   59.8486180
   50.5107224   59.8481113
   50.5069590   59.8472963
   50.4912840   59.8467870
   50.4875303   59.8459742
   50.4718394   59.8454620
   50.4681049   59.8446532
   50.4524006   59.8441381
   50.4486739   59.8433310
   50.4329595   59.8428133
   50.4292452   59.8420088
   50.4135149   59.8414882
   50.4098172   59.8406873
   50.3949921   59.8401943
   50.3779121   59.8334790
   50.3644092   59.8275077
   50.3600027   59.8263562
   50.3490575   59.8211582
   50.3421152   59.8191727
   50.3336890   59.8148744
   50.3242628   59.8119289
   50.3182930   59.8086569
   50.3064448   59.8046178
   50.2898358   59.7948317
   50.2827972   59.7885290
   50.2742059   59.7830625
   50.2693527   59.7785345
   50.2586057   59.7712327
   50.2558618   59.7685790
   50.2433767   59.7596004
   50.2251285   59.7553215
   50.2071864   59.7540730
   50.1947872   59.7552787
   50.1892508   59.7548087
   50.1750530   59.7559446
   50.1713209   59.7555719
   50.1158310   59.7577797
   50.0958485   59.7549266
   50.0756299   59.7486170
   50.0551778   59.7388531
   50.0487851   59.7347685
   50.0312833   59.7249028
   50.0276319   59.7154940
   50.0180369   59.7075082
   50.0070155   59.6994323
   50.0010171   59.6939614
   49.9911051   59.6868969
   49.9839991   59.6804159
   49.9666507   59.6684855
   49.9486445   59.6598462
   49.9299774   59.6544958
   49.9261528   59.6540879
   49.9111916   59.6497457
   49.9070562   59.6493031
   49.8924013   59.6449947
   49.8879623   59.6445180
   49.8691149   59.6389035
   49.8513937   59.6298484
   49.8434962   59.6141444
   49.8389930   59.5994219
   49.8375342   59.5965352
   49.8329477   59.5816358
   49.8315735   59.5789299
   49.8256149   59.5613274
   49.8200807   59.5435750
   49.8175589   59.5248193
   49.8180483   59.5050574
   49.8215494   59.4842829
   49.8228658   59.4798801
   49.8299651   59.4678050
   49.8299403   59.4574875
   49.8309188   59.4444773
   49.8305853   59.4379140
   49.8316000   59.4249274
   49.8312284   59.4183377
   49.8328016   59.3990256
   49.8370793   59.3804960
   49.8467682   59.3464496
   49.8476689   59.3337444
   49.8452272   59.3140413
   49.8396055   59.2955441
   49.8307999   59.2782415
   49.8007031   59.2377119
   49.7427116   59.2107516
   49.7255168   59.2057676
   49.7074398   59.2066720
   49.6943629   59.2096181
   49.6892221   59.2098191
   49.6747953   59.2128739
   49.6710044   59.2129819
   49.6160966   59.2225975
   49.5798874   59.2284975
   49.5620177   59.2341618
   49.5445459   59.2427666
   49.5382366   59.2470335
   49.5378830   59.2575694
   49.5416276   59.2936481
   49.5401954   59.3136324
   49.5367242   59.3484668
   49.5368313   59.3535927
   49.5339881   59.3735639
   49.5288098   59.3904927
   49.5145197   59.3987591
   49.4960863   59.4059800
   49.4768669   59.4102113
   49.4737087   59.4104072
   49.4187375   59.4210394
   49.3683987   59.4303622
   49.3451900   59.4462368
   49.3268787   59.4583371
   49.3085576   59.4659939
   49.2938145   59.4690980
   49.2895193   59.4708999
   49.2746270   59.4740599
   49.2704798   59.4758064
   49.2554360   59.4790236
   49.2514412   59.4807121
   49.2362485   59.4839862
   49.2324029   59.4856179
   49.2170564   59.4889504
   49.2133631   59.4905233
   49.1978669   59.4939139
   49.1943245   59.4954281
   49.1786797   59.4988770
   49.1752847   59.5003335
   49.1560792   59.5045990
   49.1359386   59.5052907
   49.1283420   59.5042516
   49.1103544   59.5043452
   49.0984483   59.5059427
   49.0875520   59.5103109
   49.0815809   59.5262000
   49.0773349   59.5446581
   49.0757503   59.5631928
   49.0746781   59.5817427
   49.0748983   59.5855416
   49.0736054   59.6002928
   49.0738326   59.6042031
   49.0721811   59.6228099
   49.0677834   59.6411811
   49.0641513   59.6504359
   49.0513048   59.6585282
   49.0322356   59.6666767
   49.0127259   59.6712385
   49.0009275   59.6718147
   48.9929570   59.6736417
   48.9816274   59.6741460
   48.9731859   59.6760424
   48.9623296   59.6764788
   48.9534138   59.6784410
   48.9430327   59.6788137
   48.9336421   59.6808376
   48.9237362   59.6811507
   48.9138667   59.6832327
   48.9044392   59.6834902
   48.8940965   59.6856250
   48.8851431   59.6858313
   48.8743241   59.6880153
   48.8658473   59.6881744
   48.8545507   59.6904036
   48.8465510   59.6905197
   48.8347750   59.6927904
   48.8272556   59.6928674
   48.8150039   59.6951745
   48.8079634   59.6952168
   48.7952305   59.6975571
   48.7886650   59.6975687
   48.7754560   59.6999372
   48.7693703   59.6999221
   48.7556814   59.7023152
   48.7500752   59.7022776
   48.7359044   59.7046916
   48.7307811   59.7046357
   48.7161320   59.7070655
   48.7114874   59.7069953
   48.6963573   59.7094374
   48.6921930   59.7093569
   48.6765817   59.7118072
   48.6728996   59.7117206
   48.6568066   59.7141750
   48.6536065   59.7140863
   48.6370275   59.7165411
   48.6343129   59.7164546
   48.5571595   59.7260841
   48.5382907   59.7319846
   48.5350881   59.7347462
   48.5270763   59.7531576
   48.5226183   59.7720367
   48.5220434   59.7843019
   48.5203902   59.7912164
   48.5197484   59.8038490
   48.5181632   59.8103997
   48.5174524   59.8233915
   48.5159377   59.8295770
   48.5151552   59.8429361
   48.5137124   59.8487605
   48.5128562   59.8624829
   48.5114895   59.8679382
   48.5105576   59.8820243
   48.5092662   59.8871220
   48.5082564   59.9015709
   48.5070455   59.9062999
   48.5059557   59.9211121
   48.5048250   59.9254813
   48.5036529   59.9406586
   48.5026054   59.9446650
   48.5013497   59.9601995
   48.5003871   59.9638439
   48.4990449   59.9797458
   48.4981695   59.9830277
   48.4967396   59.9992865
   48.4959532   60.0022061
   48.4851983   60.0970032
   48.4829136   60.1163031
   48.4835102   60.1324422
   48.4866938   60.1491940
   48.4924679   60.1653801
   48.4952376   60.1682588
   48.5106276   60.1793020
   48.5226690   60.1851301
   48.5271567   60.1883974
   48.5399329   60.1947135
   48.5436914   60.1974891
   48.5571959   60.2043044
   48.5602275   60.2065745
   48.5744560   60.2139008
   48.5767667   60.2156547
   48.6262199   60.2427207
   48.6952029   60.2812175
   48.7107490   60.2940969
   48.7173183   60.3014898
   48.7252223   60.3090371
   48.7371309   60.3240703
   48.7292258   60.3397228
   48.7167921   60.3575304
   48.7024824   60.3722412
   48.6939769   60.3783442
   48.6868401   60.3847475
   48.6698645   60.3950626
   48.6168572   60.4145027
   48.6131231   60.4163930
   48.5997361   60.4207546
   48.5941627   60.4234339
   48.5826218   60.4270413
   48.5751902   60.4304464
   48.5622397   60.4347909
   48.5583376   60.4409615
   48.5230800   60.4826633
   48.5206411   60.4862761
   48.5187088   60.5023838
   48.5209425   60.5126322
   48.5278490   60.5309033
   48.5317096   60.5377379
   48.5359102   60.5485576
   48.5392037   60.5542274
   48.5458257   60.5708247
   48.5416068   60.5924709
   48.5344006   60.6104362
   48.5292184   60.6186746
   48.5255708   60.6275525
   48.5208044   60.6349892
   48.5167319   60.6446700
   48.5123963   60.6513099
   48.5078855   60.6617851
   48.5039962   60.6676326
   48.4990346   60.6788924
   48.4956030   60.6839580
   48.4901755   60.6959985
   48.4872156   60.7002892
   48.4813091   60.7131013
   48.4788359   60.7166225
   48.4724371   60.7301986
   48.4704635   60.7329585
   48.4369169   60.7985804
   48.4279697   60.8156378
   48.4164070   60.8304473
   48.3980453   60.8354330
   48.3825573   60.8367684
   48.3787437   60.8377958
   48.3634623   60.8390839
   48.3594475   60.8401569
   48.3443720   60.8413983
   48.3401486   60.8425182
   48.3252797   60.8437139
   48.3208467   60.8448800
   48.3061869   60.8460303
   48.3015495   60.8472403
   48.2870920   60.8483469
   48.2822504   60.8496000
   48.2680019   60.8506630
   48.2629485   60.8519603
   48.2489091   60.8529808
   48.2436520   60.8543194
   48.2298170   60.8552984
   48.2243527   60.8566783
   48.2107216   60.8576167
   48.2050505   60.8590369
   48.1916325   60.8599348
   48.1857530   60.8613949
   48.1725400   60.8622537
   48.1664536   60.8637525
   48.1534454   60.8645732
   48.1471514   60.8661099
   48.1343558   60.8668927
   48.1278546   60.8684665
   48.1152640   60.8692128
   48.1085549   60.8708230
   48.0961717   60.8715333
   48.0892517   60.8731796
   48.0770774   60.8738549
   48.0699547   60.8755346
   48.0579879   60.8761756
   48.0506550   60.8778897
   48.0388963   60.8784973
   48.0313525   60.8802452
   48.0198042   60.8808200
   48.0009517   60.8851492
   47.9825316   60.8928379
   47.9762611   60.9016448
   47.9703634   60.9129647
   47.9684537   60.9185110
   47.9626612   60.9292108
   47.9603078   60.9360211
   47.9549622   60.9454550
   47.9521597   60.9535292
   47.9424933   60.9696698
   47.9297287   60.9830270
   47.9218941   60.9882486
   47.9150988   60.9947102
   47.9101126   60.9978005
   47.9003723   61.0063039
   47.8835873   61.0160437
   47.8725906   61.0187431
   47.8578146   61.0191878
   47.8528843   61.0202113
   47.8385264   61.0205829
   47.8331832   61.0216774
   47.8192416   61.0219787
   47.8134796   61.0231430
   47.7999509   61.0233762
   47.7937756   61.0246067
   47.7806656   61.0247747
   47.7740722   61.0260695
   47.7613757   61.0261750
   47.7543684   61.0275305
   47.7420882   61.0275760
   47.7346616   61.0289905
   47.7228032   61.0289791
   47.7149606   61.0304491
   47.7035138   61.0303837
   47.6952566   61.0319058
   47.6842267   61.0317892
   47.6755522   61.0333608
   47.6649421   61.0331963
   47.6559098   61.0360922
   47.6437074   61.0380755
   47.6363653   61.0408577
   47.6251224   61.0424843
   47.6168214   61.0456225
   47.5971625   61.0480555
   47.5823439   61.0462110
   47.5773252   61.0467177
   47.5635660   61.0448745
   47.5574858   61.0453638
   47.5447839   61.0435536
   47.5376453   61.0439959
   47.5259994   61.0422458
   47.5178040   61.0426157
   47.5072117   61.0409494
   47.4979627   61.0412249
   47.4884231   61.0396629
   47.4781665   61.0408287
   47.4635615   61.0410742
   47.4584580   61.0421428
   47.4436969   61.0424073
   47.4387470   61.0434562
   47.4238367   61.0437400
   47.4190358   61.0447697
   47.4039720   61.0450738
   47.3993252   61.0460825
   47.3841125   61.0464072
   47.3796142   61.0473955
   47.3642474   61.0477414
   47.3599004   61.0487081
   47.3443878   61.0490760
   47.3401922   61.0500204
   47.3245235   61.0504109
   47.3204812   61.0513320
   47.3046610   61.0517455
   47.3007699   61.0526430
   47.2848013   61.0530806
   47.2810588   61.0539544
   47.2649371   61.0544164
   47.2613474   61.0552649
   47.2415995   61.0558562
   47.2216614   61.0524177
   47.2015259   61.0449482
   47.1917503   61.0394186
   47.1803487   61.0186015
   47.1752482   61.0127240
   47.1393686   60.9759652
   47.1346845   60.9721522
   47.1218135   60.9571188
   47.1121316   60.9401220
   47.1110443   60.9369454
   47.1030690   60.9227511
   47.1021569   60.9200764
   47.0577644   60.8358855
   47.0047718   60.7343661
   46.9985886   60.7228340
   46.9964005   60.7136172
   46.9929088   60.6945983
   46.9923308   60.6755890
   46.9940069   60.6619498
   46.9939069   60.6565875
   46.9955440   60.6441023
   46.9954956   60.6375795
   46.9970688   60.6262599
   46.9970944   60.6185782
   46.9985841   60.6084098
   46.9987044   60.5995701
   47.0000886   60.5905642
   47.0005113   60.5725289
   46.9993268   60.5707977
   46.9845770   60.5573396
   46.9689155   60.5467394
   46.9596083   60.5423917
   46.9527901   60.5376123
   46.9424342   60.5327083
   46.9366548   60.5284923
   46.9252699   60.5230154
   46.9098969   60.5112759
   46.8972061   60.4964839
   46.8929190   60.4888415
   46.8857260   60.4803100
   46.8814235   60.4727858
   46.8742390   60.4641378
   46.8699348   60.4567306
   46.8627531   60.4479769
   46.8584505   60.4406731
   46.8512604   60.4318135
   46.8469663   60.4246095
   46.8397686   60.4156559
   46.8354907   60.4085524
   46.8282735   60.3994993
   46.8240135   60.3924890
   46.8167750   60.3833418
   46.8125377   60.3764244
   46.8053231   60.3672467
   46.8049732   60.3587652
   46.8033249   60.3483794
   46.8029569   60.3388360
   46.8012919   60.3287260
   46.8007773   60.3179309
   46.7946222   60.2984273
   46.7859812   60.2807960
   46.7748551   60.2650377
   46.7691636   60.2592315
   46.7625577   60.2556773
   46.7447502   60.2494768
   46.7314216   60.2471514
   46.7182460   60.2486235
   46.6434403   60.2577188
   46.6241480   60.2597953
   46.6087634   60.2582990
   46.6048395   60.2586641
   46.5904624   60.2571298
   46.5855285   60.2575204
   46.5721589   60.2559736
   46.5662229   60.2563651
   46.5538540   60.2548283
   46.5469148   60.2551986
   46.5355477   60.2536935
   46.5276066   60.2540218
   46.5172404   60.2525686
   46.5082984   60.2528355
   46.4989326   60.2514528
   46.4889901   60.2516404
   46.4832941   60.2507590
   46.4696911   60.2529394
   46.4561479   60.2543394
   46.4504053   60.2557853
   46.4409560   60.2563653
   46.4311160   60.2584719
   46.4118150   60.2587799
   46.3924955   60.2552677
   46.3731568   60.2479353
   46.3538097   60.2395936
   46.3344671   60.2306348
   46.3245012   60.2244125
   46.3266995   60.2129848
   46.3336467   60.1917670
   46.3429627   60.1731373
   46.3546431   60.1571052
   46.3632006   60.1489181
   46.3677934   60.1426753
   46.3757940   60.1351819
   46.3809427   60.1282556
   46.3952783   60.1151301
   46.4121391   60.1047682
   46.4237467   60.1002193
   46.4347797   60.0977367
   46.4435818   60.0972155
   46.4537502   60.0948410
   46.4632885   60.0942130
   46.4727145   60.0919509
   46.4829947   60.0912064
   46.4916864   60.0890646
   46.5027001   60.0881947
   46.5106532   60.0861839
   46.5224049   60.0851787
   46.5296257   60.0833068
   46.5421090   60.0821577
   46.5485939   60.0804353
   46.5618134   60.0791325
   46.5675689   60.0775673
   46.5815162   60.0761023
   46.5865376   60.0747049
   46.6012155   60.0730685
   46.6055139   60.0718453
   46.6209200   60.0700287
   46.6244850   60.0689917
   46.7194194   60.0547778
   46.7693410   60.0471077
   46.7819551   60.0489108
   46.8004373   60.0547650
   46.8098819   60.0596230
   46.8182508   60.0623475
   46.8269418   60.0668866
   46.8360616   60.0699345
   46.8440058   60.0741455
   46.8538700   60.0775264
   46.8610721   60.0813994
   46.8716749   60.0851229
   46.8781414   60.0886491
   46.8894773   60.0927243
   46.8952102   60.0958934
   46.9072826   60.1003324
   46.9122830   60.1031332
   46.9237491   60.1074421
   46.9377607   60.1081995
   46.9575018   60.1060245
   46.9770367   60.1005951
   46.9917040   60.0940043
   46.9945105   60.0852186
   46.9978083   60.0664120
   46.9995946   60.0477793
   46.9988369   60.0294214
   46.9970745   60.0207891
   46.9942841   60.0137034
   46.9918198   60.0015963
   46.9890190   59.9945015
   46.9865629   59.9823971
   46.9837548   59.9753010
   46.9813076   59.9632022
   46.9784914   59.9561031
   46.9760531   59.9440092
   46.9732259   59.9369001
   46.9707966   59.9248114
   46.9679616   59.9177007
   46.9655410   59.9056149
   46.9626972   59.8985002
   46.9602859   59.8864198
   46.9574335   59.8793023
   46.9550316   59.8672267
   46.9521678   59.8600994
   46.9482937   59.8405536
   46.9480373   59.8201081
   46.9513992   59.7987547
   46.9535174   59.7920014
   46.9580019   59.7889795
   46.9758160   59.7803389
   46.9913455   59.7754335
   46.9944335   59.7739292
   47.1047074   59.7361996
   47.1191720   59.7289751
   47.1255186   59.7130657
   47.1301515   59.6929889
   47.1330226   59.6729763
   47.1329259   59.6699403
   47.1289180   59.6507916
   47.1262713   59.6443379
   47.1234170   59.6321695
   47.1197339   59.6207916
   47.1104396   59.6137030
   47.0794194   59.5883821
   47.0544087   59.5942539
   47.0458672   59.5927221
   47.0352111   59.5951354
   47.0267736   59.5936665
   47.0160146   59.5960194
   47.0076775   59.5946092
   46.9968198   59.5969045
   46.9885844   59.5955496
   46.9776223   59.5977917
   46.9694887   59.5964890
   46.9584268   59.5986802
   46.9503957   59.5974269
   46.9392326   59.5995703
   46.9312999   59.5983631
   46.9200353   59.6004611
   46.9122070   59.5992985
   46.9008398   59.6013539
   46.8931111   59.6002329
   46.8816457   59.6022468
   46.8740177   59.6011657
   46.8687167   59.6020710
   46.8549096   59.6004234
   46.8511286   59.6011896
   46.8336120   59.5995158
   46.8215062   59.5945361
   46.8164847   59.5937508
   46.7945090   59.5829024
   46.7790642   59.5793061
   46.7759495   59.5793119
   46.7620927   59.5756875
   46.7438828   59.5762617
   46.7278129   59.5759301
   46.7243991   59.5767542
   46.7106735   59.5760039
   46.7049089   59.5771529
   46.6966131   59.5764352
   46.6854922   59.5785536
   46.6777846   59.5778219
   46.6660745   59.5799493
   46.6589553   59.5792135
   46.6466564   59.5813393
   46.6401297   59.5806098
   46.6272380   59.5827249
   46.6213006   59.5820114
   46.6078212   59.5841046
   46.6024753   59.5834175
   46.5884010   59.5854799
   46.5836468   59.5848291
   46.5689814   59.5868498
   46.5648223   59.5862458
   46.5495615   59.5882153
   46.5459946   59.5876675
   46.5301411   59.5895751
   46.5271709   59.5890942
   46.5107209   59.5909304
   46.5083439   59.5905258
   46.4913004   59.5922803
   46.4895208   59.5919627
   46.4524573   59.5949654
   46.4343904   59.5914412
   46.4253609   59.5745602
   46.4243320   59.5698226
   46.4174193   59.5561133
   46.4169390   59.5533508
   46.4095559   59.5376468
   46.4070215   59.5175513
   46.4079227   59.5119192
   46.4068305   59.4971388
   46.4107126   59.4795732
   46.4094401   59.4669175
   46.4099881   59.4613365
   46.4068160   59.4419216
   46.4052386   59.4385524
   46.4022905   59.4228912
   46.4014298   59.4211902
   46.3977114   59.4038775
   46.3934752   59.3865295
   46.3935320   59.3847472
   46.3892882   59.3692383
   46.3893329   59.3656234
   46.3851390   59.3519368
   46.3850930   59.3465120
   46.3825487   59.3390674
   46.3770401   59.3343895
   46.3590757   59.3276776
   46.3505756   59.3283947
   46.3409110   59.3257871
   46.3368115   59.3266278
   46.3227334   59.3242637
   46.3045173   59.3236526
   46.2328255   59.3233001
   46.2315886   59.3227630
   46.2150469   59.3231891
   46.1998874   59.3169483
   46.1971464   59.3168193
   46.1820607   59.3110203
   46.1742643   59.3037735
   46.1699832   59.2972120
   46.1530802   59.2902664
   46.1168557   59.2891953
   46.0805058   59.2873458
   46.0786668   59.2880168
   46.0596622   59.2861748
   46.0432671   59.2764710
   46.0416050   59.2730196
   46.0346440   59.2654591
   46.0309840   59.2585223
   46.0249588   59.2521641
   46.0203354   59.2440397
   46.0152937   59.2388495
   46.0096645   59.2295691
   46.0056448   59.2255192
   45.9995700   59.2147903
   45.9926340   59.2044861
   45.9913039   59.1990342
   45.9883292   59.1931067
   45.9849272   59.1822680
   45.9757120   59.1670192
   45.9680269   59.1630649
   45.9527829   59.1616000
   45.9479003   59.1598688
   45.9361229   59.1594625
   45.9277813   59.1568209
   45.9091222   59.1575951
   45.9078350   59.1571885
   45.8896067   59.1580975
   45.8878894   59.1575565
   45.8700918   59.1586004
   45.8679413   59.1579249
   45.8505763   59.1591022
   45.8479950   59.1582938
   45.8310621   59.1596033
   45.8280488   59.1586624
   45.8115453   59.1601038
   45.8081037   59.1590326
   45.7920299   59.1606044
   45.7881563   59.1594030
   45.7725149   59.1611042
   45.7682096   59.1597736
   45.7483649   59.1621611
   45.7470518   59.1629083
   45.7285806   59.1657331
   45.7106300   59.1690901
   45.7087749   59.1688528
   45.6934077   59.1721301
   45.6888889   59.1704433
   45.6770021   59.1701317
   45.6687629   59.1672579
   45.6596617   59.1676815
   45.6486424   59.1641923
   45.6336517   59.1663295
   45.6227221   59.1628624
   45.6139219   59.1629367
   45.6076953   59.1604493
   45.5959793   59.1592937
   45.5827102   59.1609753
   45.5745512   59.1643054
   45.5665312   59.1641844
   45.5549025   59.1682714
   45.5504735   59.1676821
   45.5352490   59.1718743
   45.5272837   59.1695549
   45.5226554   59.1707693
   45.5079578   59.1654182
   45.5021083   59.1678100
   45.4885930   59.1606807
   45.4796839   59.1673899
   45.4699074   59.1663028
   45.4650342   59.1704889
   45.4512531   59.1724187
   45.4405182   59.1763345
   45.4323356   59.1744894
   45.4236474   59.1777218
   45.4133863   59.1760990
   45.4067619   59.1789767
   45.3944466   59.1778385
   45.3898663   59.1801066
   45.3728113   59.1796249
   45.3678708   59.1771402
   45.3634398   59.1767819
   45.3478118   59.1714617
   45.3383146   59.1643926
   45.3322989   59.1626279
   45.3244415   59.1562133
   45.3176260   59.1540052
   45.3031667   59.1560763
   45.2985044   59.1546365
   45.2846379   59.1568196
   45.2793829   59.1552759
   45.2661062   59.1575541
   45.2602609   59.1559246
   45.2475751   59.1582793
   45.2411410   59.1565818
   45.2290442   59.1589966
   45.2220205   59.1572480
   45.2105140   59.1597051
   45.2029002   59.1579220
   45.1919814   59.1604050
   45.1837803   59.1586052
   45.1734494   59.1610968
   45.1646596   59.1592963
   45.1549182   59.1617795
   45.1455407   59.1599953
   45.1363841   59.1624545
   45.1264216   59.1607034
   45.1178507   59.1631214
   45.1073027   59.1614194
   45.0993185   59.1637799
   45.0896917   59.1623649
   45.0769380   59.1558317
   45.0726588   59.1517340
   45.0689427   59.1501979
   45.0610232   59.1390620
   45.0604347   59.1369420
   45.0508763   59.1246527
   45.0497854   59.1206564
   45.0371982   59.1062054
   45.0205992   59.0989692
   44.9837056   59.0978221
   44.9795433   59.0994421
   44.9641383   59.0988845
   44.9599639   59.1005128
   44.9445700   59.0999469
   44.9403851   59.1015827
   44.9250039   59.1010082
   44.9208045   59.1026533
   44.9054356   59.1020706
   44.9012251   59.1037237
   44.8858695   59.1031324
   44.8816452   59.1047944
   44.8663012   59.1041947
   44.8620653   59.1058649
   44.8467351   59.1052563
   44.8424858   59.1069355
   44.8271679   59.1063188
   44.8229065   59.1080065
   44.8075995   59.1073808
   44.8033265   59.1090769
   44.7880335   59.1084426
   44.7837471   59.1101478
   44.7684651   59.1095047
   44.7641677   59.1112182
   44.7488991   59.1105664
   44.7445889   59.1122888
   44.7293307   59.1116279
   44.7250083   59.1133591
   44.7097646   59.1126897
   44.7054290   59.1144302
   44.6901973   59.1137516
   44.6858491   59.1155012
   44.6706291   59.1148137
   44.6662691   59.1165719
   44.6510629   59.1158751
   44.6466897   59.1176428
   44.6314947   59.1169373
   44.6271103   59.1187135
   44.6119285   59.1179986
   44.6075304   59.1197847
   44.5923613   59.1190606
   44.5879510   59.1208558
   44.5727929   59.1201225
   44.5683716   59.1219265
   44.5532268   59.1211840
   44.5487917   59.1229978
   44.5336585   59.1222457
   44.5292133   59.1240679
   44.5140924   59.1233068
   44.5096329   59.1251393
   44.4945240   59.1243684
   44.4807474   59.1300431
   44.4751296   59.1283688
   44.4554742   59.1279221
   44.4377601   59.1291196
   44.4358778   59.1285031
   44.4211808   59.1301608
   44.4085143   59.1267849
   44.4045508   59.1272517
   44.3898397   59.1240985
   44.3799820   59.1229536
   44.3719991   59.1189730
   44.3641734   59.1178649
   44.3553685   59.1138507
   44.3476125   59.1152999
   44.3381164   59.1140957
   44.3210457   59.1182955
   44.3164361   59.1217383
   44.3049137   59.1249944
   44.3014796   59.1276882
   44.2887936   59.1317287
   44.2865066   59.1336067
   44.2726860   59.1384961
   44.2606101   59.1437326
   44.2493064   59.1432012
   44.2415107   59.1458897
   44.2316787   59.1451763
   44.2224042   59.1480001
   44.2140567   59.1471956
   44.2032912   59.1500689
   44.1964363   59.1492557
   44.1859950   59.1516766
   44.1808144   59.1569312
   44.1738068   59.1715243
   44.1667983   59.1839896
   44.1662646   59.1870339
   44.1577405   59.2006076
   44.1466512   59.2045793
   44.1373067   59.2049797
   44.1316664   59.2034498
   44.1229739   59.2046476
   44.1124722   59.2030025
   44.1086108   59.2038533
   44.0979135   59.2032466
   44.0934570   59.2011721
   44.0781974   59.2000813
   44.0745732   59.1982975
   44.0584848   59.1968977
   44.0556861   59.1954414
   44.0387747   59.1936945
   44.0367984   59.1926074
   44.0190707   59.1904715
   44.0179071   59.1897949
   43.9993703   59.1872261
   43.9801406   59.1840303
   43.9775571   59.1846828
   43.9518763   59.1827166
   43.9449700   59.1852112
   43.9334878   59.1851199
   43.9221023   59.1901843
   43.9158982   59.1903729
   43.9060258   59.1951548
   43.8983232   59.1956802
   43.8899304   59.2000728
   43.8807635   59.2010399
   43.8738188   59.2049410
   43.8632168   59.2064491
   43.8576914   59.2097614
   43.8456846   59.2119046
   43.8415506   59.2145365
   43.8310445   59.2167877
   43.8278576   59.2163099
   43.8143520   59.2197668
   43.8095726   59.2190797
   43.7976600   59.2227327
   43.7912910   59.2218644
   43.7809649   59.2256809
   43.7730160   59.2246707
   43.7573942   59.2316973
   43.7498918   59.2311972
   43.7387842   59.2349261
   43.7335309   59.2325890
   43.7213769   59.2316204
   43.7176600   59.2297476
   43.7038445   59.2281738
   43.6910341   59.2208602
   43.6874585   59.2203264
   43.6779375   59.2151173
   43.6750010   59.2118888
   43.6631687   59.2055742
   43.6596967   59.2019071
   43.6484059   59.1960217
   43.6443862   59.1919340
   43.6336491   59.1864611
   43.6290701   59.1819687
   43.6188972   59.1768921
   43.6137490   59.1720102
   43.6100563   59.1702043
   43.6029749   59.1693307
   43.5910047   59.1637866
   43.5797092   59.1631964
   43.5717051   59.1593630
   43.5605415   59.1589743
   43.5524048   59.1549255
   43.5413691   59.1547660
   43.5314773   59.1504865
   43.5162543   59.1571100
   43.5112256   59.1637301
   43.5037890   59.1670661
   43.4991709   59.1733989
   43.4913278   59.1770287
   43.4893991   59.1797881
   43.4887508   59.1963752
   43.4923603   59.2021509
   43.4916800   59.2129477
   43.4953778   59.2207795
   43.4942538   59.2349713
   43.4902460   59.2394512
   43.4844368   59.2429067
   43.4743952   59.2550744
   43.4705586   59.2645386
   43.4689157   59.2651879
   43.4492267   59.2659527
   43.4419981   59.2632874
   43.4300146   59.2618426
   43.4116725   59.2570579
   43.3942680   59.2447568
   43.3914583   59.2413162
   43.3938372   59.2291619
   43.3937969   59.2209242
   43.3878531   59.2084423
   43.3759395   59.1949867
   43.3654966   59.1878618
   43.3412390   59.1818893
   43.3277059   59.1822808
   43.3197569   59.1869210
   43.3153914   59.1878133
   43.3019968   59.1946165
   43.2870808   59.2007258
   43.2844357   59.2030464
   43.2661633   59.2088248
   43.2632704   59.2084684
   43.2474259   59.2128540
   43.2460960   59.2126634
   43.2286999   59.2169376
   43.2116389   59.2204588
   43.2100882   59.2214394
   43.1943753   59.2241868
   43.1914592   59.2258856
   43.1771243   59.2279705
   43.1728188   59.2302796
   43.1536073   59.2325455
   43.1458145   59.2307854
   43.1268380   59.2327369
   43.1249778   59.2314105
   43.1072051   59.2248721
   43.0931485   59.2205813
   43.0879083   59.2177874
   43.0793193   59.2159783
   43.0700753   59.2087100
   43.0645028   59.2066467
   43.0527600   59.1979568
   43.0497481   59.1971314
   43.0353841   59.1874019
   43.0206642   59.1852207
   43.0162292   59.1825926
   43.0034842   59.1812338
   42.9970414   59.1778901
   42.9863199   59.1771407
   42.9778255   59.1732806
   42.9691736   59.1729591
   42.9585842   59.1687512
   42.9520388   59.1686998
   42.9393216   59.1642927
   42.9280668   59.1645023
   42.9194138   59.1619166
   42.9111339   59.1621058
   42.9006169   59.1559536
   42.8960637   59.1549606
   42.8826166   59.1474139
   42.8795388   59.1468958
   42.8645999   59.1389342
   42.8580172   59.1382090
   42.8415636   59.1418463
   42.8346869   59.1458992
   42.8081750   59.1460819
   42.7913224   59.1472036
   42.7869813   59.1491053
   42.7772941   59.1588529
   42.7729617   59.1607059
   42.7628495   59.1706796
   42.7589448   59.1723098
   42.7484006   59.1825036
   42.7449309   59.1839174
   42.7339494   59.1943243
   42.7293383   59.1961576
   42.7181003   59.1963642
   42.7117255   59.1989849
   42.7000044   59.1993030
   42.6941117   59.2018071
   42.6819087   59.2022470
   42.6767447   59.2062998
   42.6643197   59.2110465
   42.6543077   59.2218155
   42.6523464   59.2227717
   42.6457095   59.2316699
   42.6406616   59.2347645
   42.6319420   59.2495085
   42.6307161   59.2590556
   42.6331375   59.2680776
   42.6298387   59.2736960
   42.6258847   59.2775419
   42.6217612   59.2864971
   42.6189046   59.2896016
   42.6048115   59.2968673
   42.5912991   59.2977205
   42.5880558   59.2962405
   42.5714676   59.2969203
   42.5688666   59.2957592
   42.5516363   59.2961281
   42.5410121   59.2953058
   42.5308143   59.2914621
   42.5252287   59.2919801
   42.5119235   59.2879003
   42.5095326   59.2883660
   42.4930032   59.2846569
   42.4876420   59.2863362
   42.4738887   59.2834125
   42.4687833   59.2849879
   42.4547739   59.2821659
   42.4499225   59.2836417
   42.4356596   59.2809181
   42.4310621   59.2822974
   42.4165466   59.2796685
   42.4122017   59.2809551
   42.3974313   59.2784178
   42.3933428   59.2796132
   42.3745497   59.2765511
   42.3671135   59.2718276
   42.3576140   59.2697131
   42.3514875   59.2624357
   42.3442835   59.2579882
   42.3381216   59.2502258
   42.3241989   59.2413239
   42.3148376   59.2416228
   42.3089582   59.2398138
   42.2963924   59.2399875
   42.2919758   59.2384074
   42.2750367   59.2382795
   42.2732841   59.2388950
   42.2644637   59.2466422
   42.2575220   59.2491361
   42.2499244   59.2563836
   42.2417684   59.2593925
   42.2353768   59.2661070
   42.2260304   59.2696648
   42.2208174   59.2758079
   42.2103102   59.2799610
   42.2062414   59.2854767
   42.1946175   59.2902875
   42.1916421   59.2951005
   42.1789602   59.3006601
   42.1747508   59.3092648
   42.1749250   59.3113297
   42.1698191   59.3238831
   42.1662082   59.3389109
   42.1676800   59.3440034
   42.1649298   59.3546683
   42.1661169   59.3614673
   42.1621504   59.3761985
   42.1482668   59.3813568
   42.1442792   59.3811498
   42.1293497   59.3856484
   42.1124922   59.3892516
   42.1105627   59.3905049
   42.0964636   59.3927972
   42.0917979   59.3954636
   42.0804871   59.3965271
   42.0729910   59.4002308
   42.0532006   59.4007447
   42.0500428   59.3987860
   42.0460206   59.3932340
   42.0368665   59.3875286
   42.0311089   59.3799871
   42.0237734   59.3762038
   42.0195969   59.3710945
   42.0156387   59.3539646
   42.0166131   59.3504579
   42.0131617   59.3366367
   42.0142443   59.3325275
   42.0106936   59.3193077
   42.0118661   59.3145970
   42.0033596   59.2850288
   42.0061543   59.2820287
   42.0153862   59.2777261
   42.0262995   59.2767427
   42.0338822   59.2732843
   42.0436603   59.2727375
   42.0523812   59.2688601
   42.0610122   59.2687144
   42.0708830   59.2644573
   42.0783582   59.2646670
   42.0947548   59.2578516
   42.0991700   59.2533460
   42.1100709   59.2478910
   42.1141381   59.2436977
   42.1155218   59.2381635
   42.1063802   59.1507435
   42.0974021   59.1388503
   42.0850803   59.1295248
   42.0715721   59.1182161
   42.0611268   59.1115234
   42.0560859   59.1066007
   42.0391214   59.0982053
   42.0275727   59.0967942
   42.0207282   59.0938052
   42.0111237   59.0928786
   42.0023133   59.0894688
   41.9946860   59.0889033
   41.9838797   59.0851845
   41.9782508   59.0848772
   41.9654303   59.0809450
   41.9618248   59.0808106
   41.9409660   59.0756241
   41.9294048   59.0700181
   41.9259882   59.0693131
   41.9127900   59.0634445
   41.9107309   59.0636083
   41.8753918   59.0593442
   41.8636830   59.0622356
   41.8571267   59.0617769
   41.8480931   59.0645734
   41.8388883   59.0643418
   41.8324886   59.0667681
   41.8206797   59.0670571
   41.8102755   59.0718101
   41.8029748   59.0721979
   41.7932188   59.0767190
   41.7852697   59.0773461
   41.7761597   59.0816216
   41.7675656   59.0825004
   41.7590986   59.0865189
   41.7480746   59.0878805
   41.7385399   59.0834978
   41.7347227   59.0800217
   41.7231025   59.0752660
   41.7177570   59.0705439
   41.7076897   59.0670004
   41.7007733   59.0611121
   41.6838848   59.0562774
   41.6824435   59.0551056
   41.6657757   59.0503987
   41.6641106   59.0491015
   41.6476671   59.0445151
   41.6457774   59.0431003
   41.6295576   59.0386280
   41.6274442   59.0371034
   41.6114517   59.0327400
   41.6091080   59.0311070
   41.5933446   59.0268481
   41.5907720   59.0251131
   41.5752375   59.0209539
   41.5724365   59.0191222
   41.5571327   59.0150593
   41.5540979   59.0131315
   41.5390264   59.0091616
   41.5213656   58.9996127
   41.5189219   58.9973446
   41.5013289   58.9894585
   41.4970703   58.9890968
   41.4832692   58.9827621
   41.4784489   58.9822888
   41.4652085   58.9760725
   41.4598270   58.9754740
   41.4471426   58.9693887
   41.4412089   58.9686534
   41.4290757   58.9627106
   41.4225912   58.9618261
   41.4110078   58.9560393
   41.4039780   58.9549946
   41.3769206   58.9424917
   41.3754349   58.9412539
   41.3619152   58.9359904
   41.3596925   58.9342856
   41.3431960   58.9338105
   41.3269008   58.9398214
   41.3231322   58.9433041
   41.3090124   58.9494708
   41.3024990   58.9502171
   41.2874264   58.9481170
   41.2749782   58.9436436
   41.2691603   58.9385640
   41.2709308   58.9259116
   41.2806333   58.8891021
   41.2816360   58.8835605
   41.2810393   58.8738660
   41.2761164   58.8581857
   41.2693986   58.8470530
   41.2681996   58.8433329
   41.2631977   58.8347525
   41.2588431   58.8312159
   41.2468253   58.8245002
   41.2375866   58.8212189
   41.2232880   58.8123452
   41.2170677   58.7973469
   41.2279383   58.7761800
   41.2368997   58.7667694
   41.2446514   58.7526788
   41.2437658   58.7392918
   41.2445937   58.7345963
   41.2415219   58.7162942
   41.2319739   58.6997080
   41.2254189   58.6964648
   41.2172921   58.6888286
   41.2101791   58.6851524
   41.2024394   58.6778656
   41.1949406   58.6738395
   41.1875863   58.6669031
   41.1797001   58.6625237
   41.1727336   58.6559428
   41.1598216   58.6485540
   41.1485928   58.6446372
   41.1396212   58.6432702
   41.1329731   58.6403973
   41.1203930   58.6379152
   41.1173239   58.6363643
   41.1012470   58.6323553
   41.0840113   58.6221588
   41.0762524   58.6170316
   41.0687515   58.6091036
   41.0611641   58.6043080
   41.0522276   58.5955778
   41.0357956   58.5896189
   41.0026449   58.5785739
   41.0003645   58.5783055
   40.9860678   58.5730506
   40.9836833   58.5727675
   40.9694943   58.5675288
   40.9643034   58.5662289
   40.9507189   58.5650391
   40.9444216   58.5607777
   40.9245344   58.5551973
   40.9097776   58.5571071
   40.9049093   58.5558115
   40.8909381   58.5578596
   40.8852846   58.5564377
   40.8720982   58.5585999
   40.8656605   58.5570761
   40.8532580   58.5593280
   40.8460370   58.5577269
   40.8344173   58.5600435
   40.8264139   58.5583903
   40.8155775   58.5607462
   40.8067914   58.5590660
   40.7967345   58.5614359
   40.7871705   58.5597555
   40.7778927   58.5621132
   40.7675486   58.5604584
   40.7590506   58.5627768
   40.7479282   58.5611742
   40.7402080   58.5634265
   40.7283079   58.5619039
   40.7213651   58.5640627
   40.7086883   58.5626474
   40.7025213   58.5646847
   40.6890692   58.5634050
   40.6836786   58.5652919
   40.6629550   58.5636675
   40.6571503   58.5654679
   40.6425917   58.5651530
   40.6385662   58.5663232
   40.6234562   58.5665678
   40.6120427   58.5644611
   40.6036240   58.5612567
   40.5970226   58.5605562
   40.5834763   58.5565401
   40.5672249   58.5473243
   40.5495105   58.5384627
   40.5385389   58.5370140
   40.5307145   58.5338291
   40.5241339   58.5334611
   40.5118302   58.5295372
   40.5098094   58.5295703
   40.4928620   58.5255794
   40.4876197   58.5260254
   40.4735141   58.5230929
   40.4635319   58.5223361
   40.4514454   58.5237122
   40.4438893   58.5224738
   40.4333321   58.5239454
   40.4242480   58.5226458
   40.4152212   58.5241429
   40.4046077   58.5228537
   40.3971080   58.5243032
   40.3849709   58.5231005
   40.3789967   58.5244249
   40.3653326   58.5233875
   40.3608864   58.5245042
   40.3456971   58.5237166
   40.3427773   58.5245393
   40.3325923   58.5242657
   40.3259991   58.5224503
   40.3185232   58.5230540
   40.3045963   58.5211990
   40.2866047   58.5199578
   40.2805945   58.5220564
   40.2670044   58.5211393
   40.2609630   58.5232160
   40.2474013   58.5223208
   40.2413316   58.5243755
   40.2277999   58.5235016
   40.2216989   58.5255359
   40.2081984   58.5246824
   40.2020686   58.5266962
   40.1979224   58.5264396
   40.1827255   58.5314640
   40.1789540   58.5310463
   40.1606235   58.5371571
   40.1566455   58.5411182
   40.1436529   58.5464817
   40.1415992   58.5486628
   40.1267203   58.5558981
   40.1118389   58.5642702
   40.1095293   58.5646981
   40.0971389   58.5723537
   40.0923547   58.5735431
   40.0760968   58.5845507
   40.0699849   58.5999668
   40.0675841   58.6033190
   40.0628317   58.6166353
   40.0597701   58.6212610
   40.0556422   58.6332961
   40.0488959   58.6371714
   40.0385511   58.6454699
   40.0312566   58.6485934
   40.0226368   58.6563284
   40.0135267   58.6599550
   40.0003488   58.6743380
   39.9985385   58.6822961
   39.9914738   58.6915758
   39.9905086   58.6968145
   39.9814268   58.7109037
   39.9760647   58.7150248
   39.9662368   58.7188684
   39.9620520   58.7221345
   39.9531185   58.7261920
   39.9499629   58.7260656
   39.9393678   58.7283434
   39.9328570   58.7279381
   39.9210023   58.7302854
   39.9157570   58.7298371
   39.9026386   58.7322010
   39.8986576   58.7317638
   39.8842698   58.7340873
   39.8815649   58.7337212
   39.8641978   58.7357451
   39.8478495   58.7430706
   39.8462884   58.7431468
   39.8288381   58.7510638
   39.8192111   58.7634538
   39.8167163   58.7649543
   39.8096038   58.7754790
   39.8047835   58.7790570
   39.7997731   58.7873688
   39.7929905   58.7933142
   39.7911630   58.7966512
   39.7764836   58.8038520
   39.7417657   58.8061674
   39.7395754   58.8069556
   39.7245340   58.8073596
   39.7211052   58.8084320
   39.7096767   58.8085669
   39.7032535   58.8125592
   39.6935260   58.8152017
   39.6862000   58.8200872
   39.6755840   58.8229440
   39.6624379   58.8324972
   39.6594606   58.8333855
   39.6478690   58.8423859
   39.6433651   58.8438671
   39.6332742   58.8522333
   39.6272967   58.8543902
   39.6186512   58.8620397
   39.6019326   58.8686310
   39.5921908   58.8693055
   39.5838284   58.8667624
   39.5754060   58.8624051
   39.5673055   58.8603474
   39.5597219   58.8564983
   39.5496442   58.8564481
   39.5413859   58.8536691
   39.5234976   58.8541446
   39.5144194   58.8580395
   39.5061464   58.8585957
   39.4982152   58.8621016
   39.4873479   58.8637249
   39.4711315   58.8651911
   39.4690731   58.8661018
   39.4534668   58.8673207
   39.4507973   58.8684722
   39.4358026   58.8694568
   39.4325210   58.8708360
   39.4140831   58.8718148
   39.4095085   58.8705085
   39.3954190   58.8708024
   39.3921763   58.8698781
   39.3779742   58.8697973
   39.3614832   58.8743670
   39.3536369   58.8793858
   39.3437896   58.8825903
   39.3397907   58.8856069
   39.3262539   58.8911052
   39.3121976   58.8982896
   39.3065484   58.8993584
   39.2894233   58.8972103
   39.2860014   58.8957011
   39.2723014   58.8941362
   39.2628452   58.8918437
   39.2505377   58.8868297
   39.2448323   58.8861424
   39.2373959   58.8830416
   39.2219103   58.8850992
   39.2084496   58.8915168
   39.2039236   58.8921046
   39.1906402   58.8985127
   39.1859381   58.8991085
   39.1728322   58.9055097
   39.1679518   58.9061120
   39.1550223   58.9125086
   39.1499632   58.9131154
   39.1372160   58.9195069
   39.1177576   58.9217702
   39.1004184   58.9198063
   39.0945415   58.9171166
   39.0824821   58.9154094
   39.0757890   58.9124447
   39.0645477   58.9110012
   39.0473539   58.9036365
   39.0264146   58.8874029
   39.0345190   58.8658627
   39.0365090   58.8556720
   39.0353177   58.8520585
   39.0247022   58.8350574
   39.0106476   58.8228238
   39.0032737   58.8196769
   38.9950940   58.8126702
   38.9879606   58.8096200
   38.9795401   58.8025157
   38.9726474   58.7995633
   38.9639861   58.7923608
   38.9573353   58.7895074
   38.9445114   58.7789892
   38.9439091   58.7731956
   38.9448799   58.7637467
   38.9401280   58.7440649
   38.9348100   58.7366193
   38.9316446   58.7260156
   38.9248099   58.7173153
   38.9159757   58.7145628
   38.9006600   58.7154074
   38.8973524   58.7145125
   38.8844208   58.7158628
   38.8787321   58.7145665
   38.8681804   58.7162104
   38.8601191   58.7147326
   38.8519431   58.7164447
   38.8415085   58.7150169
   38.8230920   58.7199041
   38.8131505   58.7239753
   38.8045912   58.7227959
   38.7960947   58.7243271
   38.7859727   58.7228823
   38.7773853   58.7244511
   38.7673569   58.7229677
   38.7586758   58.7245765
   38.7487393   58.7230527
   38.7399663   58.7247026
   38.6862333   58.7151349
   38.6841149   58.7159419
   38.6696895   58.7172354
   38.6520452   58.7245657
   38.6497746   58.7264446
   38.6347639   58.7328724
   38.6272359   58.7368857
   38.6163754   58.7381949
   38.6079855   58.7418820
   38.5882859   58.7438695
   38.5721419   58.7405243
   38.5653539   58.7351941
   38.5578701   58.7259905
   38.5431387   58.7157268
   38.5408309   58.7149791
   38.5126848   58.6969709
   38.4988232   58.6886800
   38.4976029   58.6873352
   38.4837975   58.6795570
   38.4668052   58.6820568
   38.4651886   58.6829742
   38.4480176   58.6852317
   38.4458405   58.6865150
   38.4292272   58.6883919
   38.4264960   58.6900741
   38.4104319   58.6915322
   38.4071525   58.6936594
   38.3876486   58.6949005
   38.3301523   58.6965283
   38.3290304   58.6970961
   38.3112112   58.6970948
   38.3094976   58.6979106
   38.2922708   58.6976768
   38.2899633   58.6987105
   38.2733282   58.6982744
   38.2704282   58.6994968
   38.2543885   58.6988845
   38.2508917   58.7002712
   38.2354460   58.6995072
   38.2313533   58.7010339
   38.2165047   58.7001414
   38.2118167   58.7017858
   38.1975651   58.7007855
   38.1922787   58.7025286
   38.1786226   58.7014392
   38.1727394   58.7032617
   38.1596814   58.7021016
   38.1531999   58.7039865
   38.1407421   58.7027722
   38.1336601   58.7047042
   38.1217996   58.7034504
   38.1141179   58.7054144
   38.1028599   58.7041362
   38.0945779   58.7061182
   38.0839179   58.7048281
   38.0750365   58.7068150
   38.0561854   58.7043991
   38.0493026   58.6984202
   38.0421257   58.6952181
   38.0336335   58.6880785
   38.0273229   58.6853704
   38.0230626   58.6819037
   38.0189186   58.6763258
   38.0114339   58.6709357
   38.0051847   58.6631183
   37.9999311   58.6598726
   37.9913510   58.6500609
   37.9838381   58.6462637
   37.9762088   58.6389396
   37.9726023   58.6375433
   37.9609579   58.6279792
   37.9451317   58.6178699
   37.9432842   58.6175490
   37.9288263   58.6084696
   37.9272565   58.6081766
   37.9125237   58.5990654
   37.9112281   58.5988082
   37.8955042   58.5895071
   37.8764140   58.5922561
   37.8413656   58.5985963
   37.8382776   58.5983681
   37.8240186   58.6016322
   37.7841133   58.6018043
   37.7806075   58.6009418
   37.7670579   58.6019123
   37.7503144   58.5982507
   37.7459085   58.5959456
   37.7417486   58.5901357
   37.7371670   58.5770368
   37.7343961   58.5732631
   37.7296044   58.5597817
   37.7270488   58.5563912
   37.7220386   58.5425289
   37.7197060   58.5395175
   37.7144695   58.5252804
   37.7123672   58.5226423
   37.7063281   58.5073412
   37.6901243   58.4973893
   37.6755377   58.4896821
   37.6737161   58.4878263
   37.6614340   58.4820937
   37.6572997   58.4782763
   37.6474130   58.4743652
   37.6408054   58.4688767
   37.6256808   58.4639446
   37.6103683   58.4699601
   37.6078460   58.4722580
   37.5929407   58.4790357
   37.5774476   58.4872413
   37.5752984   58.4876346
   37.5624288   58.4950629
   37.5576387   58.4961948
   37.5473430   58.5027614
   37.5400332   58.5048761
   37.5321978   58.5103453
   37.5224777   58.5136693
   37.5094599   58.5235344
   37.5059974   58.5248650
   37.4936427   58.5343405
   37.4895220   58.5360720
   37.4783186   58.5447493
   37.4724204   58.5458794
   37.4613140   58.5510782
   37.4539093   58.5525406
   37.4436741   58.5575219
   37.4354058   58.5592075
   37.4127988   58.5707620
   37.4021429   58.5799466
   37.3987573   58.5815306
   37.3865471   58.5915971
   37.3847585   58.5923489
   37.3709169   58.6031885
   37.3565395   58.6137538
   37.3537887   58.6175187
   37.3376426   58.6285054
   37.3252391   58.6318185
   37.3188784   58.6358548
   37.3065690   58.6393554
   37.3001311   58.6432276
   37.2878927   58.6468696
   37.2797593   58.6530290
   37.2691474   58.6670189
   37.2672765   58.6684760
   37.2564252   58.6827624
   37.2433857   58.6920534
   37.2411683   58.6949845
   37.2283449   58.7039779
   37.2259121   58.7072075
   37.2133045   58.7159006
   37.2106558   58.7194329
   37.1982621   58.7278243
   37.1954017   58.7316573
   37.1832201   58.7397453
   37.1675255   58.7605111
   37.1668608   58.7639030
   37.1591498   58.7781217
   37.1590093   58.7867980
   37.1533108   58.8013393
   37.1462470   58.8101778
   37.1420117   58.8119710
   37.1365826   58.8164108
   37.1266380   58.8209215
   37.1221301   58.8246595
   37.1112714   58.8298807
   37.1089103   58.8318625
   37.0956219   58.8353484
   37.0750204   58.8360119
   37.0579795   58.8307074
   37.0544006   58.8280541
   37.0416404   58.8233778
   37.0400888   58.8221500
   37.0216890   58.8144136
   37.0074690   58.8130214
   37.0021285   58.8105583
   36.9824776   58.8095643
   36.9799564   58.8104455
   36.9430812   58.8105649
   36.9255276   58.8113059
   36.9233944   58.8106963
   36.9073987   58.8118016
   36.9037071   58.8108827
   36.8892678   58.8122439
   36.8840160   58.8111180
   36.8711305   58.8126371
   36.8652447   58.8115663
   36.8493033   58.8035267
   36.8379386   58.7936897
   36.8376585   58.7852079
   36.8443366   58.7580493
   36.8397011   58.7458548
   36.8394646   58.7422671
   36.8315366   58.7245536
   36.8198153   58.7128948
   36.8052646   58.7063657
   36.7912596   58.7013720
   36.7872720   58.6985094
   36.7684567   58.6936134
   36.7580335   58.6947571
   36.7484649   58.6929643
   36.7397870   58.6938829
   36.7308144   58.6838671
   36.7132148   58.6745921
   36.7027513   58.6738741
   36.6943178   58.6699929
   36.6876593   58.6698261
   36.6750680   58.6584005
   36.6699065   58.6456609
   36.6668282   58.6426720
   36.6620756   58.6305213
   36.6524874   58.6206178
   36.6508236   58.6168971
   36.6407240   58.6055424
   36.6262112   58.5969360
   36.6111165   58.5887037
   36.6097184   58.5871881
   36.5926923   58.5786436
   36.5851829   58.5779495
   36.5670096   58.5687063
   36.5608957   58.5625054
   36.5559359   58.5595599
   36.5520933   58.5474130
   36.5427268   58.5326632
   36.5358261   58.5262637
   36.5316531   58.5193576
   36.5213089   58.5129177
   36.5183246   58.5096111
   36.5038538   58.4999790
   36.4861800   58.4984865
   36.4556457   58.4976413
   36.4454502   58.4968236
   36.4331753   58.4936158
   36.4260197   58.4938902
   36.4155531   58.4907192
   36.4066026   58.4909197
   36.3881775   58.4844284
   36.3860124   58.4826609
   36.3702532   58.4761665
   36.3549073   58.4690328
   36.3480126   58.4664094
   36.3363713   58.4665843
   36.3182259   58.4728224
   36.3062584   58.4822394
   36.3023525   58.4840683
   36.2949527   58.4907732
   36.2857596   58.4937282
   36.2818712   58.4963467
   36.2683019   58.5017242
   36.2571938   58.5008734
   36.2507009   58.4964880
   36.2326839   58.4883988
   36.2138578   58.4874586
   36.2089138   58.4890224
   36.1947665   58.4888913
   36.1857424   58.4900900
   36.1762275   58.4853980
   36.1672561   58.4842436
   36.1575257   58.4811559
   36.1391584   58.4783726
   36.1333641   58.4796352
   36.1202482   58.4781987
   36.1162361   58.4791432
   36.0990503   58.4778955
   36.0598480   58.4642621
   36.0576910   58.4628498
   36.0430673   58.4584284
   36.0397936   58.4563930
   36.0262946   58.4525667
   36.0218858   58.4499618
   36.0095331   58.4466807
   36.0039686   58.4435540
   35.9927762   58.4407693
   35.9838257   58.4366523
   35.9724682   58.4200407
   35.9564283   58.4089992
   35.9500707   58.4079251
   35.9389323   58.4015515
   35.9251901   58.4004788
   35.9199703   58.3977225
   35.9098009   58.3966620
   35.9058014   58.3976637
   35.8916765   58.3958278
   35.8863479   58.3970177
   35.8735501   58.3950286
   35.8668930   58.3963362
   35.8554218   58.3942651
   35.8474403   58.3956207
   35.8372924   58.3935359
   35.8240952   58.3954297
   35.8212309   58.3969372
   35.8056129   58.3989675
   35.8019816   58.4007788
   35.7871325   58.4025212
   35.7827267   58.4046061
   35.6955387   58.4145457
   35.6938077   58.4141849
   35.6772929   58.4166574
   35.6750938   58.4161978
   35.6590454   58.4187689
   35.6563803   58.4182106
   35.6407982   58.4208809
   35.6376663   58.4202229
   35.6225507   58.4229930
   35.6189526   58.4222350
   35.6043036   58.4251057
   35.6002392   58.4242467
   35.5860550   58.4272188
   35.5708915   58.4235770
   35.5589538   58.4222751
   35.5501831   58.4198220
   35.5351051   58.4143194
   35.5332139   58.4142690
   35.4824674   58.3976067
   35.4581620   58.3898179
   35.4405124   58.3895576
   35.4354250   58.3909853
   35.4228601   58.3912040
   35.4194788   58.3922172
   35.4052077   58.3928853
   35.3925207   58.3942307
   35.3875589   58.3921095
   35.3782429   58.3908155
   35.3699192   58.3869433
   35.3599370   58.3857162
   35.3522765   58.3817313
   35.3416005   58.3806670
   35.3184199   58.3665794
   35.3146967   58.3621379
   35.3098006   58.3592861
   35.3060496   58.3445558
   35.2998294   58.3352551
   35.2974948   58.3269297
   35.2929268   58.3203826
   35.2929201   58.3074690
   35.2913141   58.3035287
   35.2910769   58.2867488
   35.2855675   58.2774601
   35.2854703   58.2677630
   35.2739966   58.2514849
   35.2670302   58.2492207
   35.2519392   58.2420002
   35.2498556   58.2419805
   35.2344931   58.2347639
   35.2326826   58.2347416
   35.2170485   58.2275263
   35.2155073   58.2275031
   35.1996041   58.2202883
   35.1983328   58.2202659
   35.1472723   58.1985690
   35.1429884   58.1984623
   35.1287609   58.1937104
   35.1163435   58.1906113
   35.1136864   58.1907875
   35.0903242   58.1864711
   35.0811413   58.1824394
   35.0754770   58.1819216
   35.0637604   58.1773488
   35.0606755   58.1772420
   35.0463468   58.1723998
   35.0401750   58.1725604
   35.0256235   58.1787212
   35.0220907   58.1791665
   35.0120155   58.1844250
   35.0041218   58.1861662
   34.9960557   58.1904610
   34.9853597   58.1903843
   34.9780977   58.1929460
   34.9661380   58.1929740
   34.9484391   58.2001473
   34.9327075   58.2071699
   34.9246559   58.2057509
   34.9116184   58.2069954
   34.9068210   58.2056806
   34.8916056   58.2065852
   34.8889929   58.2057209
   34.8716019   58.2060613
   34.8533149   58.2054476
   34.8515528   58.2060839
   34.8354509   58.2048801
   34.8269396   58.2077228
   34.8177685   58.2073876
   34.8104810   58.2099436
   34.8000891   58.2099208
   34.7940169   58.2121418
   34.7771750   58.2126271
   34.7738293   58.2117410
   34.7565444   58.1999613
   34.7487575   58.1905424
   34.7494035   58.1866274
   34.7481739   58.1680258
   34.7424666   58.1505043
   34.7394093   58.1431058
   34.7408473   58.1319981
   34.7404613   58.1224440
   34.7422982   58.1127487
   34.7400692   58.0943886
   34.7370180   58.0881025
   34.7359103   58.0811011
   34.7262219   58.0711246
   34.7116035   58.0644413
   34.7005650   58.0604034
   34.6942141   58.0564662
   34.6759818   58.0531134
   34.6588534   58.0558992
   34.6571119   58.0555812
   34.6384833   58.0591066
   34.6346612   58.0615295
   34.6203294   58.0646841
   34.6176307   58.0664361
   34.6021774   58.0702788
   34.6005964   58.0713274
   34.5607950   58.0829236
   34.5469783   58.0838293
   34.5315147   58.0862588
   34.5279924   58.0857882
   34.5095384   58.0900654
   34.5027768   58.0945716
   34.4997454   58.0981356
   34.4905317   58.1040551
   34.4866098   58.1083992
   34.4783015   58.1135616
   34.4732855   58.1187484
   34.4645851   58.1207507
   34.4547253   58.1260258
   34.4384475   58.1281748
   34.4355252   58.1297007
   34.4198868   58.1315529
   34.4163231   58.1333674
   34.4013301   58.1349381
   34.3971202   58.1370266
   34.3827724   58.1383318
   34.3779153   58.1406772
   34.3642189   58.1417331
   34.3587094   58.1443202
   34.3456644   58.1451431
   34.3395003   58.1479548
   34.3271142   58.1485615
   34.3202929   58.1515807
   34.3085630   58.1519886
   34.3010825   58.1551976
   34.2900161   58.1554237
   34.2818701   58.1588060
   34.2714696   58.1588684
   34.2626565   58.1624055
   34.2529237   58.1623221
   34.2434408   58.1659951
   34.2343821   58.1657847
   34.2242239   58.1695760
   34.2158399   58.1692571
   34.2050048   58.1731466
   34.1973020   58.1727388
   34.1857847   58.1767080
   34.1787636   58.1762308
   34.1665625   58.1802589
   34.1541734   58.1792292
   34.1468822   58.1812346
   34.1360071   58.1795514
   34.1004086   58.1750233
   34.0462453   58.1671947
   34.0345852   58.1700552
   34.0279321   58.1694623
   34.0094114   58.1744792
   34.0045348   58.1774628
   33.9997039   58.1764199
   33.9854026   58.1684687
   33.9818406   58.1677824
   33.9678820   58.1598060
   33.9639639   58.1591632
   33.9503655   58.1511195
   33.9422154   58.1500777
   33.9322364   58.1445731
   33.9258636   58.1440939
   33.9140822   58.1381069
   33.9095500   58.1380233
   33.8959026   58.1317365
   33.8932811   58.1318490
   33.8776894   58.1254788
   33.8691205   58.1264166
   33.8585096   58.1225887
   33.8506927   58.1233499
   33.8393332   58.1196796
   33.8322657   58.1202985
   33.8201631   58.1167564
   33.7951695   58.1191977
   33.7910832   58.1213274
   33.7763941   58.1232453
   33.7741497   58.1245426
   33.7576395   58.1273826
   33.7403453   58.1313034
   33.7387788   58.1310628
   33.7235107   58.1350753
   33.7147196   58.1340133
   33.7007819   58.1277378
   33.6880300   58.1229648
   33.6794384   58.1166823
   33.6749080   58.1059672
   33.6678922   58.0978040
   33.6646912   58.0916730
   33.6382814   58.0685254
   33.6509981   58.0533489
   33.6926275   58.0279438
   33.7032209   58.0157244
   33.7068135   58.0059008
   33.7102075   58.0014793
   33.7126689   57.9936553
   33.7177337   57.9847853
   33.7144450   57.9651151
   33.7108367   57.9587577
   33.7127580   57.9452061
   33.7137731   57.9278454
   33.7157018   57.9246034
   33.7146330   57.9046006
   33.7075903   57.8963818
   33.7048944   57.8861677
   33.6979803   57.8829530
   33.6909566   57.8752227
   33.6849348   57.8728920
   33.6767232   57.8641984
   33.6625337   57.8600005
   33.6600310   57.8574522
   33.6449827   57.8522913
   33.6433543   57.8506835
   33.5989643   57.8322283
   33.5939151   57.8238399
   33.5907560   57.8070036
   33.5924707   57.7972495
   33.5899484   57.7833240
   33.5902373   57.7783499
   33.5883398   57.7702859
   33.5904000   57.7599307
   33.5902098   57.7570011
   33.5924895   57.7418907
   33.5909316   57.7265307
   33.5799599   57.7168940
   33.5682080   57.7076733
   33.5660630   57.7048636
   33.5515912   57.6939885
   33.5431330   57.6909933
   33.5358421   57.6856654
   33.5281870   57.6831051
   33.5200876   57.6773559
   33.5132474   57.6752039
   33.5043275   57.6690613
   33.4983188   57.6672912
   33.4887243   57.6608897
   33.4725882   57.6612529
   33.4707698   57.6618913
   33.4562850   57.6619411
   33.4536568   57.6628809
   33.4399815   57.6626233
   33.4365459   57.6638783
   33.4195437   57.6631110
   33.4083788   57.6584459
   33.3590286   57.6368638
   33.3547278   57.6330317
   33.3545202   57.6238987
   33.3558423   57.6182713
   33.3529996   57.5995665
   33.3458187   57.5897116
   33.3444260   57.5834671
   33.3381028   57.5755346
   33.3357457   57.5674153
   33.3304790   57.5612995
   33.3269748   57.5514046
   33.3228522   57.5469288
   33.3055005   57.5392555
   33.3035495   57.5391458
   33.2878533   57.5320246
   33.2851248   57.5317213
   33.2722503   57.5257696
   33.2696831   57.5127676
   33.2700141   57.5081684
   33.2772917   57.4914186
   33.2812482   57.4877270
   33.2869576   57.4765881
   33.2886961   57.4752575
   33.3004279   57.4564355
   33.3020590   57.4388549
   33.2981704   57.4327904
   33.2973430   57.4217606
   33.2934779   57.4162757
   33.2607471   57.4002249
   33.2467298   57.3978608
   33.2304419   57.3988652
   33.2180954   57.4026867
   33.1991251   57.4151711
   33.1892892   57.4175714
   33.1854684   57.4195184
   33.1716481   57.4228855
   33.1681549   57.4247580
   33.1540102   57.4281974
   33.1508394   57.4299998
   33.1363707   57.4335094
   33.1335281   57.4352409
   33.1160981   57.4394565
   33.1145111   57.4393009
   33.0985683   57.4264165
   33.0846236   57.4223130
   33.0826403   57.4206951
   33.0673259   57.4154876
   33.0509211   57.4089926
   33.0385998   57.4119809
   33.0298552   57.4115075
   33.0194809   57.4145634
   33.0106510   57.4141339
   33.0003649   57.4171455
   32.9914502   57.4167590
   32.9812476   57.4197286
   32.9722475   57.4193839
   32.9621287   57.4223126
   32.9530430   57.4220088
   32.9430122   57.4248961
   32.9316856   57.4252500
   32.8949741   57.4254357
   32.8756040   57.4264295
   32.8727604   57.4276469
   32.8563720   57.4287709
   32.8543952   57.4296478
   32.8371410   57.4311261
   32.8196770   57.4333123
   32.8177874   57.4323045
   32.8054667   57.4306279
   32.7914827   57.4234222
   32.7902580   57.4220291
   32.7771240   57.4167491
   32.7732924   57.4127233
   32.7565012   57.4082018
   32.7551464   57.4068252
   32.7385689   57.4024752
   32.7318392   57.3958541
   32.7219226   57.3924403
   32.7157055   57.3866709
   32.7103341   57.3845163
   32.7067687   57.3794533
   32.7043492   57.3725410
   32.6996683   57.3674030
   32.6948976   57.3564363
   32.6871448   57.3505232
   32.6829844   57.3428800
   32.6778149   57.3399100
   32.6707341   57.3296761
   32.6689330   57.3289505
   32.6580667   57.3169025
   32.6495404   57.3148081
   32.6425479   57.3070842
   32.6137706   57.2966306
   32.6110942   57.2970604
   32.5942140   57.2921799
   32.5766378   57.2882514
   32.5748938   57.2870030
   32.5593404   57.2842246
   32.5391376   57.2749096
   32.5373987   57.2731228
   32.5252072   57.2690521
   32.5193655   57.2639817
   32.5031884   57.2613285
   32.4999496   57.2590974
   32.4866971   57.2579566
   32.4804352   57.2545197
   32.4702454   57.2542878
   32.4608440   57.2501845
   32.4530409   57.2501244
   32.4424416   57.2421756
   32.4408106   57.2419060
   32.4277541   57.2345423
   32.4223070   57.2271327
   32.4091346   57.2207414
   32.4075571   57.2188753
   32.3922624   57.2112391
   32.3834067   57.2101146
   32.3789083   57.2080928
   32.3647496   57.2095091
   32.3499060   57.2118639
   32.3466181   57.2114984
   32.3286067   57.2148024
   32.3197323   57.2191914
   32.3132328   57.2204638
   32.3076598   57.2164027
   32.2921111   57.2027595
   32.2854663   57.1886388
   32.2701648   57.1811361
   32.2667846   57.1814337
   32.2540966   57.1746279
   32.2486001   57.1742568
   32.2379244   57.1682552
   32.2302799   57.1684791
   32.2166138   57.1659134
   32.2115604   57.1668135
   32.1987749   57.1641733
   32.1928396   57.1651330
   32.1809346   57.1624489
   32.1741218   57.1634373
   32.1630943   57.1607402
   32.1554071   57.1617266
   32.1452504   57.1590463
   32.1366908   57.1599997
   32.1339157   57.1592132
   32.1276985   57.1540973
   32.1148273   57.1506229
   32.1059443   57.1407076
   32.0914543   57.1374118
   32.0879428   57.1344883
   32.0757116   57.1323328
   32.0698375   57.1284578
   32.0599965   57.1270719
   32.0516668   57.1225464
   32.0489392   57.1222328
   32.0344469   57.1148968
   32.0330264   57.1147444
   32.0172178   57.1072567
   31.9850384   57.0929596
   31.9720076   57.0831820
   31.9685025   57.0789006
   31.9603718   57.0742163
   31.9536166   57.0669665
   31.9363023   57.0594847
   31.9288767   57.0623064
   31.9173715   57.0636367
   31.9035576   57.0716533
   31.8999331   57.0725353
   31.8900831   57.0791808
   31.8824525   57.0812855
   31.8715170   57.0829783
   31.8625464   57.0813689
   31.8524101   57.0834052
   31.8356711   57.0799548
   31.8342214   57.0802140
   31.8194081   57.0764527
   31.8160435   57.0769716
   31.8031374   57.0730036
   31.7912381   57.0745137
   31.7863812   57.0730495
   31.7733764   57.0742006
   31.7696257   57.0730882
   31.7555184   57.0738950
   31.7412998   57.0697346
   31.7371606   57.0695672
   31.7276981   57.0664852
   31.7217544   57.0623716
   31.7100915   57.0507871
   31.7059594   57.0440831
   31.7049789   57.0363793
   31.7067565   57.0201160
   31.7089418   57.0140141
   31.7098782   57.0045423
   31.7076390   56.9979206
   31.6994775   56.9845489
   31.6950096   56.9799646
   31.6849828   56.9762688
   31.6740903   56.9753886
   31.6668620   56.9730802
   31.6591544   56.9728549
   31.6490169   56.9669825
   31.6430759   56.9657956
   31.6313369   56.9591309
   31.6185714   56.9578338
   31.6133382   56.9546635
   31.6007817   56.9537229
   31.5911630   56.9474083
   31.5839433   56.9472087
   31.5727741   56.9403071
   31.5579616   56.9334477
   31.5556018   56.9298890
   31.5366630   56.9242873
   31.5344599   56.9251174
   31.5167946   56.9212163
   31.4981760   56.9182336
   31.4971486   56.9175455
   31.4800300   56.9151647
   31.4775398   56.9137693
   31.4618853   56.9119800
   31.4579017   56.9100685
   31.4437410   56.9087189
   31.4382475   56.9064218
   31.4255979   56.9054066
   31.4185754   56.9028131
   31.4012128   56.9016320
   31.3966118   56.9037278
   31.3854190   56.9058044
   31.3784483   56.9090333
   31.3668200   56.9112579
   31.3602864   56.9143348
   31.3482242   56.9167129
   31.3421231   56.9196340
   31.3296258   56.9221717
   31.3239589   56.9249300
   31.3110327   56.9276320
   31.3050649   56.9303806
   31.2915069   56.9300007
   31.2862676   56.9313330
   31.2677305   56.9309226
   31.2606646   56.9285807
   31.2496061   56.9283875
   31.2424837   56.9259911
   31.2314782   56.9258532
   31.2243029   56.9234005
   31.2133530   56.9233209
   31.2061227   56.9208079
   31.1952246   56.9207897
   31.1879428   56.9182139
   31.1770994   56.9182608
   31.1697625   56.9156173
   31.1589706   56.9157336
   31.1515824   56.9130191
   31.1408437   56.9132091
   31.1334026   56.9104180
   31.1227139   56.9106867
   31.1152229   56.9078146
   31.0967524   56.9084274
   31.0762960   56.9187904
   31.0635334   56.9257286
   31.0593345   56.9273475
   31.0442375   56.9308345
   31.0415284   56.9324540
   31.0234941   56.9360926
   31.0179689   56.9352523
   31.0134132   56.9314335
   31.0033436   56.9133063
   31.0012672   56.9114834
   30.9941691   56.9004682
   30.9843131   56.8880108
   30.9763623   56.8824451
   30.9717638   56.8770592
   30.9638806   56.8726083
   30.9518413   56.8647118
   30.9422299   56.8613198
   30.9395875   56.8516377
   30.9301872   56.8352435
   30.9271074   56.8324201
   30.9195743   56.8202621
   30.9094393   56.8063452
   30.9091391   56.8050738
   30.8978288   56.7909034
   30.8802702   56.7839971
   30.8787332   56.7840203
   30.8613566   56.7777109
   30.8526061   56.7713424
   30.8537379   56.7583116
   30.8506042   56.7320003
   30.8517885   56.7246681
   30.8546968   56.7150978
   30.8637589   56.7013789
   30.8811585   56.6875237
   30.8893704   56.6850279
   30.8981471   56.6794671
   30.9258969   56.6844445
   30.9307779   56.6913024
   30.9480836   56.6922291
   30.9513453   56.6886166
   30.9656636   56.6886565
   30.9698417   56.6855680
   30.9787187   56.6853881
   30.9830646   56.6880267
   30.9960568   56.6876319
   31.0002816   56.6904178
   31.0133970   56.6898607
   31.0174975   56.6928275
   31.0307423   56.6920707
   31.0347119   56.6952622
   31.0488874   56.6941932
   31.0507132   56.6918779
   31.0663417   56.6886733
   31.0719505   56.6791070
   31.0803238   56.6743558
   31.0811319   56.6659632
   31.0859476   56.6576451
   31.0860296   56.6510874
   31.0914433   56.6403099
   31.0911284   56.6362939
   31.0967159   56.6229213
   31.0952618   56.6147274
   31.0892808   56.6074769
   31.0876166   56.5991250
   31.0817596   56.5916586
   31.0799876   56.5835160
   31.0742261   56.5758502
   31.0723717   56.5679019
   31.0666815   56.5600464
   31.0647655   56.5522853
   31.0591297   56.5442496
   31.0571677   56.5366646
   31.0515699   56.5284534
   31.0468555   56.5109322
   31.0495232   56.5043476
   31.0672546   56.4955942
   31.0784744   56.4945811
   31.0857363   56.4909109
   31.0969343   56.4899973
   31.1042161   56.4862222
   31.1153977   56.4854178
   31.1226943   56.4815290
   31.1338632   56.4808443
   31.1411727   56.4768287
   31.1523314   56.4762768
   31.1596488   56.4721214
   31.1708004   56.4717179
   31.1781225   56.4674048
   31.1892729   56.4671688
   31.1965962   56.4626765
   31.2077502   56.4626308
   31.2239978   56.4522026
   31.2296475   56.4479853
   31.2338076   56.4405435
   31.2407519   56.4345168
   31.2488437   56.4184019
   31.2543833   56.3830489
   31.2558752   56.3758582
   31.2627797   56.3697400
   31.2827768   56.3626871
   31.2942400   56.3654466
   31.3125899   56.3583564
   31.3253106   56.3500524
   31.3529676   56.3404371
   31.3679445   56.3400819
   31.3717468   56.3388365
   31.3868523   56.3384566
   31.3905291   56.3372356
   31.4057593   56.3368306
   31.4093083   56.3356357
   31.4246667   56.3352047
   31.4280906   56.3340356
   31.4435744   56.3335779
   31.4468704   56.3324365
   31.4624820   56.3319511
   31.4656529   56.3308374
   31.4813904   56.3303233
   31.4844322   56.3292396
   31.5002961   56.3286963
   31.5042393   56.3272711
   31.5189649   56.3160626
   31.5244680   56.3084867
   31.5262140   56.2904773
   31.5271101   56.2871722
   31.5271931   56.2736379
   31.5152082   56.2478745
   31.5133964   56.2459348
   31.5072282   56.2273543
   31.5108584   56.2072846
   31.5160695   56.1817594
   31.5147371   56.1676600
   31.5154889   56.1635689
   31.5144129   56.1487248
   31.5095743   56.1333359
   31.5068017   56.1281356
   31.5065981   56.1090344
   31.5152961   56.0842301
   31.5213138   56.0754961
   31.5219190   56.0725001
   31.5293031   56.0590423
   31.5301277   56.0427375
   31.5264321   56.0378675
   31.5238756   56.0309053
   31.5195331   56.0257395
   31.5159244   56.0169903
   31.5048240   56.0051211
   31.4958329   56.0012806
   31.4822781   55.9934606
   31.4779503   55.9925261
   31.4659353   55.9852506
   31.4570375   55.9817958
   31.4507301   55.9753618
   31.4452300   55.9722838
   31.4364607   55.9640851
   31.4198453   55.9559676
   31.4105279   55.9472729
   31.4136615   55.9336858
   31.4211361   55.9212399
   31.4224039   55.9149632
   31.4298455   55.9037821
   31.4327558   55.8854114
   31.4318087   55.8820334
   31.4329144   55.8666085
   31.4327866   55.8517230
   31.4338958   55.8479347
   31.4331544   55.8376468
   31.4380053   55.8297527
   31.4396790   55.8204141
   31.4500774   55.8048007
   31.4511746   55.8040993
   31.4829321   55.7594311
   31.4854800   55.7490351
   31.4895726   55.7415923
   31.4907537   55.7354081
   31.4944443   55.7270465
   31.4934427   55.7153161
   31.4890665   55.7021844
   31.4766374   55.6958659
   31.4610306   55.6921664
   31.4578293   55.6921830
   31.4477176   55.6896924
   31.4410692   55.6914149
   31.4312637   55.6913513
   31.4139367   55.6966955
   31.4094017   55.6999605
   31.3975640   55.7042961
   31.3959392   55.7055799
   31.3797094   55.7074861
   31.3701861   55.7053827
   31.3632272   55.7068164
   31.3501972   55.7047779
   31.3467877   55.7058357
   31.3302240   55.7044344
   31.3102922   55.7046808
   31.3032452   55.7088091
   31.2906790   55.7096062
   31.2819025   55.7133810
   31.2708051   55.7106878
   31.2656705   55.7117737
   31.2497057   55.7090910
   31.2444823   55.7057924
   31.2342769   55.7042484
   31.2281245   55.7006471
   31.2188542   55.6993837
   31.2097793   55.6952783
   31.1931228   55.6997046
   31.1845134   55.7063173
   31.1779703   55.7088890
   31.1723992   55.7135944
   31.1618507   55.7150076
   31.1551366   55.7182950
   31.1452032   55.7194626
   31.1378719   55.7229895
   31.1285577   55.7239238
   31.1206065   55.7276775
   31.1026199   55.7291552
   31.0832109   55.7242920
   31.0775176   55.7212300
   31.0755368   55.7137489
   31.0710268   55.7033641
   31.0701438   55.6985978
   31.0663055   55.6895554
   31.0540345   55.6795814
   31.0385368   55.6738025
   31.0358742   55.6716714
   31.0215553   55.6668001
   31.0177123   55.6637776
   31.0045821   55.6597845
   30.9995429   55.6559004
   30.9876169   55.6527512
   30.9699456   55.6394219
   30.9610069   55.6258438
   30.9585952   55.6242512
   30.9493041   55.6102792
   30.9472571   55.6090737
   30.9375933   55.5947262
   30.9312535   55.5870507
   30.9200834   55.5812173
   30.9185587   55.5763865
   30.8822073   55.5556639
   30.8793530   55.5547356
   30.8790744   55.5613019
   30.8740298   55.5668885
   30.8674469   55.5676345
   30.7534300   55.5415649
   30.7529699   55.5416203
   30.6397932   55.5983382
   30.6394691   55.5986324
   30.5799520   55.6933663
   30.5747862   55.6974857
   30.2410018   55.8142420
   30.2347958   55.8143718
   30.1233730   55.7805538
   30.1228776   55.7805083
   29.9184960   55.8034047
   29.9115871   55.8016162
   29.8145196   55.7325849
   29.8140974   55.7324577
   29.6826882   55.7368230
   29.6782546   55.7359486
   29.4941737   55.6531606
   29.4937302   55.6531690
   29.3122164   55.7431777
   29.3120411   55.7435375
   29.3467836   55.9118563
   29.3457502   55.9187006
   29.3405195   55.9232342
   29.3048006   55.9365117
   29.0648059   55.9773845
   29.0596974   55.9769200
   28.8629656   55.9050933
   28.8624389   55.9050232
   28.7288108   55.9164394
   28.7283951   55.9166269
   28.5874857   56.0510693
   28.5830512   56.0535247
   28.5789841   56.0537055
   28.3042023   56.0092076
   28.3037633   56.0092825
   28.1201192   56.1091862
   28.1198591   56.1095327
   28.1030232   56.1865565
   28.1031071   56.1870082
   28.1645250   56.2802948
   28.1661219   56.2847875
   28.1645743   56.2912173
   28.1128625   56.3713247
   28.1128037   56.3717630
   28.1274317   56.4180048
   28.1277550   56.4227023
   28.1252866   56.4277588
   27.8619088   56.7165949
   27.8617055   56.7170281
   27.8496639   56.8035572
   27.8458011   56.8101474
   27.8384128   56.8120878
   27.6472823   56.7861143
   27.6468492   56.7862593
   27.6100099   56.8227915
   27.6099450   56.8231750
   27.6792591   56.9651506
   27.6802440   56.9702967
   27.6690483   57.1173998
   27.6692306   57.1177734
   27.7705683   57.1851826
   27.7742573   57.1896547
   27.8026723   57.2576883
   27.8032310   57.2635989
   27.7995792   57.2694396
   27.7969583   57.2709047
   27.4851178   57.3879345
   27.4849029   57.3882629
   27.4892441   57.4701680
   27.4878189   57.4758657
   27.4851514   57.4787762
   27.4786061   57.4806760
   27.3332183   57.4711762
   27.3328418   57.4713732
   27.2669041   57.5809836
   27.2669370   57.5813726
   27.5170886   57.8721640
   27.5174670   57.8723885
   27.6230198   57.8949474
   27.6265931   57.8964847
   27.6298026   57.9001142
   27.6308912   57.9038487
   27.6301346   57.9086343
   27.5589034   58.0764208
   27.5571314   58.0792029
   27.4436990   58.2052334
   27.4435913   58.2056420
   27.4829364   58.3836373
   27.4823985   58.3896523
   27.3092442   58.8038947
   27.3093641   58.8042374
   27.6859754   59.0108031
   27.6893700   59.0138524
   27.8800076   59.2873400
   27.8803603   59.2876015
   28.1048965   59.3604476
   28.1106691   59.3653200
   28.1117620   59.3709431
   28.1095895   59.3762435
   28.1066399   59.3787161
   27.8315511   59.5304309
   27.8272465   59.5316605
   26.9194060   59.5793660
   26.9189180   59.5795271
   26.3902978   59.9297123
   26.3903131   59.9299613
   26.8648839   60.1667272
   26.8652732   60.1668640
   27.4843956   60.3009392
   27.4877459   60.3023393
   27.6382527   60.4006018
   27.6419259   60.4049181
   27.6427799   60.4086286
   27.6446514   60.4626017
   27.6448433   60.4630178
   27.8505588   60.6512717
   27.8508903   60.6515074
   28.4920811   60.9978410
   28.4925910   60.9979865
   28.6299466   61.0063617
   28.6363601   61.0092236
   28.7956166   61.1662993
   28.7960657   61.1665816
   29.2057960   61.3134066
   29.2088503   61.3151598
   29.4716214   61.5356401
   29.4720210   61.5358645
   29.6972672   61.6117742
   29.6997402   61.6130110
   30.6193878   62.2454753
   30.6197060   62.2456611
   31.1176114   62.4890497
   31.1205882   62.4912731
   31.4877478   62.8914446
   31.4900384   62.8956164
   31.4898880   62.9013013
   31.4858868   62.9065519
   31.2425173   63.0671366
   31.2421828   63.0675125
   31.1865492   63.1778784
   31.1814914   63.1825972
   30.7718358   63.3546248
   30.7700937   63.3551754
   30.4607311   63.4226053
   30.4602573   63.4227884
   29.9304266   63.7282251
   29.9303193   63.7285749
   29.9700922   63.8104382
   29.9704401   63.8107164
   30.2265653   63.8709253
   30.2308931   63.8731616
   30.4855758   64.0978805
   30.4883792   64.1020216
   30.4888270   64.1070024
   30.4873925   64.1107535
   30.4234334   64.2111061
   30.4185162   64.2150931
   30.0054568   64.3702111
   30.0051210   64.3705328
   29.9374914   64.5294817
   29.9374199   64.5299773
   29.9463027   64.6064649
   29.9465248   64.6068343
   30.0197324   64.6572889
   30.0233552   64.6618410
   30.0232288   64.6695091
   29.9947543   64.7350195
   29.9903783   64.7398085
   29.9858651   64.7410292
   29.7070709   64.7488929
   29.7066508   64.7490854
   29.5650440   64.9042603
   29.5648422   64.9046804
   29.5493772   65.0031334
   29.5494374   65.0035888
   29.5910915   65.0971588
   29.5914151   65.0974692
   29.7413860   65.1569003
   29.7446131   65.1589696
   29.7476838   65.1667981
   29.7457303   65.1721589
   29.7383428   65.1761764
   29.6153499   65.1840752
   29.6149597   65.1842554
   29.5530138   65.2481710
   29.5529118   65.2485671
   29.5691756   65.3083731
   29.5694531   65.3087320
   29.6703900   65.3665072
   29.6726285   65.3682526
   29.6753709   65.3741724
   29.6877632   65.4958072
   29.6879672   65.4962659
   29.7320706   65.5450169
   29.7345633   65.5503757
   29.7335951   65.5562060
   29.6795279   65.6640946
   29.6796559   65.6643590
   30.0539660   65.7420549
   30.0607564   65.7471388
   30.0618896   65.7527836
   30.0607887   65.7564925
   29.8923687   66.0774746
   29.8890495   66.0811562
   29.6620735   66.2320347
   29.6617143   66.2323584
   29.4363524   66.5049165
   29.4342546   66.5068231
   29.0714657   66.7526138
   29.0711357   66.7529942
   28.9819912   66.9355524
   28.9820143   66.9359948
   29.0475890   67.0408665
   29.0479039   67.0411804
   29.8855778   67.5612084
   29.8894399   67.5656391
   29.9172131   67.6280575
   29.9179237   67.6338652
   29.9145411   67.6397524
   29.9120262   67.6413097
   29.6276510   67.7635636
   29.6272783   67.7637856
   29.2947464   68.0264007
   29.2903845   68.0283830
   28.6196920   68.1536367
   28.6193393   68.1538829
   28.3842466   68.5491871
   28.3843062   68.5495634
   28.6709491   68.8010408
   28.6742108   68.8068704
   28.6725575   68.8142769
   28.6652162   68.8185207
   28.4560677   68.8366177
   28.4556317   68.8368274
   28.3677462   68.9292152
   28.3678100   68.9294625
   28.9079342   69.0998025
   28.9084321   69.0998263
   29.0428399   69.0712031
   29.0497254   69.0722125
   29.1863485   69.1470205
   29.1905527   69.1514471
   29.2856672   69.3486269
   29.2860058   69.3488591
   29.5640291   69.3713599
   29.5666716   69.3719410
   29.8426682   69.4733622
   29.8431056   69.4734380
   30.0058621   69.4720065
   30.0129659   69.4748802
   30.1042042   69.5647102
   30.1070068   69.5699392
   30.1069672   69.5739276
   30.1032987   69.5797521
   30.0462352   69.6237993
   30.0461288   69.6241800
   30.0791635   69.7097360
   30.0794899   69.7099489
   30.2400276   69.7025516
   30.2405174   69.7024535
   30.5388477   69.5938253
   30.5425056   69.5932246
   30.8699910   69.6009692
   30.8729439   69.6014886
   30.8783112   69.6057910
   30.8797456   69.6105426
   30.8787187   69.6153987
   30.7757916   69.8235644
   30.7758984   69.8239151
   31.2756146   70.1100990
   31.2798048   70.1147646
   36.2102579   81.3710668
   36.2106144   81.3713097
   67.0842376   82.5456012
   67.0846322   82.5454433
   72.6246392   76.8513456
   72.6245928   76.8510567
   66.4062430   73.6063632
   66.3735921   73.6008684
   66.3346090   73.5939888
END
2
   71.5233583   80.6263048
   70.4206948   81.8777430
   70.4207793   81.8779300
   71.0411615   81.8780066
   71.4820577   80.7290827
   71.5233583   80.6263048
END
END
