asia-russia-central
1
   30.7626940   54.8022089
   30.7680828   54.8297102
   30.7681366   54.8299307
   30.7682980   54.8300900
   30.7876907   54.8475543
   30.7878737   54.8477040
   30.7880700   54.8478356
   30.8095884   54.8608337
   30.8103102   54.8613136
   30.8109878   54.8618542
   30.8116160   54.8624515
   30.8235198   54.8747943
   30.8241890   54.8755630
   30.8247765   54.8763959
   30.8252761   54.8772842
   30.8256828   54.8782188
   30.8259922   54.8791899
   30.8262012   54.8801874
   30.8263075   54.8812011
   30.8272737   54.8992322
   30.8272809   54.9001461
   30.8272045   54.9010568
   30.8270454   54.9019567
   30.8268048   54.9028383
   30.8264847   54.9036943
   30.8260878   54.9045174
   30.8256174   54.9053009
   30.8175840   54.9173932
   30.8174410   54.9176376
   30.8173571   54.9179081
   30.8149013   54.9277796
   30.8148556   54.9280115
   30.8150644   54.9281224
   30.8383704   54.9390661
   30.8386170   54.9391661
   30.8388792   54.9392114
   30.8980668   54.9461953
   30.8990012   54.9463507
   30.8999167   54.9465939
   30.9008051   54.9469225
   30.9155088   54.9531691
   30.9164051   54.9536038
   30.9172538   54.9541256
   30.9180463   54.9547292
   30.9187748   54.9554086
   30.9316015   54.9686254
   30.9322307   54.9693388
   30.9327894   54.9701087
   30.9332723   54.9709283
   30.9336752   54.9717900
   30.9339944   54.9726861
   30.9342270   54.9736085
   30.9343710   54.9745488
   30.9344249   54.9754986
   30.9343883   54.9764492
   30.9342615   54.9773919
   30.9340458   54.9783184
   30.9337430   54.9792202
   30.9324596   54.9825141
   30.9320839   54.9833603
   30.9316315   54.9841682
   30.9311063   54.9849308
   30.9305128   54.9856415
   30.9298562   54.9862943
   30.9291420   54.9868836
   30.9171394   54.9958857
   30.9169629   54.9960313
   30.9168328   54.9962195
   30.9067478   55.0123565
   30.9066331   55.0125614
   30.9067361   55.0127724
   30.9131115   55.0243780
   30.9132417   55.0245888
   30.9134881   55.0246140
   30.9332438   55.0256224
   30.9334904   55.0256228
   30.9337358   55.0255988
   30.9790296   55.0188934
   30.9800872   55.0187939
   30.9811493   55.0188071
   30.9822041   55.0189329
   30.9976719   55.0216175
   30.9986188   55.0218296
   30.9995408   55.0221325
   31.0004290   55.0225234
   31.0012751   55.0229985
   31.0020712   55.0235533
   31.0028098   55.0241828
   31.0034839   55.0248808
   31.0040871   55.0256409
   31.0046139   55.0264559
   31.0050592   55.0273181
   31.0054188   55.0282194
   31.0056893   55.0291513
   31.0058683   55.0301050
   31.0059540   55.0310717
   31.0063052   55.0398777
   31.0062950   55.0408776
   31.0061851   55.0418714
   31.0059764   55.0428493
   31.0056711   55.0438015
   31.0052723   55.0447185
   30.9945533   55.0663366
   30.9941855   55.0670118
   30.9937670   55.0676568
   30.9810950   55.0856293
   30.9805940   55.0862812
   30.9800411   55.0868898
   30.9732604   55.0937631
   30.9730869   55.0939586
   30.9729829   55.0941983
   30.9703695   55.1012170
   30.9702972   55.1014442
   30.9703616   55.1016738
   30.9725903   55.1083599
   30.9726707   55.1085691
   30.9728347   55.1087219
   30.9789480   55.1139226
   30.9797315   55.1146657
   30.9804304   55.1154891
   30.9810364   55.1163829
   30.9815425   55.1173370
   30.9834297   55.1214120
   30.9837964   55.1223175
   30.9840731   55.1232545
   30.9842570   55.1242141
   30.9843464   55.1251870
   30.9843404   55.1261640
   30.9842391   55.1271357
   30.9840434   55.1280929
   30.9837553   55.1290265
   30.9833775   55.1299275
   30.9829135   55.1307873
   30.9823679   55.1315977
   30.9817457   55.1323511
   30.9810531   55.1330401
   30.9802965   55.1336582
   30.9797185   55.1340850
   30.9794947   55.1342715
   30.9792943   55.1344829
   30.9764609   55.1378435
   30.9758039   55.1385505
   30.9750818   55.1391909
   30.9743013   55.1397587
   30.9734697   55.1402486
   30.9725948   55.1406560
   30.9716846   55.1409772
   30.9707478   55.1412092
   30.9625081   55.1428318
   30.9622282   55.1429041
   30.9619585   55.1430083
   30.9590332   55.1443388
   30.9588220   55.1444475
   30.9587255   55.1446645
   30.9569414   55.1492648
   30.9568629   55.1495025
   30.9569596   55.1497334
   30.9586134   55.1531785
   30.9590023   55.1541055
   30.9592962   55.1550668
   30.9594921   55.1560528
   30.9595881   55.1570534
   30.9595830   55.1580586
   30.9594771   55.1590583
   30.9592714   55.1600422
   30.9589679   55.1610005
   30.9585697   55.1619236
   30.9580809   55.1628019
   30.9575064   55.1636268
   30.9568519   55.1643898
   30.9561242   55.1650833
   30.9553305   55.1657002
   30.9480192   55.1708148
   30.9472146   55.1713224
   30.9463654   55.1717513
   30.9009544   55.1920349
   30.9007347   55.1921464
   30.9005412   55.1922990
   30.8867193   55.2043615
   30.8865287   55.2045467
   30.8864066   55.2047828
   30.8706705   55.2396669
   30.8702080   55.2405675
   30.8696569   55.2414167
   30.8690227   55.2422058
   30.8683120   55.2429267
   30.8584651   55.2519525
   30.8577855   55.2525221
   30.8570581   55.2530293
   30.8562886   55.2534700
   30.8554832   55.2538408
   30.8546480   55.2541389
   30.8215476   55.2643202
   30.8213561   55.2643877
   30.8211707   55.2644706
   30.8042927   55.2728587
   30.8040992   55.2729659
   30.8039556   55.2731337
   30.7944322   55.2853139
   30.7942885   55.2855185
   30.7943139   55.2857673
   30.7971317   55.3040325
   30.7971802   55.3042693
   30.7973153   55.3044698
   30.8110416   55.3228386
   30.8112386   55.3230710
   30.8114624   55.3232776
   30.8454517   55.3509906
   30.8456471   55.3511347
   30.8458669   55.3512381
   30.9042134   55.3752861
   30.9050531   55.3756786
   30.9058529   55.3761473
   30.9066059   55.3766880
   30.9073055   55.3772961
   30.9152674   55.3848918
   30.9159498   55.3856107
   30.9165577   55.3863936
   30.9170851   55.3872329
   30.9175268   55.3881203
   30.9178784   55.3890470
   30.9181366   55.3900041
   30.9182988   55.3909819
   30.9183634   55.3919711
   30.9185415   55.4033707
   30.9185066   55.4043758
   30.9183710   55.4053723
   30.9181359   55.4063501
   30.9178038   55.4072994
   30.9173781   55.4082106
   30.9168630   55.4090743
   30.9162637   55.4098820
   30.9155863   55.4106253
   30.9057074   55.4204280
   30.9047960   55.4212286
   30.8892994   55.4332589
   30.8891112   55.4334209
   30.8890012   55.4336436
   30.8813909   55.4512333
   30.8813096   55.4514484
   30.8813761   55.4516686
   30.8871044   55.4678491
   30.8871991   55.4680787
   30.8874204   55.4681913
   30.9081615   55.4774505
   30.9090347   55.4778928
   30.9098605   55.4784183
   30.9106309   55.4790221
   30.9113386   55.4796983
   30.9119769   55.4804404
   30.9125395   55.4812414
   30.9130211   55.4820935
   30.9134171   55.4829886
   30.9137237   55.4839182
   30.9139380   55.4848733
   30.9140578   55.4858448
   30.9140821   55.4868233
   30.9140106   55.4877995
   30.9138440   55.4887641
   30.9135839   55.4897077
   30.9132328   55.4906214
   30.9127941   55.4914964
   30.9122719   55.4923243
   30.9116713   55.4930972
   30.9109980   55.4938076
   30.9102584   55.4944489
   30.9094597   55.4950147
   30.9086096   55.4954998
   30.9077160   55.4958994
   30.8996079   55.4990592
   30.8994007   55.4991515
   30.8995044   55.4993533
   30.9179029   55.5312941
   30.9183621   55.5321933
   30.9187282   55.5331343
   30.9189976   55.5341074
   30.9191675   55.5351027
   30.9192362   55.5361101
   30.9192029   55.5371192
   30.9190680   55.5381199
   30.9133494   55.5687643
   30.9131352   55.5696740
   30.9128371   55.5705597
   30.9124576   55.5714137
   30.9120000   55.5722285
   30.9114683   55.5729971
   30.9108672   55.5737126
   30.9072923   55.5775855
   30.9071378   55.5777707
   30.9072760   55.5779683
   30.9256631   55.6016404
   30.9262620   55.6025012
   30.9267675   55.6034199
   30.9438660   55.6387644
   30.9443262   55.6398839
   30.9446477   55.6410507
   30.9455880   55.6454977
   30.9456463   55.6457218
   30.9457252   55.6459395
   30.9490528   55.6539402
   30.9491613   55.6541679
   30.9492923   55.6543835
   30.9527162   55.6594241
   30.9528820   55.6596415
   30.9530914   55.6598173
   30.9642202   55.6681646
   30.9646895   55.6684769
   30.9713157   55.6723651
   30.9718571   55.6726400
   30.9775860   55.6751233
   30.9777818   55.6751986
   30.9779833   55.6752572
   30.9889109   55.6779404
   30.9901840   55.6783448
   30.9929388   55.6794275
   30.9938774   55.6798534
   30.9947673   55.6803738
   30.9967765   55.6816922
   30.9976099   55.6823029
   31.0081121   55.6908669
   31.0082726   55.6909873
   31.0084423   55.6910945
   31.0120003   55.6931467
   31.0126185   55.6934486
   31.0167658   55.6951307
   31.0169514   55.6951975
   31.0171416   55.6952495
   31.0258643   55.6972662
   31.0268563   55.6975502
   31.0278138   55.6979349
   31.0287266   55.6984163
   31.0295849   55.6989891
   31.0313042   55.7002697
   31.0321378   55.7009639
   31.0328913   55.7017443
   31.0335558   55.7026017
   31.0341236   55.7035261
   31.0355311   55.7061241
   31.0359974   55.7071095
   31.0363536   55.7081397
   31.0365956   55.7092026
   31.0367205   55.7102855
   31.0386410   55.7421179
   31.0386633   55.7423326
   31.0387221   55.7425395
   31.0472578   55.7683011
   31.0473427   55.7685205
   31.0475744   55.7684803
   31.1866497   55.7372656
   31.1868583   55.7372092
   31.1870453   55.7371008
   31.1929645   55.7333168
   31.1931585   55.7331793
   31.1933228   55.7330074
   31.1964193   55.7294416
   31.1965662   55.7292551
   31.1966101   55.7290218
   31.1968940   55.7269781
   31.1970720   55.7260332
   31.1973399   55.7251097
   31.1976952   55.7242163
   31.1978387   55.7239006
   31.1982639   55.7230703
   31.1987647   55.7222832
   31.1993365   55.7215462
   31.1999746   55.7208657
   31.2006733   55.7202477
   31.2014266   55.7196974
   31.2022278   55.7192197
   31.2030701   55.7188188
   31.2039461   55.7184981
   31.2041583   55.7184314
   31.2050203   55.7182024
   31.2058993   55.7180511
   31.2067882   55.7179787
   31.2076801   55.7179858
   31.2090445   55.7180576
   31.2101038   55.7181701
   31.2111451   55.7183947
   31.2121566   55.7187288
   31.2131268   55.7191686
   31.2140448   55.7197091
   31.2255039   55.7273064
   31.2257271   55.7274381
   31.2259800   55.7274945
   31.2642135   55.7339344
   31.2651487   55.7341384
   31.2740938   55.7365431
   31.2742996   55.7365892
   31.2745086   55.7366177
   31.2839782   55.7375053
   31.2842200   55.7375162
   31.2844617   55.7375036
   31.2920821   55.7367326
   31.2923809   55.7366839
   31.2926716   55.7365992
   31.3054777   55.7320068
   31.3057102   55.7319098
   31.3059028   55.7317475
   31.3125040   55.7255853
   31.3132136   55.7249822
   31.3139763   55.7244478
   31.3147853   55.7239866
   31.3156337   55.7236026
   31.3165111   55.7232538
   31.3174748   55.7229265
   31.3184667   55.7226988
   31.3194766   55.7225730
   31.3204941   55.7225506
   31.3242901   55.7226603
   31.3251308   55.7227201
   31.3259635   55.7228505
   31.3267823   55.7230506
   31.3365879   55.7258894
   31.3373321   55.7261369
   31.3380546   55.7264419
   31.3438318   55.7291525
   31.3440652   55.7292479
   31.3443071   55.7293192
   31.3550017   55.7318937
   31.3552245   55.7319367
   31.3554503   55.7319593
   31.4006559   55.7344089
   31.4013613   55.7343972
   31.4131813   55.7333631
   31.4134068   55.7333328
   31.4135824   55.7331887
   31.4178685   55.7293312
   31.4180499   55.7291500
   31.4181149   55.7289107
   31.4184068   55.7280076
   31.4187831   55.7271363
   31.4192403   55.7263046
   31.4197743   55.7255199
   31.4203802   55.7247894
   31.4210527   55.7241197
   31.4217856   55.7235167
   31.4225724   55.7229859
   31.4234060   55.7225321
   31.4242789   55.7221594
   31.4251831   55.7218711
   31.4269830   55.7213901
   31.4280966   55.7211594
   31.4292291   55.7210566
   31.4427488   55.7206021
   31.4437161   55.7206164
   31.4446776   55.7207241
   31.4456241   55.7209243
   31.4555796   55.7235380
   31.4564931   55.7238252
   31.4573750   55.7241985
   31.4594429   55.7251933
   31.4602878   55.7256509
   31.4610848   55.7261874
   31.4618267   55.7267980
   31.4625065   55.7274770
   31.4631180   55.7282181
   31.4636556   55.7290144
   31.4641143   55.7298587
   31.4644898   55.7307431
   31.4647788   55.7316595
   31.4649784   55.7325993
   31.4650869   55.7335540
   31.4651034   55.7345147
   31.4650275   55.7354725
   31.4648601   55.7364186
   31.4646026   55.7373443
   31.4594116   55.7530433
   31.4590071   55.7540720
   31.4584916   55.7550498
   31.4578712   55.7559648
   31.4213799   55.8038544
   31.4209889   55.8044516
   31.4060936   55.8312020
   31.4059828   55.8314273
   31.4059700   55.8316781
   31.4059700   55.8404320
   31.4060177   55.8411207
   31.4122148   55.8856285
   31.4123026   55.8866137
   31.4122926   55.8876027
   31.4121850   55.8885859
   31.4119808   55.8895537
   31.4116819   55.8904965
   31.4112914   55.8914052
   31.4108131   55.8922710
   31.4102515   55.8930852
   31.3794527   55.9333280
   31.3788406   55.9340537
   31.3781624   55.9347180
   31.3774243   55.9353150
   31.3541571   55.9523743
   31.3539891   55.9525090
   31.3538474   55.9526700
   31.3448356   55.9638345
   31.3446987   55.9640223
   31.3448996   55.9641392
   31.3544813   55.9691031
   31.3547112   55.9692077
   31.3549574   55.9692638
   31.3676298   55.9714791
   31.3684442   55.9716567
   31.3692409   55.9719015
   31.4178312   55.9890794
   31.4186954   55.9894311
   31.4195231   55.9898619
   31.4203071   55.9903679
   31.4210405   55.9909447
   31.4229500   55.9925966
   31.4238642   55.9934962
   31.4341399   56.0049953
   31.4342948   56.0051538
   31.4344631   56.0052979
   31.4404896   56.0100116
   31.4407027   56.0101609
   31.4409422   56.0102627
   31.4475997   56.0126883
   31.4482759   56.0128820
   31.4622702   56.0158417
   31.4631428   56.0160678
   31.4639915   56.0163716
   31.4648094   56.0167505
   31.4655899   56.0172015
   31.4707917   56.0205293
   31.4713950   56.0208591
   31.4780071   56.0239022
   31.4782164   56.0239873
   31.4784327   56.0240531
   31.4941627   56.0280696
   31.4950784   56.0283508
   31.4959630   56.0287183
   31.4968084   56.0291688
   31.4976068   56.0296980
   31.4983509   56.0303013
   31.4990339   56.0309729
   31.4996495   56.0317069
   31.4999795   56.0321410
   31.5005254   56.0329359
   31.5009922   56.0337797
   31.5013755   56.0346645
   31.5016719   56.0355822
   31.5018784   56.0365241
   31.5025621   56.0405633
   31.5026176   56.0408128
   31.5027230   56.0410456
   31.5053701   56.0461762
   31.5055110   56.0464154
   31.5056775   56.0466374
   31.5067678   56.0479334
   31.5073544   56.0487036
   31.5078639   56.0495269
   31.5082913   56.0503957
   31.5086327   56.0513017
   31.5088849   56.0522364
   31.5090455   56.0531912
   31.5091130   56.0541570
   31.5090869   56.0551248
   31.5089672   56.0560856
   31.5087552   56.0570303
   31.5084528   56.0579500
   31.5083636   56.0581830
   31.5079591   56.0590983
   31.5074651   56.0599687
   31.5068866   56.0607853
   31.5062294   56.0615400
   31.5055001   56.0622253
   31.5047059   56.0628342
   31.5000944   56.0660165
   31.4999229   56.0661462
   31.4997632   56.0662901
   31.4972224   56.0687860
   31.4968484   56.0691968
   31.4946862   56.0718540
   31.4945515   56.0720357
   31.4944339   56.0722289
   31.4928808   56.0750612
   31.4927931   56.0752372
   31.4927195   56.0754196
   31.4916627   56.0783703
   31.4914754   56.0790347
   31.4894086   56.0889449
   31.4890493   56.0902310
   31.4882806   56.0924095
   31.4880065   56.0931028
   31.4876815   56.0937737
   31.4866287   56.0957552
   31.4862510   56.0964058
   31.4858255   56.0970262
   31.4810245   56.1034897
   31.4809083   56.1036605
   31.4808066   56.1038404
   31.4782517   56.1088311
   31.4780037   56.1094003
   31.4745936   56.1187784
   31.4745099   56.1190590
   31.4744597   56.1193474
   31.4738065   56.1250826
   31.4737754   56.1257435
   31.4738681   56.1305808
   31.4738861   56.1308364
   31.4739304   56.1310888
   31.4765237   56.1424240
   31.4767254   56.1436546
   31.4811876   56.1880695
   31.4812560   56.1885313
   31.4827016   56.1959050
   31.4828572   56.1965013
   31.4868321   56.2086154
   31.4870656   56.2094466
   31.4872265   56.2102947
   31.4969053   56.2768854
   31.4969901   56.2777041
   31.4970072   56.2785270
   31.4968337   56.2870587
   31.4967833   56.2878785
   31.4966658   56.2886915
   31.4963334   56.2904711
   31.4961372   56.2913162
   31.4958686   56.2921411
   31.4955294   56.2929397
   31.4941020   56.2959327
   31.4936405   56.2967902
   31.4930977   56.2975988
   31.4924789   56.2983508
   31.4917899   56.2990390
   31.4910372   56.2996569
   31.4902280   56.3001986
   31.4893700   56.3006591
   31.4884712   56.3010340
   31.4875402   56.3013196
   31.4865858   56.3015133
   31.4856171   56.3016133
   31.3416172   56.3094178
   31.3413770   56.3094426
   31.3411540   56.3095356
   31.3332595   56.3132891
   31.3327620   56.3135612
   31.3176996   56.3229496
   31.3173130   56.3232166
   31.3093945   56.3292543
   31.3092367   56.3293853
   31.3090901   56.3295287
   31.3077763   56.3309253
   31.3075914   56.3311460
   31.3074334   56.3313866
   31.3061992   56.3335246
   31.3058974   56.3341422
   31.3033043   56.3405275
   31.3029271   56.3413480
   31.3024774   56.3421312
   31.3019588   56.3428706
   31.3013757   56.3435602
   31.2995312   56.3455516
   31.2988008   56.3462636
   31.2980017   56.3468976
   31.2971421   56.3474468
   31.2962311   56.3479056
   31.2952781   56.3482692
   31.2937267   56.3487720
   31.2926873   56.3490481
   31.2916244   56.3492110
   31.2905501   56.3492588
   31.2881719   56.3492367
   31.2871329   56.3491728
   31.2861062   56.3490013
   31.2851028   56.3487239
   31.2700538   56.3437076
   31.2698519   56.3436496
   31.2696458   56.3436088
   31.2609477   56.3422651
   31.2603610   56.3422096
   31.2440371   56.3416340
   31.2438096   56.3416364
   31.2435872   56.3416799
   31.2363629   56.3434369
   31.2361637   56.3434942
   31.2359775   56.3435834
   31.2313110   56.3460594
   31.2311055   56.3461816
   31.2309805   56.3463854
   31.2294918   56.3491001
   31.2292243   56.3496708
   31.2267596   56.3559260
   31.2266687   56.3562034
   31.2266109   56.3564896
   31.2229639   56.3822509
   31.2229423   56.3824765
   31.2229414   56.3827031
   31.2237353   56.4019775
   31.2237167   56.4031254
   31.2226677   56.4173336
   31.2225003   56.4185600
   31.2220727   56.4206963
   31.2218601   56.4215578
   31.2215720   56.4223971
   31.2183741   56.4305192
   31.2179176   56.4315149
   31.2173550   56.4324546
   31.2161766   56.4341986
   31.2156183   56.4349469
   31.2149926   56.4356399
   31.2143051   56.4362715
   31.2038719   56.4449944
   31.2031200   56.4455650
   31.2023177   56.4460621
   31.2014721   56.4464814
   31.1960315   56.4488660
   31.1952208   56.4491801
   31.1943860   56.4494225
   31.1881086   56.4509531
   31.1869566   56.4511635
   31.1857879   56.4512377
   31.1444080   56.4514369
   31.1441780   56.4514486
   31.1439502   56.4514815
   31.1177601   56.4565064
   31.1172699   56.4566264
   31.0635874   56.4726815
   31.0626691   56.4729094
   31.0617334   56.4730495
   31.0607887   56.4731005
   31.0392377   56.4732442
   31.0386921   56.4732777
   31.0268490   56.4746594
   31.0265649   56.4747094
   31.0262884   56.4747919
   31.0203654   56.4769409
   31.0201573   56.4770272
   31.0199690   56.4771491
   31.0162118   56.4798266
   31.0160272   56.4799718
   31.0158907   56.4801629
   31.0140956   56.4829454
   31.0139649   56.4831737
   31.0138851   56.4834243
   31.0130843   56.4864943
   31.0130340   56.4867349
   31.0130077   56.4869793
   31.0126202   56.4936711
   31.0126165   56.4938649
   31.0126279   56.4940583
   31.0142400   56.5105381
   31.0142720   56.5107611
   31.0143241   56.5109803
   31.0165707   56.5188440
   31.0166503   56.5190779
   31.0167745   56.5192914
   31.0689834   56.5996006
   31.0696362   56.6007692
   31.0791349   56.6208164
   31.0794780   56.6216318
   31.0797476   56.6224744
   31.0799418   56.6233375
   31.0800589   56.6242144
   31.0800980   56.6250982
   31.0800980   56.6262593
   31.0800393   56.6273415
   31.0793459   56.6337113
   31.0791021   56.6350699
   31.0785060   56.6374385
   31.0780893   56.6387213
   31.0716125   56.6548645
   31.0714508   56.6553335
   31.0706845   56.6579763
   31.0701923   56.6593106
   31.0641090   56.6727677
   31.0636151   56.6737206
   31.0630218   56.6746151
   31.0612697   56.6769717
   31.0606305   56.6777468
   31.0599168   56.6784539
   31.0580012   56.6801697
   31.0572748   56.6807615
   31.0564962   56.6812826
   31.0556722   56.6817287
   31.0535899   56.6827326
   31.0525861   56.6831509
   31.0515429   56.6834578
   31.0483050   56.6842216
   31.0471209   56.6844267
   31.0459208   56.6844883
   31.0422702   56.6844561
   31.0412429   56.6843941
   31.0402275   56.6842268
   30.9758923   56.6701950
   30.9756063   56.6701499
   30.9753171   56.6701382
   30.9729837   56.6701802
   30.9727166   56.6701994
   30.9724599   56.6702753
   30.9682740   56.6717634
   30.9680681   56.6718470
   30.9678812   56.6719655
   30.9644368   56.6743673
   30.9638691   56.6748284
   30.9601459   56.6783355
   30.9591885   56.6791308
   30.9561926   56.6813196
   30.9550831   56.6820233
   30.9525436   56.6834090
   30.9515729   56.6838727
   30.9505581   56.6842294
   30.9495108   56.6844751
   30.9465191   56.6850091
   30.9453219   56.6851489
   30.9441166   56.6851438
   30.9406987   56.6849227
   30.9397523   56.6848160
   30.9388203   56.6846198
   30.9369905   56.6841425
   30.9360194   56.6838356
   30.9350846   56.6834316
   30.9341957   56.6829346
   30.9333620   56.6823497
   30.9324458   56.6816347
   30.9316219   56.6809159
   30.9308815   56.6801115
   30.9291073   56.6779589
   30.9285126   56.6771594
   30.9191710   56.6631970
   30.9187302   56.6626308
   30.9132690   56.6565708
   30.9130694   56.6563730
   30.9128488   56.6561989
   30.9095471   56.6538839
   30.9093538   56.6537612
   30.9091421   56.6536763
   30.9046740   56.6521163
   30.9043943   56.6520367
   30.9041072   56.6519902
   30.8983722   56.6514025
   30.8980942   56.6513897
   30.8978164   56.6514079
   30.8893977   56.6524365
   30.8892065   56.6524674
   30.8890182   56.6525131
   30.8796233   56.6551828
   30.8793920   56.6552610
   30.8791804   56.6553829
   30.8618967   56.6665008
   30.8617188   56.6666265
   30.8615662   56.6667807
   30.8293721   56.7022451
   30.8289739   56.7027444
   30.8168837   56.7200745
   30.8167638   56.7202640
   30.8166801   56.7204711
   30.8156002   56.7235315
   30.8155278   56.7237761
   30.8154807   56.7240268
   30.8150291   56.7273669
   30.8150088   56.7275974
   30.8150099   56.7278288
   30.8151892   56.7313210
   30.8152583   56.7319307
   30.8158859   56.7354968
   30.8159394   56.7357328
   30.8160155   56.7359625
   30.8203849   56.7472801
   30.8206944   56.7482170
   30.8209101   56.7491797
   30.8210299   56.7501591
   30.8210526   56.7511455
   30.8209779   56.7521293
   30.8208067   56.7531010
   30.8205405   56.7540511
   30.8201820   56.7549703
   30.8197347   56.7558497
   30.8192029   56.7566808
   30.8185918   56.7574554
   30.8179073   56.7581660
   30.8171561   56.7588057
   30.8163456   56.7593683
   30.8154835   56.7598482
   30.8145784   56.7602409
   30.8136389   56.7605424
   30.8126743   56.7607500
   30.8116940   56.7608614
   30.8107075   56.7608757
   30.7991221   56.7604716
   30.7988758   56.7604752
   30.7986310   56.7605031
   30.7918749   56.7616134
   30.7916434   56.7616629
   30.7914255   56.7617552
   30.7836066   56.7655181
   30.7833817   56.7656412
   30.7832477   56.7658597
   30.7812260   56.7695815
   30.7811120   56.7698211
   30.7810796   56.7700844
   30.7808039   56.7740828
   30.7807987   56.7743118
   30.7808563   56.7745334
   30.7820631   56.7784306
   30.7821420   56.7786488
   30.7822409   56.7788588
   30.7861995   56.7863425
   30.7865830   56.7869556
   30.7912545   56.7933425
   30.7916420   56.7938099
   30.7974606   56.8000170
   30.7976416   56.8001913
   30.7978846   56.8002551
   30.8369806   56.8084212
   30.8372203   56.8084592
   30.8374625   56.8084737
   30.8554361   56.8086739
   30.8557174   56.8086611
   30.8559954   56.8086166
   30.8793274   56.8035190
   30.8802847   56.8033581
   30.8812531   56.8032908
   30.8822234   56.8033176
   30.8831866   56.8034384
   30.8841335   56.8036521
   30.8850552   56.8039565
   30.8859431   56.8043489
   30.8867887   56.8048254
   30.8875842   56.8053818
   30.8883220   56.8060126
   30.8889951   56.8067121
   30.8895972   56.8074734
   30.8901227   56.8082896
   30.8905666   56.8091529
   30.8909247   56.8100551
   30.8928341   56.8156430
   30.8930478   56.8161688
   30.9002477   56.8313470
   30.9005470   56.8320454
   30.9007924   56.8327644
   30.9029339   56.8399165
   30.9031282   56.8406714
   30.9032631   56.8414392
   30.9041818   56.8482038
   30.9042598   56.8490388
   30.9042674   56.8498774
   30.9037997   56.8641357
   30.9036691   56.8654516
   30.9027271   56.8711040
   30.9024746   56.8722208
   30.9020960   56.8733014
   30.8967227   56.8862170
   30.8966544   56.8864014
   30.8966008   56.8865906
   30.8956653   56.8904712
   30.8956230   56.8906886
   30.8956397   56.8909094
   30.8963080   56.8964415
   30.8963476   56.8966746
   30.8965516   56.8967943
   30.9006902   56.8989586
   30.9008869   56.8990508
   30.9011008   56.8990888
   30.9072378   56.8999033
   30.9074994   56.8999241
   30.9077617   56.8999173
   30.9225576   56.8987493
   30.9238595   56.8987316
   30.9325946   56.8991820
   30.9338640   56.8993293
   30.9440880   56.9011834
   30.9449039   56.9013669
   30.9457016   56.9016179
   30.9631164   56.9079099
   30.9642964   56.9084242
   30.9716428   56.9122070
   30.9723845   56.9126300
   30.9730875   56.9131147
   30.9769825   56.9160532
   30.9776891   56.9166391
   30.9783390   56.9172872
   30.9789267   56.9179923
   30.9856102   56.9268023
   30.9863965   56.9280106
   30.9879237   56.9307751
   30.9884440   56.9318684
   30.9951644   56.9485217
   30.9954877   56.9494523
   31.0000355   56.9649747
   31.0001109   56.9651926
   31.0003401   56.9651682
   31.0724882   56.9539821
   31.0727561   56.9539254
   31.0730161   56.9538396
   31.0905302   56.9469695
   31.0907365   56.9468775
   31.0908811   56.9467039
   31.0992282   56.9356906
   31.0998007   56.9350017
   31.1004325   56.9343668
   31.1011186   56.9337910
   31.1017251   56.9333266
   31.1025571   56.9327539
   31.1034426   56.9322680
   31.1043726   56.9318739
   31.1053377   56.9315756
   31.1075826   56.9310042
   31.1085556   56.9308074
   31.1095433   56.9307080
   31.1105360   56.9307070
   31.1166262   56.9310038
   31.1175066   56.9310859
   31.1183764   56.9312454
   31.2559453   56.9628190
   31.2564818   56.9629117
   31.3066715   56.9687895
   31.3069580   56.9688063
   31.3072445   56.9687902
   31.3166264   56.9677151
   31.3171293   56.9676313
   31.3284220   56.9651513
   31.3290941   56.9649534
   31.3494151   56.9573835
   31.3496369   56.9572885
   31.3498484   56.9571724
   31.3634137   56.9488506
   31.3642344   56.9483986
   31.3650939   56.9480254
   31.3716903   56.9455214
   31.3725991   56.9452253
   31.3735321   56.9450173
   31.4152464   56.9377900
   31.4161287   56.9376773
   31.4428304   56.9354673
   31.4438820   56.9354358
   31.4449310   56.9355149
   31.4459659   56.9357038
   31.4729983   56.9421237
   31.4732537   56.9421705
   31.4735127   56.9421904
   31.4919443   56.9426435
   31.4923874   56.9426348
   31.5035882   56.9419155
   31.5040987   56.9418562
   31.5295115   56.9375714
   31.5305134   56.9374540
   31.5315220   56.9374382
   31.5367688   56.9376209
   31.5379404   56.9377309
   31.5390910   56.9379779
   31.5433863   56.9391679
   31.5442442   56.9394479
   31.5450734   56.9398041
   31.5458672   56.9402336
   31.5466190   56.9407329
   31.5473227   56.9412979
   31.5630773   56.9551628
   31.5632809   56.9553239
   31.5635001   56.9554630
   31.5696085   56.9589051
   31.5697874   56.9589966
   31.5699731   56.9590735
   31.6095677   56.9736174
   31.6105916   56.9740598
   31.6189588   56.9782430
   31.6199750   56.9788279
   31.6209158   56.9795277
   31.6354205   56.9917014
   31.6363784   56.9926204
   31.6433321   57.0002404
   31.6434811   57.0003904
   31.6436423   57.0005272
   31.6442275   57.0009828
   31.6444105   57.0011125
   31.6446044   57.0012252
   31.6476101   57.0027959
   31.6478191   57.0028931
   31.6480361   57.0029706
   31.6531332   57.0045287
   31.6533988   57.0045941
   31.6536700   57.0046301
   31.6675423   57.0056988
   31.6685053   57.0058202
   31.6694520   57.0060344
   31.6703734   57.0063394
   31.6712609   57.0067323
   31.6721062   57.0072093
   31.6729013   57.0077661
   31.6736386   57.0083973
   31.6743112   57.0090971
   31.6749129   57.0098587
   31.6754378   57.0106751
   31.6758812   57.0115385
   31.6762388   57.0124409
   31.6765072   57.0133736
   31.6766839   57.0143280
   31.6767672   57.0152950
   31.6767564   57.0162656
   31.6766516   57.0172305
   31.6764537   57.0181807
   31.6761646   57.0191073
   31.6758834   57.0198755
   31.6755897   57.0205906
   31.6752418   57.0212808
   31.6684513   57.0335468
   31.6681526   57.0341905
   31.6657790   57.0404321
   31.6657059   57.0406555
   31.6656762   57.0408886
   31.6654006   57.0443339
   31.6653927   57.0445290
   31.6654000   57.0447242
   31.6656725   57.0482659
   31.6657120   57.0485557
   31.6657852   57.0488388
   31.6684263   57.0570298
   31.6684930   57.0572121
   31.6685737   57.0573887
   31.6723814   57.0649304
   31.6726839   57.0654494
   31.6748814   57.0687466
   31.6751266   57.0690832
   31.6776390   57.0722464
   31.6777963   57.0724260
   31.6779700   57.0725898
   31.6844502   57.0781371
   31.6846141   57.0782659
   31.6847882   57.0783806
   31.7040411   57.0899429
   31.7052173   57.0907699
   31.7068684   57.0921180
   31.7077127   57.0928920
   31.7084629   57.0937575
   31.7086713   57.0940278
   31.7093506   57.0950286
   31.7099042   57.0961042
   31.7101756   57.0967205
   31.7105868   57.0978275
   31.7108647   57.0989753
   31.7112289   57.1009939
   31.7112856   57.1012371
   31.7114714   57.1014040
   31.7145092   57.1038656
   31.7146898   57.1039988
   31.7149054   57.1040593
   31.7218619   57.1056776
   31.7221270   57.1057243
   31.7223959   57.1057128
   31.7514305   57.1028957
   31.7519357   57.1028204
   31.7993284   57.0932631
   31.8003639   57.0931102
   31.8014097   57.0930663
   31.8024544   57.0931320
   31.8236782   57.0955873
   31.8245413   57.0957256
   31.8253890   57.0959387
   31.8914946   57.1156693
   31.8917254   57.1157262
   31.8919168   57.1155851
   31.8981657   57.1104896
   31.8986905   57.1099944
   31.9003211   57.1082160
   31.9011673   57.1073959
   31.9252703   57.0866454
   31.9260139   57.0860640
   31.9268091   57.0855552
   31.9276487   57.0851238
   31.9287066   57.0846418
   31.9296248   57.0842771
   31.9305744   57.0840048
   31.9315463   57.0838275
   31.9325310   57.0837470
   31.9335188   57.0837640
   31.9354041   57.0838899
   31.9362902   57.0839889
   31.9371639   57.0841664
   31.9380183   57.0844210
   31.9388467   57.0847508
   31.9423682   57.0863378
   31.9432022   57.0867616
   31.9439929   57.0872616
   31.9447334   57.0878332
   31.9454173   57.0884715
   31.9460386   57.0891710
   31.9524910   57.0971589
   31.9531658   57.0981011
   31.9537271   57.0991151
   31.9559835   57.1038157
   31.9562952   57.1045361
   31.9565494   57.1052788
   31.9579107   57.1098324
   31.9579863   57.1100481
   31.9581501   57.1102074
   31.9623794   57.1139559
   31.9625296   57.1140790
   31.9626889   57.1141899
   31.9665639   57.1166711
   31.9667662   57.1167876
   31.9669929   57.1168432
   31.9949841   57.1223186
   31.9957948   57.1225126
   31.9965865   57.1227734
   31.9973538   57.1230993
   32.0484110   57.1473437
   32.0486216   57.1474321
   32.0488394   57.1475009
   32.0564738   57.1495324
   32.0566806   57.1495781
   32.0568904   57.1496061
   32.0896566   57.1525713
   32.0910708   57.1528023
   32.0956164   57.1538843
   32.0964471   57.1541203
   32.0972542   57.1544271
   32.0980319   57.1548024
   32.1007445   57.1562591
   32.1015708   57.1567555
   32.1023454   57.1573292
   32.1030612   57.1579748
   32.1037115   57.1586863
   32.1072708   57.1629789
   32.1081150   57.1641626
   32.1134002   57.1728463
   32.1136642   57.1732372
   32.1159758   57.1763342
   32.1161142   57.1765036
   32.1162669   57.1766602
   32.1193543   57.1795603
   32.1195235   57.1797055
   32.1197253   57.1798004
   32.1248889   57.1819525
   32.1251021   57.1820301
   32.1253214   57.1820881
   32.1325557   57.1836517
   32.1327480   57.1836854
   32.1329424   57.1837040
   32.1829013   57.1865201
   32.1834647   57.1865201
   32.2053014   57.1852849
   32.2067449   57.1853076
   32.2142011   57.1859654
   32.2154059   57.1861462
   32.2439048   57.1922174
   32.2444215   57.1922995
   32.2702646   57.1950268
   32.2711507   57.1951607
   32.2720213   57.1953734
   32.2728693   57.1956631
   32.2736880   57.1960277
   32.2738446   57.1961060
   32.2747457   57.1966166
   32.2755892   57.1972177
   32.2763659   57.1979028
   32.2770676   57.1986646
   32.2776868   57.1994948
   32.2782168   57.2003847
   32.2784100   57.2007510
   32.2788744   57.2017646
   32.2792230   57.2028237
   32.2794516   57.2039149
   32.2796761   57.2053936
   32.2797735   57.2063305
   32.2797823   57.2072725
   32.2788012   57.2332349
   32.2787321   57.2340901
   32.2780422   57.2396428
   32.2778673   57.2406372
   32.2775931   57.2416089
   32.2772222   57.2425480
   32.2766073   57.2439008
   32.2759067   57.2451839
   32.2747172   57.2470277
   32.2742061   57.2477480
   32.2736334   57.2484203
   32.2722012   57.2499588
   32.2714071   57.2507227
   32.2705339   57.2513946
   32.2604655   57.2582926
   32.2602902   57.2584245
   32.2601271   57.2585712
   32.2575543   57.2610995
   32.2573990   57.2612668
   32.2572773   57.2614588
   32.2556393   57.2643238
   32.2555388   57.2645191
   32.2554744   57.2647281
   32.2546663   57.2678268
   32.2546140   57.2680816
   32.2546432   57.2683401
   32.2551791   57.2715564
   32.2552318   57.2717981
   32.2553314   57.2720247
   32.2569714   57.2753030
   32.2570890   57.2755118
   32.2573197   57.2755767
   32.2642473   57.2771650
   32.2645238   57.2772122
   32.2648038   57.2772280
   32.2754638   57.2772280
   32.2756831   57.2772183
   32.2759008   57.2771894
   32.2984218   57.2731817
   32.2986257   57.2731365
   32.2988252   57.2730744
   32.3081977   57.2697202
   32.3084409   57.2696184
   32.3086720   57.2694914
   32.3142578   57.2660247
   32.3144348   57.2659040
   32.3145750   57.2657420
   32.3163962   57.2634449
   32.3173078   57.2624429
   32.3275641   57.2525995
   32.3284339   57.2518555
   32.3293831   57.2512157
   32.3360008   57.2472866
   32.3366751   57.2469205
   32.3373754   57.2466071
   32.3459642   57.2431536
   32.3466961   57.2428919
   32.3474460   57.2426878
   32.3595836   57.2398865
   32.3606729   57.2396978
   32.3927419   57.2359539
   32.3936849   57.2358888
   32.3946298   57.2359130
   32.3955682   57.2360263
   32.3964917   57.2362277
   32.4077373   57.2392435
   32.4087051   57.2395565
   32.4096361   57.2399663
   32.4105207   57.2404686
   32.4113496   57.2410581
   32.4121144   57.2417288
   32.4424149   57.2711582
   32.4426056   57.2713253
   32.4428471   57.2714024
   32.4670385   57.2777791
   32.4675674   57.2778883
   32.4821698   57.2800888
   32.4823906   57.2801121
   32.4826125   57.2801157
   32.5049352   57.2794791
   32.5059502   57.2795017
   32.5069578   57.2796271
   32.5082137   57.2798487
   32.5091934   57.2800728
   32.5101457   57.2803942
   32.5110609   57.2808095
   32.5119298   57.2813146
   32.5127436   57.2819043
   32.5134941   57.2825728
   32.5141737   57.2833132
   32.5147755   57.2841181
   32.5152936   57.2849793
   32.5157225   57.2858882
   32.5160581   57.2868355
   32.5161970   57.2873006
   32.5163553   57.2874670
   32.5208855   57.2918033
   32.5210500   57.2919475
   32.5212265   57.2920767
   32.5285842   57.2969824
   32.5288010   57.2971116
   32.5290298   57.2972183
   32.5466297   57.3043586
   32.5471440   57.3045353
   32.5657893   57.3098266
   32.5660038   57.3098774
   32.5662220   57.3099090
   32.5964604   57.3129332
   32.5975463   57.3131025
   32.6155614   57.3169355
   32.6164262   57.3171603
   32.6172675   57.3174614
   32.6531804   57.3321569
   32.6540835   57.3325802
   32.6549399   57.3330913
   32.6557411   57.3336852
   32.6604256   57.3375336
   32.6610615   57.3381032
   32.6616465   57.3387249
   32.6674459   57.3454411
   32.6680722   57.3462460
   32.6686132   57.3471104
   32.6785889   57.3650192
   32.6789396   57.3657106
   32.6792357   57.3664271
   32.6822494   57.3746037
   32.6826267   57.3758856
   32.6836073   57.3802829
   32.6837711   57.3812298
   32.6838433   57.3821881
   32.6838232   57.3831489
   32.6837109   57.3841033
   32.6834420   57.3857167
   32.6833729   57.3860880
   32.6827277   57.3892238
   32.6826636   57.3896127
   32.6817863   57.3966490
   32.6817685   57.3968804
   32.6819146   57.3970607
   32.6886271   57.4045880
   32.6887911   57.4047552
   32.6890134   57.4048290
   32.7235681   57.4145189
   32.7236621   57.4145442
   32.7498347   57.4213370
   32.7506808   57.4215970
   32.7515006   57.4219309
   32.7609329   57.4262686
   32.7617961   57.4267176
   32.7626116   57.4272485
   32.7633717   57.4278561
   32.7756644   57.4387045
   32.7761862   57.4391070
   32.8071516   57.4598866
   32.8073355   57.4599988
   32.8075285   57.4600948
   32.8117341   57.4619638
   32.8119857   57.4620597
   32.8122521   57.4620991
   32.8198418   57.4628052
   32.8200441   57.4628157
   32.8202466   57.4628099
   32.8311960   57.4620453
   32.8318305   57.4619599
   32.8747215   57.4533563
   32.8761739   57.4531743
   32.8852678   57.4527058
   32.8866961   57.4527344
   32.9295647   57.4566685
   32.9302523   57.4566840
   32.9380347   57.4563233
   32.9385210   57.4562769
   32.9476124   57.4549574
   32.9481633   57.4548455
   32.9783495   57.4469217
   32.9794572   57.4466970
   33.0453641   57.4371660
   33.0467953   57.4370630
   33.0526005   57.4370630
   33.0536050   57.4371136
   33.0627434   57.4380362
   33.0639173   57.4382257
   33.0804331   57.4419119
   33.0816049   57.4422496
   33.0827269   57.4427275
   33.0867720   57.4447500
   33.0876093   57.4452202
   33.0883977   57.4457686
   33.0891298   57.4463900
   33.0897989   57.4470788
   33.0903989   57.4478286
   33.0909242   57.4486325
   33.0913699   57.4494830
   33.0917320   57.4503724
   33.0920072   57.4512925
   33.0921928   57.4522347
   33.0922872   57.4531903
   33.0922895   57.4541506
   33.0921997   57.4551067
   33.0920185   57.4560497
   33.0917478   57.4569711
   33.0913899   57.4578622
   33.0909482   57.4587149
   33.0900808   57.4602091
   33.0897628   57.4608621
   33.0887492   57.4633970
   33.0886702   57.4636267
   33.0886851   57.4638691
   33.0889420   57.4661810
   33.0889781   57.4664077
   33.0891826   57.4665119
   33.0919276   57.4677516
   33.0921743   57.4678475
   33.0924385   57.4678320
   33.2159716   57.4539341
   33.2161930   57.4538991
   33.2164036   57.4538253
   33.2227859   57.4512634
   33.2230086   57.4511609
   33.2231745   57.4509803
   33.2284168   57.4446699
   33.2285837   57.4444443
   33.2287241   57.4442013
   33.2331514   57.4354351
   33.2336591   57.4345461
   33.2342550   57.4337137
   33.2349329   57.4329466
   33.2356856   57.4322528
   33.2365054   57.4316396
   33.2373835   57.4311134
   33.2383109   57.4306797
   33.2392777   57.4303432
   33.2462969   57.4282959
   33.2472142   57.4280748
   33.2481482   57.4279410
   33.2490906   57.4278959
   33.2500331   57.4279399
   33.2806479   57.4308188
   33.2816093   57.4309565
   33.2825528   57.4311869
   33.2834695   57.4315078
   33.2843508   57.4319160
   33.2851883   57.4324078
   33.2859741   57.4329786
   33.2867009   57.4336228
   33.2873617   57.4343346
   33.2879504   57.4351070
   33.2884613   57.4359330
   33.2888898   57.4368046
   33.2892316   57.4377137
   33.2894837   57.4386516
   33.2896436   57.4396096
   33.2897098   57.4405786
   33.2896816   57.4415494
   33.2895595   57.4425129
   33.2893444   57.4434600
   33.2890385   57.4443818
   33.2886446   57.4452696
   33.2881665   57.4461149
   33.2868982   57.4481230
   33.2864499   57.4487742
   33.2859516   57.4493880
   33.2503709   57.4898345
   33.2502092   57.4900389
   33.2500697   57.4902592
   33.2449521   57.4993631
   33.2448366   57.4995964
   33.2446551   57.5000855
   33.2446519   57.5000844
   33.2445298   57.5004588
   33.2444389   57.5006864
   33.2424475   57.5064220
   33.2422776   57.5070349
   33.2348481   57.5424559
   33.2348107   57.5426891
   33.2348849   57.5429132
   33.2362641   57.5464993
   33.2363586   57.5467140
   33.2365094   57.5468937
   33.2399186   57.5505869
   33.2400759   57.5507428
   33.2402774   57.5508336
   33.2510131   57.5551079
   33.2512351   57.5551843
   33.2514633   57.5552396
   33.2595496   57.5567988
   33.2600743   57.5568714
   33.2986240   57.5601336
   33.2996069   57.5602661
   33.3005718   57.5604953
   33.3015092   57.5608190
   33.3036069   57.5616619
   33.3044692   57.5620569
   33.3052901   57.5625317
   33.3060624   57.5630821
   33.3067790   57.5637033
   33.3079466   57.5648165
   33.3086553   57.5655657
   33.3092831   57.5663839
   33.3313466   57.5984357
   33.3318879   57.5993163
   33.3330456   57.6014382
   33.3335017   57.6023905
   33.3338549   57.6033857
   33.3341011   57.6044125
   33.3344701   57.6064113
   33.3346011   57.6073899
   33.3346351   57.6083766
   33.3345716   57.6093619
   33.3343605   57.6112091
   33.3341891   57.6122339
   33.3339122   57.6132354
   33.3335329   57.6142028
   33.3330553   57.6151256
   33.3301473   57.6200935
   33.3293258   57.6212888
   33.3185769   57.6347246
   33.3184238   57.6349384
   33.3183453   57.6351893
   33.3166090   57.6419909
   33.3165626   57.6422160
   33.3166821   57.6424123
   33.3247906   57.6544263
   33.3249289   57.6546118
   33.3251451   57.6546948
   33.4091406   57.6824707
   33.4098010   57.6826401
   33.4357727   57.6874400
   33.4360281   57.6874737
   33.4362855   57.6874808
   33.4749585   57.6865505
   33.4758933   57.6865718
   33.4768222   57.6866803
   33.4777368   57.6868750
   33.4786292   57.6871544
   33.4856010   57.6897004
   33.4864794   57.6900695
   33.4970239   57.6951042
   33.4979909   57.6956332
   33.5360281   57.7192561
   33.5367715   57.7197656
   33.5374659   57.7203399
   33.5443833   57.7266060
   33.5451352   57.7273640
   33.5458019   57.7281978
   33.5463760   57.7290980
   33.5556418   57.7454967
   33.5560739   57.7463554
   33.5564216   57.7472516
   33.5566816   57.7481771
   33.5568515   57.7491232
   33.5569298   57.7500813
   33.5569158   57.7510425
   33.5568096   57.7519979
   33.5536823   57.7715192
   33.5536551   57.7717711
   33.5536794   57.7720233
   33.5544367   57.7771339
   33.5544785   57.7773497
   33.5545391   57.7775610
   33.5574884   57.7863586
   33.5575818   57.7865959
   33.5577215   57.7868092
   33.5634485   57.7946402
   33.5639082   57.7953267
   33.5643097   57.7960488
   33.5646502   57.7968015
   33.5664001   57.8011385
   33.5668348   57.8024822
   33.5686719   57.8099196
   33.5689072   57.8112564
   33.5727381   57.8471496
   33.5727719   57.8473711
   33.5728636   57.8475754
   33.5755587   57.8529172
   33.5756635   57.8531044
   33.5758128   57.8532585
   33.5803187   57.8575241
   33.5805216   57.8576965
   33.5807686   57.8577956
   33.5879244   57.8602292
   33.5886187   57.8604108
   33.6151719   57.8653521
   33.6163251   57.8656385
   33.6393897   57.8728461
   33.6400922   57.8730110
   33.6564631   57.8756236
   33.6573134   57.8757974
   33.6615591   57.8768592
   33.6629398   57.8773134
   33.6660068   57.8785760
   33.6669930   57.8790466
   33.6679220   57.8796220
   33.6687827   57.8802953
   33.6907150   57.8994745
   33.6913810   57.9001135
   33.6919852   57.9008111
   33.6966463   57.9067233
   33.6972884   57.9076387
   33.7012484   57.9140151
   33.7017937   57.9150163
   33.7022215   57.9160731
   33.7025262   57.9171717
   33.7025770   57.9174063
   33.7027340   57.9183429
   33.7028014   57.9192901
   33.7027786   57.9202395
   33.7026659   57.9211824
   33.7024643   57.9221104
   33.7014479   57.9259085
   33.7011966   57.9267110
   33.7008788   57.9274895
   33.6966245   57.9367731
   33.6962374   57.9375311
   33.6957871   57.9382534
   33.6862901   57.9521360
   33.6861537   57.9523600
   33.6860672   57.9526076
   33.6833144   57.9620704
   33.6832591   57.9623013
   33.6833392   57.9625249
   33.6856256   57.9680518
   33.6857381   57.9682875
   33.6859544   57.9684338
   33.6896404   57.9706523
   33.6904705   57.9712103
   33.6912407   57.9718484
   33.6919432   57.9725602
   33.6925712   57.9733387
   33.6931183   57.9741760
   33.6935790   57.9750637
   33.6939487   57.9759930
   33.6942237   57.9769546
   33.6944013   57.9779389
   33.6944797   57.9789360
   33.6944581   57.9799359
   33.6943367   57.9809287
   33.6941167   57.9819044
   33.6934181   57.9844117
   33.6930699   57.9854413
   33.6874693   57.9994432
   33.6874444   57.9995153
   33.6870985   58.0003822
   33.6866734   58.0012130
   33.6861726   58.0020006
   33.6856006   58.0027381
   33.6849623   58.0034190
   33.6842633   58.0040375
   33.6821121   58.0057688
   33.6814688   58.0062454
   33.6753882   58.0103838
   33.6746865   58.0108201
   33.6739512   58.0111970
   33.6731872   58.0115119
   33.6597073   58.0164267
   33.6594818   58.0165217
   33.6592793   58.0166590
   33.6384971   58.0322937
   33.6377493   58.0328050
   33.6369583   58.0332464
   33.6322938   58.0355793
   33.6314701   58.0359458
   33.6306167   58.0362367
   33.6297405   58.0364495
   33.6288488   58.0365825
   33.6279487   58.0366346
   33.6270475   58.0366055
   33.5974024   58.0343063
   33.5969049   58.0342925
   33.5881031   58.0344884
   33.5878535   58.0345065
   33.5876070   58.0345496
   33.5757736   58.0372349
   33.5753378   58.0373548
   33.5451953   58.0471310
   33.5449682   58.0472173
   33.5448088   58.0474006
   33.5381892   58.0558221
   33.5380519   58.0560158
   33.5382173   58.0561860
   33.5586941   58.0752700
   33.5589236   58.0754595
   33.5591740   58.0756203
   33.6000247   58.0985214
   33.6002581   58.0986366
   33.6005158   58.0986737
   33.6236241   58.1007680
   33.6239215   58.1007771
   33.6242178   58.1007506
   33.6321619   58.0995593
   33.6332264   58.0994575
   33.6342957   58.0994699
   33.6386406   58.0997532
   33.6397659   58.0998910
   33.6408683   58.1001552
   33.6419338   58.1005426
   33.6419855   58.1005648
   33.6428664   58.1009951
   33.6437009   58.1015097
   33.6444810   58.1021034
   33.6451993   58.1027708
   33.6458487   58.1035052
   33.6464231   58.1042997
   33.6469169   58.1051467
   33.6473254   58.1060379
   33.6476447   58.1069649
   33.6478717   58.1079186
   33.6480042   58.1088900
   33.6480410   58.1098697
   33.6479816   58.1108483
   33.6478267   58.1118164
   33.6475777   58.1127647
   33.6472371   58.1136840
   33.6468081   58.1145656
   33.6462948   58.1154009
   33.6457022   58.1161819
   33.6450360   58.1169011
   33.6443026   58.1175517
   33.6421010   58.1193194
   33.6419148   58.1194849
   33.6417460   58.1196682
   33.6383479   58.1237503
   33.6381983   58.1239499
   33.6382156   58.1241988
   33.6387750   58.1288145
   33.6388165   58.1290554
   33.6390031   58.1292134
   33.6607558   58.1458330
   33.6609267   58.1459526
   33.6611145   58.1460417
   33.6771413   58.1528458
   33.6773588   58.1529264
   33.6775876   58.1529653
   33.7185545   58.1579710
   33.7187997   58.1579887
   33.7190435   58.1579579
   33.8026971   58.1431581
   33.8036567   58.1430359
   33.8046236   58.1430069
   33.8687065   58.1441886
   33.8694861   58.1442334
   33.8702597   58.1443390
   33.8777094   58.1456534
   33.8788235   58.1459165
   33.8937972   58.1503713
   33.8945901   58.1506439
   33.8953575   58.1509819
   33.9402436   58.1730485
   33.9413221   58.1736647
   33.9588459   58.1851760
   33.9599120   58.1859834
   33.9940992   58.2156698
   33.9946033   58.2160542
   33.9988012   58.2188531
   33.9989939   58.2189693
   33.9992149   58.2190094
   34.0038695   58.2196382
   34.0041573   58.2196601
   34.0044458   58.2196487
   34.0120865   58.2188991
   34.0123188   58.2188652
   34.0125323   58.2187675
   34.0234638   58.2131272
   34.0236827   58.2129997
   34.0238528   58.2128121
   34.0282777   58.2074016
   34.0284329   58.2071899
   34.0285402   58.2069504
   34.0317443   58.1986499
   34.0321296   58.1977780
   34.0325962   58.1969466
   34.0331398   58.1961635
   34.0337555   58.1954357
   34.0344377   58.1947699
   34.0351802   58.1941720
   34.0359763   58.1936476
   34.0381462   58.1923621
   34.0389397   58.1919390
   34.0397680   58.1915888
   34.0406245   58.1913146
   34.0415021   58.1911183
   34.0496010   58.1896863
   34.0506699   58.1895562
   34.0517467   58.1895418
   34.0685706   58.1902229
   34.0697543   58.1903416
   34.0804418   58.1920608
   34.0816454   58.1923315
   34.1315952   58.2068540
   34.1317998   58.2069042
   34.1320078   58.2069370
   34.1414799   58.2080215
   34.1417196   58.2080373
   34.1419579   58.2080067
   34.4881376   58.1464579
   34.4887895   58.1462961
   34.4973423   58.1435512
   34.4975588   58.1434704
   34.4977446   58.1433330
   34.5026650   58.1393294
   34.5028283   58.1391841
   34.5029632   58.1390132
   34.5104472   58.1286344
   34.5105760   58.1284368
   34.5106651   58.1282183
   34.5126719   58.1225467
   34.5130069   58.1217193
   34.5134143   58.1209251
   34.5138910   58.1201704
   34.5144330   58.1194612
   34.5167133   58.1167388
   34.5173864   58.1160116
   34.5181282   58.1153546
   34.5189314   58.1147742
   34.5197880   58.1142762
   34.5206898   58.1138654
   34.5236002   58.1127100
   34.5244877   58.1124050
   34.5253998   58.1121846
   34.5263286   58.1120507
   34.5272658   58.1120044
   34.5682342   58.1119056
   34.5684630   58.1118945
   34.5686850   58.1118419
   34.5929060   58.1049259
   34.5934145   58.1047506
   34.6501172   58.0817181
   34.6513765   58.0813016
   34.6620604   58.0785381
   34.6634007   58.0782875
   34.6685799   58.0776806
   34.6693372   58.0776209
   34.6700968   58.0776189
   34.6781514   58.0779035
   34.6795285   58.0780481
   34.6868282   58.0793304
   34.6881996   58.0796728
   34.7024477   58.0843213
   34.7034207   58.0846959
   34.7043495   58.0851699
   34.7071132   58.0867670
   34.7079399   58.0873006
   34.7087101   58.0879129
   34.7094164   58.0885979
   34.7100520   58.0893490
   34.7106107   58.0901589
   34.7110871   58.0910198
   34.7122113   58.0933109
   34.7126265   58.0942839
   34.7129365   58.0952953
   34.7131380   58.0963338
   34.7132286   58.0973877
   34.7134045   58.1027403
   34.7133904   58.1036940
   34.7132854   58.1046419
   34.7130906   58.1055756
   34.7128078   58.1064864
   34.7072335   58.1218148
   34.7068390   58.1227492
   34.6989258   58.1391202
   34.6986932   58.1396881
   34.6970149   58.1446308
   34.6969452   58.1448773
   34.6969274   58.1451328
   34.6968325   58.1504119
   34.6968405   58.1506594
   34.6969666   58.1508724
   34.7013550   58.1575036
   34.7014864   58.1576840
   34.7016610   58.1578228
   34.7076350   58.1621485
   34.7083922   58.1627548
   34.7090871   58.1634317
   34.7097131   58.1641726
   34.7102644   58.1649708
   34.7107357   58.1658186
   34.7111227   58.1667081
   34.7114217   58.1676309
   34.7116299   58.1685783
   34.7117452   58.1695415
   34.7117668   58.1705113
   34.7116943   58.1714786
   34.7115283   58.1724343
   34.7112706   58.1733695
   34.7109235   58.1742753
   34.7104902   58.1751432
   34.7099749   58.1759650
   34.7093824   58.1767330
   34.7087183   58.1774401
   34.6940745   58.1915873
   34.6934073   58.1921767
   34.6926903   58.1927045
   34.6919293   58.1931664
   34.6846456   58.1971547
   34.6844425   58.1972796
   34.6845531   58.1974907
   34.6911286   58.2086491
   34.6912550   58.2088423
   34.6914430   58.2089762
   34.7046751   58.2174966
   34.7051179   58.2177507
   34.7178005   58.2241912
   34.7184573   58.2244678
   34.7648289   58.2401980
   34.7650434   58.2402602
   34.7652626   58.2403030
   34.7744137   58.2416660
   34.7751020   58.2417203
   34.7853452   58.2418175
   34.7856060   58.2418063
   34.7858586   58.2417409
   34.8266375   58.2288659
   34.8276845   58.2285966
   34.8287546   58.2284420
   34.8389036   58.2275313
   34.8397651   58.2274913
   34.8406269   58.2275257
   34.9388495   58.2357022
   34.9390869   58.2357106
   34.9393239   58.2356964
   34.9479583   58.2347641
   34.9481789   58.2347302
   34.9483729   58.2346210
   34.9559376   58.2299058
   34.9561331   58.2297705
   34.9562822   58.2295853
   34.9593309   58.2254038
   34.9600078   58.2245728
   34.9607697   58.2238191
   34.9635908   58.2213128
   34.9644420   58.2206357
   34.9653617   58.2200551
   34.9663390   58.2195778
   34.9679710   58.2188879
   34.9689814   58.2185235
   34.9700251   58.2182695
   34.9710900   58.2181289
   34.9721639   58.2181034
   34.9732343   58.2181931
   34.9936502   58.2210164
   34.9938637   58.2210366
   34.9940752   58.2210014
   35.0048705   58.2187237
   35.0051249   58.2186558
   35.0053593   58.2185358
   35.0113525   58.2150557
   35.0115327   58.2149405
   35.0117024   58.2148102
   35.0211881   58.2068578
   35.0217868   58.2063934
   35.0224189   58.2059756
   35.0272445   58.2030428
   35.0283180   58.2024765
   35.0333755   58.2001895
   35.0343324   58.1998148
   35.0353228   58.1995402
   35.0363361   58.1993687
   35.0431255   58.1985761
   35.0440949   58.1985104
   35.0450661   58.1985392
   35.0505608   58.1989696
   35.0515949   58.1991052
   35.0526093   58.1993477
   35.0535928   58.1996946
   35.0545349   58.2001420
   35.0639493   58.2052308
   35.0643472   58.2054236
   35.0871946   58.2152739
   35.0874021   58.2153526
   35.0876194   58.2153931
   35.1459159   58.2236068
   35.1469851   58.2238174
   35.1480251   58.2241431
   35.1490235   58.2245801
   35.1833941   58.2419131
   35.1836246   58.2420150
   35.1838642   58.2420932
   35.2550281   58.2613813
   35.2560498   58.2617182
   35.2570294   58.2621629
   35.2621450   58.2648258
   35.2630866   58.2653834
   35.2639616   58.2660406
   35.2647595   58.2667894
   35.2672909   58.2694401
   35.2679572   58.2702130
   35.2685411   58.2710499
   35.2690368   58.2719420
   35.2694389   58.2728799
   35.2697434   58.2738539
   35.2714285   58.2804003
   35.2716187   58.2813143
   35.2717229   58.2822422
   35.2717401   58.2831757
   35.2715965   58.2882576
   35.2715427   58.2890486
   35.2714263   58.2898329
   35.2705229   58.2946107
   35.2702831   58.2956002
   35.2699439   58.2965601
   35.2639265   58.3111741
   35.2637459   58.3116918
   35.2623404   58.3165649
   35.2622841   58.3168036
   35.2622758   58.3170487
   35.2623709   58.3233043
   35.2623891   58.3235687
   35.2624899   58.3238138
   35.2662205   58.3316663
   35.2663094   58.3318363
   35.2664112   58.3319990
   35.2745554   58.3439704
   35.2751492   58.3449620
   35.2779547   58.3503279
   35.2783352   58.3511431
   35.2786409   58.3519892
   35.2788694   58.3528593
   35.2790187   58.3537464
   35.2790877   58.3546434
   35.2791038   58.3551492
   35.2790844   58.3561660
   35.2789618   58.3571756
   35.2787373   58.3581676
   35.2784132   58.3591316
   35.2779928   58.3600577
   35.2774806   58.3609363
   35.2768818   58.3617583
   35.2765640   58.3621509
   35.2758904   58.3629022
   35.2751445   58.3635818
   35.2743339   58.3641828
   35.2645375   58.3707065
   35.2639648   58.3711511
   35.2597367   58.3749564
   35.2595911   58.3750987
   35.2594575   58.3752524
   35.2562203   58.3792994
   35.2560833   58.3794885
   35.2561373   58.3797156
   35.2573424   58.3838889
   35.2574249   58.3841279
   35.2576449   58.3842525
   35.2632931   58.3870766
   35.2635147   58.3871741
   35.2637566   58.3871797
   35.2984838   58.3862895
   35.2993489   58.3863047
   35.3002095   58.3863947
   35.3010590   58.3865587
   35.3229076   58.3917671
   35.3238070   58.3920266
   35.3246782   58.3923690
   35.3255136   58.3927913
   35.3637922   58.4144517
   35.3646630   58.4150056
   35.3654720   58.4156463
   35.3784673   58.4270769
   35.3786533   58.4272254
   35.3788642   58.4273357
   35.3855303   58.4304271
   35.3857820   58.4305276
   35.3860494   58.4305711
   35.3941912   58.4314432
   35.3944584   58.4314573
   35.3947161   58.4313855
   35.4245230   58.4213177
   35.4253722   58.4210721
   35.4262399   58.4209025
   35.4349605   58.4195946
   35.4357001   58.4195117
   35.4364437   58.4194840
   35.4474115   58.4194840
   35.4485074   58.4195442
   35.4495900   58.4197242
   35.5058421   58.4322805
   35.5069227   58.4325863
   35.5514165   58.4479251
   35.5516624   58.4479959
   35.5519175   58.4480149
   35.5783976   58.4486235
   35.5788719   58.4486119
   35.7797477   58.4341237
   35.7801821   58.4340732
   35.8019605   58.4305690
   35.8026095   58.4304196
   35.8346451   58.4207555
   35.8357891   58.4204826
   35.8369574   58.4203459
   35.8460396   58.4198221
   35.8470128   58.4198134
   35.9342393   58.4232820
   35.9355357   58.4234186
   35.9406087   58.4242905
   35.9415454   58.4244981
   35.9424579   58.4247946
   35.9433378   58.4251772
   35.9441770   58.4256424
   35.9449677   58.4261858
   35.9457027   58.4268025
   35.9463753   58.4274868
   35.9469791   58.4282325
   35.9475087   58.4290325
   35.9479592   58.4298797
   35.9483264   58.4307661
   35.9486070   58.4316836
   35.9487984   58.4326238
   35.9488988   58.4335780
   35.9489073   58.4345374
   35.9488238   58.4354932
   35.9486491   58.4364367
   35.9483847   58.4373590
   35.9480332   58.4382518
   35.9475978   58.4391067
   35.9445729   58.4444012
   35.9442723   58.4450237
   35.9424318   58.4496245
   35.9423474   58.4498728
   35.9422895   58.4501285
   35.9414454   58.4550477
   35.9414161   58.4552912
   35.9415710   58.4554814
   35.9464260   58.4608701
   35.9465768   58.4610236
   35.9467620   58.4611331
   35.9568123   58.4665063
   35.9570139   58.4666027
   35.9572287   58.4666614
   35.9999846   58.4763100
   36.0010409   58.4766101
   36.0924175   58.5080940
   36.0926110   58.5081521
   36.0928086   58.5081942
   36.1032561   58.5099859
   36.1034617   58.5100124
   36.1036682   58.5100045
   36.1174383   58.5089067
   36.1177199   58.5088680
   36.1179951   58.5087974
   36.1323425   58.5042341
   36.1331996   58.5040028
   36.1340738   58.5038485
   36.1349582   58.5037723
   36.1358460   58.5037748
   36.1419715   58.5040646
   36.1428847   58.5041499
   36.1437863   58.5043185
   36.1446686   58.5045690
   36.1602001   58.5097594
   36.1611799   58.5101453
   36.1621138   58.5106322
   36.1629913   58.5112145
   36.1638027   58.5118859
   36.1645389   58.5126390
   36.1651919   58.5134653
   36.1731797   58.5247470
   36.1733322   58.5249406
   36.1735727   58.5248874
   36.2140240   58.5137631
   36.2153299   58.5134961
   36.2214069   58.5126708
   36.2224918   58.5125832
   36.2235797   58.5126141
   36.2246579   58.5127630
   36.2264407   58.5131090
   36.2273671   58.5133351
   36.2282678   58.5136485
   36.2291345   58.5140462
   36.2299595   58.5145246
   36.2307350   58.5150795
   36.2314543   58.5157057
   36.2321106   58.5163976
   36.2326980   58.5171489
   36.2332111   58.5179527
   36.2336454   58.5188017
   36.2339968   58.5196882
   36.2342622   58.5206042
   36.2362077   58.5287554
   36.2362817   58.5290059
   36.2364300   58.5292210
   36.2398476   58.5336581
   36.2399966   58.5338340
   36.2402088   58.5339240
   36.2476781   58.5366891
   36.2479519   58.5367729
   36.2482336   58.5368247
   36.2580553   58.5380525
   36.2582833   58.5380705
   36.2585099   58.5380465
   36.2746691   58.5355876
   36.2749197   58.5355362
   36.2751637   58.5354594
   36.2838930   58.5322096
   36.2845362   58.5319168
   36.2976577   58.5247819
   36.2983978   58.5244182
   36.2991653   58.5241167
   36.3146013   58.5187766
   36.3148127   58.5186925
   36.3150045   58.5185718
   36.3201987   58.5149654
   36.3203890   58.5148191
   36.3205098   58.5146116
   36.3227526   58.5102897
   36.3228646   58.5100413
   36.3229198   58.5097745
   36.3235315   58.5057096
   36.3237248   58.5047481
   36.3240114   58.5038102
   36.3243884   58.5029048
   36.3248524   58.5020408
   36.3253987   58.5012263
   36.3260222   58.5004692
   36.3267169   58.4997769
   36.3274760   58.4991560
   36.3282923   58.4986124
   36.3291580   58.4981514
   36.3300646   58.4977774
   36.3310035   58.4974940
   36.3319657   58.4973039
   36.3329418   58.4972090
   36.3339225   58.4972102
   36.3348985   58.4973074
   36.3429218   58.4985067
   36.3440077   58.4987312
   36.3450620   58.4990745
   36.3460719   58.4995324
   36.3560186   58.5047259
   36.3562675   58.5048389
   36.3565272   58.5049240
   36.4462844   58.5289572
   36.4464906   58.5290032
   36.4466999   58.5290315
   36.4669264   58.5309025
   36.4673926   58.5309237
   36.4874549   58.5309000
   36.4885875   58.5309630
   36.4897057   58.5311539
   36.4907951   58.5314702
   36.4980094   58.5340166
   36.4988391   58.5343519
   36.4996355   58.5347601
   36.5003923   58.5352379
   36.5011033   58.5357813
   36.5064974   58.5403009
   36.5073179   58.5410709
   36.5080466   58.5419282
   36.5183511   58.5555331
   36.5189223   58.5563726
   36.5194054   58.5572656
   36.5197954   58.5582031
   36.5200884   58.5591753
   36.5202813   58.5601722
   36.5203721   58.5611835
   36.5203598   58.5621988
   36.5202130   58.5645321
   36.5200882   58.5655986
   36.5198497   58.5666455
   36.5195003   58.5676608
   36.5190441   58.5686328
   36.5178690   58.5708226
   36.5173544   58.5716763
   36.5167574   58.5724746
   36.5160839   58.5732095
   36.5153406   58.5738737
   36.5145348   58.5744605
   36.5112353   58.5766205
   36.5107487   58.5769831
   36.5065176   58.5805556
   36.5063470   58.5807146
   36.5065060   58.5808851
   36.5117002   58.5859351
   36.5119215   58.5861263
   36.5121637   58.5862902
   36.5179725   58.5897423
   36.5182218   58.5898719
   36.5184938   58.5899423
   36.5860669   58.6033912
   36.5870974   58.6036540
   36.5880942   58.6040247
   36.5890459   58.6044992
   36.5899419   58.6050720
   36.6443334   58.6440712
   36.6449806   58.6445768
   36.6455843   58.6451339
   36.6461401   58.6457386
   36.6517690   58.6523907
   36.6524941   58.6533613
   36.6540878   58.6557882
   36.6547128   58.6568853
   36.6684656   58.6850183
   36.6686084   58.6852717
   36.6687798   58.6855068
   36.6728717   58.6904790
   36.6730466   58.6906702
   36.6732720   58.6907980
   36.6801741   58.6942491
   36.6803787   58.6943400
   36.6806017   58.6943528
   36.6994186   58.6945839
   36.7004088   58.6946453
   36.7013882   58.6948045
   36.7023469   58.6950600
   36.7032756   58.6954092
   36.7041651   58.6958487
   36.7050066   58.6963742
   36.7057920   58.6969805
   36.7065134   58.6976617
   36.7071637   58.6984110
   36.7077366   58.6992211
   36.7082264   58.7000839
   36.7086283   58.7009910
   36.7089384   58.7019335
   36.7091535   58.7029021
   36.7092715   58.7038872
   36.7092914   58.7048792
   36.7092128   58.7058682
   36.7090367   58.7068446
   36.7087646   58.7077988
   36.7083994   58.7087213
   36.7079445   58.7096030
   36.7074045   58.7104354
   36.7072189   58.7106924
   36.7068943   58.7112053
   36.7043686   58.7157896
   36.7042619   58.7160077
   36.7041770   58.7162351
   36.7009136   58.7264691
   36.7008519   58.7267008
   36.7008824   58.7269386
   36.7016228   58.7311025
   36.7016785   58.7313443
   36.7018619   58.7315113
   36.7046840   58.7338322
   36.7048742   58.7339737
   36.7051091   58.7339419
   36.7138311   58.7323251
   36.7143015   58.7322141
   36.7410440   58.7245227
   36.7420909   58.7242816
   36.7609592   58.7209927
   36.7617178   58.7208902
   36.7624820   58.7208461
   36.7709302   58.7206818
   36.7718764   58.7207082
   36.7728159   58.7208240
   36.7737403   58.7210280
   36.7836870   58.7237236
   36.7846409   58.7240342
   36.7855590   58.7244389
   36.7953876   58.7293745
   36.7964038   58.7299619
   36.7973442   58.7306644
   36.8108201   58.7420213
   36.8115861   58.7427388
   36.8122727   58.7435328
   36.8128723   58.7443943
   36.8133782   58.7453139
   36.8137850   58.7462815
   36.8150474   58.7497889
   36.8153142   58.7506502
   36.8155023   58.7515321
   36.8156102   58.7524273
   36.8156370   58.7533286
   36.8156123   58.7549441
   36.8155404   58.7559974
   36.8153578   58.7570373
   36.8150667   58.7580521
   36.8146702   58.7590306
   36.8141727   58.7599618
   36.8135798   58.7608354
   36.7944283   58.7860756
   36.7941361   58.7865056
   36.7854018   58.8009130
   36.7852902   58.8011184
   36.7852189   58.8013409
   36.7838993   58.8062416
   36.7838467   58.8064860
   36.7839671   58.8067051
   36.7876446   58.8126582
   36.7877673   58.8128385
   36.7879326   58.8129807
   36.7968791   58.8200132
   36.7970675   58.8201476
   36.7972775   58.8202448
   36.8202202   58.8295962
   36.8214075   58.8301743
   36.8321588   58.8363186
   36.8324145   58.8364458
   36.8326831   58.8365430
   36.8477896   58.8410448
   36.8480172   58.8411011
   36.8482490   58.8411358
   36.8640512   58.8427457
   36.8642412   58.8427577
   36.8644315   58.8427553
   36.9003966   58.8409165
   36.9006196   58.8408950
   36.9008397   58.8408536
   36.9155005   58.8374085
   36.9167611   58.8371962
   36.9429359   58.8344938
   36.9438846   58.8344413
   36.9883582   58.8340930
   36.9894980   58.8341492
   36.9906240   58.8343349
   37.0103709   58.8387616
   37.0114962   58.8390841
   37.0125760   58.8395358
   37.0628108   58.8640979
   37.0629919   58.8641777
   37.0631787   58.8642429
   37.0740245   58.8675520
   37.0742563   58.8676107
   37.0744926   58.8676470
   37.0917340   58.8694509
   37.0923295   58.8694775
   37.1019937   58.8693311
   37.1025303   58.8692940
   37.1106428   58.8682925
   37.1110367   58.8682278
   37.1154121   58.8673284
   37.1155722   58.8672969
   37.1219495   58.8660941
   37.1222037   58.8660321
   37.1224099   58.8658709
   37.1369935   58.8531710
   37.1376287   58.8526618
   37.1383033   58.8522059
   37.1579173   58.8400835
   37.1584152   58.8397321
   37.1750359   58.8264105
   37.1752179   58.8262492
   37.1752300   58.8260063
   37.1752300   58.8153274
   37.1753072   58.8140874
   37.1761268   58.8075288
   37.1761646   58.8069951
   37.1762489   58.8020883
   37.1762964   58.8012723
   37.1764103   58.8004629
   37.1798799   58.7814708
   37.1800908   58.7805597
   37.1803859   58.7796723
   37.1807626   58.7788163
   37.1812177   58.7779992
   37.1817470   58.7772283
   37.1823461   58.7765101
   37.1867309   58.7717275
   37.1875744   58.7709096
   37.1885079   58.7701964
   37.2880880   58.7029927
   37.2884925   58.7026888
   37.3110552   58.6838783
   37.3118743   58.6832637
   37.3694478   58.6445064
   37.3696297   58.6443715
   37.3697683   58.6441925
   37.3751219   58.6365878
   37.3756803   58.6358669
   37.3763021   58.6351998
   37.3769820   58.6345921
   37.3777145   58.6340489
   37.3784934   58.6335747
   37.4015430   58.6209443
   37.4019997   58.6206611
   37.4236970   58.6055324
   37.4243242   58.6051290
   37.4249798   58.6047734
   37.4445493   58.5950852
   37.4454098   58.5947084
   37.4463019   58.5944140
   37.4983704   58.5799058
   37.4986118   58.5798248
   37.4987381   58.5796037
   37.5012157   58.5746861
   37.5016549   58.5739039
   37.5021623   58.5731643
   37.5027340   58.5724731
   37.5033654   58.5718359
   37.5322826   58.5451570
   37.5332175   58.5443935
   37.5390177   58.5402143
   37.5397760   58.5397185
   37.5405760   58.5392934
   37.5924643   58.5146666
   37.5926666   58.5145589
   37.5928582   58.5144331
   37.6224001   58.4930273
   37.6232282   58.4924876
   37.6241056   58.4920322
   37.6250237   58.4916658
   37.6259735   58.4913917
   37.6269456   58.4912128
   37.6279307   58.4911307
   37.6289191   58.4911462
   37.6299011   58.4912593
   37.6308672   58.4914688
   37.6346126   58.4924771
   37.6356454   58.4928164
   37.6366353   58.4932657
   37.6448287   58.4975366
   37.6458952   58.4981800
   37.6804177   58.5220597
   37.6812507   58.5227033
   37.6820114   58.5234309
   37.6826915   58.5242344
   37.6832833   58.5251049
   37.6936639   58.5422511
   37.6942063   58.5432772
   37.6946262   58.5443591
   37.7142535   58.6051824
   37.7145559   58.6063601
   37.7147131   58.6075658
   37.7153364   58.6166101
   37.7153621   58.6168344
   37.7154080   58.6170554
   37.7165340   58.6214657
   37.7166018   58.6216873
   37.7167624   58.6218543
   37.7221994   58.6270000
   37.7223861   58.6271600
   37.7226203   58.6272351
   37.7345347   58.6304120
   37.7347841   58.6304651
   37.7350376   58.6304923
   37.8237705   58.6354535
   37.8239758   58.6354565
   37.8241806   58.6354427
   37.8466437   58.6329892
   37.8469166   58.6329439
   37.8471828   58.6328687
   37.8549717   58.6301913
   37.8551837   58.6301075
   37.8553871   58.6300046
   37.8613345   58.6266467
   37.8618380   58.6263211
   37.8715535   58.6191763
   37.8722610   58.6187011
   37.8730064   58.6182879
   37.8757496   58.6169165
   37.8766415   58.6165237
   37.8775674   58.6162196
   37.8785185   58.6160071
   37.8794858   58.6158881
   37.8804601   58.6158639
   37.8814321   58.6159346
   37.8900445   58.6169853
   37.8909119   58.6171301
   37.8917633   58.6173505
   37.8925920   58.6176449
   37.9094613   58.6244867
   37.9104436   58.6249487
   37.9400461   58.6408875
   37.9408439   58.6413662
   37.9415938   58.6419170
   37.9739563   58.6680905
   37.9747306   58.6687864
   37.9754283   58.6695590
   37.9760419   58.6704000
   37.9911999   58.6936225
   37.9913098   58.6937776
   37.9914311   58.6939238
   38.0027341   58.7065382
   38.0028865   58.7066940
   38.0030520   58.7068360
   38.0153393   58.7164767
   38.0158680   58.7168393
   38.0474141   58.7356139
   38.0476340   58.7357302
   38.0478828   58.7357256
   38.4746186   58.7062761
   38.4756025   58.7062567
   38.4765836   58.7063342
   38.4775522   58.7065077
   38.4784992   58.7067755
   38.4794152   58.7071352
   38.4802915   58.7075831
   38.4811194   58.7081150
   38.5294552   58.7426403
   38.5301977   58.7432255
   38.5308816   58.7438783
   38.5315007   58.7445927
   38.5320497   58.7453624
   38.5404657   58.7584276
   38.5409695   58.7593042
   38.5413823   58.7602272
   38.5416997   58.7611871
   38.5419186   58.7621742
   38.5420367   58.7631783
   38.5422592   58.7665181
   38.5422937   58.7667972
   38.5423901   58.7670614
   38.5446506   58.7723112
   38.5447713   58.7725541
   38.5449641   58.7727449
   38.5498518   58.7770809
   38.5500350   58.7772284
   38.5502655   58.7772755
   38.5631719   58.7792775
   38.5633626   58.7792996
   38.5635544   58.7793070
   38.5763284   58.7793070
   38.5768521   58.7792795
   38.6013184   58.7767010
   38.6018823   58.7766087
   38.6416112   58.7677487
   38.6418046   58.7676973
   38.6419933   58.7676306
   38.6490333   58.7648197
   38.6492431   58.7647245
   38.6494310   58.7645928
   38.6538073   58.7612160
   38.6539917   58.7610586
   38.6540332   58.7608196
   38.6541773   58.7596512
   38.6543423   58.7586964
   38.6545989   58.7577620
   38.6549448   58.7568568
   38.6553766   58.7559894
   38.6558904   58.7551678
   38.6564813   58.7543998
   38.6571437   58.7536927
   38.6578715   58.7530529
   38.6586578   58.7524866
   38.6594952   58.7519990
   38.6603758   58.7515948
   38.6622266   58.7508516
   38.6633217   58.7504838
   38.6644519   58.7502447
   38.6737645   58.7488309
   38.6749681   58.7487220
   38.6967171   58.7480749
   38.6978191   58.7481029
   38.6989113   58.7482520
   38.7248630   58.7532655
   38.7253585   58.7533357
   38.7350905   58.7542202
   38.7355925   58.7542405
   38.8232723   58.7533673
   38.8234980   58.7533547
   38.8236949   58.7532438
   38.8282749   58.7503809
   38.8284561   58.7502562
   38.8286120   58.7501022
   38.8347933   58.7434329
   38.8355858   58.7426672
   38.8364577   58.7419934
   38.8373984   58.7414196
   38.8383966   58.7409527
   38.8417311   58.7396118
   38.8425949   58.7393096
   38.8434826   58.7390876
   38.8443870   58.7389477
   38.8453004   58.7388911
   38.8981911   58.7380359
   38.8993552   58.7380850
   38.9005056   58.7382691
   38.9073374   58.7397752
   38.9084030   58.7400728
   38.9094293   58.7404863
   38.9104036   58.7410107
   38.9112783   58.7415459
   38.9120982   58.7421052
   38.9128585   58.7427431
   38.9135519   58.7434532
   38.9141715   58.7442285
   38.9147112   58.7450614
   38.9151656   58.7459438
   38.9155304   58.7468668
   38.9158019   58.7478214
   38.9159774   58.7487982
   38.9160552   58.7497877
   38.9161713   58.7538153
   38.9161588   58.7546815
   38.9160713   58.7555434
   38.9159095   58.7563945
   38.9149039   58.7606673
   38.9146241   58.7616350
   38.9142483   58.7625695
   38.9137805   58.7634615
   38.9023832   58.7827606
   38.9022677   58.7829807
   38.9021982   58.7832194
   38.9010724   58.7879575
   38.9010280   58.7881955
   38.9010542   58.7884361
   38.9018055   58.7931770
   38.9018536   58.7934083
   38.9020198   58.7935761
   38.9078799   58.7989485
   38.9080500   58.7990911
   38.9082421   58.7992008
   38.9909896   58.8417377
   38.9918276   58.8422211
   38.9926149   58.8427832
   38.9933442   58.8434187
   38.9940088   58.8441217
   38.9946022   58.8448856
   38.9951191   58.8457033
   38.9955546   58.8465671
   38.9959045   58.8474690
   38.9961657   58.8484004
   38.9963357   58.8493527
   38.9964128   58.8503170
   38.9963964   58.8512842
   38.9962867   58.8522453
   38.9960846   58.8531914
   38.9957920   58.8541134
   38.9954117   58.8550029
   38.9949472   58.8558515
   38.9944029   58.8566512
   38.9937839   58.8573946
   38.9930960   58.8580747
   38.9923455   58.8586851
   38.9915396   58.8592202
   38.9687636   58.8728025
   38.9680785   58.8731756
   38.9673663   58.8734942
   38.9617445   58.8757505
   38.9607386   58.8760933
   38.9597019   58.8763275
   38.9524641   58.8775625
   38.9514680   58.8776814
   38.9327396   58.8789691
   38.9324385   58.8790083
   38.9321445   58.8790840
   38.9248744   58.8814354
   38.9246871   58.8815044
   38.9245059   58.8815881
   38.9182795   58.8847733
   38.9180769   58.8848894
   38.9179494   58.8850849
   38.9153974   58.8894342
   38.9152902   58.8896383
   38.9153080   58.8898681
   38.9158695   58.8943607
   38.9159094   58.8945906
   38.9160969   58.8947294
   38.9315352   58.9050530
   38.9323091   58.9056263
   38.9330242   58.9062714
   38.9336740   58.9069822
   38.9349209   58.9084857
   38.9355215   58.9092888
   38.9360387   58.9101480
   38.9364672   58.9110547
   38.9368028   58.9119997
   38.9370421   58.9129736
   38.9371826   58.9139665
   38.9372229   58.9149686
   38.9371627   58.9159696
   38.9370025   58.9169596
   38.9355873   58.9235801
   38.9355085   58.9240637
   38.9340129   58.9373019
   38.9339977   58.9375361
   38.9341493   58.9377153
   38.9401160   58.9441222
   38.9402950   58.9442957
   38.9405441   58.9442841
   38.9795481   58.9404559
   38.9797691   58.9404241
   38.9799864   58.9403728
   38.9865639   58.9385028
   38.9873220   58.9383189
   38.9880922   58.9381947
   39.0052741   58.9361069
   39.0063619   58.9360345
   39.0290111   58.9357663
   39.0297920   58.9357875
   39.0305688   58.9358697
   39.0715644   58.9418319
   39.0723709   58.9419832
   39.0731623   58.9422001
   39.0739332   58.9424812
   39.1009869   58.9536227
   39.1012133   58.9537034
   39.1014534   58.9537157
   39.1185246   58.9537653
   39.1187783   58.9537530
   39.1190165   58.9536644
   39.1567123   58.9374005
   39.1577653   58.9370147
   39.2259760   58.9162789
   39.2271061   58.9160060
   39.2282603   58.9158661
   39.2336486   58.9155291
   39.2346981   58.9155186
   39.2357430   58.9156182
   39.2367716   58.9158268
   39.2377727   58.9161420
   39.2631771   58.9256336
   39.2633733   58.9256977
   39.2635767   58.9257286
   39.2866984   58.9282639
   39.2869362   58.9282786
   39.2871742   58.9282704
   39.3149828   58.9259863
   39.3152512   58.9259495
   39.3155140   58.9258837
   39.3311419   58.9210567
   39.3318019   58.9208003
   39.3555908   58.9095576
   39.3563732   58.9092277
   39.3702340   58.9040650
   39.3713922   58.9037118
   39.3725847   58.9035012
   39.4992937   58.8889654
   39.4995300   58.8889267
   39.4997545   58.8888435
   39.5224284   58.8791722
   39.5237998   58.8787015
   39.5284767   58.8774671
   39.5295044   58.8772528
   39.5305488   58.8771475
   39.5315985   58.8771522
   39.5326419   58.8772669
   39.5402045   58.8785031
   39.5412709   58.8787378
   39.5423054   58.8790874
   39.5479328   58.8813385
   39.5490051   58.8818431
   39.5500103   58.8824710
   39.5795112   58.9034297
   39.5797399   58.9035741
   39.5800029   58.9036371
   39.5947725   58.9063318
   39.5950291   58.9063648
   39.5952676   58.9062647
   39.6193279   58.8946402
   39.6195201   58.8945368
   39.6197025   58.8944169
   39.6818042   58.8495995
   39.6826168   58.8490710
   39.6834769   58.8486236
   39.6843762   58.8482616
   39.6853063   58.8479884
   39.7580561   58.8304008
   39.7590230   58.8302169
   39.7917088   58.8256526
   39.7923252   58.8255265
   39.8003559   58.8233489
   39.8005945   58.8232711
   39.8008240   58.8231698
   39.8081421   58.8194871
   39.8083443   58.8193732
   39.8085070   58.8192078
   39.8141236   58.8129372
   39.8145318   58.8124157
   39.8182779   58.8069133
   39.8186360   58.8062970
   39.8212774   58.8008965
   39.8214513   58.8004980
   39.8234582   58.7952905
   39.8236082   58.7948383
   39.8267228   58.7836928
   39.8270223   58.7827894
   39.8287096   58.7784094
   39.8290547   58.7776174
   39.8294668   58.7768582
   39.8310802   58.7741698
   39.8316360   58.7733405
   39.8322718   58.7725708
   39.8329811   58.7718683
   39.8337569   58.7712400
   39.8374171   58.7685670
   39.8382496   58.7680204
   39.8391323   58.7675594
   39.8400565   58.7671884
   39.8484275   58.7643035
   39.8492887   58.7640493
   39.8501692   58.7638734
   39.8678943   58.7611538
   39.8688146   58.7610559
   39.8697400   58.7610436
   39.9438315   58.7634833
   39.9444812   58.7634624
   39.9565468   58.7622845
   39.9571844   58.7621802
   39.9687091   58.7595211
   39.9689553   58.7594507
   39.9691683   58.7593085
   39.9792725   58.7517798
   39.9797123   58.7514109
   39.9855505   58.7459135
   39.9856974   58.7457631
   39.9858310   58.7456008
   39.9995259   58.7274676
   39.9996490   58.7272890
   39.9997561   58.7271003
   40.0035817   58.7196217
   40.0036779   58.7194100
   40.0037539   58.7191902
   40.0119660   58.6912875
   40.0123180   58.6902895
   40.0127736   58.6893344
   40.0145182   58.6861254
   40.0149778   58.6853631
   40.0155033   58.6846447
   40.0160906   58.6839759
   40.0184214   58.6815483
   40.0191724   58.6808428
   40.0199920   58.6802184
   40.0208715   58.6796816
   40.0251995   58.6773371
   40.0259600   58.6769658
   40.0267491   58.6766602
   40.0275612   58.6764224
   40.0352147   58.6745291
   40.0361477   58.6743449
   40.0370939   58.6742502
   40.0788499   58.6720669
   40.0791314   58.6720360
   40.0793985   58.6719422
   40.0876075   58.6685223
   40.0878105   58.6684267
   40.0879510   58.6682518
   40.0929289   58.6614436
   40.0930750   58.6612194
   40.0931697   58.6609692
   40.0951678   58.6546885
   40.0952406   58.6544017
   40.0952788   58.6541083
   40.0980032   58.6153170
   40.0981793   58.6140246
   40.0991220   58.6093892
   40.0993226   58.6085778
   40.0995904   58.6077860
   40.1010626   58.6039660
   40.1015140   58.6029630
   40.1020729   58.6020156
   40.1036252   58.5996868
   40.1042301   58.5988722
   40.1049144   58.5981231
   40.1056711   58.5974472
   40.1064924   58.5968514
   40.1115622   58.5935528
   40.1123307   58.5931003
   40.1131365   58.5927180
   40.1408079   58.5810714
   40.1410377   58.5809605
   40.1412550   58.5808267
   40.1492895   58.5752911
   40.1495088   58.5751213
   40.1497079   58.5749281
   40.1548028   58.5693996
   40.1549823   58.5691811
   40.1551077   58.5689277
   40.1569899   58.5645085
   40.1574148   58.5636319
   40.1579231   58.5628007
   40.1589827   58.5612438
   40.1596068   58.5604214
   40.1603124   58.5596678
   40.1610919   58.5589910
   40.1619371   58.5583981
   40.1628388   58.5578955
   40.1637876   58.5574886
   40.1730163   58.5540828
   40.1738164   58.5538252
   40.1746354   58.5536357
   40.1946746   58.5498780
   40.1959433   58.5497232
   40.2911771   58.5442444
   40.2922288   58.5442393
   40.2932752   58.5443447
   40.2943047   58.5445593
   40.3200176   58.5513495
   40.3205036   58.5514523
   40.3329899   58.5534511
   40.3331776   58.5534738
   40.3333665   58.5534824
   40.3472828   58.5535821
   40.3478020   58.5535588
   40.3873065   58.5497189
   40.3886042   58.5496775
   40.4035263   58.5501706
   40.4043826   58.5502357
   40.4052301   58.5503742
   40.4475799   58.5591723
   40.4477961   58.5592074
   40.4480144   58.5592041
   40.4942540   58.5564820
   40.4951779   58.5564704
   40.4960989   58.5565441
   40.4970092   58.5567024
   40.5374832   58.5656888
   40.5385086   58.5659745
   40.5394977   58.5663675
   40.5404395   58.5668635
   40.5523033   58.5739421
   40.5531571   58.5745129
   40.5539478   58.5751683
   40.5546671   58.5759014
   40.5553075   58.5767043
   40.5558621   58.5775687
   40.5605518   58.5857766
   40.5606633   58.5859540
   40.5608024   58.5861096
   40.5649406   58.5903680
   40.5651070   58.5905241
   40.5653180   58.5906096
   40.5726783   58.5932096
   40.5728538   58.5932644
   40.5730328   58.5933062
   40.5914236   58.5968853
   40.5925051   58.5971592
   40.6161766   58.6045812
   40.6163657   58.6046325
   40.6165583   58.6046687
   40.6252640   58.6059552
   40.6254595   58.6059762
   40.6256561   58.6059818
   40.6347394   58.6058825
   40.6349650   58.6058697
   40.6351788   58.6057966
   40.6444910   58.6021312
   40.6446783   58.6020484
   40.6448582   58.6019506
   40.6513391   58.5980727
   40.6516608   58.5978630
   40.6616405   58.5907974
   40.6624263   58.5902944
   40.6632556   58.5898668
   40.6641211   58.5895183
   40.6650154   58.5892520
   40.6732136   58.5872221
   40.6740396   58.5870542
   40.6748769   58.5869564
   40.6893840   58.5858797
   40.6907246   58.5858703
   40.7199059   58.5876255
   40.7203544   58.5876323
   40.7599266   58.5864560
   40.7601261   58.5864420
   40.7603239   58.5864121
   40.7998148   58.5788138
   40.8009570   58.5786616
   40.8021091   58.5786419
   40.8899317   58.5822001
   40.8905654   58.5821856
   40.9179250   58.5798130
   40.9188977   58.5797762
   40.9198695   58.5798342
   40.9208309   58.5799863
   40.9217730   58.5802313
   40.9226869   58.5805666
   40.9235638   58.5809892
   40.9243955   58.5814951
   40.9251740   58.5820795
   40.9258920   58.5827367
   40.9265427   58.5834607
   40.9271200   58.5842445
   40.9276183   58.5850807
   40.9280330   58.5859614
   40.9283600   58.5868783
   40.9302799   58.5932205
   40.9303592   58.5934430
   40.9305803   58.5935257
   41.0155413   58.6207110
   41.0164982   58.6210720
   41.0302904   58.6270994
   41.0312987   58.6276097
   41.0383913   58.6317184
   41.0392519   58.6322779
   41.0400506   58.6329226
   41.0608796   58.6515796
   41.0610996   58.6517553
   41.0613536   58.6518769
   41.1516490   58.6889824
   41.1527296   58.6895043
   41.1537399   58.6901519
   41.1607040   58.6952300
   41.1614533   58.6958337
   41.1621412   58.6965067
   41.1627612   58.6972426
   41.1633076   58.6980348
   41.1637753   58.6988758
   41.1650553   58.7014632
   41.1651765   58.7016800
   41.1653872   58.7018113
   41.1742262   58.7067212
   41.1747252   58.7069631
   41.2102762   58.7218258
   41.2111814   58.7222588
   41.2120386   58.7227803
   41.2128392   58.7233850
   41.2157215   58.7257986
   41.2164489   58.7264718
   41.2171062   58.7272137
   41.2176867   58.7280170
   41.2181849   58.7288738
   41.2185958   58.7297758
   41.2189154   58.7307140
   41.2191405   58.7316792
   41.2192691   58.7326620
   41.2192996   58.7336526
   41.2192320   58.7346414
   41.2190668   58.7356187
   41.2188057   58.7365748
   41.2184513   58.7375004
   41.2180069   58.7383863
   41.2174770   58.7392240
   41.2168668   58.7400050
   41.2161823   58.7407218
   41.2154302   58.7413673
   41.2146179   58.7419352
   41.1461730   58.7848992
   41.1459531   58.7850545
   41.1457511   58.7852326
   41.1369340   58.7939002
   41.1367564   58.7940944
   41.1366236   58.7943216
   41.1342827   58.7988629
   41.1341754   58.7991013
   41.1342036   58.7993611
   41.1351555   58.8052119
   41.1352057   58.8054468
   41.1354194   58.8055565
   41.1418987   58.8084863
   41.1425648   58.8087322
   41.1611137   58.8141134
   41.1619731   58.8144056
   41.1707771   58.8178525
   41.1716148   58.8182256
   41.1724148   58.8186739
   41.1731704   58.8191936
   41.1738752   58.8197804
   41.1763147   58.8220084
   41.1770478   58.8227517
   41.1776994   58.8235674
   41.1782624   58.8244466
   41.1787306   58.8253797
   41.1794327   58.8269824
   41.1797915   58.8279293
   41.1800528   58.8289076
   41.1802137   58.8299073
   41.1802728   58.8309182
   41.1803581   58.8420293
   41.1803719   58.8422721
   41.1804326   58.8425077
   41.1827654   58.8500146
   41.1828518   58.8502497
   41.1830575   58.8503925
   41.1894770   58.8543811
   41.1896656   58.8544871
   41.1898751   58.8545409
   41.1992652   58.8565178
   41.1996980   58.8565892
   41.2229606   58.8593871
   41.2241639   58.8596072
   41.2253314   58.8599726
   41.2359535   58.8640256
   41.2369054   58.8644468
   41.2378083   58.8649646
   41.2386525   58.8655735
   41.2394288   58.8662668
   41.2427252   58.8695346
   41.2434109   58.8702875
   41.2440166   58.8711062
   41.2445358   58.8719823
   41.2462883   58.8753151
   41.2467077   58.8762193
   41.2470349   58.8771608
   41.2472668   58.8781302
   41.2474011   58.8791178
   41.2482958   58.8895889
   41.2483320   58.8904111
   41.2483006   58.8912335
   41.2479900   58.8951363
   41.2478828   58.8960030
   41.2477003   58.8968571
   41.2474441   58.8976921
   41.2471159   58.8985014
   41.2467523   58.8992968
   41.2463330   58.9001126
   41.2458408   58.9008865
   41.2452797   58.9016120
   41.2446545   58.9022832
   41.2439705   58.9028942
   41.2432333   58.9034399
   41.2424492   58.9039158
   41.2409575   58.9047302
   41.2400521   58.9051668
   41.2391075   58.9055104
   41.2381332   58.9057574
   41.2371390   58.9059053
   41.2314082   58.9064655
   41.2305885   58.9065118
   41.2297678   58.9064907
   41.2289516   58.9064023
   41.2220226   58.9053628
   41.2207766   58.9050937
   41.2047834   58.9005556
   41.2045428   58.9005001
   41.2042980   58.9004686
   41.1943039   58.8996846
   41.1937014   58.8996738
   41.1833070   58.9001150
   41.1830490   58.9001394
   41.1827949   58.9001905
   41.1746061   58.9022866
   41.1743708   58.9023594
   41.1741545   58.9024771
   41.1684800   58.9059396
   41.1682765   58.9060781
   41.1681226   58.9062703
   41.1612752   58.9157477
   41.1611472   58.9159438
   41.1610790   58.9161678
   41.1591258   58.9238796
   41.1590796   58.9241057
   41.1590759   58.9243354
   41.1593734   58.9343726
   41.1593897   58.9345920
   41.1594630   58.9347994
   41.1674524   58.9545733
   41.1675539   58.9547928
   41.1677314   58.9549571
   41.1769746   58.9627089
   41.1771615   58.9628511
   41.1773807   58.9629353
   41.1891305   58.9668188
   41.1893539   58.9668812
   41.1895851   58.9669012
   41.2112508   58.9677533
   41.2120983   58.9678228
   41.2210485   58.9689417
   41.2220007   58.9691078
   41.2229324   58.9693651
   41.2683436   58.9843010
   41.2685217   58.9843523
   41.2687030   58.9843903
   41.2764715   58.9857175
   41.2766858   58.9857446
   41.2769007   58.9857344
   41.2855386   58.9849489
   41.2857778   58.9849155
   41.2860126   58.9848590
   41.3019507   58.9801977
   41.3024653   58.9800161
   41.3166789   58.9741103
   41.3168842   58.9740138
   41.3170798   58.9738991
   41.3225709   58.9703347
   41.3227717   58.9701897
   41.3229398   58.9700077
   41.3265756   58.9656555
   41.3267010   58.9654921
   41.3267975   58.9653108
   41.3282568   58.9622752
   41.3287452   58.9613795
   41.3293222   58.9605383
   41.3299820   58.9597602
   41.3307176   58.9590533
   41.3315214   58.9584251
   41.3323850   58.9578820
   41.3332995   58.9574298
   41.3342552   58.9570731
   41.3352424   58.9568156
   41.3362506   58.9566600
   41.3372695   58.9566080
   41.3387967   58.9566080
   41.3397691   58.9566554
   41.3407324   58.9567971
   41.3416773   58.9570319
   41.3425949   58.9573574
   41.3434765   58.9577706
   41.3847981   58.9796526
   41.3850030   58.9797495
   41.3852158   58.9798273
   41.4431305   58.9980733
   41.4436630   58.9982094
   41.4513371   58.9997262
   41.4522687   58.9999573
   41.4531739   59.0002767
   41.4975104   59.0183562
   41.4983411   59.0187402
   41.4991332   59.0191985
   41.4998802   59.0197273
   41.5217601   59.0367730
   41.5219459   59.0369046
   41.5221605   59.0369807
   41.6259580   59.0685102
   41.6264974   59.0686418
   41.6854018   59.0795868
   41.6864429   59.0798386
   41.6874512   59.0802003
   41.6884149   59.0806678
   41.6936717   59.0835753
   41.6944386   59.0840457
   41.6951601   59.0845831
   41.6958304   59.0851833
   41.6964440   59.0858412
   41.7093938   59.1010427
   41.7095330   59.1011930
   41.7096943   59.1013181
   41.7298122   59.1156447
   41.7299959   59.1157637
   41.7301968   59.1158484
   41.7434022   59.1207503
   41.7436355   59.1208241
   41.7438787   59.1208508
   41.7545304   59.1214921
   41.7547921   59.1214939
   41.7550313   59.1213880
   41.7611087   59.1183017
   41.7613018   59.1181926
   41.7614717   59.1180515
   41.7741106   59.1065858
   41.7747913   59.1060211
   41.7755192   59.1055188
   41.7762887   59.1050827
   41.7770936   59.1047163
   41.7779278   59.1044225
   41.8264513   59.0897090
   41.8272532   59.0895017
   41.8280696   59.0893614
   41.8527975   59.0861612
   41.8539955   59.0860789
   41.8734849   59.0859124
   41.8745750   59.0859626
   41.8756531   59.0861313
   41.8843054   59.0879739
   41.8852456   59.0882224
   41.8861573   59.0885612
   41.8870317   59.0889869
   41.8921203   59.0917780
   41.8931422   59.0924217
   41.8940790   59.0931839
   41.8997287   59.0983778
   41.8999098   59.0985291
   41.9001043   59.0986626
   41.9099340   59.1047437
   41.9101400   59.1048580
   41.9103558   59.1049524
   41.9317250   59.1131173
   41.9323808   59.1133175
   41.9458917   59.1164463
   41.9461033   59.1164858
   41.9463176   59.1165068
   41.9637309   59.1174632
   41.9642332   59.1174655
   41.9804445   59.1167242
   41.9814173   59.1167271
   42.0110548   59.1182584
   42.0119316   59.1183426
   42.0127975   59.1185035
   42.0244640   59.1212085
   42.0253131   59.1214452
   42.0261380   59.1217559
   42.0269324   59.1221379
   42.0276901   59.1225884
   42.0316536   59.1251882
   42.0324376   59.1257588
   42.0331627   59.1264025
   42.0338221   59.1271135
   42.0344095   59.1278850
   42.0349194   59.1287097
   42.0353470   59.1295800
   42.0365160   59.1322826
   42.0367962   59.1328340
   42.0400328   59.1383308
   42.0401618   59.1385280
   42.0403257   59.1386973
   42.0455347   59.1435927
   42.0457424   59.1437675
   42.0459830   59.1438931
   42.0708367   59.1551795
   42.0717121   59.1556303
   42.0725390   59.1561651
   42.0733093   59.1567785
   42.0753020   59.1585326
   42.0759959   59.1592057
   42.0766216   59.1599426
   42.0771732   59.1607365
   42.0776455   59.1615800
   42.0780343   59.1624651
   42.0792634   59.1656775
   42.0795508   59.1665457
   42.0809683   59.1715895
   42.0811529   59.1723631
   42.0812754   59.1731490
   42.0827208   59.1856785
   42.0827525   59.1859067
   42.0892888   59.2261685
   42.0893986   59.2271483
   42.0894114   59.2281341
   42.0893271   59.2291163
   42.0891465   59.2300855
   42.0888713   59.2310322
   42.0885042   59.2319472
   42.0880488   59.2328216
   42.0867068   59.2351150
   42.0860955   59.2360382
   42.0853860   59.2368881
   42.0822738   59.2402220
   42.0816137   59.2408668
   42.0808969   59.2414480
   42.0801296   59.2419607
   42.0793183   59.2424004
   42.0784699   59.2427635
   42.0775917   59.2430468
   42.0766911   59.2432479
   42.0757758   59.2433652
   42.0336204   59.2467994
   42.0330463   59.2468799
   42.0025686   59.2529753
   42.0023286   59.2530358
   42.0020958   59.2531198
   41.9735571   59.2650534
   41.9732917   59.2651834
   41.9730436   59.2653439
   41.9650019   59.2712525
   41.9648157   59.2714036
   41.9646449   59.2715720
   41.9591831   59.2774981
   41.9590316   59.2776792
   41.9589804   59.2779097
   41.9580337   59.2833980
   41.9580021   59.2836699
   41.9580005   59.2839437
   41.9582857   59.2897438
   41.9583074   59.2899715
   41.9583702   59.2901905
   41.9601854   59.2955872
   41.9602705   59.2958054
   41.9604458   59.2959606
   41.9653328   59.2998898
   41.9655386   59.3000386
   41.9657703   59.3001426
   41.9729003   59.3029123
   41.9734707   59.3030954
   41.9813516   59.3051120
   41.9825537   59.3055021
   41.9876189   59.3075075
   41.9884838   59.3078983
   41.9893077   59.3083694
   41.9900833   59.3089165
   41.9908035   59.3095347
   41.9925864   59.3112183
   41.9932765   59.3119384
   41.9938915   59.3127238
   41.9944252   59.3135664
   41.9948723   59.3144581
   41.9957797   59.3165183
   41.9961144   59.3173854
   41.9963671   59.3182798
   41.9965358   59.3191939
   41.9966188   59.3201196
   41.9986975   59.3684841
   41.9987198   59.3687263
   41.9987656   59.3689653
   42.0004132   59.3757498
   42.0004741   59.3759599
   42.0005532   59.3761639
   42.0031684   59.3821195
   42.0032643   59.3823144
   42.0033768   59.3825002
   42.0100960   59.3925791
   42.0105083   59.3931150
   42.0355684   59.4214869
   42.0357142   59.4216386
   42.0358827   59.4217631
   42.0410965   59.4252863
   42.0412944   59.4254069
   42.0415178   59.4254681
   42.0491499   59.4271809
   42.0493522   59.4272176
   42.0495570   59.4272205
   42.0578983   59.4269993
   42.0581346   59.4269818
   42.0583682   59.4269419
   42.0760041   59.4230589
   42.0766358   59.4228755
   42.1209764   59.4067652
   42.1217059   59.4065313
   42.1224512   59.4063540
   42.1305880   59.4047449
   42.1316259   59.4045956
   42.1759058   59.4005845
   42.1761602   59.4005480
   42.1763782   59.4004117
   42.1816678   59.3967088
   42.1818427   59.3965745
   42.1820050   59.3964253
   42.1874678   59.3909380
   42.1876258   59.3907633
   42.1876408   59.3905282
   42.1877379   59.3844242
   42.1877335   59.3842315
   42.1877143   59.3840396
   42.1859068   59.3710900
   42.1858727   59.3708996
   42.1858238   59.3707124
   42.1823099   59.3590977
   42.1820608   59.3580873
   42.1810527   59.3528363
   42.1808849   59.3514318
   42.1805250   59.3439576
   42.1805183   59.3431661
   42.1807830   59.3346499
   42.1808717   59.3335957
   42.1810714   59.3325568
   42.1844024   59.3191054
   42.1846625   59.3182290
   42.1850015   59.3173800
   42.1854166   59.3165656
   42.1859044   59.3157924
   42.1897354   59.3102941
   42.1904825   59.3093487
   42.1913380   59.3085001
   42.1958200   59.3045602
   42.1966642   59.3038950
   42.1975748   59.3033243
   42.1985415   59.3028546
   42.2358009   59.2871654
   42.2360014   59.2870702
   42.2361926   59.2869577
   42.2545588   59.2750149
   42.2553001   59.2745771
   42.2709503   59.2662205
   42.2716760   59.2658699
   42.2724275   59.2655788
   42.2823393   59.2621926
   42.2832047   59.2619398
   42.2840895   59.2617661
   42.2849862   59.2616727
   42.2858878   59.2616605
   42.2925159   59.2618698
   42.2934198   59.2619395
   42.2943137   59.2620907
   42.2951902   59.2623223
   42.3166585   59.2690487
   42.3175106   59.2693587
   42.3183312   59.2697447
   42.3191134   59.2702034
   42.3223805   59.2723242
   42.3230892   59.2728294
   42.3237514   59.2733944
   42.3243618   59.2740147
   42.3249161   59.2746858
   42.3271044   59.2775838
   42.3276412   59.2783698
   42.3281009   59.2792034
   42.3331568   59.2895027
   42.3332703   59.2897087
   42.3334204   59.2898896
   42.3374494   59.2943018
   42.3376081   59.2944606
   42.3378124   59.2945526
   42.3449557   59.2973900
   42.3451495   59.2974579
   42.3453511   59.2974929
   42.3656562   59.3001701
   42.3661880   59.3002115
   42.4950338   59.3033400
   42.4964210   59.3034708
   42.5000948   59.3040778
   42.5011926   59.3043233
   42.5022559   59.3046905
   42.5281403   59.3152949
   42.5283961   59.3153838
   42.5286601   59.3154444
   42.5418547   59.3177262
   42.5424230   59.3177912
   42.5609371   59.3188418
   42.5615786   59.3188369
   42.6011377   59.3159893
   42.6017806   59.3159008
   42.6188414   59.3124091
   42.6194193   59.3122542
   42.6313307   59.3082841
   42.6315342   59.3082062
   42.6317203   59.3080946
   42.6487230   59.2968606
   42.6488953   59.2967359
   42.6490434   59.2965841
   42.6527815   59.2924149
   42.6530668   59.2920663
   42.6594660   59.2834849
   42.6600756   59.2827444
   42.6635663   59.2788960
   42.6639689   59.2783898
   42.6670564   59.2739450
   42.6671839   59.2737413
   42.6672911   59.2735263
   42.6691595   59.2692771
   42.6692484   59.2690432
   42.6691871   59.2688006
   42.6678913   59.2645898
   42.6678036   59.2643500
   42.6676087   59.2641851
   42.6630929   59.2607507
   42.6625950   59.2604172
   42.6578905   59.2576596
   42.6570709   59.2571236
   42.6563076   59.2565100
   42.6556081   59.2558247
   42.6549789   59.2550742
   42.6544261   59.2542658
   42.6539551   59.2534072
   42.6535703   59.2525066
   42.6532754   59.2515727
   42.6530733   59.2506145
   42.6529659   59.2496411
   42.6529543   59.2486618
   42.6530384   59.2476861
   42.6532177   59.2467233
   42.6534902   59.2457827
   42.6538534   59.2448732
   42.6543039   59.2440036
   42.6545898   59.2435121
   42.6551041   59.2427173
   42.6556911   59.2419748
   42.6563458   59.2412910
   42.6612064   59.2366735
   42.6618367   59.2361229
   42.6702833   59.2293474
   42.6710721   59.2287755
   42.6719129   59.2282831
   42.6727975   59.2278748
   42.6803535   59.2248248
   42.6813698   59.2244768
   42.6824176   59.2242399
   42.7019161   59.2209189
   42.7029663   59.2207967
   42.7411406   59.2183915
   42.7413990   59.2183615
   42.7416455   59.2182786
   42.7491555   59.2153040
   42.7493549   59.2152147
   42.7495240   59.2150765
   42.7542559   59.2108511
   42.7544159   59.2106947
   42.7545283   59.2105012
   42.7595868   59.2008146
   42.7602961   59.1996557
   42.7626682   59.1963135
   42.7633592   59.1954462
   42.7641419   59.1946607
   42.7722496   59.1873806
   42.7729485   59.1868078
   42.7736963   59.1863006
   42.7983559   59.1711515
   42.7991950   59.1706898
   42.8000746   59.1703106
   42.8009863   59.1700171
   42.8067521   59.1684621
   42.8077676   59.1682441
   42.8088002   59.1681326
   42.8098389   59.1681288
   42.8108723   59.1682327
   42.8143507   59.1687663
   42.8154164   59.1689898
   42.8164514   59.1693277
   42.8174436   59.1697763
   42.8183811   59.1703300
   42.8221448   59.1728389
   42.8227385   59.1731784
   42.8287380   59.1760832
   42.8289439   59.1761716
   42.8291677   59.1761610
   42.8408724   59.1750697
   42.8411327   59.1750314
   42.8413679   59.1749134
   42.8460782   59.1722283
   42.8462958   59.1720887
   42.8464599   59.1718889
   42.8490298   59.1684022
   42.8496651   59.1676252
   42.8503750   59.1669158
   42.8511525   59.1662811
   42.8519896   59.1657276
   42.8528781   59.1652608
   42.8538088   59.1648853
   42.8547725   59.1646051
   42.8557595   59.1644228
   42.8567597   59.1643404
   42.8577631   59.1643587
   42.8587597   59.1644775
   42.8597393   59.1646956
   42.8606922   59.1650107
   42.8616087   59.1654198
   42.8813399   59.1754434
   42.8821854   59.1759261
   42.8829801   59.1764887
   42.8837162   59.1771260
   42.8843869   59.1778318
   42.8959441   59.1912467
   42.8961305   59.1914407
   42.8963542   59.1915900
   42.9017919   59.1948097
   42.9020163   59.1949275
   42.9022657   59.1949720
   42.9128506   59.1963072
   42.9130714   59.1963251
   42.9132909   59.1963038
   42.9368927   59.1929523
   42.9378926   59.1928612
   42.9388967   59.1928709
   42.9398948   59.1929812
   42.9408767   59.1931911
   42.9800806   59.2036521
   42.9803564   59.2037091
   42.9806368   59.2037347
   43.0150182   59.2049201
   43.0158788   59.2049871
   43.0167305   59.2051280
   43.0175669   59.2053419
   43.0239264   59.2072641
   43.0248021   59.2075738
   43.0256452   59.2079634
   43.0264486   59.2084296
   43.0272052   59.2089684
   43.0306531   59.2116731
   43.0313342   59.2122586
   43.0319600   59.2129029
   43.0325255   59.2136008
   43.0352399   59.2172767
   43.0356770   59.2177917
   43.0397645   59.2219951
   43.0402391   59.2224244
   43.0444539   59.2257716
   43.0452222   59.2264487
   43.0459172   59.2272009
   43.0490345   59.2309418
   43.0497012   59.2318396
   43.0538291   59.2381013
   43.0539475   59.2382659
   43.0540788   59.2384203
   43.0602824   59.2451413
   43.0604598   59.2453152
   43.0606683   59.2454504
   43.0754113   59.2539995
   43.0756502   59.2541213
   43.0759096   59.2541890
   43.0889747   59.2568573
   43.0893962   59.2569247
   43.0956477   59.2576533
   43.0966207   59.2578157
   43.0975731   59.2580732
   43.0984954   59.2584232
   43.0993787   59.2588625
   43.1002145   59.2593866
   43.1009945   59.2599906
   43.1017113   59.2606684
   43.1023578   59.2614136
   43.1029277   59.2622188
   43.1034154   59.2630763
   43.1038164   59.2639777
   43.1041265   59.2649142
   43.1043429   59.2658767
   43.1044634   59.2668559
   43.1044868   59.2678421
   43.1044129   59.2688258
   43.1042425   59.2697975
   43.1039771   59.2707477
   43.1036194   59.2716671
   43.1031729   59.2725468
   43.1020279   59.2745509
   43.1019111   59.2747829
   43.1019271   59.2750422
   43.1025921   59.2808418
   43.1026312   59.2810795
   43.1027955   59.2812556
   43.1117397   59.2899508
   43.1119280   59.2901161
   43.1121730   59.2901688
   43.1199613   59.2914348
   43.1201887   59.2914610
   43.1204039   59.2913829
   43.1255323   59.2892455
   43.1257627   59.2891352
   43.1259293   59.2889415
   43.1293544   59.2845178
   43.1294828   59.2843355
   43.1295387   59.2841201
   43.1305605   59.2793086
   43.1307646   59.2785108
   43.1310336   59.2777325
   43.1322278   59.2746898
   43.1325994   59.2738568
   43.1330454   59.2730612
   43.1335620   59.2723095
   43.1341449   59.2716080
   43.1359179   59.2696622
   43.1365513   59.2690268
   43.1372391   59.2684508
   43.1379758   59.2679387
   43.1387554   59.2674947
   43.1498409   59.2618240
   43.1505890   59.2614795
   43.1513629   59.2611976
   43.2167461   59.2403933
   43.2176615   59.2401491
   43.2185960   59.2399926
   43.2629571   59.2347115
   43.2634977   59.2346168
   43.2747998   59.2319896
   43.2750100   59.2319309
   43.2752060   59.2318368
   43.2822222   59.2280850
   43.2824443   59.2279507
   43.2825923   59.2277374
   43.2841946   59.2251478
   43.2847697   59.2243155
   43.2854260   59.2235456
   43.2861566   59.2228459
   43.2869543   59.2222237
   43.2878107   59.2216852
   43.2931013   59.2187210
   43.2941597   59.2182074
   43.2952711   59.2178216
   43.3067868   59.2145690
   43.3076797   59.2143605
   43.3085880   59.2142347
   43.3353089   59.2117743
   43.3363006   59.2117325
   43.3372916   59.2117892
   43.3489505   59.2130390
   43.3498447   59.2131760
   43.3507229   59.2133932
   43.3515778   59.2136889
   43.3524025   59.2140607
   43.3530181   59.2143724
   43.3538839   59.2148666
   43.3546962   59.2154445
   43.3554470   59.2161005
   43.3561287   59.2168279
   43.3567346   59.2176196
   43.3572586   59.2184676
   43.3576956   59.2193637
   43.3580412   59.2202988
   43.3582920   59.2212636
   43.3584455   59.2222487
   43.3585001   59.2232441
   43.3584554   59.2242400
   43.3583117   59.2252265
   43.3580705   59.2261939
   43.3577342   59.2271323
   43.3576652   59.2272982
   43.3572382   59.2281965
   43.3567241   59.2290478
   43.3544054   59.2324888
   43.3539507   59.2331105
   43.3534495   59.2336954
   43.3372929   59.2511409
   43.3371374   59.2513261
   43.3370005   59.2515256
   43.3342506   59.2559816
   43.3341394   59.2561817
   43.3340471   59.2563911
   43.3323621   59.2607451
   43.3322839   59.2609825
   43.3323802   59.2612130
   43.3345443   59.2657297
   43.3346559   59.2659367
   43.3348364   59.2660876
   43.3406712   59.2705120
   43.3408532   59.2706377
   43.3410538   59.2707288
   43.3576103   59.2773915
   43.3578004   59.2774592
   43.3579954   59.2775113
   43.3706052   59.2803414
   43.3712494   59.2804424
   43.4413603   59.2867791
   43.4422818   59.2869058
   43.4616701   59.2904976
   43.4626872   59.2907417
   43.4826701   59.2966575
   43.4829620   59.2967251
   43.4832600   59.2967571
   43.4926480   59.2971971
   43.4928775   59.2971972
   43.4930826   59.2970945
   43.4978437   59.2944284
   43.4980395   59.2943064
   43.4981402   59.2940988
   43.4995129   59.2908956
   43.4995888   59.2906948
   43.4996108   59.2904814
   43.4999935   59.2840313
   43.4999916   59.2834088
   43.4987819   59.2649443
   43.4987669   59.2639331
   43.4988541   59.2629256
   43.4990427   59.2619321
   43.4993305   59.2609627
   43.4997149   59.2600273
   43.5001917   59.2591355
   43.5007562   59.2582964
   43.5014025   59.2575186
   43.5021241   59.2568101
   43.5029135   59.2561781
   43.5056724   59.2541897
   43.5068006   59.2534855
   43.5118356   59.2507907
   43.5123530   59.2504718
   43.5175005   59.2468498
   43.5176769   59.2467134
   43.5177762   59.2465137
   43.5197572   59.2420345
   43.5198438   59.2418095
   43.5198147   59.2415702
   43.5189706   59.2366510
   43.5189112   59.2363898
   43.5187971   59.2361473
   43.5161410   59.2312126
   43.5159048   59.2308183
   43.5095944   59.2213069
   43.5090545   59.2203908
   43.5086148   59.2194224
   43.5045676   59.2090793
   43.5042043   59.2079613
   43.5014733   59.1975002
   43.5012936   59.1966684
   43.5011852   59.1958244
   43.5011490   59.1949742
   43.5011490   59.1920158
   43.5011969   59.1910377
   43.5013403   59.1900690
   43.5015778   59.1891189
   43.5019070   59.1881966
   43.5035031   59.1843343
   43.5040280   59.1832533
   43.5049034   59.1816960
   43.5054364   59.1808498
   43.5060513   59.1800611
   43.5067419   59.1793377
   43.5075014   59.1786869
   43.5083220   59.1781153
   43.5091956   59.1776285
   43.5222195   59.1712022
   43.5231240   59.1708101
   43.5240627   59.1705089
   43.5250266   59.1703017
   43.5260061   59.1701903
   43.5269919   59.1701760
   43.5279742   59.1702588
   43.5289437   59.1704379
   43.5298908   59.1707116
   43.5807194   59.1881578
   43.5816404   59.1885259
   43.5825204   59.1889835
   43.6706102   59.2404877
   43.6708968   59.2406430
   43.6725027   59.2414463
   43.6727171   59.2415411
   43.6729494   59.2415723
   43.6802268   59.2421984
   43.6812548   59.2423409
   43.6822625   59.2425892
   43.6832390   59.2429406
   43.6841739   59.2433913
   43.7009951   59.2526059
   43.7012451   59.2527252
   43.7015154   59.2527862
   43.7415243   59.2594975
   43.7417533   59.2595250
   43.7419766   59.2594672
   43.7485319   59.2574423
   43.7487766   59.2573524
   43.7490106   59.2572374
   43.7543469   59.2542595
   43.7545625   59.2541243
   43.7547632   59.2539678
   43.7627402   59.2470646
   43.7635927   59.2464038
   43.7645114   59.2458386
   43.7654856   59.2453757
   43.7719292   59.2427298
   43.7726665   59.2424604
   43.7734226   59.2422496
   43.7832781   59.2399150
   43.7844471   59.2397105
   43.7856320   59.2396458
   43.8265939   59.2398459
   43.8270334   59.2398287
   43.8402710   59.2387254
   43.8404549   59.2387032
   43.8406367   59.2386674
   43.8493247   59.2366179
   43.8499717   59.2364181
   43.9111370   59.2128809
   43.9120022   59.2125926
   43.9219668   59.2097690
   43.9228730   59.2095572
   43.9353878   59.2072408
   43.9365284   59.2070969
   43.9594507   59.2055359
   43.9602416   59.2055134
   43.9610319   59.2055535
   43.9853885   59.2077589
   43.9864817   59.2079192
   43.9875506   59.2081991
   44.0042985   59.2135896
   44.0044786   59.2136402
   44.0046620   59.2136771
   44.1031319   59.2297118
   44.1038508   59.2297761
   44.1216253   59.2300739
   44.1223497   59.2300333
   44.1452123   59.2270752
   44.1458864   59.2269403
   44.1712551   59.2200165
   44.1714875   59.2199404
   44.1716371   59.2197469
   44.1823019   59.2044301
   44.1824387   59.2042100
   44.1825269   59.2039664
   44.1883907   59.1846859
   44.1887214   59.1837634
   44.1891409   59.1828777
   44.1896450   59.1820374
   44.1902289   59.1812504
   44.1908871   59.1805243
   44.1916132   59.1798662
   44.1956299   59.1765690
   44.1965189   59.1759178
   44.1974742   59.1753684
   44.1984841   59.1749274
   44.2057957   59.1722039
   44.2066389   59.1719316
   44.2075029   59.1717352
   44.2083809   59.1716159
   44.2578839   59.1671155
   44.2585255   59.1670147
   44.2732006   59.1637210
   44.2733985   59.1636679
   44.2735843   59.1635835
   44.2847806   59.1579360
   44.2853565   59.1575953
   44.2967473   59.1497814
   44.2976107   59.1492513
   44.2985234   59.1488113
   44.3179650   59.1406250
   44.3188914   59.1402877
   44.3198465   59.1400432
   44.3304200   59.1378858
   44.3313387   59.1377424
   44.3322667   59.1376850
   44.3331961   59.1377141
   44.3397213   59.1382226
   44.3408281   59.1383713
   44.3419113   59.1386426
   44.3429576   59.1390329
   44.3620958   59.1474181
   44.3622878   59.1474929
   44.3624852   59.1475516
   44.3795135   59.1518589
   44.3797528   59.1519071
   44.3799956   59.1519317
   44.3909542   59.1525000
   44.3914938   59.1524988
   44.4564038   59.1488443
   44.4573985   59.1488378
   44.4583889   59.1489302
   44.4593652   59.1491206
   44.4603178   59.1494070
   44.4612372   59.1497866
   44.4621144   59.1502557
   44.4629406   59.1508096
   44.4637077   59.1514429
   44.4644081   59.1521492
   44.4650349   59.1529216
   44.4655818   59.1537525
   44.4660435   59.1546336
   44.4664153   59.1555562
   44.4666937   59.1565111
   44.4668758   59.1574890
   44.4669598   59.1584802
   44.4669450   59.1594748
   44.4668314   59.1604630
   44.4666202   59.1614351
   44.4663135   59.1623813
   44.4659143   59.1632924
   44.4654265   59.1641593
   44.4648550   59.1649735
   44.4642055   59.1657269
   44.4634844   59.1664120
   44.4626987   59.1670221
   44.4618563   59.1675511
   44.4393391   59.1801756
   44.4383272   59.1806702
   44.4372662   59.1810478
   44.4255685   59.1844830
   44.4253397   59.1845627
   44.4252587   59.1847912
   44.4225027   59.1939943
   44.4224474   59.1942161
   44.4225377   59.1944260
   44.4260319   59.2016079
   44.4261703   59.2018554
   44.4263613   59.2020651
   44.4335285   59.2090841
   44.4337085   59.2092440
   44.4339269   59.2093455
   44.4423389   59.2127698
   44.4425925   59.2128573
   44.4428608   59.2128593
   44.4544265   59.2123150
   44.4546794   59.2122901
   44.4549220   59.2122143
   44.4663402   59.2079952
   44.4665618   59.2079008
   44.4667470   59.2077468
   44.4835699   59.1923088
   44.4840505   59.1918015
   44.4904921   59.1839688
   44.4906388   59.1837712
   44.4907654   59.1835601
   44.4945778   59.1764244
   44.4946710   59.1762300
   44.4947110   59.1760182
   44.4958825   59.1679144
   44.4959061   59.1676559
   44.4958486   59.1674028
   44.4944394   59.1624224
   44.4943583   59.1621831
   44.4943579   59.1621825
   44.4938201   59.1613686
   44.4933641   59.1605060
   44.4929944   59.1596032
   44.4927143   59.1586686
   44.4925267   59.1577111
   44.4924333   59.1567400
   44.4924350   59.1557643
   44.4925317   59.1547935
   44.4927226   59.1538367
   44.4930058   59.1529031
   44.4933786   59.1520015
   44.4938376   59.1511405
   44.4943782   59.1503284
   44.4949954   59.1495728
   44.4956833   59.1488809
   44.4964354   59.1482594
   44.4972444   59.1477141
   44.4981027   59.1472503
   44.4990022   59.1468722
   44.4999342   59.1465837
   44.5008898   59.1463873
   44.5018601   59.1462850
   44.6536976   59.1377364
   44.6537824   59.1377320
   44.9904823   59.1216398
   44.9916848   59.1216547
   45.0235903   59.1239742
   45.0245942   59.1240985
   45.0255804   59.1243236
   45.0265389   59.1246471
   45.0274597   59.1250659
   45.0283336   59.1255755
   45.0291514   59.1261708
   45.0299050   59.1268457
   45.0305865   59.1275933
   45.0311890   59.1284059
   45.0317063   59.1292752
   45.0347948   59.1351188
   45.0353452   59.1363565
   45.0462915   59.1662842
   45.0463882   59.1665126
   45.0465071   59.1667303
   45.0499680   59.1723779
   45.0501075   59.1725820
   45.0502846   59.1727545
   45.0558016   59.1776187
   45.0559958   59.1777735
   45.0562169   59.1778865
   45.0661233   59.1823437
   45.0663264   59.1824245
   45.0665435   59.1824496
   45.0908522   59.1841714
   45.0914063   59.1841798
   45.3121883   59.1752838
   45.3132138   59.1752951
   45.3142328   59.1754114
   45.3152345   59.1756315
   45.3162085   59.1759530
   45.3258882   59.1797091
   45.3267461   59.1800892
   45.3275646   59.1805481
   45.3283364   59.1810816
   45.3290549   59.1816852
   45.3297136   59.1823534
   45.3329047   59.1859099
   45.3332704   59.1862771
   45.3427159   59.1948280
   45.3429027   59.1949813
   45.3431339   59.1950518
   45.3538241   59.1977487
   45.3540608   59.1977964
   45.3543009   59.1978209
   45.3659626   59.1984439
   45.3661508   59.1984469
   45.3663388   59.1984356
   45.4501249   59.1902374
   45.4503799   59.1901989
   45.4506107   59.1900840
   45.4566287   59.1866862
   45.4567881   59.1865882
   45.4569397   59.1864785
   45.4684545   59.1774683
   45.4691732   59.1769554
   45.4699343   59.1765079
   45.4707320   59.1761293
   45.4800858   59.1721856
   45.4808984   59.1718837
   45.4817341   59.1716534
   45.4825865   59.1714963
   45.4834494   59.1714137
   45.4886058   59.1711445
   45.4895863   59.1711414
   45.4905624   59.1712344
   45.4915247   59.1714225
   45.4924639   59.1717040
   45.4933711   59.1720761
   45.4959635   59.1732912
   45.4968097   59.1737384
   45.4976093   59.1742645
   45.4983550   59.1748646
   45.4990398   59.1755333
   45.5024023   59.1791463
   45.5025852   59.1793236
   45.5028003   59.1794600
   45.5136081   59.1855580
   45.5138470   59.1856764
   45.5141056   59.1857411
   45.5255814   59.1879666
   45.5258322   59.1880021
   45.5260852   59.1880120
   45.6428421   59.1866357
   45.6437215   59.1866640
   45.6445951   59.1867695
   45.6454559   59.1869515
   45.6597827   59.1906442
   45.6607903   59.1909616
   45.6617589   59.1913834
   45.6698158   59.1954119
   45.6707991   59.1959754
   45.6717124   59.1966465
   45.6725439   59.1974167
   45.6773787   59.2024332
   45.6775588   59.2026021
   45.6778029   59.2026393
   45.6918876   59.2040629
   45.6921261   59.2040755
   45.6923646   59.2040653
   45.7029592   59.2030996
   45.7031820   59.2030690
   45.7033790   59.2029616
   45.7174802   59.1944252
   45.7176492   59.1943133
   45.7178085   59.1941881
   45.7204881   59.1918995
   45.7212053   59.1913413
   45.7219702   59.1908505
   45.7227764   59.1904312
   45.7236174   59.1900868
   45.7244862   59.1898202
   45.7253756   59.1896335
   45.7617876   59.1837054
   45.7626157   59.1836058
   45.7634493   59.1835756
   45.9168560   59.1844163
   45.9177857   59.1844647
   45.9187067   59.1845994
   45.9196113   59.1848191
   45.9449640   59.1922425
   45.9458808   59.1925600
   45.9467626   59.1929649
   45.9476009   59.1934533
   45.9483880   59.1940206
   45.9491164   59.1946616
   45.9497793   59.1953701
   45.9503703   59.1961396
   45.9508841   59.1969627
   45.9513156   59.1978317
   45.9516609   59.1987384
   45.9519167   59.1996743
   45.9520806   59.2006306
   45.9520915   59.2007204
   45.9551146   59.2192655
   45.9551735   59.2195331
   45.9552896   59.2197812
   45.9580159   59.2248581
   45.9583259   59.2253615
   45.9728445   59.2460804
   45.9732693   59.2466068
   45.9907197   59.2654603
   45.9912959   59.2661414
   46.0034174   59.2818401
   46.0038834   59.2823632
   46.0159143   59.2940968
   46.0163850   59.2945019
   46.0291489   59.3041745
   46.0293730   59.3043258
   46.0296244   59.3044251
   46.0403352   59.3079954
   46.0405310   59.3080519
   46.0407307   59.3080922
   46.0524999   59.3099716
   46.0531601   59.3100325
   46.1409963   59.3122731
   46.1419588   59.3123443
   46.1429099   59.3125079
   46.1438409   59.3127624
   46.1447430   59.3131055
   46.1474669   59.3142949
   46.1483355   59.3147255
   46.1491584   59.3152381
   46.1499277   59.3158281
   46.1506363   59.3164897
   46.1512775   59.3172169
   46.1518452   59.3180027
   46.1523342   59.3188398
   46.1524607   59.3190825
   46.1528343   59.3198845
   46.1531355   59.3207164
   46.1533621   59.3215716
   46.1535121   59.3224435
   46.1540756   59.3268852
   46.1541851   59.3274683
   46.1557052   59.3335480
   46.1557788   59.3337893
   46.1559216   59.3339973
   46.1612949   59.3410317
   46.1614588   59.3412248
   46.1616965   59.3413124
   46.1704992   59.3440510
   46.1707557   59.3441161
   46.1710178   59.3441536
   46.1820345   59.3451367
   46.1826245   59.3451544
   46.3123758   59.3413623
   46.3131714   59.3413707
   46.3139639   59.3414424
   46.3488409   59.3460008
   46.3498141   59.3461773
   46.3507651   59.3464491
   46.3516845   59.3468135
   46.3525635   59.3472669
   46.3533934   59.3478049
   46.3541660   59.3484223
   46.3548739   59.3491130
   46.3555101   59.3498703
   46.3560684   59.3506866
   46.3565434   59.3515542
   46.3569303   59.3524644
   46.3572254   59.3534084
   46.3574258   59.3543769
   46.3727102   59.4524736
   46.3728063   59.4533324
   46.3728278   59.4541963
   46.3727746   59.4550588
   46.3699928   59.4815143
   46.3698661   59.4823652
   46.3696668   59.4832020
   46.3693963   59.4840186
   46.3690566   59.4848089
   46.3665092   59.4900963
   46.3664122   59.4903267
   46.3663631   59.4905719
   46.3656269   59.4955400
   46.3655730   59.4962719
   46.3655730   59.4985952
   46.3655916   59.4988987
   46.3656470   59.4991977
   46.3720271   59.5247652
   46.3720958   59.5249932
   46.3721858   59.5252136
   46.3772464   59.5360846
   46.3776195   59.5370023
   46.3778999   59.5379524
   46.3976628   59.6196042
   46.3977254   59.6198198
   46.3978435   59.6200107
   46.4062641   59.6323399
   46.4064035   59.6325246
   46.4066348   59.6325187
   46.7558880   59.6069842
   46.7569689   59.6069637
   46.7580458   59.6070601
   46.7656373   59.6081559
   46.7665303   59.6083265
   46.7674042   59.6085776
   46.7682516   59.6089070
   46.7731633   59.6110780
   46.7740994   59.6115520
   46.7749807   59.6121214
   46.7796357   59.6154880
   46.7802194   59.6158517
   46.7896519   59.6208627
   46.7898405   59.6209529
   46.7900359   59.6210271
   46.8044229   59.6258059
   46.8046180   59.6258620
   46.8048169   59.6259020
   46.8370804   59.6310414
   46.8376811   59.6311002
   46.8746860   59.6324724
   46.8753130   59.6324562
   47.1132995   59.6113182
   47.1135244   59.6112873
   47.1134808   59.6110645
   47.0589867   59.3895448
   47.0587972   59.3885663
   47.0587059   59.3875738
   47.0587140   59.3865772
   47.0588212   59.3855863
   47.0590265   59.3846110
   47.0593279   59.3836610
   47.0597223   59.3827457
   47.0602059   59.3818742
   47.0607739   59.3810551
   47.0614205   59.3802967
   47.0621395   59.3796064
   47.0629236   59.3789912
   47.0637650   59.3784570
   47.0646554   59.3780092
   47.0655860   59.3776523
   47.0665475   59.3773898
   47.0675303   59.3772243
   47.2522037   59.3555272
   47.2524308   59.3554893
   47.2523981   59.3552615
   47.2319212   59.2493682
   47.2317858   59.2484331
   47.2317393   59.2474894
   47.2317821   59.2465455
   47.2319138   59.2456099
   47.2321332   59.2446908
   47.2379722   59.2245061
   47.2382735   59.2236218
   47.2386559   59.2227694
   47.2391162   59.2219565
   47.2396504   59.2211901
   47.2402537   59.2204769
   47.2409210   59.2198231
   47.2416464   59.2192344
   47.2424235   59.2187160
   47.2432456   59.2182723
   47.3780718   59.1534557
   47.3787511   59.1531596
   47.3794503   59.1529147
   47.3860480   59.1508745
   47.3871598   59.1505993
   47.3922081   59.1496530
   47.3931192   59.1495253
   47.3940382   59.1494818
   47.3949573   59.1495230
   47.3958688   59.1496485
   47.4006944   59.1505409
   47.4015710   59.1507441
   47.4024258   59.1510254
   47.4370269   59.1641635
   47.4372409   59.1642338
   47.4374658   59.1642440
   47.4417453   59.1642440
   47.4419832   59.1642322
   47.4420384   59.1640005
   47.4455058   59.1453887
   47.4457756   59.1442899
   47.4461678   59.1432286
   47.4506078   59.1330300
   47.4510369   59.1321618
   47.4515480   59.1313391
   47.4521363   59.1305697
   47.4563667   59.1255602
   47.4571253   59.1247566
   47.4579679   59.1240415
   47.4630408   59.1201980
   47.4639341   59.1195941
   47.4648872   59.1190899
   47.4785901   59.1127619
   47.4787823   59.1126628
   47.4789653   59.1125474
   47.5278653   59.0786509
   47.5288411   59.0780541
   47.5298787   59.0775726
   47.5613729   59.0650941
   47.5619609   59.0648155
   47.5706569   59.0599787
   47.5708643   59.0598495
   47.5709633   59.0596262
   47.5729620   59.0544404
   47.5730340   59.0542243
   47.5729816   59.0540031
   47.5715618   59.0490329
   47.5714844   59.0488044
   47.5713445   59.0486080
   47.5677905   59.0440974
   47.5671829   59.0432366
   47.5607961   59.0330929
   47.5601561   59.0319058
   47.5552987   59.0212289
   47.5549898   59.0204686
   47.5547443   59.0196855
   47.5503905   59.0035005
   47.5501185   59.0020940
   47.5499741   59.0008907
   47.5499066   58.9999720
   47.5499240   58.9990509
   47.5500260   58.9981354
   47.5502118   58.9972331
   47.5504799   58.9963518
   47.5552231   58.9830010
   47.5555008   58.9823034
   47.5558301   58.9816287
   47.5642582   58.9658870
   47.5647094   58.9651270
   47.5699423   58.9571396
   47.5703808   58.9565225
   47.5708647   58.9559404
   47.6013945   58.9219226
   47.6015579   58.9217200
   47.6016504   58.9214768
   47.6042910   58.9132627
   47.6043502   58.9130449
   47.6042871   58.9128286
   47.6022698   58.9069228
   47.6021803   58.9066976
   47.6019677   58.9065813
   47.5888181   58.9002070
   47.5886485   58.9001324
   47.5884738   58.9000706
   47.5814792   58.8978851
   47.5812070   58.8978166
   47.5809288   58.8977792
   47.5728824   58.8971564
   47.5721733   58.8971520
   47.5523563   58.8984396
   47.5513589   58.8984546
   47.5422625   58.8981369
   47.5415250   58.8980838
   47.5407934   58.8979763
   47.4774461   58.8862637
   47.4772361   58.8862340
   47.4770244   58.8862223
   47.4694053   58.8861249
   47.4691771   58.8861325
   47.4689674   58.8862217
   47.4641191   58.8885507
   47.4639146   58.8886612
   47.4638866   58.8888920
   47.4636120   58.8926454
   47.4636062   58.8928869
   47.4637554   58.8930770
   47.4694192   58.8996020
   47.4700278   58.9003772
   47.4705571   58.9012086
   47.4710020   58.9020880
   47.4713582   58.9030070
   47.4716222   58.9039565
   47.4717914   58.9049275
   47.4718643   58.9059104
   47.4718400   58.9068956
   47.4717189   58.9078737
   47.4715020   58.9088351
   47.4711916   58.9097706
   47.4707906   58.9106709
   47.4703030   58.9115273
   47.4697334   58.9123316
   47.4690874   58.9130760
   47.4677077   58.9145157
   47.4669299   58.9152451
   47.4660790   58.9158876
   47.4651644   58.9164358
   47.4614087   58.9184230
   47.4603659   58.9189003
   47.4592754   58.9192551
   47.4536378   58.9207379
   47.4528303   58.9209149
   47.4520109   58.9210247
   47.4511852   58.9210663
   47.4448516   58.9211239
   47.4438585   58.9210836
   47.4428742   58.9209448
   47.4358320   58.9195920
   47.4349360   58.9193767
   47.3946124   58.9076956
   47.3943454   58.9076339
   47.3940732   58.9076020
   47.3845648   58.9070140
   47.3843234   58.9070107
   47.3840829   58.9070309
   47.3201128   58.9155230
   47.3193123   58.9155966
   47.3185085   58.9156058
   47.3096932   58.9153515
   47.3085739   58.9152561
   47.3074724   58.9150358
   47.3013679   58.9134535
   47.3002198   58.9130807
   47.2991251   58.9125723
   47.2937278   58.9096574
   47.2929002   58.9091573
   47.2921247   58.9085796
   47.2914087   58.9079297
   47.2878121   58.9043331
   47.2872164   58.9036824
   47.2866804   58.9029817
   47.2862083   58.9022366
   47.2858036   58.9014527
   47.2830248   58.8954320
   47.2826359   58.8944583
   47.2823512   58.8934494
   47.2821736   58.8924161
   47.2821052   58.8913699
   47.2821467   58.8903223
   47.2823533   58.8880834
   47.2824757   58.8871948
   47.2826772   58.8863208
   47.2829563   58.8854683
   47.2833106   58.8846443
   47.2847027   58.8817692
   47.2851427   58.8809581
   47.2856556   58.8801911
   47.2862370   58.8794746
   47.2899850   58.8752683
   47.2903273   58.8748388
   47.2944076   58.8690976
   47.2947739   58.8684965
   47.2993643   58.8596095
   47.2994593   58.8594028
   47.2994526   58.8591754
   47.2989731   58.8528496
   47.2989392   58.8525881
   47.2988249   58.8523504
   47.2958568   58.8469404
   47.2957407   58.8467496
   47.2956079   58.8465699
   47.2914272   58.8414105
   47.2909218   58.8407297
   47.2904760   58.8400087
   47.2874404   58.8345995
   47.2869255   58.8335402
   47.2865387   58.8324277
   47.2848545   58.8264744
   47.2846354   58.8255258
   47.2845096   58.8245604
   47.2844783   58.8235874
   47.2845417   58.8226159
   47.2846993   58.8216552
   47.2849495   58.8207143
   47.2852901   58.8198023
   47.2857177   58.8189277
   47.2862284   58.8180988
   47.2868172   58.8173235
   47.2874786   58.8166091
   47.2882064   58.8159625
   47.2889936   58.8153896
   47.2898328   58.8148961
   47.2931658   58.8131483
   47.2940085   58.8127552
   47.2948841   58.8124420
   47.3126492   58.8070066
   47.3128989   58.8069153
   47.3131067   58.8067496
   47.3185140   58.8019451
   47.3186791   58.8017836
   47.3185789   58.8015754
   47.3166481   58.7980120
   47.3165132   58.7977914
   47.3162858   58.7976682
   47.2974750   58.7887211
   47.2964091   58.7881319
   47.2954226   58.7874176
   47.2870327   58.7805254
   47.2862782   58.7798381
   47.2855976   58.7790776
   47.2790335   58.7709417
   47.2788968   58.7707860
   47.2787367   58.7706555
   47.2597720   58.7564577
   47.2595713   58.7563223
   47.2593340   58.7562737
   47.2217761   58.7504811
   47.2215413   58.7504562
   47.2213052   58.7504536
   47.2070142   58.7509750
   47.2063092   58.7510512
   47.1957289   58.7529611
   47.1955010   58.7530135
   47.1952968   58.7531273
   47.1841303   58.7600587
   47.1828360   58.7607365
   47.1632378   58.7692380
   47.1624116   58.7695537
   47.1615608   58.7697953
   47.1398413   58.7749345
   47.1386929   58.7751364
   47.1302957   58.7761122
   47.1294606   58.7761739
   47.1286232   58.7761656
   47.1277895   58.7760872
   47.1216189   58.7752453
   47.1205247   58.7750333
   47.1194610   58.7747009
   47.1184408   58.7742522
   47.1080855   58.7689903
   47.1073555   58.7685801
   47.1066624   58.7681102
   47.1026042   58.7651035
   47.1017936   58.7644341
   47.1010577   58.7636833
   47.0983123   58.7605705
   47.0975772   58.7596292
   47.0969595   58.7586070
   47.0948573   58.7546061
   47.0943775   58.7535476
   47.0940236   58.7524405
   47.0931356   58.7489802
   47.0930632   58.7487466
   47.0928883   58.7485756
   47.0817781   58.7387418
   47.0815959   58.7385953
   47.0813895   58.7384853
   47.0468827   58.7221372
   47.0461683   58.7217627
   47.0454864   58.7213319
   47.0205494   58.7041322
   47.0195130   58.7033112
   47.0093502   58.6941039
   47.0086714   58.6934269
   47.0080605   58.6926880
   47.0075232   58.6918940
   47.0070644   58.6910523
   47.0053524   58.6875178
   47.0049865   58.6866631
   47.0047015   58.6857781
   47.0044999   58.6848705
   47.0043835   58.6839480
   47.0043532   58.6830188
   47.0044094   58.6820907
   47.0045516   58.6811719
   47.0120040   58.6444060
   47.0120371   58.6441980
   47.0120525   58.6439878
   47.0122451   58.6377820
   47.0122420   58.6375586
   47.0121992   58.6373402
   47.0102376   58.6292482
   47.0101759   58.6290353
   47.0100437   58.6288579
   47.0062059   58.6241568
   47.0060429   58.6239759
   47.0058477   58.6238302
   47.0005589   58.6202721
   47.0003619   58.6201524
   47.0001546   58.6200514
   46.9858727   58.6138914
   46.9856885   58.6138204
   46.9854992   58.6137642
   46.9673827   58.6091592
   46.9667843   58.6090454
   46.9474997   58.6065848
   46.9469843   58.6065459
   46.8862675   58.6051244
   46.8854416   58.6050708
   46.8846231   58.6049492
   46.8706053   58.6022683
   46.8694889   58.6019873
   46.8144683   58.5847164
   46.8142254   58.5846534
   46.8139775   58.5846152
   46.7327705   58.5762437
   46.7317752   58.5760901
   46.6875300   58.5669612
   46.6873099   58.5669259
   46.6870874   58.5669105
   46.6791883   58.5667161
   46.6789406   58.5667224
   46.6786990   58.5667776
   46.6718338   58.5687114
   46.6716080   58.5687870
   46.6714606   58.5689740
   46.6692222   58.5721150
   46.6686405   58.5728550
   46.6679917   58.5735370
   46.6672817   58.5741550
   46.6647802   58.5761334
   46.6640398   58.5766660
   46.6632541   58.5771288
   46.6624294   58.5775181
   46.6615726   58.5778307
   46.6558948   58.5796135
   46.6548465   58.5798813
   46.6537755   58.5800342
   46.6442259   58.5808744
   46.6431641   58.5809111
   46.6339759   58.5807407
   46.6330235   58.5806775
   46.6320815   58.5805238
   46.6311584   58.5802809
   46.6224491   58.5775391
   46.6213978   58.5771419
   46.6203977   58.5766293
   46.5946718   58.5615602
   46.5938945   58.5610552
   46.5931674   58.5604803
   46.5924966   58.5598406
   46.5918880   58.5591415
   46.5878193   58.5540062
   46.5871644   58.5530752
   46.5866195   58.5520759
   46.5861917   58.5510210
   46.5852088   58.5481362
   46.5849304   58.5471588
   46.5847526   58.5461582
   46.5846773   58.5451447
   46.5847052   58.5441288
   46.5848361   58.5431210
   46.5851691   58.5412916
   46.5853286   58.5405679
   46.5855414   58.5398581
   46.5892619   58.5289339
   46.5893226   58.5287265
   46.5893277   58.5285105
   46.5892335   58.5237373
   46.5892186   58.5235101
   46.5891425   58.5232956
   46.5869533   58.5179177
   46.5868400   58.5176773
   46.5866563   58.5174850
   46.5749553   58.5064836
   46.5745462   58.5061383
   46.5666899   58.5001982
   46.5659132   58.4995464
   46.5585927   58.4927426
   46.5578898   58.4920199
   46.5549300   58.4886527
   46.5543998   58.4879955
   46.5539269   58.4872960
   46.5535147   58.4865590
   46.5532616   58.4860579
   46.5528641   58.4851649
   46.5525557   58.4842373
   46.5523393   58.4832841
   46.5522170   58.4823142
   46.5521900   58.4813371
   46.5522585   58.4803620
   46.5524219   58.4793982
   46.5526786   58.4784550
   46.5530261   58.4775414
   46.5534612   58.4766660
   46.5539797   58.4758373
   46.5545767   58.4750633
   46.5552463   58.4743511
   46.5553425   58.4742584
   46.5561211   58.4735815
   46.5569653   58.4729884
   46.5578662   58.4724855
   46.5835807   58.4598229
   46.5837473   58.4597328
   46.5839067   58.4596303
   46.5889899   58.4560819
   46.5892177   58.4559023
   46.5894231   58.4556974
   46.5930869   58.4515882
   46.5932467   58.4513889
   46.5932600   58.4511339
   46.5932600   58.4452655
   46.5932445   58.4449886
   46.5931680   58.4447221
   46.5909621   58.4383921
   46.5908729   58.4381709
   46.5907244   58.4379842
   46.5842089   58.4305557
   46.5840548   58.4303951
   46.5838545   58.4302992
   46.5641129   58.4219023
   46.5633060   58.4215156
   46.5625369   58.4210583
   46.5576897   58.4178745
   46.5568444   58.4172534
   46.5560687   58.4165471
   46.5553713   58.4157635
   46.5517822   58.4112775
   46.5512595   58.4105613
   46.5474440   58.4048141
   46.5470597   58.4043083
   46.5411126   58.3974359
   46.5409566   58.3972714
   46.5407525   58.3971739
   46.5331133   58.3939414
   46.5328988   58.3938620
   46.5326779   58.3938026
   46.5245250   58.3920072
   46.5239090   58.3919113
   46.4907470   58.3888559
   46.4900145   58.3887610
   46.4892911   58.3886123
   46.4590140   58.3812151
   46.4582898   58.3810090
   46.4575832   58.3807489
   46.4282671   58.3686897
   46.4273995   58.3682832
   46.4265748   58.3677956
   46.4222988   58.3649822
   46.4214988   58.3643970
   46.4207607   58.3637355
   46.4200916   58.3630041
   46.4194983   58.3622102
   46.4189864   58.3613614
   46.4185611   58.3604661
   46.4182265   58.3595330
   46.4179860   58.3585715
   46.4178418   58.3575908
   46.4177954   58.3566007
   46.4178472   58.3556109
   46.4179968   58.3546310
   46.4182427   58.3536708
   46.4185824   58.3527397
   46.4190126   58.3518467
   46.4195291   58.3510007
   46.4201268   58.3502100
   46.4207998   58.3494824
   46.4215416   58.3488249
   46.4223448   58.3482442
   46.4232016   58.3477458
   46.4241035   58.3473346
   46.4250417   58.3470148
   46.4260069   58.3467894
   46.4269897   58.3466607
   46.4330818   58.3461683
   46.4338900   58.3461358
   46.4346982   58.3461687
   46.4418406   58.3467497
   46.4427703   58.3468695
   46.4436847   58.3470757
   46.4578127   58.3509660
   46.4580756   58.3510233
   46.4583446   58.3510227
   46.4665123   58.3505608
   46.4667542   58.3505352
   46.4669924   58.3504862
   46.4736304   58.3487790
   46.4738806   58.3487003
   46.4740937   58.3485473
   46.4777494   58.3456181
   46.4779109   58.3454768
   46.4780309   58.3452988
   46.4795553   58.3428103
   46.4796646   58.3426121
   46.4796750   58.3423859
   46.4796750   58.3384961
   46.4796628   58.3382511
   46.4795569   58.3380298
   46.4774104   58.3340638
   46.4772901   58.3338645
   46.4770817   58.3337611
   46.4717144   58.3314068
   46.4710843   58.3311795
   46.4395787   58.3221490
   46.4383578   58.3217116
   46.4232082   58.3151465
   46.4223615   58.3147311
   46.4215577   58.3142378
   46.4208040   58.3136710
   46.4160646   58.3097438
   46.4152636   58.3090027
   46.4145481   58.3081788
   46.4139266   58.3072818
   46.4134066   58.3063224
   46.4120982   58.3035585
   46.4116700   58.3025021
   46.4113648   58.3014038
   46.4111866   58.3002780
   46.4088776   58.2772586
   46.4088277   58.2762361
   46.4088826   58.2752139
   46.4093379   58.2708876
   46.4095108   58.2698118
   46.4142807   58.2478506
   46.4143815   58.2471503
   46.4156845   58.2291022
   46.4156909   58.2289011
   46.4156810   58.2287001
   46.4151008   58.2222193
   46.4150673   58.2219782
   46.4150104   58.2217416
   46.4126671   58.2137337
   46.4125888   58.2135076
   46.4124143   58.2133440
   46.4071149   58.2088399
   46.4069078   58.2086818
   46.4066723   58.2085703
   46.3787911   58.1971204
   46.3778065   58.1966518
   46.3641683   58.1892232
   46.3632168   58.1886336
   46.3623372   58.1879413
   46.3615404   58.1871551
   46.3565771   58.1816760
   46.3559955   58.1809718
   46.3554805   58.1802175
   46.3525908   58.1755390
   46.3521473   58.1747420
   46.3517784   58.1739078
   46.3514869   58.1730435
   46.3512755   58.1721562
   46.3504284   58.1677121
   46.3503672   58.1674619
   46.3502804   58.1672193
   46.3469388   58.1592085
   46.3468596   58.1590372
   46.3467678   58.1588725
   46.3408841   58.1491983
   46.3407611   58.1490148
   46.3406223   58.1488430
   46.3189726   58.1243373
   46.3184694   58.1237199
   46.3180171   58.1230644
   46.3165849   58.1208017
   46.3160997   58.1199443
   46.3157012   58.1190433
   46.3153933   58.1181075
   46.3151789   58.1171459
   46.3150603   58.1161679
   46.3150384   58.1151830
   46.3151135   58.1142007
   46.3152850   58.1132306
   46.3155510   58.1122820
   46.3159091   58.1113642
   46.3163558   58.1104861
   46.3168867   58.1096563
   46.3174967   58.1088826
   46.3181799   58.1081728
   46.3189295   58.1075336
   46.3197385   58.1069713
   46.3205988   58.1064914
   46.3215022   58.1060984
   46.3224399   58.1057962
   46.3349762   58.1024279
   46.3351847   58.1023620
   46.3353866   58.1022780
   46.3422990   58.0990413
   46.3425173   58.0989254
   46.3426530   58.0987189
   46.3456055   58.0936948
   46.3457182   58.0934795
   46.3457398   58.0932375
   46.3459268   58.0885705
   46.3459255   58.0883425
   46.3458621   58.0881235
   46.3413658   58.0748848
   46.3412761   58.0746589
   46.3410340   58.0746375
   46.1822719   58.0686028
   46.1821780   58.0686001
   46.1204191   58.0674140
   46.1202150   58.0674080
   45.9736652   58.0615978
   45.9724208   58.0614702
   45.9289760   58.0542451
   45.9279904   58.0540296
   45.9270315   58.0537159
   45.9139801   58.0487038
   45.9137110   58.0486176
   45.9134338   58.0485625
   45.9014473   58.0468785
   45.9012085   58.0468566
   45.9009687   58.0468577
   45.8436235   58.0498936
   45.8426264   58.0498966
   45.8289547   58.0492554
   45.8275413   58.0490877
   45.8188338   58.0474193
   45.8177573   58.0471504
   45.8167172   58.0467638
   45.8157263   58.0462643
   45.8107769   58.0434148
   45.8099719   58.0428986
   45.8039666   58.0386291
   45.8037399   58.0384857
   45.8034991   58.0383674
   45.7907307   58.0329306
   45.7905147   58.0328502
   45.7902886   58.0328111
   45.7442956   58.0270251
   45.7433600   58.0268619
   45.7424441   58.0266108
   45.7415562   58.0262738
   45.7324829   58.0223285
   45.7315194   58.0218462
   45.7306134   58.0212631
   45.7297754   58.0205859
   45.7264394   58.0175790
   45.7257377   58.0168806
   45.7251085   58.0161162
   45.7245580   58.0152933
   45.7240916   58.0144201
   45.7237138   58.0135050
   45.7234283   58.0125570
   45.7226633   58.0094710
   45.7225512   58.0090855
   45.7161706   57.9900447
   45.7160959   57.9898495
   45.7160052   57.9896612
   45.7102158   57.9788318
   45.7101004   57.9786376
   45.7099679   57.9784547
   45.7062209   57.9737463
   45.7060723   57.9735761
   45.7058732   57.9734703
   45.6912075   57.9665116
   45.6905461   57.9662536
   45.6091088   57.9409963
   45.6085307   57.9408542
   45.5815738   57.9359075
   45.5808767   57.9358296
   45.5632014   57.9351059
   45.5629383   57.9351092
   45.5627000   57.9352210
   45.5567687   57.9384014
   45.5565362   57.9385430
   45.5563402   57.9387317
   45.5483308   57.9473352
   45.5480013   57.9477277
   45.5451839   57.9514568
   45.5446121   57.9521469
   45.5439809   57.9527831
   45.5360673   57.9600738
   45.5354210   57.9606206
   45.5347307   57.9611107
   45.5239213   57.9681171
   45.5237683   57.9682246
   45.5236237   57.9683433
   45.5192703   57.9722004
   45.5187842   57.9726954
   45.5152317   57.9768558
   45.5150916   57.9770361
   45.5149685   57.9772283
   45.5122957   57.9818582
   45.5121972   57.9820469
   45.5121326   57.9822488
   45.5108066   57.9870861
   45.5103927   57.9882896
   45.5061878   57.9983780
   45.5057321   57.9993273
   45.5051791   58.0002233
   45.5034771   58.0026815
   45.5029618   58.0033617
   45.5023905   58.0039955
   45.4906242   58.0159775
   45.4898988   58.0166467
   45.4760401   58.0282193
   45.4753747   58.0287291
   45.4746690   58.0291815
   45.4697835   58.0320312
   45.4685633   58.0326356
   45.4637457   58.0346258
   45.4628991   58.0349317
   45.4620285   58.0351603
   45.4611408   58.0353096
   45.4602433   58.0353785
   45.2947674   58.0406071
   45.2940853   58.0406758
   45.2748034   58.0439651
   45.2745847   58.0440126
   45.2743974   58.0441341
   45.2640730   58.0515076
   45.2633634   58.0519703
   45.2586509   58.0547660
   45.2576026   58.0553070
   45.2564979   58.0557207
   45.2498569   58.0577705
   45.2486427   58.0580636
   45.2187184   58.0633355
   45.2184659   58.0633937
   45.2182592   58.0635498
   45.2152773   58.0660559
   45.2144170   58.0667033
   45.2134920   58.0672545
   45.2125131   58.0677029
   45.2114917   58.0680436
   45.1920612   58.0733800
   45.1911043   58.0735930
   45.1555027   58.0797029
   45.1544931   58.0798237
   45.0174776   58.0891881
   45.0165715   58.0892088
   44.9970067   58.0887700
   44.9960342   58.0887006
   44.9950731   58.0885369
   44.9941325   58.0882803
   44.9932213   58.0879334
   44.9923483   58.0874994
   44.9915217   58.0869825
   44.9907493   58.0863875
   44.9900386   58.0857201
   44.9893962   58.0849867
   44.9888283   58.0841942
   44.9887485   58.0840705
   44.9885932   58.0838560
   44.9883626   58.0837256
   44.9727083   58.0759484
   44.9724773   58.0758480
   44.9722253   58.0758474
   44.9174074   58.0785221
   44.9163449   58.0785174
   44.8650744   58.0755636
   44.8641144   58.0754616
   44.8631687   58.0752676
   44.8622461   58.0749832
   44.8613553   58.0746112
   44.8605045   58.0741551
   44.8490360   58.0672739
   44.8481234   58.0666554
   44.8472843   58.0659401
   44.8465291   58.0651369
   44.8458669   58.0642554
   44.8329804   58.0449732
   44.8328414   58.0447850
   44.8326854   58.0446106
   44.8284885   58.0403417
   44.8280986   58.0399850
   44.8124816   58.0271460
   44.8118986   58.0266272
   44.8075627   58.0224552
   44.8067570   58.0215820
   44.8060606   58.0206194
   44.8026999   58.0153402
   44.8022389   58.0145359
   44.8018542   58.0136923
   44.8015494   58.0128167
   44.8006047   58.0096352
   44.8003756   58.0087011
   44.8002373   58.0077493
   44.8001910   58.0067887
   44.8001910   58.0043749
   44.8002396   58.0033898
   44.8003851   58.0024143
   44.8005723   58.0014780
   44.8007725   58.0006582
   44.8010412   57.9998581
   44.8013763   57.9990836
   44.8016237   57.9985723
   44.8016040   57.9983190
   44.7999116   57.9853771
   44.7998702   57.9851460
   44.7997862   57.9849268
   44.7936442   57.9709211
   44.7933005   57.9700220
   44.7930448   57.9690940
   44.7928795   57.9681457
   44.7921750   57.9625117
   44.7920979   57.9613196
   44.7921634   57.9601269
   44.7923763   57.9582783
   44.7925509   57.9572436
   44.7928329   57.9562330
   44.7932192   57.9552574
   44.7937057   57.9543277
   44.7942869   57.9534541
   44.7949564   57.9526462
   44.8055818   57.9411145
   44.8059379   57.9406815
   44.8116568   57.9328748
   44.8123244   57.9320577
   44.8130744   57.9313154
   44.8577644   57.8915286
   44.8579537   57.8913409
   44.8580987   57.8911171
   44.8644547   57.8800452
   44.8645663   57.8798261
   44.8644856   57.8795938
   44.8628440   57.8755360
   44.8625540   57.8749373
   44.8361716   57.8286155
   44.8359173   57.8282146
   44.8089044   57.7897926
   44.8087606   57.7896072
   44.8085999   57.7894361
   44.7561878   57.7386454
   44.7553904   57.7377758
   44.7547009   57.7368182
   44.7501414   57.7296256
   44.7496539   57.7287652
   44.7492537   57.7278609
   44.7489448   57.7269215
   44.7445469   57.7109187
   44.7444743   57.7106966
   44.7442935   57.7105486
   44.7380823   57.7059384
   44.7378631   57.7057930
   44.7376093   57.7057237
   44.7279866   57.7036373
   44.7277396   57.7035966
   44.7274897   57.7035809
   44.6597681   57.7027340
   44.6592887   57.7027510
   44.6136120   57.7065747
   44.6127370   57.7066095
   44.6118623   57.7065676
   44.6109946   57.7064493
   44.5932638   57.7032359
   44.5922721   57.7030035
   44.5678757   57.6959569
   44.5668429   57.6955963
   44.5658557   57.6951251
   44.4982548   57.6581874
   44.4973360   57.6576188
   44.4900595   57.6525528
   44.4892084   57.6518892
   44.4873148   57.6502413
   44.4863944   57.6493290
   44.4841333   57.6467765
   44.4835532   57.6460573
   44.4830420   57.6452876
   44.4826040   57.6444740
   44.4811157   57.6413746
   44.4807647   57.6405509
   44.4804887   57.6396991
   44.4795199   57.6361783
   44.4793282   57.6353433
   44.4792087   57.6344949
   44.4791622   57.6336395
   44.4790780   57.6262655
   44.4790208   57.6255665
   44.4782805   57.6207330
   44.4782375   57.6205163
   44.4781754   57.6203044
   44.4761601   57.6144041
   44.4760640   57.6141643
   44.4759204   57.6139496
   44.4707559   57.6070303
   44.4705898   57.6068305
   44.4703700   57.6066919
   44.4629810   57.6025595
   44.4627382   57.6024406
   44.4624840   57.6023486
   44.4432580   57.5965535
   44.4422363   57.5961839
   44.4412607   57.5957056
   44.4403428   57.5951243
   44.4394934   57.5944469
   44.4356556   57.5910292
   44.4349439   57.5903286
   44.4343056   57.5895605
   44.4337472   57.5887327
   44.4303563   57.5831206
   44.4299849   57.5825876
   44.4211670   57.5715410
   44.4209775   57.5713295
   44.4207652   57.5711411
   44.4135657   57.5654496
   44.4133324   57.5652860
   44.4130819   57.5651500
   44.3431280   57.5322280
   44.3427825   57.5320810
   44.3033869   57.5170390
   44.3031640   57.5169657
   44.3029353   57.5169137
   44.2204103   57.5021986
   44.2193781   57.5019575
   44.2183773   57.5016085
   44.2174190   57.5011555
   44.2046062   57.4942457
   44.2041048   57.4940102
   44.1861053   57.4867446
   44.1858572   57.4866594
   44.1856015   57.4866007
   44.1172080   57.4746527
   44.1162161   57.4744269
   44.1152523   57.4741015
   44.0630740   57.4534729
   44.0628693   57.4534020
   44.0626593   57.4533493
   43.9957372   57.4395910
   43.9950200   57.4394971
   43.8459568   57.4308753
   43.8457274   57.4308726
   43.8454986   57.4308910
   43.8331335   57.4324617
   43.8329132   57.4324998
   43.8326971   57.4325575
   43.7354461   57.4632517
   43.7344768   57.4635050
   43.7334870   57.4636601
   43.7324867   57.4637153
   43.7314859   57.4636702
   43.7304946   57.4635251
   43.7295228   57.4632816
   43.7285803   57.4629421
   43.7276764   57.4625100
   43.7268203   57.4619896
   43.7260206   57.4613862
   43.7252853   57.4607057
   43.7246218   57.4599551
   43.7240367   57.4591419
   43.7235358   57.4582743
   43.7123203   57.4363776
   43.7120437   57.4359036
   43.7118772   57.4356513
   43.7113714   57.4347951
   43.7109532   57.4338928
   43.7106267   57.4329534
   43.7103951   57.4319862
   43.7102607   57.4310009
   43.7102249   57.4300070
   43.7102879   57.4290145
   43.7104492   57.4280332
   43.7107072   57.4270727
   43.7110593   57.4261426
   43.7115021   57.4252521
   43.7120311   57.4244100
   43.7126411   57.4236246
   43.7133262   57.4229037
   43.7140794   57.4222543
   43.7148935   57.4216830
   43.7157602   57.4211954
   43.7166711   57.4207963
   43.7176172   57.4204897
   43.7987870   57.3985727
   43.7992303   57.3984306
   43.8599536   57.3757878
   43.8601883   57.3756860
   43.8603417   57.3754812
   43.8631542   57.3712850
   43.8632832   57.3710695
   43.8632385   57.3708223
   43.8621119   57.3660095
   43.8620470   57.3657821
   43.8618542   57.3656450
   43.8511033   57.3587515
   43.8508910   57.3586298
   43.8506483   57.3585993
   43.8422711   57.3579660
   43.8420064   57.3579601
   43.8417427   57.3579823
   43.8333456   57.3591414
   43.8326934   57.3592762
   43.8249236   57.3614316
   43.8241492   57.3616136
   43.8167414   57.3630462
   43.8158539   57.3631768
   43.8149583   57.3632274
   43.8080498   57.3633073
   43.8068734   57.3632516
   43.8057117   57.3630579
   43.8004341   57.3618548
   43.7995867   57.3616221
   43.7987630   57.3613158
   43.7979693   57.3609384
   43.7972119   57.3604927
   43.7946189   57.3588096
   43.7937609   57.3581855
   43.7929738   57.3574740
   43.7922666   57.3566832
   43.7916470   57.3558218
   43.7907005   57.3543466
   43.7901957   57.3534641
   43.7897831   57.3525348
   43.7894670   57.3515685
   43.7892507   57.3505751
   43.7891363   57.3495648
   43.7887925   57.3440154
   43.7887511   57.3436123
   43.7877835   57.3368907
   43.7877327   57.3366341
   43.7876293   57.3363939
   43.7845557   57.3301742
   43.7844280   57.3299467
   43.7842359   57.3297702
   43.7774886   57.3241962
   43.7773027   57.3240567
   43.7770854   57.3239743
   43.7698025   57.3215946
   43.7695545   57.3215275
   43.7692979   57.3215396
   43.7617322   57.3222914
   43.7614977   57.3223261
   43.7612741   57.3224045
   43.7260225   57.3366910
   43.7252069   57.3369811
   43.7243694   57.3371995
   43.7170842   57.3387665
   43.7163250   57.3388995
   43.7155578   57.3389735
   43.7083482   57.3393898
   43.7074039   57.3393996
   43.7064630   57.3393204
   43.7055337   57.3391527
   43.7012401   57.3381668
   43.7002227   57.3378757
   43.6992417   57.3374787
   43.6983082   57.3369803
   43.6974326   57.3363861
   43.6966247   57.3357026
   43.6958935   57.3349376
   43.6931697   57.3317676
   43.6924758   57.3308598
   43.6918899   57.3298788
   43.6914198   57.3288374
   43.6881887   57.3204289
   43.6878888   57.3195209
   43.6876770   57.3185885
   43.6875552   57.3176402
   43.6875245   57.3166845
   43.6877963   57.2994225
   43.6878597   57.2984446
   43.6890051   57.2884203
   43.6890361   57.2877376
   43.6888435   57.2794294
   43.6888268   57.2791940
   43.6887237   57.2789817
   43.6857494   57.2735373
   43.6856256   57.2733345
   43.6854219   57.2732120
   43.6768570   57.2686096
   43.6766385   57.2685055
   43.6763992   57.2684690
   43.6662907   57.2674286
   43.6660998   57.2674163
   43.6659086   57.2674187
   43.5955334   57.2709943
   43.5942477   57.2709769
   43.5533357   57.2677831
   43.5525204   57.2676856
   43.5517158   57.2675216
   43.5465140   57.2662366
   43.5455961   57.2659626
   43.5447086   57.2656020
   43.5438596   57.2651581
   43.5430570   57.2646350
   43.5423082   57.2640375
   43.5416200   57.2633711
   43.5409987   57.2626420
   43.5404500   57.2618567
   43.5399789   57.2610225
   43.5395899   57.2601470
   43.5392864   57.2592384
   43.5390713   57.2583049
   43.5389464   57.2573551
   43.5389131   57.2563977
   43.5389715   57.2554415
   43.5391211   57.2544952
   43.5393606   57.2535677
   43.5396877   57.2526673
   43.5400995   57.2518023
   43.5405922   57.2509807
   43.5416313   57.2494223
   43.5421652   57.2486950
   43.5427625   57.2480187
   43.5434183   57.2473991
   43.5539131   57.2383431
   43.5540593   57.2382063
   43.5541940   57.2380583
   43.5574203   57.2342150
   43.5575678   57.2340206
   43.5576292   57.2337844
   43.5583551   57.2302918
   43.5583925   57.2300526
   43.5581962   57.2299109
   43.5537319   57.2270137
   43.5535453   57.2269038
   43.5533366   57.2268460
   43.5457147   57.2250866
   43.5452553   57.2250029
   43.5275994   57.2226337
   43.5267398   57.2224799
   43.5258969   57.2222517
   43.5250771   57.2219508
   43.5242867   57.2215795
   43.5208436   57.2197747
   43.5199440   57.2192414
   43.5191050   57.2186170
   43.5183357   57.2179084
   43.5153339   57.2148379
   43.5145157   57.2138887
   43.5041691   57.2002413
   43.5040365   57.2000808
   43.5038911   57.1999320
   43.5026736   57.1987858
   43.5020106   57.1980992
   43.5014162   57.1973525
   43.5008956   57.1965526
   43.5004537   57.1957067
   43.5000944   57.1948225
   43.4998211   57.1939080
   43.4994461   57.1923937
   43.4992149   57.1911011
   43.4985806   57.1854261
   43.4985194   57.1844397
   43.4985560   57.1834522
   43.4986898   57.1824730
   43.4989197   57.1815118
   43.5030415   57.1673985
   43.5031579   57.1669097
   43.5048054   57.1580350
   43.5050135   57.1571434
   43.5053023   57.1562747
   43.5078863   57.1495470
   43.5079595   57.1493261
   43.5080118   57.1490992
   43.5089597   57.1438878
   43.5089918   57.1436430
   43.5089995   57.1433962
   43.5089043   57.1381970
   43.5088889   57.1379623
   43.5088082   57.1377414
   43.5068109   57.1329847
   43.5067223   57.1327960
   43.5066513   57.1326730
   43.5062019   57.1317961
   43.5058410   57.1308794
   43.5055720   57.1299315
   43.5053976   57.1289618
   43.5053195   57.1279796
   43.5053385   57.1269945
   43.5054543   57.1260160
   43.5056658   57.1250537
   43.5059709   57.1241169
   43.5063668   57.1232147
   43.5068496   57.1223558
   43.5074145   57.1215485
   43.5080562   57.1208008
   43.5087683   57.1201199
   43.5095439   57.1195123
   43.5103756   57.1189840
   43.5112552   57.1185401
   43.5121743   57.1181850
   43.5131238   57.1179220
   43.5140946   57.1177537
   43.5150772   57.1176818
   43.5160622   57.1177069
   43.5426434   57.1196985
   43.5429026   57.1197044
   43.5431610   57.1196834
   43.6042686   57.1114813
   43.6044995   57.1114392
   43.6047254   57.1113755
   43.6144975   57.1081178
   43.6147283   57.1080279
   43.6149368   57.1078940
   43.6227481   57.1023072
   43.6228937   57.1021948
   43.6230305   57.1020719
   43.6327295   57.0926996
   43.6333620   57.0921381
   43.6340397   57.0916321
   43.6347577   57.0911852
   43.6424608   57.0868310
   43.6431694   57.0864669
   43.6439047   57.0861604
   43.6676821   57.0773430
   43.6679520   57.0772244
   43.6682059   57.0770746
   43.6734385   57.0735549
   43.6736366   57.0734068
   43.6738015   57.0732225
   43.6771853   57.0690392
   43.6773512   57.0688082
   43.6774897   57.0685598
   43.6797474   57.0639044
   43.6798361   57.0636982
   43.6798663   57.0634758
   43.6803419   57.0581992
   43.6803518   57.0579677
   43.6802365   57.0577668
   43.6750206   57.0495984
   43.6747287   57.0491883
   43.6697909   57.0429437
   43.6696025   57.0427315
   43.6693911   57.0425421
   43.6334181   57.0138309
   43.6326578   57.0131581
   43.6319696   57.0124117
   43.6313606   57.0115993
   43.6308371   57.0107294
   43.6304046   57.0098109
   43.6300674   57.0088533
   43.6279063   57.0015521
   43.6275972   57.0001393
   43.6275386   56.9997324
   43.6273320   56.9996263
   43.6245263   56.9983511
   43.6237680   56.9979667
   43.6171895   56.9942725
   43.6170034   56.9941780
   43.6168100   56.9940994
   43.6002042   56.9881451
   43.5993689   56.9878023
   43.5985679   56.9873855
   43.5978078   56.9868982
   43.5890488   56.9807077
   43.5882100   56.9800449
   43.5874467   56.9792963
   43.5830886   56.9745390
   43.5823957   56.9736942
   43.5817991   56.9727790
   43.5813059   56.9718041
   43.5792818   56.9671939
   43.5791691   56.9669689
   43.5790134   56.9667712
   43.5743636   56.9614436
   43.5742129   56.9612856
   43.5740262   56.9611723
   43.5658801   56.9567061
   43.5656360   56.9565891
   43.5653725   56.9565277
   43.5356053   56.9512835
   43.5348495   56.9511200
   43.5341085   56.9508985
   43.5265814   56.9483279
   43.5257393   56.9479971
   43.5249306   56.9475916
   43.5241619   56.9471146
   43.5234394   56.9465701
   43.5227691   56.9459625
   43.5186266   56.9418514
   43.5180305   56.9412055
   43.5174935   56.9405097
   43.5170196   56.9397694
   43.5108758   56.9291731
   43.5103057   56.9280263
   43.5013446   56.9066696
   43.5012434   56.9064575
   43.5010324   56.9063541
   43.4893706   56.9013140
   43.4887258   56.9010863
   43.3780692   56.8703518
   43.3773419   56.8701195
   43.3766345   56.8698325
   43.3664708   56.8652492
   43.3662699   56.8651689
   43.3660589   56.8651247
   43.3392970   56.8607149
   43.3386751   56.8606521
   43.2604077   56.8576697
   43.2602663   56.8576663
   43.2183274   56.8572556
   43.2180670   56.8572667
   43.2178147   56.8573318
   43.2015036   56.8624668
   43.2013247   56.8625307
   43.2011512   56.8626080
   43.1830323   56.8715229
   43.1822614   56.8718627
   43.1814646   56.8721364
   43.1806476   56.8723420
   43.1746663   56.8735820
   43.1738316   56.8737185
   43.1729884   56.8737840
   43.1721427   56.8737780
   43.1643813   56.8733944
   43.1634553   56.8733053
   43.1625417   56.8731305
   43.1616482   56.8728716
   43.1477526   56.8681344
   43.1464129   56.8675658
   43.1398732   56.8642091
   43.1387877   56.8635622
   43.1348792   56.8608844
   43.1341683   56.8603493
   43.1335077   56.8597532
   43.1304717   56.8567576
   43.1303131   56.8566141
   43.1301429   56.8564846
   43.1197637   56.8492746
   43.1195650   56.8491500
   43.1193464   56.8490649
   43.1068489   56.8448655
   43.1066489   56.8448075
   43.1064448   56.8447663
   43.0471097   56.8353645
   43.0468093   56.8353354
   43.0465076   56.8353429
   43.0082432   56.8386248
   43.0079525   56.8386671
   43.0076689   56.8387434
   42.9974753   56.8421409
   42.9965966   56.8423899
   42.9956988   56.8425576
   42.9947895   56.8426427
   42.9883206   56.8429512
   42.9874863   56.8429561
   42.9866544   56.8428915
   42.9789219   56.8419648
   42.9780277   56.8418163
   42.9771506   56.8415874
   42.9762978   56.8412800
   42.9186685   56.8175032
   42.9184416   56.8174222
   42.9182080   56.8173635
   42.9004299   56.8137977
   42.9001515   56.8137581
   42.8998714   56.8137821
   42.8621486   56.8191774
   42.8612333   56.8192656
   42.8603138   56.8192693
   42.8593978   56.8191886
   42.8504174   56.8179789
   42.8494151   56.8177914
   42.8484372   56.8175029
   42.8474937   56.8171162
   42.8450883   56.8159841
   42.8441430   56.8154754
   42.8432577   56.8148684
   42.8424425   56.8141700
   42.8309603   56.8032104
   42.8303364   56.8025587
   42.8297739   56.8018534
   42.8292771   56.8011003
   42.8095959   56.7681132
   42.8091148   56.7672035
   42.8087297   56.7662491
   42.8084448   56.7652602
   42.8082630   56.7642473
   42.8081862   56.7632210
   42.8082154   56.7621923
   42.8082545   56.7617028
   42.8083789   56.7607396
   42.8085961   56.7597929
   42.8089042   56.7588718
   42.8093001   56.7579849
   42.8097802   56.7571406
   42.8103400   56.7563468
   42.8109741   56.7556112
   42.8116766   56.7549404
   42.8137374   56.7531559
   42.8143895   56.7526371
   42.8150826   56.7521745
   42.8269434   56.7449521
   42.8271744   56.7447929
   42.8273638   56.7445859
   42.8301334   56.7411927
   42.8302722   56.7410050
   42.8301983   56.7407835
   42.8287289   56.7369939
   42.8286199   56.7367520
   42.8284400   56.7365570
   42.8199240   56.7282643
   42.8195451   56.7279309
   42.8038109   56.7154377
   42.8028639   56.7145818
   42.7998758   56.7115124
   42.7991432   56.7106706
   42.7928638   56.7025852
   42.7922933   56.7017699
   42.7918066   56.7009019
   42.7914087   56.6999898
   42.7899671   56.6961793
   42.7896334   56.6951242
   42.7884335   56.6904439
   42.7882570   56.6896090
   42.7881524   56.6887621
   42.7866682   56.6703058
   42.7866360   56.6694698
   42.7866739   56.6686341
   42.7867815   56.6678045
   42.7873291   56.6646295
   42.7875636   56.6635988
   42.7879055   56.6625985
   42.7883512   56.6616400
   42.7894814   56.6595112
   42.7900035   56.6586381
   42.7906117   56.6578225
   42.7912996   56.6570729
   42.7920601   56.6563971
   42.7928853   56.6558021
   42.7983462   56.6522723
   42.7991983   56.6517793
   42.8000947   56.6513724
   42.8338883   56.6379977
   42.8348810   56.6376638
   42.8359032   56.6374356
   42.8369437   56.6373155
   42.8379910   56.6373049
   42.8384794   56.6373256
   42.8394339   56.6374119
   42.8403758   56.6375893
   42.8412964   56.6378560
   42.8421872   56.6382096
   42.8430401   56.6386468
   42.8438472   56.6391637
   42.8446011   56.6397555
   42.8447477   56.6398824
   42.8455314   56.6406392
   42.8462280   56.6414767
   42.8468295   56.6423850
   42.8486344   56.6454628
   42.8490987   56.6463545
   42.8510607   56.6506347
   42.8511723   56.6508498
   42.8513722   56.6509867
   42.8549775   56.6532054
   42.8551962   56.6533252
   42.8554456   56.6533240
   42.8596120   56.6530929
   42.8598419   56.6530694
   42.8600635   56.6530038
   42.8670731   56.6505699
   42.8672818   56.6504867
   42.8674714   56.6503679
   42.8726128   56.6468159
   42.8734568   56.6462928
   42.8743485   56.6458559
   42.8752792   56.6455096
   42.8762396   56.6452573
   42.8772202   56.6451016
   42.8782116   56.6450438
   42.8800203   56.6450284
   42.8812297   56.6450914
   42.8824226   56.6453002
   42.8840956   56.6456987
   42.8850635   56.6459815
   42.8859981   56.6463604
   42.8868897   56.6468314
   42.8891591   56.6481810
   42.8894096   56.6483113
   42.8896732   56.6484124
   42.8943222   56.6498994
   42.8945724   56.6499653
   42.8948307   56.6499508
   42.8990713   56.6494896
   42.8993189   56.6494498
   42.8994986   56.6492750
   42.9021795   56.6463866
   42.9023151   56.6462276
   42.9024219   56.6460488
   42.9043285   56.6425315
   42.9046142   56.6419048
   42.9059200   56.6384220
   42.9061190   56.6377520
   42.9074255   56.6318721
   42.9074724   56.6315802
   42.9074843   56.6312849
   42.9072884   56.6209902
   42.9072668   56.6207071
   42.9071815   56.6204364
   42.9022530   56.6074375
   42.9019295   56.6064250
   42.9017154   56.6053839
   42.9016129   56.6043260
   42.9016233   56.6032631
   42.9017464   56.6022074
   42.9019810   56.6011706
   42.9053646   56.5892075
   42.9054139   56.5889993
   42.9054453   56.5887875
   42.9060187   56.5832906
   42.9060318   56.5830617
   42.9058857   56.5828849
   42.9010547   56.5775716
   42.9008661   56.5773852
   42.9006422   56.5772430
   42.8945366   56.5738080
   42.8939681   56.5735340
   42.8585586   56.5591427
   42.8576373   56.5587124
   42.8464849   56.5527958
   42.8457659   56.5523751
   42.8450845   56.5518960
   42.8444452   56.5513619
   42.8411954   56.5484079
   42.8404937   56.5477032
   42.8346551   56.5412255
   42.8338392   56.5401906
   42.8336521   56.5399181
   42.8331268   56.5390642
   42.8326896   56.5381621
   42.8323450   56.5372207
   42.8320963   56.5362496
   42.8319462   56.5352584
   42.8318960   56.5342572
   42.8319463   56.5332560
   42.8320966   56.5322648
   42.8323454   56.5312937
   42.8326901   56.5303524
   42.8331274   56.5294503
   42.8336528   56.5285966
   42.8342610   56.5277997
   42.8342900   56.5277654
   42.8348839   56.5271226
   42.8355317   56.5265342
   42.8362285   56.5260046
   42.8392739   56.5238939
   42.8401709   56.5233398
   42.8411213   56.5228833
   42.8421144   56.5225293
   42.8431393   56.5222819
   42.8882266   56.5138839
   42.8884656   56.5138269
   42.8886114   56.5136290
   42.8932880   56.5065655
   42.8934204   56.5063405
   42.8934488   56.5060809
   42.8935955   56.5034626
   42.8936738   56.5026545
   42.8938173   56.5018554
   42.8939948   56.5010556
   42.8940392   56.5007874
   42.8940540   56.5005160
   42.8940540   56.5004134
   42.8940365   56.5001191
   42.8939844   56.4998289
   42.8924534   56.4934909
   42.8923902   56.4932733
   42.8923076   56.4930624
   42.8851982   56.4770919
   42.8848862   56.4765010
   42.8819773   56.4717853
   42.8818504   56.4715992
   42.8816660   56.4714706
   42.8750119   56.4672630
   42.8748264   56.4671566
   42.8746200   56.4671011
   42.8635007   56.4646188
   42.8632535   56.4645766
   42.8630033   56.4645594
   42.8042391   56.4634847
   42.8036226   56.4635115
   42.7887897   56.4650796
   42.7882765   56.4651611
   42.7373889   56.4759743
   42.7363099   56.4761427
   42.6936231   56.4804311
   42.6926465   56.4804811
   42.6488100   56.4805821
   42.6479739   56.4805490
   42.6471434   56.4804461
   42.6395321   56.4791778
   42.6386785   56.4789970
   42.6378440   56.4787425
   42.6351328   56.4777844
   42.6342089   56.4774050
   42.6333274   56.4769353
   42.6324972   56.4763801
   42.6317265   56.4757448
   42.6310230   56.4750357
   42.6303937   56.4742601
   42.6298450   56.4734255
   42.6293823   56.4725404
   42.6290101   56.4716135
   42.6287323   56.4706541
   42.6285516   56.4696718
   42.6284698   56.4686763
   42.6284876   56.4676777
   42.6286051   56.4666858
   42.6288208   56.4657106
   42.6291328   56.4647618
   42.6295379   56.4638488
   42.6300320   56.4629808
   42.6306102   56.4621664
   42.6312668   56.4614137
   42.6319952   56.4607304
   42.6327882   56.4601230
   42.6473559   56.4500787
   42.6475403   56.4499377
   42.6474008   56.4497522
   42.6406866   56.4416805
   42.6405217   56.4415010
   42.6403005   56.4413986
   42.6081424   56.4283993
   42.6072333   56.4279777
   42.6063710   56.4274672
   42.6055641   56.4268729
   42.6048207   56.4262009
   42.6041483   56.4254579
   42.6035537   56.4246513
   42.6030428   56.4237892
   42.6026207   56.4228804
   42.6022917   56.4219338
   42.6020591   56.4209591
   42.6019252   56.4199660
   42.6018914   56.4189645
   42.6019580   56.4179646
   42.6021243   56.4169764
   42.6023887   56.4160098
   42.6027485   56.4150745
   42.6032001   56.4141800
   42.6037389   56.4133351
   42.6043597   56.4125484
   42.6050560   56.4118277
   42.6058210   56.4111804
   42.6066469   56.4106129
   42.6075254   56.4101309
   42.6894289   56.3703986
   42.6899997   56.3700738
   42.7084280   56.3579142
   42.7088349   56.3576152
   42.7256314   56.3439113
   42.7261340   56.3434399
   42.7606245   56.3062955
   42.7608169   56.3060611
   42.7609794   56.3058050
   42.7657697   56.2971287
   42.7658828   56.2968960
   42.7659186   56.2966397
   42.7664922   56.2900293
   42.7665005   56.2897435
   42.7664760   56.2894585
   42.7649999   56.2792289
   42.7649551   56.2789972
   42.7648675   56.2787781
   42.7500044   56.2462036
   42.7496668   56.2453654
   42.7494063   56.2445002
   42.7492249   56.2436150
   42.7491242   56.2427170
   42.7491049   56.2418136
   42.7493078   56.2333267
   42.7493912   56.2322547
   42.7495893   56.2311979
   42.7498997   56.2301684
   42.7503188   56.2291783
   42.7534589   56.2227467
   42.7539118   56.2219202
   42.7544406   56.2211400
   42.7550404   56.2204131
   42.7557060   56.2197459
   42.7564314   56.2191443
   42.7572103   56.2186136
   42.7732521   56.2087579
   42.7741896   56.2082487
   42.7751760   56.2078423
   42.7912064   56.2022176
   42.7924935   56.2018605
   42.8165591   56.1968872
   42.8174748   56.1967419
   42.8183999   56.1966820
   42.9202849   56.1948172
   42.9205109   56.1948027
   42.9207296   56.1947479
   42.9349594   56.1904894
   42.9351832   56.1904106
   42.9353880   56.1902908
   42.9454309   56.1837527
   42.9456171   56.1836186
   42.9456623   56.1833937
   42.9478650   56.1689533
   42.9478888   56.1687240
   42.9476794   56.1686275
   42.9061700   56.1518599
   42.9059371   56.1517790
   42.9056929   56.1517456
   42.8685368   56.1485298
   42.8681004   56.1485112
   42.7741051   56.1486132
   42.7733402   56.1485847
   42.7725797   56.1484978
   42.7354664   56.1428112
   42.7343297   56.1425686
   42.7148261   56.1372057
   42.7136395   56.1367977
   42.6992712   56.1308260
   42.6983301   56.1303759
   42.6974411   56.1298303
   42.6881898   56.1234654
   42.6874393   56.1228952
   42.6867459   56.1222568
   42.6861156   56.1215560
   42.6855541   56.1207989
   42.6850664   56.1199924
   42.6807598   56.1120473
   42.6802770   56.1110218
   42.6799133   56.1099483
   42.6755999   56.0943570
   42.6754074   56.0935241
   42.6752867   56.0926779
   42.6752387   56.0918244
   42.6748545   56.0631207
   42.6748796   56.0622656
   42.6749777   56.0614159
   42.6767982   56.0499712
   42.6769808   56.0490843
   42.6772429   56.0482175
   42.6775823   56.0473780
   42.6802538   56.0415452
   42.6806844   56.0407108
   42.6811914   56.0399204
   42.6817703   56.0391811
   42.6824160   56.0384994
   42.6831228   56.0378812
   42.6873332   56.0345343
   42.6875430   56.0343472
   42.6877053   56.0341178
   42.6916463   56.0278208
   42.6917780   56.0275822
   42.6918545   56.0273206
   42.6936960   56.0194477
   42.6937422   56.0191893
   42.6937610   56.0189274
   42.6940616   56.0030164
   42.6940553   56.0027874
   42.6939288   56.0025964
   42.6882104   55.9947821
   42.6880648   55.9946015
   42.6878631   55.9944868
   42.6615622   55.9811141
   42.6607333   55.9806416
   42.6599531   55.9800922
   42.6592289   55.9794709
   42.6585672   55.9787834
   42.6579740   55.9780360
   42.6574548   55.9772355
   42.6570142   55.9763891
   42.6566563   55.9755046
   42.6563843   55.9745900
   42.6538149   55.9641502
   42.6537487   55.9639266
   42.6536618   55.9637101
   42.6508600   55.9575767
   42.6507517   55.9573667
   42.6505885   55.9571957
   42.6449408   55.9518156
   42.6447620   55.9516609
   42.6445279   55.9516286
   42.6319812   55.9505082
   42.6317469   55.9504985
   42.6315445   55.9506170
   42.6261692   55.9541207
   42.6259661   55.9542682
   42.6258165   55.9544697
   42.6223316   55.9596966
   42.6221505   55.9599896
   42.6192848   55.9650048
   42.6187309   55.9658682
   42.6180914   55.9666702
   42.6173731   55.9674026
   42.6145162   55.9700312
   42.6137080   55.9707000
   42.6128342   55.9712805
   42.6119044   55.9717662
   42.6058897   55.9745170
   42.6048535   55.9749228
   42.6037787   55.9752110
   42.5965142   55.9767311
   42.5954449   55.9768950
   42.5904502   55.9773863
   42.5896794   55.9774321
   42.5889074   55.9774184
   42.5839480   55.9771382
   42.5826073   55.9769710
   42.5772253   55.9759268
   42.5763403   55.9757129
   42.5754784   55.9754194
   42.5746468   55.9750487
   42.5738524   55.9746039
   42.5658107   55.9696074
   42.5650072   55.9690519
   42.5642616   55.9684208
   42.5007763   55.9091131
   42.5005826   55.9089498
   42.5003599   55.9088291
   42.4929272   55.9052805
   42.4919421   55.9047402
   42.4910239   55.9040928
   42.4901840   55.9033465
   42.4852874   55.8984765
   42.4846349   55.8977614
   42.4840546   55.8969867
   42.4835519   55.8961594
   42.4831316   55.8952875
   42.4827975   55.8943789
   42.4825529   55.8934424
   42.4823999   55.8924865
   42.4823401   55.8915204
   42.4823739   55.8905530
   42.4831344   55.8814572
   42.4832851   55.8803735
   42.4835532   55.8793128
   42.4879030   55.8653672
   42.4879672   55.8651157
   42.4879504   55.8648567
   42.4864594   55.8521644
   42.4864183   55.8519207
   42.4862289   55.8517620
   42.4737892   55.8423567
   42.4736106   55.8422336
   42.4734062   55.8421609
   42.4380815   55.8313144
   42.4369537   55.8308923
   42.4358848   55.8303376
   42.4232879   55.8228055
   42.4224927   55.8222769
   42.4217516   55.8216749
   42.4210712   55.8210049
   42.4204578   55.8202731
   42.3919993   55.7828227
   42.3918552   55.7826499
   42.3916594   55.7825398
   42.3805095   55.7769143
   42.3802837   55.7768141
   42.3800383   55.7767849
   42.2820815   55.7700577
   42.2809762   55.7699196
   42.2798931   55.7696594
   42.2645081   55.7650439
   42.2634216   55.7646482
   42.2623882   55.7641297
   42.2506601   55.7573704
   42.2498808   55.7568719
   42.2491509   55.7563035
   42.2073460   55.7205218
   42.2071649   55.7203807
   42.2069715   55.7202568
   42.1986793   55.7154689
   42.1984857   55.7153682
   42.1982725   55.7153214
   42.1902981   55.7139354
   42.1897261   55.7138696
   42.1794274   55.7132845
   42.1786491   55.7132096
   42.1778791   55.7130742
   42.1724716   55.7119037
   42.1715650   55.7116625
   42.1706850   55.7113373
   42.1698394   55.7109311
   42.1690355   55.7104475
   42.1682805   55.7098906
   42.1675810   55.7092655
   42.1669432   55.7085775
   42.1663727   55.7078328
   42.1652199   55.7061724
   42.1646482   55.7052448
   42.1641809   55.7042605
   42.1638233   55.7032312
   42.1578350   55.6823903
   42.1577584   55.6821654
   42.1575460   55.6820586
   42.1420706   55.6751999
   42.1418489   55.6751140
   42.1416150   55.6750719
   42.1247587   55.6728617
   42.1238650   55.6727030
   42.1229893   55.6724639
   42.1221390   55.6721463
   42.1213209   55.6717530
   42.1092318   55.6652490
   42.1084054   55.6647517
   42.1076308   55.6641770
   42.1069152   55.6635303
   42.1062652   55.6628178
   42.1056869   55.6620459
   42.1051856   55.6612219
   42.0993659   55.6505257
   42.0989345   55.6496293
   42.0985943   55.6486945
   42.0983487   55.6477304
   42.0982000   55.6467468
   42.0981499   55.6457532
   42.0981987   55.6447596
   42.0983460   55.6437758
   42.0985903   55.6428114
   42.0989292   55.6418761
   42.0993594   55.6409791
   42.0998765   55.6401293
   42.1004756   55.6393351
   42.1011506   55.6386043
   42.1025350   55.6372475
   42.1032073   55.6366457
   42.1039312   55.6361069
   42.1047006   55.6356355
   42.1151754   55.6298517
   42.1153823   55.6297236
   42.1154109   55.6294818
   42.1165138   55.6131772
   42.1165183   55.6129443
   42.1163070   55.6128462
   42.1078532   55.6094050
   42.1076401   55.6093294
   42.1074145   55.6093348
   42.0573672   55.6128179
   42.0562353   55.6128325
   42.0551091   55.6127190
   42.0540030   55.6124790
   42.0454826   55.6101185
   42.0445550   55.6098120
   42.0436617   55.6094164
   42.0428113   55.6089356
   42.0420119   55.6083741
   42.0412711   55.6077373
   42.0405960   55.6070312
   42.0399929   55.6062626
   42.0394678   55.6054389
   42.0390255   55.6045678
   42.0386703   55.6036577
   42.0377780   55.6009939
   42.0375036   55.6000107
   42.0373309   55.5990046
   42.0372616   55.5979862
   42.0372965   55.5969659
   42.0374353   55.5959546
   42.0409660   55.5773355
   42.0411736   55.5764589
   42.0414591   55.5756046
   42.0418204   55.5747795
   42.0422544   55.5739901
   42.0427578   55.5732431
   42.0444717   55.5709313
   42.0450683   55.5702011
   42.0457311   55.5695304
   42.0464541   55.5689251
   42.0632352   55.5561716
   42.0634007   55.5560341
   42.0635538   55.5558829
   42.0686138   55.5504331
   42.0687702   55.5502471
   42.0688434   55.5500153
   42.0719158   55.5383206
   42.0719701   55.5380556
   42.0719659   55.5377851
   42.0713786   55.5294143
   42.0713576   55.5292221
   42.0713218   55.5290321
   42.0695580   55.5213280
   42.0693416   55.5199408
   42.0673514   55.4964565
   42.0673256   55.4962524
   42.0672831   55.4960512
   42.0661311   55.4915294
   42.0659387   55.4905874
   42.0658378   55.4896312
   42.0658291   55.4886697
   42.0659129   55.4877119
   42.0660882   55.4867665
   42.0663535   55.4858423
   42.0667063   55.4849479
   42.0671687   55.4839232
   42.0675978   55.4830807
   42.0681046   55.4822825
   42.0686845   55.4815358
   42.0693324   55.4808471
   42.0700424   55.4802227
   42.0708082   55.4796682
   42.0812656   55.4728250
   42.0820549   55.4723587
   42.0828836   55.4719667
   42.0837447   55.4716522
   42.0941535   55.4683829
   42.0949373   55.4681712
   42.0957357   55.4680239
   42.1228682   55.4641475
   42.1231402   55.4640930
   42.1233934   55.4639795
   42.1333683   55.4588196
   42.1335727   55.4587009
   42.1335900   55.4584652
   42.1339906   55.4423508
   42.1339839   55.4420985
   42.1338326   55.4418966
   42.1172120   55.4219323
   42.1170377   55.4217435
   42.1168448   55.4215738
   42.0941573   55.4035914
   42.0939945   55.4034728
   42.0938226   55.4033676
   42.0758258   55.3933322
   42.0755984   55.3932203
   42.0753531   55.3931567
   42.0311082   55.3840666
   42.0301752   55.3838276
   42.0292696   55.3835000
   42.0283997   55.3830867
   42.0275736   55.3825917
   42.0165959   55.3752733
   42.0158542   55.3747279
   42.0151658   55.3741165
   42.0145365   55.3734445
   42.0139717   55.3727174
   42.0134762   55.3719414
   42.0130541   55.3711232
   42.0127090   55.3702696
   42.0124440   55.3693879
   42.0073432   55.3490718
   42.0072757   55.3488482
   42.0071677   55.3486411
   42.0006867   55.3375236
   42.0005614   55.3373302
   42.0003336   55.3372963
   41.9851965   55.3357677
   41.9849619   55.3357551
   41.9847272   55.3357647
   41.9546316   55.3384172
   41.9536828   55.3384555
   41.9527347   55.3384037
   41.9517957   55.3382622
   41.9508744   55.3380323
   41.9430068   55.3356668
   41.9421012   55.3353463
   41.9412306   55.3349405
   41.9404030   55.3344530
   41.9396259   55.3338883
   41.9389066   55.3332517
   41.9382517   55.3325491
   41.9376673   55.3317868
   41.9371586   55.3309720
   41.9367305   55.3301121
   41.9363869   55.3292151
   41.9361309   55.3282893
   41.9359649   55.3273432
   41.9358905   55.3263855
   41.9359083   55.3254251
   41.9360181   55.3244709
   41.9362190   55.3235316
   41.9365091   55.3226159
   41.9368857   55.3217322
   41.9373453   55.3208888
   41.9433849   55.3109718
   41.9438442   55.3102835
   41.9443587   55.3096356
   41.9449251   55.3090324
   41.9504590   55.3036072
   41.9508181   55.3032157
   41.9562665   55.2966001
   41.9564240   55.2963863
   41.9565059   55.2961338
   41.9588577   55.2872882
   41.9589058   55.2870662
   41.9588106   55.2868601
   41.9541802   55.2779425
   41.9540505   55.2777217
   41.9538161   55.2776187
   41.9431979   55.2736005
   41.9429986   55.2735345
   41.9427944   55.2734855
   41.9321339   55.2713976
   41.9311309   55.2711467
   41.9301592   55.2707936
   41.9292292   55.2703421
   41.9034967   55.2561602
   41.9033094   55.2560670
   41.9031099   55.2560067
   41.8801979   55.2501055
   41.8794489   55.2498810
   41.8787198   55.2495987
   41.8710000   55.2462572
   41.8701372   55.2458334
   41.8693190   55.2453286
   41.8685531   55.2447477
   41.8678465   55.2440959
   41.8672058   55.2433792
   41.8666368   55.2426043
   41.8661449   55.2417784
   41.8657345   55.2409091
   41.8654095   55.2400044
   41.8651729   55.2390726
   41.8650269   55.2381224
   41.8649727   55.2371626
   41.8650110   55.2362021
   41.8651413   55.2352496
   41.8653625   55.2343141
   41.8656725   55.2334041
   41.8660685   55.2325281
   41.8665467   55.2316942
   41.8671028   55.2309100
   41.8677316   55.2301829
   41.8684273   55.2295195
   41.8691835   55.2289259
   41.8914497   55.2131186
   41.8918076   55.2128392
   41.8963227   55.2089720
   41.8966477   55.2086675
   41.9005742   55.2046456
   41.9007215   55.2044805
   41.9008017   55.2042748
   41.9025067   55.1992533
   41.9025761   55.1990078
   41.9025149   55.1987601
   41.9005948   55.1924239
   41.9005119   55.1921923
   41.9003850   55.1919815
   41.8857871   55.1702371
   41.8856293   55.1700269
   41.8854503   55.1698346
   41.8795828   55.1641620
   41.8794339   55.1640292
   41.8792749   55.1639086
   41.8704352   55.1577503
   41.8702359   55.1576250
   41.8700167   55.1575395
   41.8491711   55.1505250
   41.8483297   55.1501990
   41.8253981   55.1400994
   41.8244812   55.1396380
   41.8236164   55.1390850
   41.8065723   55.1269109
   41.8063623   55.1267763
   41.8061296   55.1266863
   41.7893271   55.1211355
   41.7884073   55.1207804
   41.7875269   55.1203365
   41.7866945   55.1198081
   41.7859182   55.1192002
   41.7852055   55.1185189
   41.7845634   55.1177707
   41.7839981   55.1169629
   41.7835151   55.1161033
   41.7831191   55.1152004
   41.7828139   55.1142628
   41.7826026   55.1132998
   41.7824871   55.1123206
   41.7824685   55.1113348
   41.7825472   55.1103520
   41.7827223   55.1093817
   41.7829920   55.1084334
   41.7895615   55.0890295
   41.7899295   55.0880986
   41.7903888   55.0872092
   41.7909348   55.0863701
   41.7915619   55.0855898
   41.7922638   55.0848761
   41.7930336   55.0842362
   41.7990220   55.0797452
   41.7998849   55.0791656
   41.8008033   55.0786787
   41.8147307   55.0721987
   41.8154743   55.0718885
   41.8162404   55.0716392
   41.8533708   55.0611910
   41.8541229   55.0610104
   41.8548866   55.0608885
   41.8718735   55.0588475
   41.8726193   55.0587860
   41.8733675   55.0587806
   41.8848159   55.0591254
   41.8858365   55.0592086
   41.8868432   55.0593957
   41.8878254   55.0596847
   41.9668309   55.0874029
   41.9673410   55.0875519
   41.9739050   55.0890958
   41.9741113   55.0891352
   41.9743206   55.0891394
   41.9810169   55.0889939
   41.9812390   55.0889791
   41.9814492   55.0889058
   41.9871797   55.0866143
   41.9874345   55.0864952
   41.9876561   55.0863219
   41.9916950   55.0827756
   41.9918744   55.0826010
   41.9918954   55.0823516
   41.9920868   55.0764968
   41.9920843   55.0762784
   41.9920250   55.0760682
   41.9903009   55.0708495
   41.9902244   55.0706477
   41.9901146   55.0704628
   41.9835324   55.0603892
   41.9832759   55.0600321
   41.9785223   55.0539920
   41.9779400   55.0531701
   41.9774434   55.0522938
   41.9770374   55.0513720
   41.9767262   55.0504140
   41.9765130   55.0494296
   41.9763999   55.0484287
   41.9763880   55.0474215
   41.9764775   55.0464182
   41.9766675   55.0454290
   41.9769561   55.0444639
   41.9773402   55.0435328
   41.9778161   55.0426451
   41.9783789   55.0418097
   41.9790229   55.0410351
   41.9797415   55.0403293
   41.9805275   55.0396994
   41.9813729   55.0391517
   41.9822690   55.0386918
   42.0040650   55.0288610
   42.0042802   55.0287509
   42.0043979   55.0285398
   42.0065575   55.0241733
   42.0066536   55.0239525
   42.0066113   55.0237155
   42.0062037   55.0219399
   42.0061397   55.0217118
   42.0059777   55.0215391
   42.0046745   55.0202769
   42.0044902   55.0201154
   42.0042511   55.0200612
   41.9781718   55.0155039
   41.9772265   55.0152910
   41.9763062   55.0149877
   41.9754196   55.0145967
   41.9745750   55.0141217
   41.9737803   55.0135672
   41.9730430   55.0129384
   41.9723701   55.0122412
   41.9717678   55.0114822
   41.9712418   55.0106684
   41.9707970   55.0098075
   41.9704376   55.0089076
   41.9701670   55.0079772
   41.9699877   55.0070249
   41.9699015   55.0060598
   41.9699090   55.0050908
   41.9700103   55.0041271
   41.9702044   55.0031778
   41.9704895   55.0022516
   41.9708628   55.0013575
   41.9713210   55.0005036
   41.9718596   54.9996981
   41.9724737   54.9989486
   41.9731575   54.9982619
   41.9739044   54.9976447
   41.9747076   54.9971027
   41.9755596   54.9966410
   41.9801731   54.9944225
   41.9810508   54.9940508
   41.9819599   54.9937644
   41.9958224   54.9901135
   41.9965430   54.9899519
   41.9972735   54.9898439
   42.0391460   54.9852282
   42.0394254   54.9851812
   42.0396977   54.9851027
   42.0780482   54.9716442
   42.1020531   54.9630206
   42.1033334   54.9626548
   42.1657519   54.9492435
   42.1666621   54.9490915
   42.1675824   54.9490240
   42.1774868   54.9487564
   42.1787681   54.9488040
   42.1897262   54.9499177
   42.1908278   54.9500922
   42.1919031   54.9503882
   42.2075847   54.9556627
   42.2087909   54.9561581
   42.2172156   54.9602793
   42.2183719   54.9609440
   42.2468683   54.9799590
   42.2474933   54.9803139
   42.2599233   54.9862325
   42.2601966   54.9863433
   42.2604811   54.9864210
   42.2859463   54.9917761
   42.2865309   54.9918633
   42.3139835   54.9943099
   42.3153182   54.9945205
   42.3349620   54.9989982
   42.3357324   54.9992065
   42.3364838   54.9994755
   42.3381638   55.0001539
   42.3384325   55.0002449
   42.3387148   55.0002726
   42.3991188   55.0027308
   42.4001259   55.0028230
   42.4011187   55.0030164
   42.4020868   55.0033092
   42.4222323   55.0105312
   42.4228967   55.0107187
   42.4303876   55.0122830
   42.4310649   55.0123766
   42.4394899   55.0129575
   42.4397148   55.0129628
   42.4399392   55.0129479
   42.4484529   55.0119934
   42.4489549   55.0119110
   42.4570468   55.0101566
   42.4575170   55.0100304
   42.4722693   55.0052891
   42.4724743   55.0052131
   42.4726718   55.0051196
   42.4821857   55.0000903
   42.4823841   54.9999728
   42.4822705   54.9997721
   42.4818976   54.9991818
   42.4814204   54.9983385
   42.4810270   54.9974530
   42.4807212   54.9965336
   42.4805058   54.9955889
   42.4804813   54.9954509
   42.4804237   54.9952025
   42.4802508   54.9950151
   42.4624897   54.9776582
   42.4619722   54.9772171
   42.4540500   54.9713477
   42.4533127   54.9707451
   42.4465414   54.9646500
   42.4459418   54.9640628
   42.4453935   54.9634274
   42.4451937   54.9631754
   42.4446585   54.9624322
   42.4441934   54.9616432
   42.4438026   54.9608149
   42.4434891   54.9599544
   42.4432556   54.9590688
   42.4431886   54.9587571
   42.4430402   54.9578786
   42.4429705   54.9569903
   42.4429802   54.9560994
   42.4430692   54.9552129
   42.4432367   54.9543378
   42.4438343   54.9518275
   42.4440860   54.9509501
   42.4444166   54.9500994
   42.4448235   54.9492823
   42.4453031   54.9485058
   42.4511655   54.9399170
   42.4517390   54.9391571
   42.4523821   54.9384553
   42.4576117   54.9332673
   42.4586769   54.9323498
   42.4696923   54.9241364
   42.4698839   54.9239779
   42.4699982   54.9237569
   42.4733316   54.9164290
   42.4734016   54.9162586
   42.4734589   54.9160836
   42.4751996   54.9100135
   42.4752555   54.9097746
   42.4752146   54.9095327
   42.4668417   54.8715229
   42.4667837   54.8713069
   42.4666372   54.8711380
   42.4528747   54.8566475
   42.4523603   54.8561765
   42.3911196   54.8075202
   42.3905390   54.8070215
   42.3899982   54.8064797
   42.3874825   54.8037591
   42.3868281   54.8029746
   42.3862572   54.8021273
   42.3857757   54.8012263
   42.3853886   54.8002808
   42.3849581   54.7990538
   42.3846910   54.7981617
   42.3845081   54.7972487
   42.3844109   54.7963226
   42.3844003   54.7953915
   42.3844763   54.7944634
   42.3846383   54.7935465
   42.3848469   54.7926200
   42.3851117   54.7916667
   42.3854694   54.7907442
   42.3859165   54.7898615
   42.3864487   54.7890274
   42.3870607   54.7882500
   42.3877465   54.7875368
   42.3884995   54.7868949
   42.3893122   54.7863305
   42.3938406   54.7835073
   42.3945659   54.7830960
   42.3953230   54.7827466
   42.4029105   54.7796218
   42.4037737   54.7793118
   42.4195461   54.7744514
   42.4197620   54.7743737
   42.4199202   54.7742077
   42.4243595   54.7690922
   42.4246651   54.7687026
   42.4273747   54.7648720
   42.4275056   54.7646658
   42.4274491   54.7644281
   42.4221422   54.7462187
   42.4219105   54.7452441
   42.4217774   54.7442511
   42.4217443   54.7432498
   42.4218116   54.7422503
   42.4219785   54.7412625
   42.4222435   54.7402963
   42.4226038   54.7393615
   42.4230558   54.7384675
   42.4235950   54.7376231
   42.4242160   54.7368370
   42.4249125   54.7361169
   42.4256776   54.7354701
   42.4265035   54.7349032
   42.4273820   54.7344217
   42.4283043   54.7340305
   42.4292612   54.7337336
   42.4441483   54.7299198
   42.4445778   54.7297889
   42.4591177   54.7246346
   42.4597718   54.7243485
   42.4765235   54.7155469
   42.4773538   54.7151581
   42.4782161   54.7148470
   42.4791033   54.7146162
   42.4792399   54.7145873
   42.4802195   54.7144302
   42.4812097   54.7143709
   42.4822010   54.7144100
   42.4831835   54.7145472
   42.4841476   54.7147810
   42.4850838   54.7151092
   42.4859829   54.7155286
   42.4868360   54.7160350
   42.4876347   54.7166234
   42.4883712   54.7172880
   42.4890382   54.7180224
   42.4948649   54.7251146
   42.4950163   54.7252828
   42.4951949   54.7254201
   42.4989217   54.7280291
   42.4991487   54.7281704
   42.4994088   54.7282320
   42.5025967   54.7288079
   42.5028632   54.7288413
   42.5031307   54.7288166
   42.5096978   54.7278514
   42.5098893   54.7278156
   42.5100774   54.7277649
   42.5167259   54.7256926
   42.5173063   54.7254713
   42.5235971   54.7226122
   42.5238365   54.7224873
   42.5240610   54.7223373
   42.5288131   54.7187732
   42.5290036   54.7186149
   42.5291775   54.7184384
   42.5498003   54.6953201
   42.5504299   54.6946752
   42.5511151   54.6940897
   42.5518502   54.6935682
   42.5526293   54.6931151
   42.5534460   54.6927339
   42.5542937   54.6924278
   42.5585767   54.6910961
   42.5596124   54.6908339
   42.5606702   54.6906836
   42.5617379   54.6906471
   42.5656766   54.6907228
   42.5666560   54.6907899
   42.5676242   54.6909526
   42.5685717   54.6912095
   42.5694895   54.6915581
   42.5703686   54.6919950
   42.6103182   54.7143563
   42.6105628   54.7144762
   42.6108191   54.7145686
   42.6165292   54.7162814
   42.6167586   54.7163384
   42.6169928   54.7163058
   42.6232129   54.7151336
   42.6234696   54.7150708
   42.6236770   54.7149071
   42.6282103   54.7109175
   42.6284234   54.7107059
   42.6286094   54.7104701
   42.6374997   54.6976851
   42.6376261   54.6974834
   42.6377326   54.6972706
   42.6403812   54.6912851
   42.6406266   54.6905989
   42.6426319   54.6833677
   42.6426864   54.6831232
   42.6425906   54.6828917
   42.6393828   54.6761366
   42.6392811   54.6759446
   42.6391331   54.6757855
   42.6345160   54.6712411
   42.6343193   54.6710669
   42.6341054   54.6709144
   42.6171175   54.6601102
   42.6162274   54.6594730
   42.6146778   54.6582302
   42.6139527   54.6575885
   42.6132931   54.6568798
   42.6127051   54.6561105
   42.6121942   54.6552880
   42.6117653   54.6544200
   42.6114224   54.6535145
   42.6111686   54.6525801
   42.6110064   54.6516256
   42.6109372   54.6506598
   42.6109618   54.6496919
   42.6110799   54.6487308
   42.6112903   54.6477858
   42.6115912   54.6468654
   42.6119797   54.6459785
   42.6124521   54.6451334
   42.6130040   54.6443379
   42.6136303   54.6435994
   42.6143251   54.6429251
   42.6150818   54.6423210
   42.6158934   54.6417930
   42.6167522   54.6413459
   42.6176503   54.6409841
   42.6185792   54.6407107
   42.6312512   54.6376395
   42.6315319   54.6375537
   42.6318006   54.6374353
   42.6374261   54.6345507
   42.6376291   54.6344341
   42.6377915   54.6342656
   42.6414880   54.6300472
   42.6416536   54.6298362
   42.6417701   54.6295947
   42.6459178   54.6196594
   42.6463471   54.6187600
   42.6480785   54.6155540
   42.6486776   54.6145818
   42.6493838   54.6136842
   42.6501876   54.6128730
   42.6519032   54.6113290
   42.6527527   54.6106445
   42.6536716   54.6100566
   42.6546492   54.6095723
   42.6556736   54.6091974
   42.6608240   54.6076254
   42.6622189   54.6073067
   42.6806628   54.6044618
   42.6812107   54.6043455
   42.6891009   54.6022024
   42.6893079   54.6021363
   42.6894907   54.6020187
   42.6944838   54.5984899
   42.6946775   54.5983381
   42.6948375   54.5981512
   42.6981682   54.5938465
   42.6982951   54.5936666
   42.6983513   54.5934542
   42.6994993   54.5881908
   42.6995353   54.5879849
   42.6995363   54.5877765
   42.6993461   54.5826005
   42.6993251   54.5823571
   42.6991909   54.5821530
   42.6951877   54.5766733
   42.6947720   54.5761757
   42.6921000   54.5733693
   42.6918848   54.5731685
   42.6916474   54.5729945
   42.6650858   54.5558464
   42.6649173   54.5557468
   42.6647416   54.5556607
   42.6583776   54.5528462
   42.6582006   54.5527759
   42.6580187   54.5527192
   42.6506858   54.5507394
   42.6504490   54.5506877
   42.6502084   54.5506592
   42.6340916   54.5495422
   42.6331306   54.5494286
   42.6321850   54.5492227
   42.6312638   54.5489264
   42.6303755   54.5485424
   42.6295286   54.5480744
   42.6287308   54.5475267
   42.6279897   54.5469044
   42.6273122   54.5462134
   42.6267046   54.5454602
   42.6261728   54.5446517
   42.6257215   54.5437957
   42.6253551   54.5429000
   42.6250770   54.5419731
   42.6248898   54.5410237
   42.6247953   54.5400606
   42.6247942   54.5390929
   42.6248867   54.5381296
   42.6250719   54.5371798
   42.6253480   54.5362523
   42.6257125   54.5353559
   42.6261619   54.5344989
   42.6266921   54.5336893
   42.6272980   54.5329348
   42.6279740   54.5322423
   42.6287138   54.5316185
   42.6482752   54.5166805
   42.6484781   54.5165076
   42.6486614   54.5163140
   42.6518553   54.5125566
   42.6519929   54.5123790
   42.6520584   54.5121647
   42.6530801   54.5081903
   42.6531266   54.5079669
   42.6530094   54.5077712
   42.6498823   54.5030557
   42.6495488   54.5026090
   42.6480175   54.5007807
   42.6478596   54.5006092
   42.6476725   54.5004701
   42.6453243   54.4988901
   42.6450293   54.4987062
   42.6297699   54.4899139
   42.6295697   54.4898103
   42.6293610   54.4897252
   42.6237178   54.4877171
   42.6234735   54.4876440
   42.6232195   54.4876223
   42.6176320   54.4874326
   42.6173802   54.4874369
   42.6171413   54.4875165
   42.6118739   54.4895757
   42.6115201   54.4897300
   42.6057816   54.4925014
   42.6056003   54.4925983
   42.6054276   54.4927099
   42.5953616   54.4998171
   42.5944031   54.5004157
   42.5933832   54.5009023
   42.5883515   54.5029627
   42.5872856   54.5033304
   42.5861851   54.5035759
   42.5800682   54.5045820
   42.5788199   54.5047076
   42.5727824   54.5049339
   42.5717230   54.5049175
   42.5706713   54.5047890
   42.5696391   54.5045500
   42.5667563   54.5037194
   42.5659388   54.5034452
   42.5651479   54.5031015
   42.5643896   54.5026910
   42.5636695   54.5022167
   42.5635077   54.5020998
   42.5627258   54.5014731
   42.5620105   54.5007713
   42.5613691   54.5000014
   42.5608079   54.4991712
   42.5572274   54.4932550
   42.5566722   54.4922005
   42.5562463   54.4910874
   42.5437436   54.4514783
   42.5434502   54.4503065
   42.5433003   54.4491078
   42.5431369   54.4465591
   42.5431216   54.4456000
   42.5431982   54.4446437
   42.5433661   54.4436992
   42.5436237   54.4427752
   42.5439686   54.4418801
   42.5443978   54.4410221
   42.5449071   54.4402092
   42.5454921   54.4394489
   42.5461472   54.4387481
   42.5468664   54.4381133
   42.5476431   54.4375503
   42.5484702   54.4370644
   42.5493401   54.4366599
   42.5502447   54.4363407
   42.5511758   54.4361096
   42.5521247   54.4359688
   42.5530827   54.4359195
   42.5540410   54.4359623
   42.5549909   54.4360967
   42.5559234   54.4363215
   42.5740497   54.4416226
   42.5742816   54.4416785
   42.5745200   54.4416892
   42.5816666   54.4416649
   42.5819251   54.4416505
   42.5821665   54.4415570
   42.5892702   54.4383709
   42.5894672   54.4382719
   42.5896170   54.4381107
   42.6064127   54.4183647
   42.6073205   54.4174286
   42.6365213   54.3910072
   42.6366922   54.3908365
   42.6366667   54.3905963
   42.6352951   54.3818271
   42.6352472   54.3815945
   42.6351157   54.3813968
   42.6325132   54.3778642
   42.6323565   54.3776724
   42.6321501   54.3775353
   42.6254959   54.3735822
   42.6252255   54.3734431
   42.6249401   54.3733381
   42.6150923   54.3703833
   42.6148963   54.3703331
   42.6146968   54.3702989
   42.5969425   54.3679920
   42.5962627   54.3679505
   42.5472580   54.3683066
   42.5463198   54.3682693
   42.5298290   54.3668367
   42.5287893   54.3666910
   42.5277705   54.3664371
   42.5267839   54.3660778
   42.5258405   54.3656171
   42.5249506   54.3650599
   42.5105807   54.3549766
   42.5098098   54.3543774
   42.5091011   54.3537059
   42.5084611   54.3529685
   42.5078962   54.3521723
   42.4794253   54.3075809
   42.4792922   54.3073924
   42.4790716   54.3073246
   42.4346298   54.2959109
   42.4338353   54.2956714
   42.4330635   54.2953668
   42.4256285   54.2920697
   42.4246812   54.2915879
   42.4168849   54.2870854
   42.4161705   54.2866315
   42.4154972   54.2861188
   42.4045170   54.2770003
   42.4039878   54.2766164
   42.3981750   54.2729554
   42.3973839   54.2724020
   42.3966499   54.2717750
   42.3959797   54.2710801
   42.3953796   54.2703238
   42.3948553   54.2695132
   42.3944116   54.2686557
   42.3940526   54.2677595
   42.3937818   54.2668329
   42.3936015   54.2658845
   42.3935136   54.2649230
   42.3935187   54.2639576
   42.3936170   54.2629972
   42.3938074   54.2620508
   42.3940881   54.2611271
   42.3944567   54.2602348
   42.3949095   54.2593821
   42.3954425   54.2585772
   42.3960506   54.2578273
   42.3967282   54.2571396
   42.3974689   54.2565205
   42.3982659   54.2559757
   42.3991117   54.2555102
   42.3999985   54.2551285
   42.4009179   54.2548341
   42.4018615   54.2546297
   42.4028203   54.2545172
   42.4037855   54.2544978
   42.4047481   54.2545715
   42.4056991   54.2547376
   42.4205304   54.2580741
   42.4210766   54.2581655
   42.4387505   54.2601244
   42.4389912   54.2601393
   42.4392321   54.2601309
   42.4480763   54.2593941
   42.4482914   54.2593667
   42.4485033   54.2593207
   42.4560780   54.2573298
   42.4563490   54.2572417
   42.4566082   54.2571232
   42.4624507   54.2540365
   42.4630472   54.2536655
   42.4993740   54.2273547
   42.5006228   54.2265832
   42.5118267   54.2207516
   42.5125928   54.2203931
   42.5133865   54.2201007
   42.5897536   54.1955799
   42.5899851   54.1954927
   42.5902068   54.1953829
   42.5959474   54.1921770
   42.5961812   54.1920288
   42.5963764   54.1918325
   42.5997530   54.1880348
   42.5999013   54.1878510
   42.5999484   54.1876195
   42.6005970   54.1834005
   42.6006222   54.1831549
   42.6005265   54.1829274
   42.5987714   54.1792777
   42.5986634   54.1790773
   42.5985051   54.1789137
   42.5961889   54.1767311
   42.5959745   54.1765507
   42.5957412   54.1763955
   42.5807008   54.1675720
   42.5802492   54.1673371
   42.5356951   54.1469776
   42.5348160   54.1465220
   42.5339863   54.1459817
   42.5332141   54.1453621
   42.5325070   54.1446691
   42.5318719   54.1439095
   42.5313149   54.1430909
   42.5308417   54.1422213
   42.5304568   54.1413091
   42.5301640   54.1403633
   42.5299661   54.1393932
   42.5298651   54.1384082
   42.5298621   54.1374182
   42.5299569   54.1364326
   42.5301487   54.1354613
   42.5304357   54.1345137
   42.5308149   54.1335992
   42.5312828   54.1327266
   42.5318346   54.1319045
   42.5323855   54.1311657
   42.5331298   54.1302795
   42.5366414   54.1265590
   42.5375352   54.1257212
   42.5385248   54.1249991
   42.5548873   54.1145316
   42.5550521   54.1144165
   42.5552071   54.1142886
   42.5593300   54.1105971
   42.5594933   54.1104368
   42.5596239   54.1102502
   42.5620595   54.1064096
   42.5621757   54.1062053
   42.5621174   54.1059777
   42.5608197   54.1017598
   42.5607284   54.1015111
   42.5605632   54.1013039
   42.5571774   54.0974951
   42.5570123   54.0973262
   42.5568320   54.0971737
   42.5468326   54.0894993
   42.5466812   54.0893918
   42.5465223   54.0892959
   42.5348878   54.0828522
   42.5346929   54.0827552
   42.5344794   54.0827121
   42.5233165   54.0809676
   42.5231204   54.0809448
   42.5229231   54.0809376
   42.5074077   54.0809883
   42.5072047   54.0809973
   42.5070031   54.0810227
   42.4761034   54.0862066
   42.4754762   54.0863540
   42.4612482   54.0906820
   42.4610100   54.0907679
   42.4607818   54.0908775
   42.4519296   54.0956972
   42.4517132   54.0958298
   42.4515679   54.0960378
   42.4487166   54.1005992
   42.4486112   54.1007852
   42.4485221   54.1009795
   42.4471387   54.1043722
   42.4467509   54.1052104
   42.4462874   54.1060093
   42.4457522   54.1067619
   42.4451498   54.1074620
   42.4442344   54.1084314
   42.4435225   54.1091145
   42.4427466   54.1097242
   42.4419145   54.1102544
   42.4410342   54.1107000
   42.4401143   54.1110567
   42.4396935   54.1111964
   42.4387501   54.1114590
   42.4377856   54.1116282
   42.4368091   54.1117022
   42.4358300   54.1116803
   42.4348578   54.1115627
   42.4339018   54.1113507
   42.4156803   54.1063612
   42.4145755   54.1059883
   42.4010633   54.1005296
   42.4006379   54.1003797
   42.3774772   54.0933760
   42.3771828   54.0933063
   42.3768822   54.0932727
   42.3646167   54.0926544
   42.3641252   54.0926538
   42.3485862   54.0934007
   42.3479150   54.0934788
   42.3188024   54.0988797
   42.3185885   54.0989292
   42.3183950   54.0990331
   42.3096126   54.1042637
   42.3093977   54.1044074
   42.3092839   54.1046394
   42.3072082   54.1094983
   42.3071270   54.1097171
   42.3073104   54.1098614
   42.3171123   54.1168358
   42.3178739   54.1174354
   42.3185739   54.1181059
   42.3192057   54.1188410
   42.3197633   54.1196338
   42.3202416   54.1204769
   42.3206360   54.1213623
   42.3209428   54.1222818
   42.3211592   54.1232266
   42.3212831   54.1241880
   42.3213133   54.1251568
   42.3212496   54.1261240
   42.3210925   54.1270805
   42.3208435   54.1280173
   42.3205051   54.1289256
   42.3200803   54.1297969
   42.3195731   54.1306229
   42.3189883   54.1313960
   42.3183315   54.1321088
   42.3176087   54.1327546
   42.3168268   54.1333275
   42.3159931   54.1338219
   42.3151154   54.1342333
   42.3142020   54.1345579
   42.3132615   54.1347924
   42.3123028   54.1349348
   42.3113347   54.1349837
   42.3103664   54.1349387
   42.3056321   54.1344876
   42.3042696   54.1342620
   42.2985913   54.1329134
   42.2976572   54.1326429
   42.2967538   54.1322830
   42.2958896   54.1318371
   42.2950728   54.1313093
   42.2838602   54.1232650
   42.2831672   54.1227200
   42.2825249   54.1221161
   42.2819383   54.1214579
   42.2814119   54.1207506
   42.2677290   54.1005645
   42.2672218   54.0997315
   42.2667982   54.0988530
   42.2664621   54.0979375
   42.2662169   54.0969935
   42.2660647   54.0960302
   42.2660071   54.0950566
   42.2660447   54.0940821
   42.2661769   54.0931158
   42.2664027   54.0921670
   42.2667198   54.0912447
   42.2671253   54.0903577
   42.2676152   54.0895144
   42.2681850   54.0887229
   42.2725724   54.0832154
   42.2732400   54.0824589
   42.2739805   54.0817736
   42.2747863   54.0811664
   42.2841403   54.0748311
   42.2849119   54.0743580
   42.2857231   54.0739566
   42.3520120   54.0448103
   42.3531912   54.0443779
   42.4080963   54.0280793
   42.4082928   54.0280119
   42.4084831   54.0279284
   42.4276592   54.0185431
   42.4278254   54.0184538
   42.4279843   54.0183523
   42.4372571   54.0119216
   42.4374346   54.0117863
   42.4375993   54.0116357
   42.4414408   54.0077942
   42.4415695   54.0076553
   42.4416874   54.0075071
   42.4470144   54.0002558
   42.4472785   53.9998576
   42.4543777   53.9879589
   42.4544847   53.9877595
   42.4545732   53.9875513
   42.4604751   53.9716970
   42.4606659   53.9710562
   42.4618825   53.9656764
   42.4619242   53.9654391
   42.4619194   53.9651982
   42.4615391   53.9596439
   42.4615098   53.9593980
   42.4613870   53.9591830
   42.4571006   53.9524852
   42.4569676   53.9522974
   42.4567645   53.9521892
   42.4482881   53.9481727
   42.4478762   53.9479997
   42.4424257   53.9459910
   42.4419571   53.9458440
   42.3970342   53.9341445
   42.3961261   53.9338613
   42.3952492   53.9334931
   42.3944111   53.9330432
   42.3936196   53.9325157
   42.3854551   53.9264953
   42.3844739   53.9256697
   42.3731129   53.9147911
   42.3724094   53.9140447
   42.3377292   53.8732437
   42.3375965   53.8730994
   42.3374529   53.8729661
   42.3079086   53.8476137
   42.3077278   53.8474725
   42.3075086   53.8474065
   42.2077463   53.8223117
   42.2072100   53.8222076
   42.1352602   53.8122853
   42.1344181   53.8121321
   42.1335922   53.8119076
   42.1161385   53.8063498
   42.1159081   53.8062884
   42.1156702   53.8062721
   42.1035651   53.8060234
   42.1030378   53.8060405
   42.0641170   53.8093605
   42.0639252   53.8093844
   42.0637359   53.8094230
   42.0206973   53.8199568
   42.0195768   53.8201642
   42.0184400   53.8202427
   41.7488455   53.8234783
   41.7477253   53.8234288
   41.7099518   53.8196318
   41.7091261   53.8195139
   41.7083130   53.8193275
   41.7075184   53.8190740
   41.6909294   53.8130094
   41.6899878   53.8126094
   41.6890919   53.8121152
   41.6882512   53.8115322
   41.6829796   53.8074615
   41.6821918   53.8067850
   41.6814783   53.8060305
   41.6808470   53.8052060
   41.6803046   53.8043206
   41.6781031   53.8002685
   41.6776440   53.7993041
   41.6772905   53.7982963
   41.6758877   53.7934899
   41.6758271   53.7933086
   41.6757529   53.7931325
   41.6733507   53.7879924
   41.6732413   53.7877847
   41.6730490   53.7876501
   41.6673734   53.7840668
   41.6671472   53.7839400
   41.6668928   53.7838894
   41.6578031   53.7825692
   41.6575402   53.7825452
   41.6572782   53.7825772
   41.6395186   53.7857130
   41.6389823   53.7858386
   41.5806889   53.8029211
   41.5798111   53.8031358
   41.5789174   53.8032703
   41.5719384   53.8040006
   41.5709308   53.8040548
   41.5699229   53.8040073
   41.5626430   53.8032942
   41.5617874   53.8031729
   41.5609454   53.8029782
   41.5601235   53.8027115
   41.5593276   53.8023748
   41.5473586   53.7966902
   41.5464630   53.7962075
   41.5456210   53.7956363
   41.5323812   53.7856343
   41.5321672   53.7854895
   41.5319189   53.7854176
   41.5197750   53.7825803
   41.5193496   53.7825002
   41.5088434   53.7809887
   41.5086085   53.7809662
   41.5083725   53.7809660
   41.4383406   53.7842268
   41.4379031   53.7842376
   41.4107903   53.7843124
   41.4096472   53.7842500
   41.4016161   53.7833485
   41.4006128   53.7831839
   41.3996314   53.7829182
   41.3986820   53.7825543
   41.3936002   53.7803035
   41.3928699   53.7799438
   41.3921713   53.7795259
   41.3784332   53.7705291
   41.3781698   53.7703787
   41.3778900   53.7702615
   41.3629937   53.7650622
   41.3621791   53.7647371
   41.3613961   53.7643420
   41.3606508   53.7638797
   41.3570377   53.7614131
   41.3561836   53.7607600
   41.3554046   53.7600190
   41.3547096   53.7591987
   41.3541067   53.7583085
   41.3520066   53.7548170
   41.3515905   53.7540515
   41.3512426   53.7532528
   41.3509655   53.7524268
   41.3507614   53.7515798
   41.3489468   53.7422901
   41.3487903   53.7411338
   41.3487696   53.7399671
   41.3519958   53.6605401
   41.3520622   53.6597261
   41.3521949   53.6589202
   41.3532197   53.6539664
   41.3532949   53.6534859
   41.3545932   53.6413559
   41.3546061   53.6411708
   41.3546052   53.6409852
   41.3526768   53.5952442
   41.3527083   53.5939259
   41.3549023   53.5695698
   41.3549123   53.5693400
   41.3549012   53.5691103
   41.3537052   53.5565255
   41.3536724   53.5562956
   41.3535576   53.5560937
   41.3490593   53.5489791
   41.3489199   53.5487808
   41.3487448   53.5486133
   41.3405443   53.5415005
   41.3403429   53.5413433
   41.3401137   53.5412304
   41.3189358   53.5321285
   41.3183429   53.5319169
   41.2981113   53.5261038
   41.2976271   53.5259904
   41.2747672   53.5218253
   41.2739223   53.5216333
   41.2730973   53.5213688
   41.2722983   53.5210339
   41.2673752   53.5187149
   41.2663836   53.5181775
   41.2654589   53.5175319
   41.2622173   53.5149854
   41.2614363   53.5143034
   41.2607300   53.5135442
   41.2601061   53.5127160
   41.2595714   53.5118276
   41.2571860   53.5073549
   41.2565940   53.5060177
   41.2547542   53.5008753
   41.2544389   53.4998112
   41.2536889   53.4966442
   41.2536276   53.4964291
   41.2535112   53.4962382
   41.2504668   53.4917190
   41.2503215   53.4915246
   41.2501261   53.4913805
   41.2436026   53.4870473
   41.2434001   53.4869262
   41.2431785   53.4868455
   41.2291106   53.4824678
   41.2281592   53.4821179
   41.2168245   53.4772842
   41.2158553   53.4768074
   41.2102845   53.4736828
   41.2095120   53.4732020
   41.2087865   53.4726531
   41.2081138   53.4720404
   41.2074996   53.4713692
   41.2069489   53.4706449
   41.1897525   53.4457521
   41.1893293   53.4452207
   41.1847791   53.4402440
   41.1845885   53.4400568
   41.1843789   53.4398911
   41.1805871   53.4372096
   41.1801165   53.4369146
   41.1745865   53.4338627
   41.1743610   53.4337527
   41.1741256   53.4336659
   41.1671192   53.4314770
   41.1669222   53.4314242
   41.1667215   53.4313876
   41.1577080   53.4301245
   41.1575185   53.4301053
   41.1573282   53.4301006
   41.1365376   53.4303792
   41.1363328   53.4303904
   41.1361296   53.4304184
   41.0662787   53.4429762
   41.0660548   53.4430272
   41.0658366   53.4430986
   41.0560276   53.4468143
   41.0558253   53.4469014
   41.0556663   53.4470532
   41.0492808   53.4537087
   41.0491134   53.4539021
   41.0490131   53.4541374
   41.0471224   53.4592897
   41.0470477   53.4595306
   41.0470230   53.4597815
   41.0464521   53.4718693
   41.0463844   53.4726501
   41.0462559   53.4734233
   41.0461331   53.4740167
   41.0458874   53.4749668
   41.0455497   53.4758882
   41.0451234   53.4767720
   41.0446125   53.4776098
   41.0440220   53.4783935
   41.0433575   53.4791156
   41.0426254   53.4797690
   41.0418328   53.4803476
   41.0409873   53.4808457
   41.0332122   53.4849259
   41.0320950   53.4854275
   41.0222121   53.4891559
   41.0212877   53.4894542
   41.0203386   53.4896615
   40.9274157   53.5052676
   40.9262488   53.5053938
   40.8971523   53.5068194
   40.8962447   53.5068227
   40.8953406   53.5067436
   40.8895919   53.5059767
   40.8885068   53.5057704
   40.8874510   53.5054457
   40.8861414   53.5049622
   40.8852467   53.5045816
   40.8843933   53.5041159
   40.8835891   53.5035695
   40.8828417   53.5029475
   40.8821583   53.5022560
   40.8815453   53.5015013
   40.8810085   53.5006907
   40.8805529   53.4998318
   40.8801829   53.4989327
   40.8799019   53.4980019
   40.8797127   53.4970482
   40.8796170   53.4960807
   40.8793045   53.4898339
   40.8792826   53.4896065
   40.8791995   53.4893936
   40.8771130   53.4846995
   40.8770106   53.4844951
   40.8768276   53.4843579
   40.8720388   53.4811011
   40.8718480   53.4809835
   40.8716284   53.4809413
   40.8635938   53.4797647
   40.8633773   53.4797427
   40.8631625   53.4797776
   40.8519507   53.4821094
   40.8517020   53.4821747
   40.8514614   53.4822653
   40.8397700   53.4873680
   40.8395106   53.4874998
   40.8392684   53.4876609
   40.8225710   53.5002345
   40.8221414   53.5005977
   40.8081347   53.5138595
   40.8073791   53.5145068
   40.8046238   53.5166388
   40.8038061   53.5172087
   40.8029358   53.5176944
   40.8020214   53.5180910
   40.7699555   53.5301397
   40.7697437   53.5302306
   40.7695531   53.5303585
   40.7598977   53.5375011
   40.7597210   53.5376448
   40.7595740   53.5378175
   40.7546182   53.5442061
   40.7544575   53.5444397
   40.7543539   53.5447037
   40.7534580   53.5474366
   40.7531176   53.5483286
   40.7526937   53.5491841
   40.7521901   53.5499952
   40.7516115   53.5507547
   40.7509631   53.5514555
   40.7502508   53.5520912
   40.7494811   53.5526562
   40.7405276   53.5585918
   40.7396773   53.5590968
   40.7387813   53.5595153
   40.7378484   53.5598434
   40.7368875   53.5600776
   40.7359083   53.5602158
   40.6904188   53.5643549
   40.6894108   53.5643955
   40.6884038   53.5643344
   40.6874082   53.5641721
   40.6864339   53.5639103
   40.6854910   53.5635518
   40.6845890   53.5631000
   40.6837371   53.5625596
   40.6574193   53.5439407
   40.6567399   53.5434148
   40.6561081   53.5428325
   40.6555286   53.5421981
   40.6397011   53.5233013
   40.6389751   53.5223182
   40.6358312   53.5174664
   40.6356806   53.5172583
   40.6355095   53.5170669
   40.6299704   53.5114809
   40.6297932   53.5113187
   40.6295607   53.5112583
   40.6213435   53.5095460
   40.6211168   53.5095096
   40.6208882   53.5095153
   40.6016550   53.5108822
   40.6007578   53.5109056
   40.5998621   53.5108484
   40.5946409   53.5102791
   40.5936871   53.5101282
   40.5927524   53.5098860
   40.5918453   53.5095548
   40.5909744   53.5091376
   40.5021168   53.4611670
   40.5019491   53.4610844
   40.5017758   53.4610146
   40.4812392   53.4536294
   40.4809673   53.4535488
   40.4806880   53.4534997
   40.4685081   53.4520644
   40.4682650   53.4520480
   40.4681206   53.4522442
   40.4461756   53.4854107
   40.4454675   53.4863547
   40.4446531   53.4872087
   40.4414261   53.4902157
   40.4404735   53.4909994
   40.4376946   53.4930115
   40.4368363   53.4935683
   40.4359257   53.4940345
   40.4349722   53.4944052
   40.4339857   53.4946766
   40.4324005   53.4950265
   40.4313786   53.4951972
   40.4303446   53.4952612
   40.4293094   53.4952178
   40.4282844   53.4950676
   40.4272803   53.4948122
   40.4259890   53.4944114
   40.4249977   53.4940452
   40.4240505   53.4935764
   40.4231580   53.4930103
   40.4223303   53.4923531
   40.4215766   53.4916123
   40.4188944   53.4886817
   40.4182279   53.4878720
   40.4176499   53.4869969
   40.4171666   53.4860661
   40.4079775   53.4658373
   40.4076243   53.4649493
   40.4073575   53.4640317
   40.4071795   53.4630929
   40.4070919   53.4621413
   40.4064175   53.4468266
   40.4064235   53.4458272
   40.4065292   53.4448334
   40.4067335   53.4438552
   40.4193060   53.3958080
   40.4193587   53.3955521
   40.4193016   53.3952972
   40.4171647   53.3876735
   40.4170889   53.3874461
   40.4169001   53.3872983
   40.4131077   53.3846158
   40.4128534   53.3844580
   40.4125820   53.3843318
   40.3931659   53.3766902
   40.3923961   53.3763491
   40.3916577   53.3759445
   40.3909559   53.3754792
   40.3875039   53.3729748
   40.3867446   53.3723654
   40.3860482   53.3716850
   40.3838758   53.3693455
   40.3833137   53.3686849
   40.3828110   53.3679781
   40.3823714   53.3672304
   40.3819983   53.3664474
   40.3814324   53.3651138
   40.3811107   53.3642463
   40.3808706   53.3633528
   40.3807142   53.3624409
   40.3806426   53.3615185
   40.3806567   53.3605934
   40.3806821   53.3601802
   40.3807771   53.3592895
   40.3809514   53.3584108
   40.3812037   53.3575512
   40.3815319   53.3567177
   40.3819333   53.3559169
   40.3826633   53.3546104
   40.3831981   53.3537571
   40.3838160   53.3529619
   40.3845108   53.3522329
   40.3872532   53.3496314
   40.3874264   53.3494496
   40.3875372   53.3492243
   40.3890981   53.3455978
   40.3891789   53.3453817
   40.3889644   53.3452968
   40.3822779   53.3430192
   40.3820606   53.3429560
   40.3818363   53.3429333
   40.3684454   53.3421840
   40.3682134   53.3421818
   40.3679822   53.3422012
   40.3384653   53.3460686
   40.3382432   53.3461080
   40.3380256   53.3461673
   40.3251175   53.3503196
   40.3249126   53.3503956
   40.3247346   53.3505225
   40.3176626   53.3560482
   40.3174784   53.3562074
   40.3174389   53.3564476
   40.3164299   53.3652934
   40.3162728   53.3662532
   40.3160232   53.3671932
   40.3156835   53.3681045
   40.3152569   53.3689785
   40.3147474   53.3698069
   40.3141598   53.3705819
   40.3134997   53.3712962
   40.3127734   53.3719430
   40.3119876   53.3725161
   40.3111499   53.3730102
   40.3102682   53.3734206
   40.3093508   53.3737434
   40.3084063   53.3739756
   40.3082536   53.3740053
   40.3073452   53.3741393
   40.3064282   53.3741894
   40.3055106   53.3741552
   40.3045999   53.3740370
   40.3037040   53.3738357
   40.3028303   53.3735530
   40.2926192   53.3697237
   40.2918509   53.3693984
   40.2911125   53.3690103
   40.2843183   53.3650688
   40.2832736   53.3643715
   40.2780506   53.3603896
   40.2769599   53.3594248
   40.2733632   53.3557428
   40.2728649   53.3552967
   40.2683935   53.3518041
   40.2681602   53.3516425
   40.2678964   53.3515380
   40.2601911   53.3489854
   40.2598963   53.3489075
   40.2595942   53.3488661
   40.2491782   53.3480872
   40.2485035   53.3480825
   40.2199789   53.3498118
   40.2190937   53.3498262
   40.2182106   53.3497622
   40.2173367   53.3496204
   40.2164787   53.3494019
   40.2156434   53.3491083
   40.2103185   53.3469674
   40.2094864   53.3465878
   40.2086925   53.3461337
   40.2079434   53.3456090
   40.2072454   53.3450181
   40.2066042   53.3443659
   40.2060254   53.3436578
   40.2007275   53.3365360
   40.2005676   53.3363425
   40.2003254   53.3362763
   40.1950134   53.3351112
   40.1943479   53.3350117
   40.1905102   53.3346999
   40.1902412   53.3346927
   40.1899770   53.3347435
   40.1603885   53.3421151
   40.1601675   53.3421811
   40.1599634   53.3422863
   40.1183107   53.3662333
   40.1181085   53.3663631
   40.1180118   53.3665831
   40.1132291   53.3790879
   40.1131519   53.3793254
   40.1132490   53.3795555
   40.1136675   53.3804210
   40.1140518   53.3813273
   40.1143453   53.3822670
   40.1145449   53.3832309
   40.1146487   53.3842099
   40.1146558   53.3851942
   40.1145661   53.3861746
   40.1143804   53.3871413
   40.1141006   53.3880851
   40.1137293   53.3889968
   40.1132702   53.3898676
   40.1127277   53.3906891
   40.1121070   53.3914532
   40.1114143   53.3921526
   40.1106561   53.3927805
   40.1098399   53.3933308
   40.1089735   53.3937982
   40.1080653   53.3941781
   40.1071242   53.3944669
   40.1061593   53.3946618
   40.1051799   53.3947608
   40.1041955   53.3947631
   40.1032156   53.3946685
   40.1022498   53.3944781
   40.0525033   53.3820985
   40.0522640   53.3820514
   40.0520250   53.3820998
   39.9180959   53.4161744
   39.9179075   53.4162303
   39.9177241   53.4163009
   39.9039741   53.4222228
   39.9037561   53.4223298
   39.9036797   53.4225603
   39.9019782   53.4287025
   39.9018395   53.4293852
   39.9009895   53.4358551
   39.9009691   53.4361183
   39.9009766   53.4363822
   39.9012434   53.4396519
   39.9012789   53.4399144
   39.9013421   53.4401715
   39.9036652   53.4478403
   39.9038559   53.4483630
   39.9070984   53.4559147
   39.9075429   53.4571771
   39.9093457   53.4636501
   39.9095790   53.4647056
   39.9096970   53.4657801
   39.9098290   53.4681633
   39.9098825   53.4686660
   39.9103407   53.4715692
   39.9104324   53.4723464
   39.9104630   53.4731284
   39.9104630   53.4754829
   39.9104123   53.4764885
   39.9093849   53.4866530
   39.9092037   53.4877886
   39.9074858   53.4956254
   39.9072332   53.4965593
   39.9068915   53.4974644
   39.9064639   53.4983322
   39.9059545   53.4991547
   39.9053680   53.4999241
   39.9047099   53.5006332
   39.8863232   53.5186164
   39.8856319   53.5192326
   39.8848865   53.5197822
   39.8749338   53.5264319
   39.8742753   53.5268359
   39.8735877   53.5271879
   39.8301532   53.5473436
   39.8293214   53.5476850
   39.7692706   53.5692332
   39.7686912   53.5694835
   39.7579148   53.5749707
   39.7575118   53.5752000
   39.7488853   53.5806540
   39.7487208   53.5807674
   39.7485660   53.5808937
   39.7415259   53.5871180
   39.7406369   53.5878185
   39.7396746   53.5884140
   39.7386511   53.5888969
   39.7339953   53.5907796
   39.7332025   53.5910620
   39.7323887   53.5912768
   39.7287296   53.5920793
   39.7277893   53.5922390
   39.7268380   53.5923083
   39.7258845   53.5922867
   39.7239867   53.5921530
   39.7226088   53.5919589
   39.7034990   53.5878937
   39.7025333   53.5876372
   39.7015979   53.5872856
   39.6611490   53.5697277
   39.6609675   53.5696572
   39.6607811   53.5696011
   39.5462938   53.5399518
   39.5453895   53.5396713
   39.5240719   53.5319353
   39.5227826   53.5313615
   39.5172994   53.5284414
   39.5164339   53.5279227
   39.5156250   53.5273195
   39.5148810   53.5266378
   39.5142095   53.5258846
   39.5136173   53.5250676
   39.5131105   53.5241950
   39.5126942   53.5232759
   39.5123726   53.5223194
   39.5121491   53.5213354
   39.5120259   53.5203339
   39.5120042   53.5193251
   39.5120843   53.5183192
   39.5122654   53.5173265
   39.5125456   53.5163571
   39.5152864   53.5084031
   39.5153912   53.5080592
   39.5173353   53.5007481
   39.5175082   53.5001691
   39.5192777   53.4948352
   39.5194366   53.4942329
   39.5220084   53.4812498
   39.5220863   53.4806938
   39.5223279   53.4777945
   39.5224765   53.4767195
   39.5236683   53.4705791
   39.5237040   53.4703268
   39.5237137   53.4700723
   39.5236170   53.4625480
   39.5236036   53.4623211
   39.5234909   53.4621237
   39.5148640   53.4485074
   39.5147156   53.4482981
   39.5144954   53.4481665
   39.4838650   53.4319608
   39.4836102   53.4318438
   39.4833438   53.4317562
   39.4156554   53.4136555
   39.4151450   53.4135472
   39.3431559   53.4021634
   39.3425405   53.4021048
   39.3011204   53.4007379
   39.3000408   53.4006435
   39.2249417   53.3899520
   39.2247165   53.3899303
   39.2244920   53.3899496
   39.1991114   53.3932900
   39.1979965   53.3933737
   39.1968792   53.3933324
   39.1957735   53.3931666
   39.1924453   53.3924755
   39.1915974   53.3922604
   39.1907715   53.3919719
   39.1899740   53.3916124
   39.1892110   53.3911846
   39.1864484   53.3894726
   39.1855095   53.3888134
   39.1818082   53.3858838
   39.1816150   53.3857455
   39.1813777   53.3857354
   39.1775457   53.3857584
   39.1772804   53.3857742
   39.1770245   53.3858460
   39.1731873   53.3871481
   39.1729429   53.3872457
   39.1727101   53.3873685
   39.1652800   53.3918072
   39.1647061   53.3922071
   39.1619889   53.3943985
   39.1617857   53.3945817
   39.1616039   53.3947860
   39.1410790   53.4205692
   39.1404797   53.4212555
   39.1248017   53.4376365
   39.1246774   53.4377765
   39.1245640   53.4379254
   39.1207465   53.4433481
   39.1200753   53.4441995
   39.1181647   53.4463697
   39.1177285   53.4468344
   39.1160245   53.4485377
   39.1154533   53.4490659
   39.1148427   53.4495481
   39.1109095   53.4524132
   39.1107264   53.4525603
   39.1105579   53.4527240
   39.1010059   53.4629219
   39.1006168   53.4633919
   39.0878185   53.4809269
   39.0876818   53.4811353
   39.0875666   53.4813564
   39.0700780   53.5194537
   39.0699316   53.5198079
   39.0690267   53.5222590
   39.0687307   53.5229744
   39.0683802   53.5236648
   39.0658184   53.5282605
   39.0651878   53.5292504
   39.0644456   53.5301595
   39.0538473   53.5416879
   39.0530316   53.5424797
   39.0489448   53.5460186
   39.0480668   53.5466974
   39.0471191   53.5472747
   39.0461133   53.5477434
   39.0427536   53.5490876
   39.0418909   53.5493879
   39.0410044   53.5496081
   39.0401015   53.5497466
   38.8958501   53.5651616
   38.8950177   53.5652156
   38.8878450   53.5653807
   38.8869167   53.5653590
   38.8859945   53.5652512
   38.8850862   53.5650584
   38.8782684   53.5632766
   38.8773635   53.5629936
   38.8764894   53.5626262
   38.8560418   53.5528663
   38.8554384   53.5526251
   38.8465307   53.5497211
   38.8459379   53.5495673
   38.8254047   53.5455657
   38.8249017   53.5454939
   38.7356271   53.5373695
   38.7346696   53.5372355
   38.7337296   53.5370096
   38.7328157   53.5366939
   38.7319366   53.5362915
   38.7311005   53.5358061
   38.7267816   53.5330113
   38.7261605   53.5325750
   38.7255742   53.5320929
   38.7187220   53.5260074
   38.7179015   53.5251889
   38.7044850   53.5101559
   38.7038176   53.5093224
   38.7028031   53.5079069
   38.7022706   53.5070809
   38.7018217   53.5062067
   38.7014608   53.5052925
   38.7011914   53.5043474
   38.7010161   53.5033804
   38.7009365   53.5024009
   38.7009534   53.5014182
   38.7010667   53.5004420
   38.7012753   53.4994816
   38.7015772   53.4985463
   38.7019694   53.4976452
   38.7024482   53.4967869
   38.7030089   53.4959798
   38.7036461   53.4952316
   38.7043537   53.4945496
   38.7051249   53.4939403
   38.7055027   53.4936708
   38.7065131   53.4930375
   38.7224122   53.4843475
   38.7226221   53.4842189
   38.7228183   53.4840702
   38.7256116   53.4817277
   38.7260315   53.4813320
   38.7283445   53.4788856
   38.7285064   53.4786958
   38.7284788   53.4784479
   38.7277270   53.4738445
   38.7276843   53.4736382
   38.7276078   53.4734427
   38.7249016   53.4673057
   38.7247877   53.4670794
   38.7246515   53.4668658
   38.7172774   53.4565090
   38.7167543   53.4556933
   38.7163125   53.4548307
   38.7159563   53.4539295
   38.7147199   53.4502947
   38.7144567   53.4493805
   38.7142816   53.4484455
   38.7141961   53.4474980
   38.7141752   53.4470061
   38.7141801   53.4460559
   38.7142752   53.4451104
   38.7144595   53.4441782
   38.7147316   53.4432677
   38.7150888   53.4423872
   38.7155280   53.4415445
   38.7172784   53.4385430
   38.7176926   53.4378920
   38.7181557   53.4372748
   38.7266353   53.4268387
   38.7275809   53.4258270
   38.7562394   53.3991359
   38.7564149   53.3989550
   38.7565503   53.3987425
   38.7612427   53.3904822
   38.7613705   53.3902234
   38.7614674   53.3899516
   38.7619331   53.3883603
   38.7619927   53.3881086
   38.7620260   53.3878520
   38.7621911   53.3857088
   38.7621967   53.3854246
   38.7621699   53.3851416
   38.7617332   53.3822827
   38.7616850   53.3820457
   38.7614969   53.3818937
   38.7540964   53.3764916
   38.7539413   53.3763870
   38.7537787   53.3762943
   38.7408327   53.3695450
   38.7403810   53.3693375
   38.6833933   53.3465063
   38.6828937   53.3463362
   38.6763417   53.3444847
   38.6756829   53.3443458
   38.6661065   53.3429915
   38.6654604   53.3429425
   38.6256858   53.3425180
   38.6246571   53.3424539
   38.6236404   53.3422843
   38.5007225   53.3151965
   38.4997771   53.3149390
   38.4988615   53.3145903
   38.4979844   53.3141535
   38.4971542   53.3136331
   38.4963789   53.3130339
   38.4956661   53.3123617
   38.4950224   53.3116230
   38.4944541   53.3108249
   38.4939666   53.3099749
   38.4935647   53.3090813
   38.4932521   53.3081527
   38.4930319   53.3071980
   38.4929062   53.3062262
   38.4928763   53.3052469
   38.4929423   53.3042693
   38.4931036   53.3033029
   38.4933588   53.3023569
   38.4937053   53.3014404
   38.4941398   53.3005622
   38.4946582   53.2997307
   38.4952555   53.2989540
   38.4959259   53.2982395
   38.4966630   53.2975940
   38.4974598   53.2970237
   38.5124890   53.2873438
   38.5131469   53.2869548
   38.5138326   53.2866172
   38.5171160   53.2851536
   38.5178987   53.2848436
   38.5187047   53.2846005
   38.5299505   53.2817184
   38.5301820   53.2816469
   38.5304054   53.2815533
   38.5345622   53.2795690
   38.5347304   53.2794807
   38.5348913   53.2793799
   38.5381586   53.2771561
   38.5387178   53.2767139
   38.5576203   53.2594364
   38.5583234   53.2588505
   38.5590771   53.2583313
   38.5649903   53.2546454
   38.5658935   53.2541452
   38.5715765   53.2513712
   38.5725327   53.2509645
   38.5823409   53.2473825
   38.5828204   53.2471785
   38.5913593   53.2430062
   38.5919770   53.2426475
   38.5952061   53.2404493
   38.5953940   53.2403080
   38.5955346   53.2401196
   38.5978479   53.2366950
   38.5979741   53.2364868
   38.5980574   53.2362579
   38.5994680   53.2316999
   38.5995254   53.2314788
   38.5995203   53.2312504
   38.5989315   53.2226120
   38.5989058   53.2223866
   38.5988597   53.2221645
   38.5974509   53.2166492
   38.5972335   53.2159919
   38.5952894   53.2112465
   38.5951840   53.2110218
   38.5950569   53.2108088
   38.5927726   53.2073824
   38.5924223   53.2069180
   38.5877176   53.2013832
   38.5870166   53.2004540
   38.5843846   53.1965064
   38.5839585   53.1958067
   38.5835910   53.1950745
   38.5806574   53.1885780
   38.5803451   53.1878013
   38.5800989   53.1870011
   38.5782690   53.1800289
   38.5780639   53.1790508
   38.5770235   53.1724655
   38.5769317   53.1716876
   38.5769010   53.1709049
   38.5769010   53.1708734
   38.5769428   53.1699595
   38.5770680   53.1690532
   38.5772755   53.1681622
   38.5775636   53.1672939
   38.5779298   53.1664555
   38.5783711   53.1656541
   38.5788838   53.1648964
   38.5854709   53.1560608
   38.5860160   53.1553919
   38.5866167   53.1547726
   38.5872685   53.1542073
   38.5879666   53.1537003
   38.6272244   53.1277014
   38.6276415   53.1273929
   38.6325412   53.1233586
   38.6327045   53.1232116
   38.6328235   53.1230269
   38.6340565   53.1209127
   38.6341515   53.1207334
   38.6342317   53.1205470
   38.6354214   53.1174363
   38.6354927   53.1172211
   38.6355030   53.1169946
   38.6355030   53.1138566
   38.6354906   53.1136098
   38.6353612   53.1133993
   38.6271440   53.1014241
   38.6270215   53.1012603
   38.6268743   53.1011193
   38.5968683   53.0746205
   38.5961625   53.0739325
   38.5955280   53.0731783
   38.5949707   53.0723653
   38.5944962   53.0715015
   38.5941091   53.0705951
   38.5938130   53.0696550
   38.5936110   53.0686903
   38.5935048   53.0677105
   38.5934957   53.0667249
   38.5935836   53.0657432
   38.5937677   53.0647749
   38.5940463   53.0638295
   38.5944165   53.0629161
   38.5948749   53.0620436
   38.5954170   53.0612204
   38.5960374   53.0604546
   38.5967302   53.0597536
   38.5974887   53.0591242
   38.5983116   53.0585072
   38.5989313   53.0580780
   38.5995816   53.0576968
   38.6029317   53.0558988
   38.6031328   53.0557775
   38.6029677   53.0556105
   38.5990680   53.0520430
   38.5987531   53.0517779
   38.5947907   53.0487119
   38.5945686   53.0485586
   38.5943090   53.0484849
   38.5309552   53.0341590
   38.5307028   53.0341155
   38.5304491   53.0341511
   38.4872416   53.0425162
   38.4862564   53.0426565
   38.4852623   53.0426981
   38.4806524   53.0426619
   38.4796515   53.0426038
   38.4786613   53.0424457
   38.4748300   53.0416352
   38.4739021   53.0413919
   38.4730019   53.0410608
   38.4721375   53.0406450
   38.4713169   53.0401482
   38.4610131   53.0332148
   38.4600806   53.0325044
   38.4566488   53.0295570
   38.4564902   53.0294316
   38.4563220   53.0293195
   38.4331258   53.0151778
   38.4329264   53.0150683
   38.4327179   53.0149776
   38.4149559   53.0081901
   38.4145195   53.0080460
   38.3725258   52.9962878
   38.3715868   52.9959739
   38.3706833   52.9955687
   38.3698244   52.9950762
   38.3690183   52.9945011
   38.3682731   52.9938492
   38.3675961   52.9931267
   38.3669937   52.9923409
   38.3664721   52.9914993
   38.3660362   52.9906102
   38.3656904   52.9896824
   38.3654381   52.9887250
   38.3652816   52.9877473
   38.3643448   52.9791976
   38.3642126   52.9784801
   38.3634353   52.9755029
   38.3633631   52.9752726
   38.3632478   52.9750606
   38.3613325   52.9719132
   38.3611946   52.9717099
   38.3610194   52.9715376
   38.3581489   52.9689813
   38.3576172   52.9685686
   38.3544110   52.9664093
   38.3541686   52.9662653
   38.3539114   52.9661496
   38.3498075   52.9645763
   38.3492314   52.9643946
   38.3450165   52.9633404
   38.3445205   52.9632427
   38.3339209   52.9617073
   38.3337115   52.9616859
   38.3335010   52.9616823
   38.3277225   52.9618267
   38.3275120   52.9618409
   38.3273034   52.9618728
   38.3214439   52.9630252
   38.3212099   52.9630831
   38.3209915   52.9631850
   38.3138007   52.9669751
   38.3135664   52.9671155
   38.3133489   52.9672807
   38.3096031   52.9704648
   38.3094319   52.9706247
   38.3092765   52.9708000
   38.3068003   52.9738726
   38.3064905   52.9743018
   38.2950347   52.9920830
   38.2944159   52.9929402
   38.2740168   53.0182641
   38.2732644   53.0190976
   38.2729929   53.0193664
   38.2722080   53.0200656
   38.2713539   53.0206787
   38.2704403   53.0211986
   38.2694771   53.0216198
   38.2684750   53.0219376
   38.2673482   53.0222307
   38.2663877   53.0224308
   38.2654123   53.0225358
   38.2644312   53.0225447
   38.2591981   53.0223355
   38.2581687   53.0222408
   38.2571546   53.0220404
   38.2451548   53.0190172
   38.2439095   53.0186151
   38.2299511   53.0130762
   38.2297361   53.0130020
   38.2295152   53.0129477
   38.2255877   53.0121709
   38.2252936   53.0121308
   38.2249969   53.0121259
   38.2099978   53.0127761
   38.2097931   53.0127934
   38.2095905   53.0128276
   38.1960662   53.0156830
   38.1956173   53.0157998
   38.1810740   53.0203134
   38.1808571   53.0203919
   38.1806484   53.0204901
   38.1088862   53.0583983
   38.1080683   53.0587841
   38.1072190   53.0590944
   38.1063450   53.0593268
   38.1002268   53.0606603
   38.0989975   53.0608491
   38.0897840   53.0616820
   38.0887666   53.0617219
   38.0877505   53.0616582
   38.0229702   53.0542699
   38.0222677   53.0542396
   38.0078622   53.0546339
   38.0072039   53.0546957
   37.9856828   53.0581655
   37.9851495   53.0582817
   37.9737161   53.0614354
   37.9731438   53.0616313
   37.9640123   53.0653881
   37.9629717   53.0657505
   37.9525046   53.0687610
   37.9511206   53.0690549
   37.9254738   53.0726285
   37.9240092   53.0727238
   37.9147912   53.0726458
   37.9138715   53.0725956
   37.9129602   53.0724610
   37.9120652   53.0722431
   37.9111940   53.0719438
   37.9103541   53.0715655
   37.9060124   53.0693645
   37.9051357   53.0688628
   37.9043140   53.0682753
   37.8979644   53.0632313
   37.8973114   53.0626649
   37.8967097   53.0620442
   37.8961639   53.0613738
   37.8784384   53.0375708
   37.8776984   53.0364205
   37.8719617   53.0259990
   37.8718159   53.0257656
   37.8716222   53.0255700
   37.8634556   53.0181898
   37.8632417   53.0180170
   37.8629950   53.0178955
   37.8412553   53.0086443
   37.8410332   53.0085624
   37.8408909   53.0087515
   37.8237794   53.0339609
   37.8236731   53.0341320
   37.8235809   53.0343111
   37.8087785   53.0661812
   37.8080758   53.0674458
   37.8045224   53.0728741
   37.8040285   53.0735630
   37.8034780   53.0742076
   37.8028749   53.0748033
   37.7883912   53.0879438
   37.7877010   53.0885157
   37.7869624   53.0890235
   37.7861812   53.0894632
   37.7430083   53.1112749
   37.7424917   53.1115760
   37.7134239   53.1309373
   37.7125360   53.1314646
   37.7115986   53.1318975
   37.7044718   53.1347521
   37.7034502   53.1350986
   37.7023973   53.1353331
   37.6987593   53.1359393
   37.6978647   53.1360473
   37.6969641   53.1360742
   37.6960646   53.1360200
   37.6951737   53.1358850
   37.6942986   53.1356704
   37.6934463   53.1353779
   37.6875224   53.1330413
   37.6867394   53.1326930
   37.6859891   53.1322789
   37.6632565   53.1184308
   37.6630506   53.1183183
   37.6628272   53.1182464
   37.6493640   53.1146066
   37.6491007   53.1145505
   37.6488329   53.1145231
   37.6115184   53.1127386
   37.6112802   53.1127388
   37.6110949   53.1128885
   37.5860447   53.1352402
   37.5858610   53.1354221
   37.5856971   53.1356220
   37.5613870   53.1686400
   37.5612617   53.1688273
   37.5611539   53.1690252
   37.5587820   53.1738873
   37.5586815   53.1741236
   37.5586058   53.1743689
   37.5553059   53.1874178
   37.5552655   53.1876083
   37.5552402   53.1878014
   37.5543503   53.1974925
   37.5543399   53.1977349
   37.5543531   53.1979772
   37.5595692   53.2483486
   37.5596153   53.2486324
   37.5596938   53.2489090
   37.5654617   53.2655150
   37.5656952   53.2662864
   37.5668978   53.2709246
   37.5671205   53.2720421
   37.5678934   53.2775399
   37.5679868   53.2786493
   37.5681835   53.2856018
   37.5681613   53.2866088
   37.5680378   53.2876085
   37.5678144   53.2885907
   37.5674934   53.2895454
   37.5670779   53.2904630
   37.5665722   53.2913342
   37.5659815   53.2921500
   37.5653116   53.2929023
   37.5645695   53.2935834
   37.5637627   53.2941863
   37.5628992   53.2947051
   37.5619880   53.2951343
   37.5610382   53.2954697
   37.5600595   53.2957079
   37.5590618   53.2958464
   37.5580552   53.2958838
   37.5570500   53.2958198
   37.5565701   53.2957648
   37.5556803   53.2956221
   37.5548069   53.2953998
   37.4926566   53.2765617
   37.4921774   53.2764420
   37.4877399   53.2755636
   37.4874586   53.2755245
   37.4871757   53.2755503
   37.4738518   53.2775389
   37.4736141   53.2775864
   37.4734002   53.2777005
   37.4477356   53.2930590
   37.4469620   53.2934769
   37.4281720   53.3025839
   37.4270779   53.3030363
   37.4259381   53.3033562
   37.4125558   53.3062699
   37.4112472   53.3064653
   37.3824892   53.3088280
   37.3815873   53.3088612
   37.3545913   53.3086368
   37.3536789   53.3085875
   37.3411814   53.3073371
   37.3401910   53.3071876
   37.3392205   53.3069398
   37.3281511   53.3035140
   37.3271801   53.3031575
   37.3262512   53.3027026
   37.2950298   53.2853577
   37.2941994   53.2848417
   37.2763338   53.2724903
   37.2760945   53.2723440
   37.2758402   53.2722256
   37.2541023   53.2635563
   37.2536523   53.2634012
   37.2240174   53.2547447
   37.2235900   53.2546401
   37.2089931   53.2517400
   37.2084345   53.2516615
   37.1972322   53.2507279
   37.1969347   53.2507209
   37.1966384   53.2507495
   37.1693344   53.2550479
   37.1687319   53.2551814
   37.1457348   53.2617882
   37.1452037   53.2619738
   37.1122824   53.2755998
   37.1112379   53.2759658
   37.1101593   53.2762142
   37.0888304   53.2798964
   37.0875750   53.2800322
   37.0096897   53.2835074
   37.0094575   53.2835288
   37.0093043   53.2837045
   36.9936574   53.3034582
   36.9930371   53.3041696
   36.9923525   53.3048193
   36.9916096   53.3054017
   36.9908152   53.3059113
   36.9899762   53.3063438
   36.9891002   53.3066953
   36.9881950   53.3069626
   36.9872685   53.3071434
   36.9863292   53.3072360
   36.9857492   53.3072657
   36.9847980   53.3072690
   36.9838508   53.3071820
   36.9829161   53.3070053
   36.9820025   53.3067406
   36.9811181   53.3063903
   36.9802710   53.3059576
   36.9794689   53.3054463
   36.9787189   53.3048612
   36.9751365   53.3017809
   36.9747097   53.3014522
   36.9677259   53.2966505
   36.9672393   53.2963553
   36.9594891   53.2922379
   36.9592154   53.2921131
   36.9589287   53.2920222
   36.9427936   53.2879630
   36.9425815   53.2879193
   36.9423664   53.2878942
   36.9172644   53.2860653
   36.9170541   53.2860589
   36.9168440   53.2860702
   36.8075294   53.2965953
   36.8072961   53.2966290
   36.8070670   53.2966845
   36.7812072   53.3042654
   36.7806812   53.3044520
   36.7744157   53.3070784
   36.7742251   53.3071679
   36.7740428   53.3072732
   36.7153278   53.3445602
   36.7148946   53.3448689
   36.7102509   53.3485653
   36.7098465   53.3489246
   36.7047968   53.3539264
   36.7043582   53.3544227
   36.6773228   53.3894406
   36.6771827   53.3896420
   36.6770847   53.3898669
   36.6760167   53.3926929
   36.6759431   53.3929200
   36.6758915   53.3931531
   36.6753484   53.3963219
   36.6753212   53.3965348
   36.6753310   53.3967484
   36.6759540   53.4037738
   36.6759930   53.4046988
   36.6759462   53.4056235
   36.6758714   53.4063943
   36.6757280   53.4073691
   36.6754893   53.4083251
   36.6751577   53.4092530
   36.6747364   53.4101438
   36.6742295   53.4109887
   36.6736418   53.4117797
   36.6729792   53.4125090
   36.6722481   53.4131695
   36.6714554   53.4137549
   36.6706090   53.4142594
   36.6697171   53.4146782
   36.6677610   53.4154815
   36.6668228   53.4158133
   36.6658562   53.4160502
   36.6268154   53.4235811
   36.6254045   53.4237504
   36.6206542   53.4239802
   36.6197101   53.4239813
   36.6187700   53.4238933
   36.6156972   53.4234585
   36.6147350   53.4232739
   36.6137956   53.4229960
   36.6128879   53.4226276
   36.6102487   53.4214025
   36.6095456   53.4210417
   36.6064577   53.4192997
   36.6053122   53.4185455
   36.5882362   53.4055404
   36.5880779   53.4054293
   36.5879115   53.4053308
   36.5718641   53.3966503
   36.5714236   53.3964392
   36.5674293   53.3947596
   36.5667585   53.3945321
   36.5608642   53.3929888
   36.5603094   53.3928767
   36.5519134   53.3916702
   36.5512814   53.3916200
   36.5353920   53.3913705
   36.5351668   53.3913772
   36.5349430   53.3914042
   36.5131434   53.3950366
   36.5125470   53.3951740
   36.4905972   53.4016693
   36.4900369   53.4018722
   36.4449171   53.4213250
   36.4441200   53.4216290
   36.4352115   53.4245982
   36.4339736   53.4249244
   36.4247007   53.4267426
   36.4234104   53.4269093
   36.3982485   53.4285072
   36.3980192   53.4285326
   36.3978149   53.4286396
   36.3872876   53.4347975
   36.3870698   53.4349407
   36.3868866   53.4351262
   36.3730192   53.4507272
   36.3722577   53.4514957
   36.3714176   53.4521775
   36.3705088   53.4527646
   36.3695419   53.4532501
   36.3367217   53.4675606
   36.3361345   53.4678644
   36.3084172   53.4846165
   36.3082164   53.4847521
   36.3082464   53.4849925
   36.3110175   53.5007420
   36.3111399   53.5017158
   36.3111663   53.5026971
   36.3110963   53.5036761
   36.3109307   53.5046436
   36.3106711   53.5055902
   36.3103199   53.5065068
   36.3098805   53.5073845
   36.3093572   53.5082150
   36.3087550   53.5089901
   36.3080797   53.5097024
   36.3073378   53.5103452
   36.3065365   53.5109121
   36.3056835   53.5113977
   36.3047870   53.5117973
   36.2978816   53.5144774
   36.2976670   53.5145726
   36.2974877   53.5147241
   36.2861724   53.5252381
   36.2858110   53.5256107
   36.2658983   53.5483993
   36.2652711   53.5490546
   36.2645872   53.5496503
   36.2638521   53.5501816
   36.2630718   53.5506441
   36.2537475   53.5556142
   36.2529572   53.5559919
   36.2521369   53.5562991
   36.2512928   53.5565333
   36.2504315   53.5566927
   36.2430270   53.5577304
   36.2427842   53.5577769
   36.2425658   53.5578929
   36.2360705   53.5617709
   36.2358661   53.5619072
   36.2357743   53.5621351
   36.2348666   53.5647582
   36.2345023   53.5656650
   36.2340512   53.5665319
   36.2335177   53.5673506
   36.2329068   53.5681133
   36.2322243   53.5688128
   36.2314769   53.5694423
   36.2306716   53.5699959
   36.2298161   53.5704682
   36.2289186   53.5708547
   36.2279876   53.5711518
   36.2270321   53.5713567
   36.2260612   53.5714673
   36.2250841   53.5714825
   36.2241102   53.5714024
   36.2231487   53.5712275
   36.2222089   53.5709597
   36.2204289   53.5703569
   36.2202472   53.5703030
   36.2200620   53.5702630
   36.1412183   53.5563527
   36.1405246   53.5562798
   36.1063811   53.5550897
   36.1057103   53.5551115
   36.0985219   53.5558301
   36.0982950   53.5558634
   36.0980790   53.5559374
   36.0892991   53.5594005
   36.0887017   53.5596831
   36.0811077   53.5639121
   36.0805668   53.5642608
   36.0688951   53.5728978
   36.0678699   53.5735635
   36.0667713   53.5740991
   36.0567002   53.5782679
   36.0555891   53.5786530
   36.0544405   53.5789050
   36.0445529   53.5804716
   36.0435074   53.5805813
   36.0263589   53.5814733
   36.0261541   53.5814924
   36.0259516   53.5815284
   36.0185294   53.5831640
   36.0183030   53.5832253
   36.0181154   53.5833659
   36.0147616   53.5861375
   36.0145881   53.5862954
   36.0145726   53.5865294
   36.0143822   53.5969419
   36.0142847   53.5981641
   36.0134279   53.6042015
   36.0131643   53.6054654
   36.0110711   53.6130239
   36.0107571   53.6139711
   36.0103503   53.6148823
   36.0098547   53.6157484
   36.0092753   53.6165608
   36.0086177   53.6173114
   36.0078887   53.6179927
   36.0070954   53.6185980
   36.0062457   53.6191212
   36.0053481   53.6195571
   36.0044115   53.6199014
   35.9334928   53.6420219
   35.9324000   53.6422963
   35.9312832   53.6424460
   35.9178752   53.6434789
   35.9168806   53.6435058
   35.9158882   53.6434338
   35.9149079   53.6432636
   35.9139493   53.6429967
   35.9130220   53.6426360
   35.9121352   53.6421848
   35.9112976   53.6416478
   35.9105175   53.6410302
   35.9098026   53.6403381
   35.9091601   53.6395784
   35.9085962   53.6387586
   35.9081166   53.6378868
   35.9077260   53.6369717
   35.9074282   53.6360223
   35.9072263   53.6350480
   35.9069225   53.6330984
   35.9068719   53.6328542
   35.9067970   53.6326162
   35.9054456   53.6289688
   35.9051821   53.6283782
   35.9033792   53.6249521
   35.9031325   53.6245339
   35.9009571   53.6212252
   35.9005839   53.6207281
   35.8952412   53.6144634
   35.8950944   53.6143057
   35.8949346   53.6141612
   35.8883528   53.6087086
   35.8879887   53.6084340
   35.8807997   53.6035099
   35.8806279   53.6034022
   35.8804479   53.6033088
   35.8375902   53.5832378
   35.8366347   53.5827255
   35.8357404   53.5821127
   35.8326984   53.5797766
   35.8318620   53.5790575
   35.8311099   53.5782508
   35.8304512   53.5773661
   35.8298940   53.5764142
   35.8247177   53.5663360
   35.8246069   53.5661422
   35.8244484   53.5659849
   35.8211614   53.5630041
   35.8209911   53.5628629
   35.8208089   53.5627373
   35.8025024   53.5512828
   35.8016934   53.5507192
   35.7996696   53.5491559
   35.7990308   53.5486183
   35.7984390   53.5480294
   35.7978984   53.5473931
   35.7974952   53.5468763
   35.7968976   53.5460218
   35.7963922   53.5451098
   35.7959845   53.5441501
   35.7956790   53.5431532
   35.7953139   53.5416943
   35.7952534   53.5414900
   35.7951756   53.5412916
   35.7931995   53.5368202
   35.7930797   53.5365841
   35.7929356   53.5363620
   35.7890784   53.5310586
   35.7889516   53.5308985
   35.7888009   53.5307617
   35.7795241   53.5230059
   35.7793403   53.5228662
   35.7791338   53.5227628
   35.7726632   53.5198901
   35.7724184   53.5197965
   35.7721595   53.5197563
   35.7660275   53.5191334
   35.7658080   53.5191209
   35.7655982   53.5191853
   35.7515266   53.5241935
   35.7502990   53.5245439
   35.7461127   53.5254546
   35.7453388   53.5255913
   35.7445566   53.5256669
   35.7403099   53.5259091
   35.7394531   53.5259212
   35.7385983   53.5258598
   35.7114828   53.5227422
   35.7107810   53.5227113
   35.7054826   53.5228507
   35.7052434   53.5228685
   35.7050071   53.5229092
   35.6998763   53.5240501
   35.6996639   53.5241073
   35.6994657   53.5242005
   35.6957718   53.5261395
   35.6955356   53.5262807
   35.6953163   53.5264471
   35.6926759   53.5286916
   35.6922060   53.5291473
   35.6807549   53.5418119
   35.6801075   53.5424648
   35.6794029   53.5430555
   35.6786470   53.5435791
   35.6778462   53.5440309
   35.6753116   53.5453113
   35.6745323   53.5456639
   35.6737257   53.5459487
   35.6691623   53.5473435
   35.6680227   53.5476199
   35.6668585   53.5477610
   35.6556185   53.5484582
   35.6547042   53.5484730
   35.6537924   53.5484043
   35.6478254   53.5476788
   35.6470599   53.5475554
   35.6463063   53.5473731
   35.6425064   53.5462965
   35.6414347   53.5459260
   35.6404118   53.5454365
   35.6394509   53.5448344
   35.6379604   53.5437783
   35.6371667   53.5431534
   35.6364402   53.5424516
   35.6154764   53.5200478
   35.6153185   53.5198933
   35.6151365   53.5197697
   35.6027186   53.5121083
   35.6025037   53.5119899
   35.6022782   53.5118932
   35.5458900   53.4909373
   35.5449645   53.4905392
   35.5440837   53.4900500
   35.5312313   53.4820386
   35.5303971   53.4814578
   35.5296262   53.4807952
   35.5289265   53.4800578
   35.5283053   53.4792532
   35.5277690   53.4783896
   35.5272844   53.4775130
   35.5268910   53.4767201
   35.5265692   53.4758955
   35.5227106   53.4645500
   35.5223892   53.4633744
   35.5198702   53.4513119
   35.5198184   53.4511076
   35.5197333   53.4509156
   35.5174568   53.4463139
   35.5173381   53.4461012
   35.5171207   53.4459914
   35.5128960   53.4441139
   35.5126929   53.4440341
   35.5124798   53.4439911
   35.5077002   53.4432412
   35.5074243   53.4432135
   35.5071470   53.4432167
   35.4718109   53.4455945
   35.4709418   53.4456151
   35.4700741   53.4455601
   35.4588516   53.4443576
   35.4579025   53.4442095
   35.4569720   53.4439711
   35.4560687   53.4436444
   35.4552009   53.4432326
   35.4543766   53.4427394
   35.4536034   53.4421694
   35.4528885   53.4415279
   35.4522384   53.4408207
   35.4516592   53.4400544
   35.4511561   53.4392360
   35.4507340   53.4383732
   35.4503965   53.4374739
   35.4501469   53.4365463
   35.4499874   53.4355990
   35.4499196   53.4346409
   35.4499440   53.4336806
   35.4500604   53.4327271
   35.4502678   53.4317892
   35.4505642   53.4308755
   35.4518275   53.4275371
   35.4519096   53.4272783
   35.4519630   53.4270120
   35.4525114   53.4232185
   35.4525335   53.4229936
   35.4524741   53.4227762
   35.4505552   53.4168273
   35.4504658   53.4165921
   35.4502906   53.4164115
   35.4469486   53.4133004
   35.4467493   53.4131334
   35.4465197   53.4130115
   35.4410464   53.4104644
   35.4404632   53.4102363
   35.4240463   53.4049751
   35.4231341   53.4046330
   35.4222595   53.4042037
   35.4214309   53.4036913
   35.4206560   53.4031007
   35.4199423   53.4024376
   35.4192966   53.4017081
   35.4187248   53.4009193
   35.4182326   53.4000785
   35.4178245   53.3991939
   35.4175044   53.3982737
   35.4172753   53.3973268
   35.4171395   53.3963620
   35.4170983   53.3953887
   35.4171519   53.3944159
   35.4173000   53.3934530
   35.4175410   53.3925090
   35.4178727   53.3915930
   35.4181573   53.3909962
   35.4182206   53.3908467
   35.4182698   53.3906202
   35.4188168   53.3873833
   35.4188426   53.3871803
   35.4188349   53.3869765
   35.4185693   53.3836117
   35.4184615   53.3829020
   35.4167292   53.3752497
   35.4166719   53.3750399
   35.4165966   53.3748359
   35.4087092   53.3560280
   35.4086098   53.3558190
   35.4084567   53.3556456
   35.4038235   53.3508676
   35.4036507   53.3507056
   35.4034633   53.3505607
   35.3977537   53.3465647
   35.3971334   53.3461943
   35.3893631   53.3422878
   35.3885332   53.3418197
   35.3877516   53.3412749
   35.3870254   53.3406581
   35.3863612   53.3399750
   35.3845008   53.3378696
   35.3839491   53.3371870
   35.3834593   53.3364587
   35.3813865   53.3330635
   35.3809567   53.3322834
   35.3805980   53.3314680
   35.3790483   53.3274713
   35.3789459   53.3272424
   35.3787997   53.3270386
   35.3693312   53.3151543
   35.3688559   53.3145059
   35.3684342   53.3138214
   35.3666819   53.3107026
   35.3662812   53.3099087
   35.3659526   53.3090823
   35.3649970   53.3063282
   35.3647354   53.3054448
   35.3645562   53.3045410
   35.3629741   53.2940483
   35.3629253   53.2938069
   35.3627867   53.2936034
   35.3558562   53.2844435
   35.3556962   53.2842530
   35.3554506   53.2842130
   35.3428923   53.2828186
   35.3426798   53.2828041
   35.3424687   53.2828260
   35.3334405   53.2841506
   35.3331757   53.2842043
   35.3329183   53.2842863
   35.3278440   53.2862120
   35.3275976   53.2863211
   35.3273645   53.2864561
   35.3237758   53.2888029
   35.3235684   53.2889543
   35.3233776   53.2891264
   35.3209298   53.2915742
   35.3207769   53.2917416
   35.3206400   53.2919222
   35.3131682   53.3027608
   35.3126253   53.3034772
   35.3120202   53.3041419
   35.3113580   53.3047496
   35.3018288   53.3127352
   35.3012186   53.3132077
   35.3005738   53.3136317
   35.2890523   53.3205869
   35.2881546   53.3210682
   35.2872127   53.3214557
   35.2862361   53.3217454
   35.2852352   53.3219342
   35.2850766   53.3219558
   35.2841255   53.3220395
   35.2831708   53.3220321
   35.2822212   53.3219337
   35.2812852   53.3217451
   35.2803715   53.3214682
   35.2794884   53.3211054
   35.2786439   53.3206600
   35.2778457   53.3201361
   35.2771011   53.3195385
   35.2764169   53.3188726
   35.2757993   53.3181445
   35.2752540   53.3173608
   35.2747859   53.3165286
   35.2743993   53.3156556
   35.2740977   53.3147498
   35.2733889   53.3122243
   35.2733224   53.3120212
   35.2732388   53.3118246
   35.2715739   53.3083339
   35.2714605   53.3081230
   35.2712917   53.3079533
   35.2675286   53.3045197
   35.2673314   53.3043578
   35.2670765   53.3043686
   35.2607363   53.3049690
   35.2605168   53.3049997
   35.2603071   53.3050685
   35.2461716   53.3104068
   35.2452257   53.3107113
   35.2442541   53.3109204
   35.2432667   53.3110320
   35.2422730   53.3110450
   35.2412829   53.3109594
   35.2403062   53.3107759
   35.2393526   53.3104964
   35.2384314   53.3101236
   35.2375517   53.3096612
   35.2367223   53.3091138
   35.2359514   53.3084868
   35.2352464   53.3077863
   35.2346145   53.3070194
   35.2340618   53.3061935
   35.2335938   53.3053168
   35.2332151   53.3043980
   35.2329295   53.3034461
   35.2327398   53.3024707
   35.2326479   53.3014811
   35.2326546   53.3004874
   35.2327599   53.2994992
   35.2333408   53.2958026
   35.2336044   53.2946075
   35.2353347   53.2885525
   35.2353880   53.2883258
   35.2352704   53.2881248
   35.2327376   53.2842326
   35.2326009   53.2840428
   35.2324167   53.2838986
   35.2258820   53.2792647
   35.2256797   53.2791354
   35.2254562   53.2790474
   35.2053231   53.2722186
   35.2051158   53.2721581
   35.2049040   53.2721158
   35.1949881   53.2705789
   35.1947814   53.2705557
   35.1945744   53.2705671
   35.1886325   53.2711420
   35.1883811   53.2711796
   35.1882182   53.2713748
   35.1869717   53.2730370
   35.1868351   53.2732393
   35.1867632   53.2734726
   35.1855543   53.2782173
   35.1854423   53.2787994
   35.1848172   53.2835533
   35.1846393   53.2845287
   35.1843658   53.2854817
   35.1839992   53.2864030
   35.1835431   53.2872834
   35.1830022   53.2881143
   35.1823816   53.2888876
   35.1816874   53.2895956
   35.1809266   53.2902314
   35.1801066   53.2907887
   35.1792353   53.2912621
   35.1783215   53.2916469
   35.1773741   53.2919393
   35.1206336   53.3064123
   35.1196939   53.3066045
   35.1187400   53.3067058
   35.1177808   53.3067153
   35.1168252   53.3066328
   35.1158818   53.3064591
   35.1149594   53.3061958
   35.1140665   53.3058454
   35.1132113   53.3054110
   35.1124016   53.3048967
   35.1116449   53.3043072
   35.1109482   53.3036479
   35.1103178   53.3029248
   35.1097597   53.3021447
   35.1092788   53.3013147
   35.1088797   53.3004425
   35.1085660   53.2995360
   35.1083406   53.2986036
   35.1082055   53.2976540
   35.1081621   53.2966957
   35.1082107   53.2957377
   35.1083508   53.2947888
   35.1085812   53.2938577
   35.1105698   53.2872074
   35.1107034   53.2866429
   35.1123722   53.2771697
   35.1124005   53.2769542
   35.1124100   53.2767370
   35.1124100   53.2746332
   35.1123826   53.2741102
   35.1118146   53.2687138
   35.1117792   53.2684827
   35.1117013   53.2682622
   35.1055162   53.2530850
   35.1051385   53.2519766
   35.1048930   53.2508317
   35.1045474   53.2485853
   35.1044349   53.2473376
   35.1043726   53.2450555
   35.1043862   53.2441942
   35.1044738   53.2433373
   35.1058629   53.2338275
   35.1060469   53.2328860
   35.1063203   53.2319665
   35.1222459   53.1865087
   35.1223186   53.1862606
   35.1223384   53.1860027
   35.1224284   53.1823462
   35.1224206   53.1820790
   35.1223558   53.1818196
   35.1212899   53.1783546
   35.1210611   53.1777522
   35.1194240   53.1741593
   35.1193270   53.1739685
   35.1191992   53.1737978
   35.1076979   53.1597198
   35.1071051   53.1589153
   35.1065956   53.1580556
   35.1061744   53.1571494
   35.1058458   53.1562057
   35.1056130   53.1552339
   35.1054783   53.1542437
   35.1054432   53.1532450
   35.1055079   53.1522478
   35.1056718   53.1512621
   35.1059332   53.1502976
   35.1062897   53.1493640
   35.1067375   53.1484707
   35.1072722   53.1476265
   35.1083766   53.1460617
   35.1090426   53.1452184
   35.1097952   53.1444513
   35.1202833   53.1348527
   35.1209054   53.1343282
   35.1215680   53.1338561
   35.1546422   53.1122639
   35.1557969   53.1116148
   35.1705554   53.1045618
   35.1715472   53.1041516
   35.1725773   53.1038502
   35.1761212   53.1030164
   35.1770848   53.1028391
   35.1780611   53.1027568
   35.1790408   53.1027706
   35.1800145   53.1028801
   35.1809727   53.1030843
   35.1819064   53.1033814
   35.1828065   53.1037684
   35.1836644   53.1042417
   35.1844719   53.1047966
   35.1852212   53.1054279
   35.1859051   53.1061294
   35.1865171   53.1068946
   35.1870513   53.1077159
   35.1896907   53.1122454
   35.1898318   53.1124611
   35.1899945   53.1126610
   35.1925506   53.1154910
   35.1927223   53.1156632
   35.1929365   53.1157783
   35.1967160   53.1175753
   35.1969569   53.1176747
   35.1972132   53.1177218
   35.2022726   53.1183781
   35.2025343   53.1183981
   35.2027967   53.1183905
   35.2085567   53.1179181
   35.2088349   53.1178794
   35.2091070   53.1178096
   35.2743504   53.0970880
   35.2745668   53.0970081
   35.2747749   53.0969086
   35.2925538   53.0873655
   35.2931478   53.0869906
   35.3025215   53.0801072
   35.3030228   53.0796858
   35.3070859   53.0757882
   35.3072240   53.0756447
   35.3073503   53.0754906
   35.3122553   53.0689911
   35.3123884   53.0687961
   35.3125025   53.0685894
   35.3138475   53.0658543
   35.3139375   53.0656481
   35.3139277   53.0654232
   35.3136589   53.0624219
   35.3136274   53.0621921
   35.3134954   53.0620014
   35.3111054   53.0588759
   35.3109429   53.0586844
   35.3107178   53.0585727
   35.3034601   53.0554211
   35.3027455   53.0550765
   35.2975378   53.0523052
   35.2967135   53.0518145
   35.2959401   53.0512470
   35.2928437   53.0487381
   35.2920291   53.0480004
   35.2913004   53.0471778
   35.2906664   53.0462802
   35.2901347   53.0453184
   35.2867958   53.0384068
   35.2864978   53.0378754
   35.2799835   53.0277587
   35.2798322   53.0275487
   35.2796236   53.0273956
   35.2693017   53.0206220
   35.2690889   53.0204970
   35.2688441   53.0204647
   35.2227701   53.0167015
   35.2217844   53.0165714
   35.2174759   53.0157831
   35.2165000   53.0155535
   35.2155521   53.0152273
   35.2142502   53.0147050
   35.2133851   53.0143091
   35.2125616   53.0138329
   35.2117870   53.0132805
   35.2110684   53.0126571
   35.2104124   53.0119682
   35.2098247   53.0112200
   35.2091421   53.0102603
   35.2085775   53.0093707
   35.2081097   53.0084268
   35.2077438   53.0074388
   35.2057129   53.0009202
   35.2056216   53.0006740
   35.2054579   53.0004687
   35.2051686   53.0001430
   35.2050084   52.9999788
   35.2047856   52.9999244
   35.1963479   52.9982755
   35.1956925   52.9981919
   35.1749657   52.9969342
   35.1747324   52.9969310
   35.1744998   52.9969496
   35.1690633   52.9976417
   35.1688443   52.9976796
   35.1686529   52.9977918
   35.1667105   52.9990501
   35.1664302   52.9992455
   35.1658401   52.9996878
   35.1656478   52.9998478
   35.1655575   53.0000811
   35.1635080   53.0062969
   35.1632311   53.0070369
   35.1628968   53.0077527
   35.1621126   53.0092716
   35.1615554   53.0102193
   35.1608975   53.0111002
   35.1605310   53.0115383
   35.1598514   53.0122728
   35.1591018   53.0129357
   35.1582896   53.0135204
   35.1574232   53.0140210
   35.1565686   53.0144592
   35.1556399   53.0148771
   35.1546735   53.0151984
   35.1536795   53.0154198
   35.1505509   53.0159509
   35.1497170   53.0160567
   35.1488772   53.0160920
   35.1449894   53.0160920
   35.1438367   53.0160253
   35.1426994   53.0158263
   35.1421587   53.0156991
   35.1412241   53.0154306
   35.1403199   53.0150727
   35.1394548   53.0146286
   35.1386369   53.0141026
   35.1378740   53.0134996
   35.1371733   53.0128254
   35.1365413   53.0120863
   35.1359841   53.0112894
   35.1355070   53.0104421
   35.1351144   53.0095524
   35.1348101   53.0086288
   35.1345969   53.0076801
   35.1344769   53.0067151
   35.1344512   53.0057430
   35.1345200   53.0047730
   35.1346827   53.0038143
   35.1349377   53.0028759
   35.1352827   53.0019667
   35.1357144   53.0010954
   35.1362286   53.0002700
   35.1368206   52.9994986
   35.1484629   52.9857644
   35.1488724   52.9852072
   35.1504680   52.9826879
   35.1507929   52.9820878
   35.1564245   52.9697377
   35.1565264   52.9694759
   35.1565669   52.9691978
   35.1568320   52.9661925
   35.1568416   52.9659679
   35.1567516   52.9657620
   35.1553020   52.9628182
   35.1551896   52.9626147
   35.1549971   52.9624843
   35.1516749   52.9604549
   35.1514731   52.9603441
   35.1512488   52.9602931
   35.1462614   52.9593989
   35.1460005   52.9593663
   35.1457425   52.9594170
   35.1270934   52.9641270
   35.1261897   52.9643113
   35.1252729   52.9644116
   35.1243508   52.9644271
   35.1211496   52.9643329
   35.1198033   52.9642018
   35.0762764   52.9569640
   35.0760292   52.9569355
   35.0757804   52.9569317
   35.0660599   52.9572722
   35.0653358   52.9573507
   35.0585872   52.9585859
   35.0583615   52.9586382
   35.0581706   52.9587694
   35.0563190   52.9601737
   35.0555918   52.9606763
   35.0548231   52.9611126
   35.0540188   52.9614794
   35.0529903   52.9618945
   35.0521028   52.9622050
   35.0511901   52.9624308
   35.0502602   52.9625699
   35.0493214   52.9626211
   35.0447463   52.9626549
   35.0436505   52.9626029
   35.0218364   52.9603621
   35.0215631   52.9603491
   35.0212901   52.9603662
   35.0143360   52.9611868
   35.0141239   52.9612211
   35.0139155   52.9612736
   35.0084824   52.9628937
   35.0082360   52.9629816
   35.0080135   52.9631190
   34.9975963   52.9703347
   34.9969501   52.9707466
   34.9962744   52.9711077
   34.9941383   52.9721462
   34.9932269   52.9725347
   34.9922816   52.9728311
   34.9892082   52.9736300
   34.9880676   52.9738566
   34.9869085   52.9739492
   34.9774985   52.9741525
   34.9765648   52.9741291
   34.9756372   52.9740186
   34.9747241   52.9738220
   34.9725526   52.9732473
   34.9716596   52.9729657
   34.9707969   52.9726017
   34.9699720   52.9721587
   34.9691922   52.9716404
   34.9684643   52.9710515
   34.9677946   52.9703970
   34.9671891   52.9696829
   34.9666530   52.9689152
   34.9661911   52.9681007
   34.9658074   52.9672466
   34.9652062   52.9657209
   34.9649539   52.9650014
   34.9647571   52.9642647
   34.9640543   52.9611634
   34.9639814   52.9609067
   34.9638815   52.9606591
   34.9622116   52.9570869
   34.9620467   52.9567650
   34.9603382   52.9537081
   34.9600247   52.9530991
   34.9587192   52.9503344
   34.9582038   52.9490048
   34.9575745   52.9469589
   34.9573484   52.9460855
   34.9572019   52.9451952
   34.9571363   52.9442955
   34.9570883   52.9425636
   34.9571320   52.9413131
   34.9577682   52.9348107
   34.9577798   52.9345494
   34.9576830   52.9343064
   34.9563534   52.9314252
   34.9562333   52.9311969
   34.9560308   52.9310370
   34.9527179   52.9286910
   34.9525192   52.9285641
   34.9522845   52.9285427
   34.9336292   52.9277358
   34.9331769   52.9277367
   34.9063513   52.9290070
   34.9061195   52.9290288
   34.9058908   52.9290722
   34.8969643   52.9312012
   34.8959130   52.9313932
   34.8948473   52.9314720
   34.8937792   52.9314365
   34.8927210   52.9312873
   34.8885059   52.9304612
   34.8876515   52.9302543
   34.8868187   52.9299733
   34.8860137   52.9296202
   34.8784327   52.9258893
   34.8776866   52.9254818
   34.8769778   52.9250125
   34.8763115   52.9244847
   34.8606597   52.9109648
   34.8600473   52.9103892
   34.8594855   52.9097643
   34.8552994   52.9046946
   34.8547232   52.9039241
   34.8542237   52.9031018
   34.8538056   52.9022352
   34.8534726   52.9013325
   34.8532280   52.9004020
   34.8530739   52.8994523
   34.8530172   52.8989519
   34.8529547   52.8979608
   34.8529907   52.8969684
   34.8531250   52.8959845
   34.8533563   52.8950187
   34.8536821   52.8940807
   34.8540994   52.8931795
   34.8546041   52.8923243
   34.8551910   52.8915232
   34.8558546   52.8907844
   34.8589147   52.8876997
   34.8590784   52.8875171
   34.8590357   52.8872756
   34.8584264   52.8846193
   34.8583571   52.8843752
   34.8581961   52.8841792
   34.8561448   52.8819277
   34.8559864   52.8817689
   34.8557744   52.8816957
   34.8312149   52.8744347
   34.8309512   52.8743645
   34.8123417   52.8699507
   34.8114133   52.8696825
   34.8105151   52.8693260
   34.8096556   52.8688844
   34.8088427   52.8683620
   34.8080840   52.8677635
   34.8073866   52.8670946
   34.8067570   52.8663615
   34.8062012   52.8655710
   34.8057242   52.8647306
   34.8053306   52.8638481
   34.8050240   52.8629317
   34.8048072   52.8619900
   34.8046824   52.8610318
   34.8046506   52.8600660
   34.8047123   52.8591016
   34.8048667   52.8581477
   34.8051124   52.8572131
   34.8054472   52.8563067
   34.8058680   52.8554367
   34.8063707   52.8546115
   34.8069508   52.8538386
   34.8076027   52.8531253
   34.8083205   52.8524783
   34.8090973   52.8519036
   34.8099260   52.8514065
   34.8146411   52.8488797
   34.8148493   52.8487546
   34.8150123   52.8485746
   34.8398201   52.8183346
   34.8399188   52.8182162
   34.8681715   52.7848398
   34.8689077   52.7840592
   34.8697233   52.7833620
   34.8706090   52.7827561
   34.8718933   52.7819752
   34.8726762   52.7815459
   34.8734943   52.7811881
   34.8743410   52.7809047
   34.8761539   52.7803867
   34.8771305   52.7801599
   34.8781249   52.7800320
   34.8791271   52.7800044
   34.8801271   52.7800772
   34.8856253   52.7807563
   34.8864611   52.7808957
   34.8872821   52.7811054
   34.8880825   52.7813838
   34.8915732   52.7827666
   34.8923555   52.7831160
   34.8931051   52.7835311
   34.9005002   52.7880506
   34.9010011   52.7883189
   34.9047588   52.7900640
   34.9054275   52.7903180
   34.9094745   52.7915319
   34.9097377   52.7915954
   34.9100062   52.7916301
   34.9150636   52.7920043
   34.9153156   52.7920102
   34.9155670   52.7919906
   34.9211165   52.7912731
   34.9213094   52.7912405
   34.9214992   52.7911928
   34.9477606   52.7834864
   34.9483823   52.7832583
   34.9543685   52.7805984
   34.9545842   52.7804898
   34.9547884   52.7803607
   34.9602808   52.7765055
   34.9604727   52.7763563
   34.9606320   52.7761726
   34.9698441   52.7644324
   34.9704607   52.7637187
   34.9711417   52.7630662
   34.9718812   52.7624809
   34.9726725   52.7619678
   34.9734568   52.7615102
   34.9742978   52.7610717
   34.9751765   52.7607149
   34.9760851   52.7604429
   34.9770153   52.7602581
   34.9779589   52.7601624
   34.9789073   52.7601564
   34.9944952   52.7607986
   34.9947936   52.7607930
   34.9950891   52.7607517
   35.0019796   52.7593637
   35.0022319   52.7592989
   35.0024761   52.7592082
   35.0217887   52.7508599
   35.0223530   52.7505722
   35.0274609   52.7475456
   35.0276542   52.7474185
   35.0278207   52.7472579
   35.0309968   52.7438947
   35.0311614   52.7437012
   35.0311560   52.7434472
   35.0307777   52.7382997
   35.0307509   52.7380756
   35.0306648   52.7378670
   35.0259970   52.7278763
   35.0256161   52.7269403
   35.0253315   52.7259706
   35.0251463   52.7249771
   35.0250623   52.7239701
   35.0250804   52.7229597
   35.0252003   52.7219562
   35.0254210   52.7209701
   35.0257400   52.7200112
   35.0261541   52.7190894
   35.0266592   52.7182141
   35.0272501   52.7173942
   35.0279206   52.7166382
   35.0286641   52.7159537
   35.0294728   52.7153478
   35.0303386   52.7148266
   35.0373594   52.7110693
   35.0381409   52.7106938
   35.0389520   52.7103873
   35.0397866   52.7101522
   35.0912980   52.6980273
   35.0915097   52.6979666
   35.0913468   52.6978184
   35.0462671   52.6606275
   35.0460499   52.6604673
   35.0458167   52.6603315
   35.0374877   52.6560689
   35.0372692   52.6559701
   35.0370359   52.6559149
   35.0294297   52.6545016
   35.0292109   52.6544710
   35.0289918   52.6544991
   35.0043714   52.6587798
   35.0033869   52.6589011
   35.0023952   52.6589242
   35.0014062   52.6588489
   35.0004294   52.6586761
   34.9994746   52.6584073
   34.9985512   52.6580452
   34.9976681   52.6575935
   34.9968341   52.6570565
   34.9960574   52.6564395
   34.9953457   52.6557486
   34.9947059   52.6549905
   34.9941444   52.6541729
   34.9936667   52.6533036
   34.9932774   52.6523912
   34.9929804   52.6514448
   34.9927786   52.6504737
   34.9926741   52.6494873
   34.9925160   52.6466681
   34.9925054   52.6457926
   34.9925713   52.6449195
   34.9927134   52.6440555
   34.9929305   52.6432072
   34.9934626   52.6414522
   34.9937480   52.6406387
   34.9941025   52.6398528
   34.9945233   52.6391003
   34.9950074   52.6383870
   34.9964363   52.6364651
   34.9969943   52.6357801
   34.9976105   52.6351470
   35.0054878   52.6277387
   35.0057925   52.6274260
   35.0080467   52.6249004
   35.0082176   52.6246862
   35.0083640   52.6244546
   35.0098674   52.6217576
   35.0099754   52.6215393
   35.0100153   52.6212990
   35.0103833   52.6181297
   35.0104093   52.6178235
   35.0105954   52.6143867
   35.0105970   52.6141539
   35.0105554   52.6139250
   34.9982049   52.5603760
   34.9980399   52.5594733
   34.9979584   52.5585593
   34.9966645   52.5285383
   34.9966454   52.5283203
   34.9966074   52.5281048
   34.9948497   52.5201934
   34.9947829   52.5199510
   34.9946920   52.5197166
   34.9928060   52.5154988
   34.9927204   52.5153256
   34.9926216   52.5151596
   34.9897620   52.5107501
   34.9896177   52.5105502
   34.9894369   52.5103826
   34.9834443   52.5053570
   34.9829731   52.5050068
   34.9787676   52.5022499
   34.9785627   52.5021291
   34.9783472   52.5020284
   34.9747365   52.5005469
   34.9743312   52.5004006
   34.9730982   52.5000150
   34.9728819   52.4999579
   34.9726597   52.4999404
   34.9200394   52.4981599
   34.9188671   52.4980509
   34.9126635   52.4971030
   34.9113734   52.4968176
   34.9055194   52.4951098
   34.9045853   52.4947865
   34.9036878   52.4943725
   34.9031866   52.4941105
   34.9023218   52.4936017
   34.9015124   52.4930089
   34.9007951   52.4924260
   34.9001668   52.4918701
   34.8995873   52.4912635
   34.8990607   52.4906105
   34.8873291   52.4747442
   34.8871973   52.4745808
   34.8870523   52.4744291
   34.8625804   52.4508995
   34.8622031   52.4505714
   34.8389037   52.4322758
   34.8382412   52.4317071
   34.8376308   52.4310828
   34.8359765   52.4292359
   34.8354327   52.4285738
   34.8349476   52.4278676
   34.8345247   52.4271224
   34.8340799   52.4262539
   34.8336777   52.4253641
   34.8333643   52.4244393
   34.8331425   52.4234884
   34.8330146   52.4225203
   34.8329816   52.4215444
   34.8330358   52.4179555
   34.8330744   52.4172164
   34.8331675   52.4164822
   34.8350787   52.4048712
   34.8351045   52.4046571
   34.8350742   52.4044436
   34.8339066   52.3981762
   34.8337795   52.3972606
   34.8337375   52.3963371
   34.8337809   52.3954138
   34.8339094   52.3944984
   34.8342422   52.3927269
   34.8344622   52.3918012
   34.8347691   52.3909006
   34.8351603   52.3900332
   34.8356321   52.3892069
   34.8379689   52.3855324
   34.8385670   52.3846912
   34.8392486   52.3839162
   34.8485431   52.3743872
   34.8489425   52.3739243
   34.8526759   52.3690180
   34.8532288   52.3683532
   34.8538370   52.3677386
   34.8543585   52.3672554
   34.8550980   52.3666338
   34.8558941   52.3660864
   34.8567392   52.3656184
   34.8576256   52.3652342
   34.8585449   52.3649372
   34.8594885   52.3647304
   34.8604477   52.3646156
   34.8614136   52.3645938
   34.8623770   52.3646654
   34.8633290   52.3648296
   34.8642607   52.3650849
   34.8651634   52.3654289
   34.8667464   52.3661214
   34.8677426   52.3666253
   34.8686765   52.3672370
   34.8717995   52.3695419
   34.8720161   52.3696848
   34.8722723   52.3697269
   34.8771817   52.3702694
   34.8773862   52.3702836
   34.8775896   52.3702640
   34.8812771   52.3697574
   34.8815142   52.3697129
   34.8816867   52.3695443
   34.8966810   52.3533845
   34.8969391   52.3530832
   34.9130090   52.3327414
   34.9131378   52.3325626
   34.9132328   52.3323647
   34.9150315   52.3281506
   34.9151720   52.3277818
   34.9171051   52.3220338
   34.9171666   52.3218194
   34.9171285   52.3215997
   34.9159820   52.3163957
   34.9159273   52.3161897
   34.9158386   52.3159968
   34.9139177   52.3122452
   34.9135764   52.3116755
   34.9112732   52.3083541
   34.9108485   52.3078229
   34.9083566   52.3051080
   34.9081764   52.3049306
   34.9079792   52.3047725
   34.8766517   52.2821591
   34.8760602   52.2816974
   34.8755050   52.2811927
   34.8712865   52.2770583
   34.8705108   52.2762049
   34.8654902   52.2699972
   34.8649265   52.2692279
   34.8576408   52.2582196
   34.8571498   52.2573942
   34.8567402   52.2565254
   34.8564159   52.2556214
   34.8561798   52.2546905
   34.8560341   52.2537412
   34.8559801   52.2527823
   34.8560184   52.2518227
   34.8561485   52.2508711
   34.8563694   52.2499364
   34.8566789   52.2490273
   34.8570741   52.2481519
   34.8575515   52.2473186
   34.8581067   52.2465349
   34.8587345   52.2458081
   34.8594291   52.2451448
   34.8601841   52.2445512
   34.8609926   52.2440328
   34.8618471   52.2435944
   34.8627397   52.2432399
   34.8636622   52.2429727
   34.8773375   52.2397146
   34.8775875   52.2396411
   34.8778283   52.2395418
   34.8834581   52.2368700
   34.8836787   52.2367511
   34.8837420   52.2365087
   34.8842621   52.2339944
   34.8842983   52.2337656
   34.8841677   52.2335744
   34.8823766   52.2312010
   34.8822357   52.2310306
   34.8820676   52.2308883
   34.8425209   52.2003060
   34.8421662   52.2000555
   34.8332019   52.1942928
   34.8326677   52.1939940
   34.8247419   52.1901778
   34.8245694   52.1901026
   34.8243917   52.1900407
   34.8153143   52.1872538
   34.8148071   52.1871267
   34.8048570   52.1851804
   34.8046239   52.1851461
   34.8043886   52.1851340
   34.7925301   52.1850853
   34.7919181   52.1851204
   34.7790270   52.1866574
   34.7785509   52.1867376
   34.7733545   52.1878742
   34.7726585   52.1880805
   34.7680062   52.1898360
   34.7677362   52.1899567
   34.7674824   52.1901085
   34.7645329   52.1921204
   34.7643303   52.1922746
   34.7642817   52.1925246
   34.7638344   52.1956989
   34.7638131   52.1959297
   34.7640150   52.1960435
   34.7670918   52.1975901
   34.7679365   52.1980674
   34.7687310   52.1986242
   34.7694677   52.1992555
   34.7701399   52.1999551
   34.7707410   52.2007166
   34.7712656   52.2015328
   34.7717086   52.2023960
   34.7720658   52.2032980
   34.7723340   52.2042304
   34.7725105   52.2051844
   34.7725938   52.2061510
   34.7725830   52.2071212
   34.7724782   52.2080857
   34.7722805   52.2090355
   34.7719916   52.2099617
   34.7716144   52.2108556
   34.7711523   52.2117087
   34.7706097   52.2125130
   34.7699917   52.2132609
   34.7693042   52.2139454
   34.7685536   52.2145601
   34.7677469   52.2150991
   34.7668918   52.2155575
   34.7659963   52.2159308
   34.7650688   52.2162156
   34.7641181   52.2164091
   34.7631532   52.2165096
   34.7621830   52.2165162
   34.7447740   52.2157882
   34.7445773   52.2157878
   34.7443811   52.2158028
   34.7313398   52.2173217
   34.7303188   52.2173880
   34.7239848   52.2174741
   34.7231851   52.2174530
   34.7223897   52.2173680
   34.7163505   52.2164772
   34.7155415   52.2163236
   34.7147480   52.2161040
   34.7139752   52.2158198
   34.6921666   52.2067652
   34.6919683   52.2066925
   34.6917645   52.2066369
   34.6866914   52.2054804
   34.6854908   52.2051263
   34.6804615   52.2032939
   34.6794186   52.2028454
   34.6784333   52.2022816
   34.6775183   52.2016097
   34.6773150   52.2014419
   34.6766073   52.2007983
   34.6759643   52.2000900
   34.6753919   52.1993235
   34.6748954   52.1985058
   34.6744793   52.1976444
   34.6711228   52.1897531
   34.6710643   52.1896125
   34.6631192   52.1701137
   34.6627952   52.1691921
   34.6625627   52.1682434
   34.6624238   52.1672765
   34.6623800   52.1663006
   34.6624315   52.1653251
   34.6625781   52.1643593
   34.6628181   52.1634124
   34.6631494   52.1624935
   34.6635687   52.1616112
   34.6640722   52.1607741
   34.6646549   52.1599901
   34.6653113   52.1592667
   34.6660352   52.1586108
   34.6668196   52.1580286
   34.6676571   52.1575258
   34.6685396   52.1571070
   34.6694588   52.1567764
   34.6704059   52.1565370
   34.6825961   52.1540824
   34.6831477   52.1539381
   34.6914366   52.1512566
   34.6916566   52.1511738
   34.6918678   52.1510706
   34.7032064   52.1448537
   34.7034340   52.1447125
   34.7036261   52.1445257
   34.7076192   52.1402005
   34.7077738   52.1400158
   34.7078689   52.1397943
   34.7099726   52.1341504
   34.7100454   52.1339221
   34.7100498   52.1336825
   34.7098658   52.1274952
   34.7098855   52.1265037
   34.7106643   52.1153114
   34.7106702   52.1151141
   34.7106605   52.1149169
   34.7100795   52.1083913
   34.7100089   52.1078883
   34.7089760   52.1025314
   34.7089049   52.1022511
   34.7088017   52.1019810
   34.7052814   52.0941589
   34.7051931   52.0939818
   34.7050910   52.0938122
   34.6980166   52.0830512
   34.6978498   52.0828261
   34.6976588   52.0826213
   34.6917962   52.0770026
   34.6916565   52.0768784
   34.6915079   52.0767650
   34.6843990   52.0717506
   34.6838082   52.0713924
   34.6725564   52.0655936
   34.6723306   52.0654912
   34.6720845   52.0654601
   34.6377448   52.0628576
   34.6368133   52.0627428
   34.6358966   52.0625412
   34.6350029   52.0622546
   34.6341400   52.0618854
   34.6268329   52.0583448
   34.6259915   52.0578861
   34.6251979   52.0573490
   34.6244594   52.0567384
   34.6237827   52.0560599
   34.6231741   52.0553197
   34.6226391   52.0545247
   34.6213806   52.0524461
   34.6212705   52.0522797
   34.6211475   52.0521226
   34.6172416   52.0475262
   34.6168105   52.0470786
   34.6095072   52.0403839
   34.6092777   52.0401974
   34.6090277   52.0400394
   34.6035340   52.0370084
   34.6032882   52.0368899
   34.6030309   52.0367989
   34.5962671   52.0348180
   34.5960571   52.0347662
   34.5958435   52.0347329
   34.5885376   52.0339153
   34.5878684   52.0338856
   34.5679731   52.0343387
   34.5677422   52.0343547
   34.5675139   52.0343920
   34.5612936   52.0357078
   34.5610278   52.0357795
   34.5607716   52.0358802
   34.5568781   52.0376642
   34.5566866   52.0377621
   34.5565154   52.0378910
   34.5536743   52.0402285
   34.5534872   52.0403991
   34.5533184   52.0405878
   34.5513130   52.0430723
   34.5509262   52.0436239
   34.5456155   52.0524022
   34.5455261   52.0525631
   34.5454488   52.0527302
   34.5430807   52.0583861
   34.5426924   52.0592066
   34.5422314   52.0599886
   34.5407287   52.0622917
   34.5398997   52.0633891
   34.5382841   52.0652470
   34.5375614   52.0659956
   34.5367647   52.0666651
   34.5359029   52.0672481
   34.5329073   52.0690548
   34.5320342   52.0695240
   34.5311190   52.0699045
   34.5301706   52.0701925
   34.5291983   52.0703852
   34.5282118   52.0704807
   34.5271689   52.0705297
   34.5262475   52.0705305
   34.5253300   52.0704465
   34.5244241   52.0702784
   34.5225060   52.0698301
   34.5215393   52.0695523
   34.5206055   52.0691787
   34.5197138   52.0687132
   34.5140434   52.0653798
   34.5133941   52.0649635
   34.5127787   52.0644985
   34.5070294   52.0597944
   34.5061333   52.0589648
   34.4921513   52.0443380
   34.4917984   52.0440032
   34.4876912   52.0404690
   34.4875342   52.0403445
   34.4873678   52.0402330
   34.4845814   52.0385250
   34.4843280   52.0383892
   34.4840605   52.0382834
   34.4071895   52.0129152
   34.4058694   52.0123723
   34.3977034   52.0083101
   34.3967874   52.0077926
   34.3959309   52.0071818
   34.3951432   52.0064843
   34.3857377   51.9972285
   34.3849615   51.9963708
   34.3842895   51.9954291
   34.3639604   51.9631420
   34.3636685   51.9627268
   34.3612659   51.9596536
   34.3609970   51.9593376
   34.3577914   51.9558729
   34.3574396   51.9555284
   34.3473898   51.9466131
   34.3466910   51.9459293
   34.3460624   51.9451806
   34.3455098   51.9443740
   34.3450387   51.9435174
   34.3446535   51.9426189
   34.3443578   51.9416870
   34.3441546   51.9407307
   34.3440457   51.9397591
   34.3440322   51.9387816
   34.3441142   51.9378074
   34.3442909   51.9368458
   34.3445607   51.9359061
   34.3449210   51.9349973
   34.3453683   51.9341280
   34.3458984   51.9333065
   34.3465061   51.9325407
   34.3471857   51.9318379
   34.3479307   51.9312048
   34.3487339   51.9306475
   34.3495878   51.9301713
   34.3504840   51.9297807
   34.3514141   51.9294795
   34.3523692   51.9292706
   34.3688767   51.9264973
   34.3695134   51.9263469
   34.3799565   51.9231449
   34.3801518   51.9230760
   34.3803407   51.9229912
   34.3842026   51.9210607
   34.3847677   51.9207302
   34.3878315   51.9186577
   34.3880042   51.9185298
   34.3881517   51.9183746
   34.3923118   51.9136074
   34.3930053   51.9128886
   34.3937671   51.9122425
   34.3947813   51.9114660
   34.3955463   51.9109349
   34.3963573   51.9104773
   34.3972074   51.9100971
   34.3980892   51.9097976
   34.4010708   51.9089376
   34.4022491   51.9086736
   34.4075561   51.9078173
   34.4085696   51.9077064
   34.4282719   51.9065626
   34.4285220   51.9065354
   34.4287680   51.9064831
   34.4331375   51.9053210
   34.4333762   51.9052444
   34.4335811   51.9051000
   34.4362938   51.9029744
   34.4364689   51.9028232
   34.4364030   51.9026014
   34.4343953   51.8968640
   34.4343012   51.8966332
   34.4341241   51.8964579
   34.4293104   51.8921499
   34.4291380   51.8920090
   34.4289538   51.8918840
   34.4241372   51.8889215
   34.4239738   51.8888293
   34.4238039   51.8887496
   34.4195495   51.8869459
   34.4188781   51.8867160
   34.3985943   51.8813468
   34.3976951   51.8810628
   34.3902190   51.8783075
   34.3892940   51.8779127
   34.3884134   51.8774271
   34.3875860   51.8768554
   34.3868202   51.8762035
   34.3861238   51.8754780
   34.3855038   51.8746862
   34.3849664   51.8738361
   34.3845171   51.8729364
   34.3841605   51.8719961
   34.3839001   51.8710247
   34.3837386   51.8700321
   34.3836776   51.8690283
   34.3837177   51.8680234
   34.3838586   51.8670277
   34.3840987   51.8660511
   34.3844358   51.8651036
   34.3848663   51.8641947
   34.3853859   51.8633337
   34.3855201   51.8631346
   34.3856105   51.8629270
   34.3881305   51.8563381
   34.3882048   51.8561117
   34.3881426   51.8558817
   34.3840482   51.8432002
   34.3839700   51.8429908
   34.3838388   51.8428099
   34.3712523   51.8270010
   34.3710984   51.8268259
   34.3708950   51.8269397
   34.3478610   51.8413369
   34.3466721   51.8419728
   34.3279709   51.8504072
   34.3277596   51.8505148
   34.3275596   51.8506421
   34.2954995   51.8732395
   34.2945475   51.8738335
   34.2935350   51.8743170
   34.2785331   51.8804739
   34.2776106   51.8808007
   34.2766605   51.8810358
   34.2756920   51.8811769
   34.2747143   51.8812226
   34.2663877   51.8812042
   34.2654152   51.8811547
   34.2644521   51.8810108
   34.2635076   51.8807739
   34.2462552   51.8755418
   34.2460016   51.8754793
   34.2457446   51.8755265
   34.2344637   51.8782237
   34.2342337   51.8782911
   34.2342616   51.8785291
   34.2342766   51.8786181
   34.2343967   51.8796685
   34.2344052   51.8807258
   34.2343021   51.8817780
   34.2340884   51.8828135
   34.2313267   51.8933489
   34.2309465   51.8945064
   34.2304285   51.8956090
   34.2295991   51.8971265
   34.2291019   51.8979413
   34.2285292   51.8987049
   34.2278864   51.8994106
   34.2271792   51.9000517
   34.2264141   51.9006224
   34.2234369   51.9026294
   34.2226222   51.9031239
   34.2217641   51.9035386
   34.2097090   51.9086708
   34.2091394   51.9089576
   34.2035830   51.9122150
   34.2034250   51.9123158
   34.2032751   51.9124281
   34.1673894   51.9414732
   34.1667264   51.9419659
   34.1660249   51.9424023
   34.1652899   51.9427792
   34.1481380   51.9506982
   34.1471435   51.9510942
   34.1461123   51.9513817
   34.1450564   51.9515573
   34.1439877   51.9516190
   34.0964962   51.9518160
   34.0962567   51.9518290
   34.0962559   51.9520689
   34.0966441   51.9603029
   34.0966716   51.9605720
   34.0967844   51.9608180
   34.1027762   51.9722018
   34.1031831   51.9730746
   34.1035043   51.9739824
   34.1037366   51.9749170
   34.1038780   51.9758696
   34.1039270   51.9768313
   34.1038834   51.9777933
   34.1037474   51.9787467
   34.1016729   51.9895413
   34.1014414   51.9904923
   34.1011180   51.9914161
   34.1007058   51.9923039
   34.1002088   51.9931471
   34.0996317   51.9939377
   34.0989802   51.9946681
   34.0804768   52.0134708
   34.0803349   52.0136278
   34.0802069   52.0137962
   34.0683872   52.0307921
   34.0682479   52.0310172
   34.0681593   52.0312666
   34.0626265   52.0499540
   34.0625649   52.0502116
   34.0625310   52.0504742
   34.0601153   52.0825774
   34.0599527   52.0837708
   34.0567075   52.1001471
   34.0566719   52.1003882
   34.0566600   52.1006316
   34.0566600   52.1055793
   34.0566708   52.1058093
   34.0568022   52.1059984
   34.0717610   52.1255029
   34.0723152   52.1263035
   34.0727890   52.1271541
   34.0731777   52.1280468
   34.0734779   52.1289730
   34.0736865   52.1299240
   34.0738016   52.1308909
   34.0738222   52.1318643
   34.0736433   52.1383498
   34.0735380   52.1395473
   34.0732898   52.1407234
   34.0713773   52.1476844
   34.0711075   52.1485205
   34.0707654   52.1493298
   34.0703536   52.1501059
   34.0657365   52.1579537
   34.0653161   52.1586086
   34.0648460   52.1592288
   34.0561083   52.1698703
   34.0552997   52.1707435
   34.0395030   52.1858856
   34.0388599   52.1864513
   34.0381707   52.1869599
   34.0227542   52.1973467
   34.0219098   52.1978569
   34.0210192   52.1982815
   33.9579803   52.2245993
   33.9577574   52.2247056
   33.9575599   52.2248538
   33.9446542   52.2355835
   33.9444326   52.2357918
   33.9442382   52.2360257
   33.9201950   52.2688229
   33.9194621   52.2697106
   33.9186320   52.2705083
   33.9019935   52.2847471
   33.9011001   52.2854285
   33.9001359   52.2860054
   33.8991131   52.2864706
   33.8589358   52.3020805
   33.8587429   52.3021650
   33.8585578   52.3022655
   33.8393173   52.3137851
   33.8391100   52.3139238
   33.8389346   52.3141009
   33.8235506   52.3312809
   33.8234011   52.3314647
   33.8232697   52.3316619
   33.8160668   52.3436744
   33.8154630   52.3445682
   33.8147665   52.3453919
   33.8139852   52.3461357
   33.8059787   52.3529744
   33.8051985   52.3535769
   33.8043627   52.3540997
   33.8034794   52.3545377
   33.8025574   52.3548866
   33.8016055   52.3551429
   33.7798983   52.3598553
   33.7789455   52.3600144
   33.7779818   52.3600809
   33.7342462   52.3609773
   33.7329159   52.3609159
   33.6887705   52.3559162
   33.6879546   52.3557895
   33.6871520   52.3555959
   33.6015155   52.3311608
   33.6006576   52.3308735
   33.5998292   52.3305097
   33.5990371   52.3300727
   33.5318879   52.2889529
   33.5316753   52.2888367
   33.5314345   52.2888104
   33.5103279   52.2875479
   33.5100825   52.2875456
   33.5098933   52.2877020
   33.4932090   52.3029706
   33.4930380   52.3031435
   33.4930666   52.3033849
   33.4985069   52.3355212
   33.4986251   52.3365270
   33.4986411   52.3375396
   33.4985545   52.3385486
   33.4983663   52.3395436
   33.4980785   52.3405146
   33.4976939   52.3414514
   33.4972165   52.3423445
   33.4966513   52.3431848
   33.4960040   52.3439636
   33.4952812   52.3446730
   33.4848232   52.3539449
   33.4840842   52.3545400
   33.4832922   52.3550623
   33.4824542   52.3555072
   33.4815779   52.3558706
   33.4806710   52.3561494
   33.4797418   52.3563410
   33.4787987   52.3564437
   33.4778500   52.3564566
   33.4769044   52.3563795
   33.4759704   52.3562131
   33.4750563   52.3559589
   33.4662157   52.3530425
   33.4653435   52.3527089
   33.4645063   52.3522953
   33.4520203   52.3453851
   33.4515413   52.3451525
   33.4375213   52.3392437
   33.4373158   52.3391676
   33.4370976   52.3391479
   33.4196114   52.3383438
   33.4193359   52.3383464
   33.4190677   52.3384097
   33.4039962   52.3428614
   33.4033712   52.3430924
   33.4005762   52.3443429
   33.3775077   52.3546632
   33.3766146   52.3550124
   33.3756921   52.3552745
   33.3747487   52.3554470
   33.3596554   52.3574642
   33.3582906   52.3575523
   33.2946355   52.3572972
   33.2940246   52.3573323
   33.1976990   52.3688069
   33.1965061   52.3688771
   33.1953133   52.3688045
   33.1843576   52.3674771
   33.1833762   52.3673082
   33.1824165   52.3670426
   33.1814880   52.3666829
   33.1677043   52.3605369
   33.1666717   52.3600025
   33.1657082   52.3593518
   33.1410802   52.3405478
   33.1406010   52.3402240
   33.1282055   52.3328562
   33.1279780   52.3327365
   33.1277308   52.3326661
   33.1094603   52.3284694
   33.1082850   52.3281224
   33.1015811   52.3256875
   33.1006107   52.3252759
   33.0996890   52.3247645
   33.0988262   52.3241589
   33.0980320   52.3234658
   33.0973152   52.3226930
   33.0875186   52.3109461
   33.0873573   52.3107706
   33.0871655   52.3106290
   33.0798391   52.3057448
   33.0796076   52.3056079
   33.0793444   52.3055525
   33.0706530   52.3042098
   33.0704160   52.3041848
   33.0701871   52.3042506
   33.0586216   52.3081892
   33.0577263   52.3084482
   33.0568107   52.3086227
   33.0558829   52.3087113
   33.0499698   52.3089983
   33.0488311   52.3089887
   33.0477009   52.3088497
   33.0465939   52.3085831
   33.0311102   52.3039070
   33.0301282   52.3035535
   33.0291884   52.3030997
   32.9270638   52.2470280
   32.9268536   52.2469251
   32.9266347   52.2468424
   32.9092045   52.2411756
   32.9089766   52.2411134
   32.9087404   52.2411179
   32.8910356   52.2422995
   32.8907913   52.2423280
   32.8905660   52.2424270
   32.8617724   52.2568238
   32.8610090   52.2571664
   32.8602196   52.2574439
   32.8456592   52.2618883
   32.8446646   52.2621369
   32.8436498   52.2622824
   32.8426253   52.2623232
   32.8155716   52.2620136
   32.8148254   52.2619771
   32.8140840   52.2618851
   32.7557879   52.2524232
   32.7556014   52.2524001
   32.7554137   52.2523911
   32.7256939   52.2520858
   32.7254252   52.2520976
   32.7251654   52.2521669
   32.5308713   52.3154192
   32.5299025   52.3156816
   32.5289124   52.3158456
   32.5279108   52.3159095
   32.5269078   52.3158727
   32.5259136   52.3157355
   32.4808326   52.3071919
   32.4805802   52.3071574
   32.4803293   52.3072011
   32.3960124   52.3264125
   32.3951482   52.3265698
   32.3942735   52.3266507
   32.3933950   52.3266545
   32.3925196   52.3265813
   32.3593371   52.3223284
   32.3583932   52.3221611
   32.3574697   52.3219043
   32.3565751   52.3215601
   32.3557175   52.3211319
   32.3549049   52.3206236
   32.3541446   52.3200398
   32.3534438   52.3193859
   32.3528087   52.3186679
   32.3522454   52.3178923
   32.3517588   52.3170665
   32.3513536   52.3161978
   32.3411546   52.2912815
   32.3408150   52.2903125
   32.3405764   52.2893137
   32.3404416   52.2882958
   32.3404118   52.2872693
   32.3404875   52.2862453
   32.3406678   52.2852344
   32.3409508   52.2842473
   32.3413336   52.2832944
   32.3438264   52.2779064
   32.3442941   52.2770159
   32.3448489   52.2761769
   32.3454852   52.2753979
   32.3630940   52.2559262
   32.3632627   52.2557181
   32.3633829   52.2554786
   32.3668975   52.2474235
   32.3669822   52.2472004
   32.3668854   52.2469822
   32.3614253   52.2361350
   32.3613014   52.2359173
   32.3610873   52.2357874
   32.3503138   52.2299769
   32.3501461   52.2298944
   32.3499728   52.2298247
   32.3389642   52.2258702
   32.3378812   52.2254075
   32.3368601   52.2248206
   32.3303865   52.2205743
   32.3295745   52.2199812
   32.3288261   52.2193095
   32.3281489   52.2185660
   32.3275499   52.2177583
   32.3270350   52.2168945
   32.3195145   52.2027002
   32.3191050   52.2018283
   32.3187814   52.2009211
   32.3185465   52.1999869
   32.3067851   52.1414046
   32.3067316   52.1411890
   32.3066062   52.1410062
   32.2778399   52.1028480
   32.2776919   52.1026696
   32.2774889   52.1025578
   32.2335033   52.0809484
   32.2333056   52.0808617
   32.2331012   52.0807925
   32.0958810   52.0408105
   32.0955880   52.0407440
   32.0952893   52.0407133
   32.0773969   52.0399617
   32.0771428   52.0399640
   32.0768902   52.0399922
   32.0180375   52.0496164
   32.0169358   52.0497343
   32.0158279   52.0497297
   31.9817680   52.0476972
   31.9805721   52.0475531
   31.9794021   52.0472663
   31.9274458   52.0311562
   31.9272269   52.0310991
   31.9270036   52.0310620
   31.9106256   52.0291020
   31.9103845   52.0290851
   31.9101551   52.0291613
   31.8922777   52.0360858
   31.8920478   52.0361888
   31.8919676   52.0364277
   31.8878058   52.0513458
   31.8877571   52.0515547
   31.8877450   52.0517681
   31.8875115   52.0684856
   31.8874454   52.0695027
   31.8872760   52.0705077
   31.8870053   52.0714903
   31.8832621   52.0827909
   31.8828843   52.0837596
   31.8824080   52.0846837
   31.8818384   52.0855534
   31.8811815   52.0863593
   31.8804444   52.0870926
   31.8796353   52.0877454
   31.8787627   52.0883106
   31.8604449   52.0988678
   31.8595638   52.0993191
   31.8586424   52.0996810
   31.8576897   52.0999500
   31.8567150   52.1001236
   31.8267519   52.1039399
   31.8258385   52.1040139
   31.8249222   52.1040039
   31.7645953   52.1005822
   31.7643579   52.1005806
   31.7643643   52.1008180
   31.7665115   52.1286796
   31.7665398   52.1296059
   31.7664822   52.1305307
   31.7663393   52.1314463
   31.7631665   52.1470041
   31.7629359   52.1479144
   31.7626209   52.1487991
   31.7622243   52.1496503
   31.7617496   52.1504605
   31.7612010   52.1512226
   31.7605833   52.1519300
   31.7504610   52.1624777
   31.7497292   52.1631672
   31.7489320   52.1637797
   31.7480772   52.1643091
   31.7471736   52.1647500
   31.6989272   52.1853558
   31.6987210   52.1854553
   31.6985248   52.1855733
   31.6897151   52.1914381
   31.6895250   52.1915781
   31.6893821   52.1917660
   31.6825270   52.2017261
   31.6823975   52.2019359
   31.6823354   52.2021745
   31.6795390   52.2156317
   31.6795028   52.2158582
   31.6795299   52.2160860
   31.6818751   52.2301803
   31.6819358   52.2304509
   31.6820550   52.2307012
   31.6886307   52.2427337
   31.6890582   52.2436162
   31.6893972   52.2445363
   31.6896444   52.2454852
   31.6897976   52.2464538
   31.6898551   52.2474328
   31.6898165   52.2484126
   31.6896820   52.2493840
   31.6894531   52.2503375
   31.6891319   52.2512640
   31.6887215   52.2521546
   31.6882259   52.2530007
   31.6876497   52.2537942
   31.6869987   52.2545275
   31.6862789   52.2551935
   31.6854973   52.2557857
   31.6846615   52.2562986
   31.6837795   52.2567272
   31.6828598   52.2570673
   31.6819111   52.2573157
   31.6809427   52.2574699
   31.6489572   52.2609681
   31.6484334   52.2610538
   31.6317004   52.2647115
   31.6314378   52.2647842
   31.6311847   52.2648851
   31.6138431   52.2729253
   31.6136602   52.2730194
   31.6134857   52.2731283
   31.5974072   52.2841069
   31.5968627   52.2845370
   31.5675366   52.3112158
   31.5673732   52.3113800
   31.5675674   52.3115062
   31.5789687   52.3181443
   31.5801748   52.3189701
   31.5915132   52.3280184
   31.5922302   52.3286489
   31.5928838   52.3293449
   31.6017776   52.3397715
   31.6023844   52.3405590
   31.6029100   52.3414028
   31.6033492   52.3422947
   31.6077122   52.3523920
   31.6080896   52.3534154
   31.6083533   52.3544738
   31.6085002   52.3555547
   31.6085284   52.3566451
   31.6081598   52.3695048
   31.6080864   52.3704607
   31.6079218   52.3714052
   31.6076676   52.3723296
   31.6073259   52.3732254
   31.6069001   52.3740844
   31.6063939   52.3748986
   31.6013141   52.3822585
   31.6007617   52.3829854
   31.6001454   52.3836589
   31.5994702   52.3842733
   31.5905278   52.3916945
   31.5903575   52.3918496
   31.5902194   52.3920325
   31.5830029   52.4025592
   31.5828702   52.4027760
   31.5828617   52.4030300
   31.5833178   52.4280720
   31.5833323   52.4282989
   31.5833674   52.4285235
   31.5891091   52.4567607
   31.5892446   52.4576145
   31.5893058   52.4584768
   31.5892923   52.4593412
   31.5882790   52.4765489
   31.5881717   52.4775350
   31.5879671   52.4785057
   31.5876674   52.4794513
   31.5872755   52.4803626
   31.5867953   52.4812306
   31.5862313   52.4820467
   31.5855894   52.4828029
   31.5848756   52.4834918
   31.5840971   52.4841066
   31.5832615   52.4846413
   31.5823771   52.4850905
   31.5657622   52.4925171
   31.5655028   52.4926518
   31.5652611   52.4928160
   31.5531774   52.5021034
   31.5529979   52.5022555
   31.5529296   52.5024806
   31.5506210   52.5116437
   31.5505734   52.5118825
   31.5507308   52.5120684
   31.5579970   52.5198292
   31.5581617   52.5199895
   31.5583808   52.5200588
   31.5591182   52.5202550
   31.5600722   52.5205607
   31.5609908   52.5209603
   31.5618648   52.5214497
   31.5626854   52.5220242
   31.5634444   52.5226779
   31.5641343   52.5234043
   31.5647480   52.5241960
   31.5652794   52.5250451
   31.5657232   52.5259432
   31.5660749   52.5268811
   31.5663310   52.5278496
   31.5664890   52.5288388
   31.5665472   52.5298388
   31.5665050   52.5308396
   31.5663629   52.5318312
   31.5661223   52.5328037
   31.5657857   52.5337471
   31.5653563   52.5346522
   31.5648386   52.5355097
   31.5642376   52.5363112
   31.5635595   52.5370485
   31.5628111   52.5377142
   31.5594814   52.5403896
   31.5593208   52.5405320
   31.5595345   52.5405526
   31.5741425   52.5412525
   31.5743814   52.5412525
   31.5746193   52.5412296
   31.6092906   52.5362063
   31.6102704   52.5361133
   31.6112546   52.5361171
   31.6122337   52.5362175
   31.6157432   52.5367533
   31.6166927   52.5369458
   31.6176191   52.5372292
   31.6185138   52.5376009
   31.6193682   52.5380574
   31.6201745   52.5385945
   31.6209251   52.5392071
   31.6216128   52.5398894
   31.6222313   52.5406351
   31.6227747   52.5414371
   31.6232379   52.5422880
   31.6236167   52.5431797
   31.6239074   52.5441038
   31.6241073   52.5450518
   31.6242145   52.5460146
   31.6242281   52.5469833
   31.6241479   52.5479488
   31.6239746   52.5489019
   31.6237099   52.5498339
   31.6233562   52.5507358
   31.6229170   52.5515993
   31.6223962   52.5524162
   31.6217989   52.5531789
   31.6211305   52.5538802
   31.6203974   52.5545136
   31.6158981   52.5580351
   31.6151860   52.5585438
   31.6144323   52.5589883
   31.5792279   52.5777213
   31.5790383   52.5778332
   31.5788720   52.5779761
   31.5660721   52.5899950
   31.5659147   52.5901568
   31.5657726   52.5903322
   31.5368759   52.6294895
   31.5363626   52.6301285
   31.5357987   52.6307233
   31.5351880   52.6312699
   31.4918671   52.6669584
   31.4917066   52.6671027
   31.4915739   52.6672719
   31.4807837   52.6823229
   31.4806590   52.6825163
   31.4808726   52.6826018
   31.5460677   52.7050596
   31.5469675   52.7054192
   31.5478282   52.7058641
   31.5486418   52.7063903
   31.5494007   52.7069928
   31.5667600   52.7222020
   31.5674540   52.7228719
   31.5680802   52.7236055
   31.5686329   52.7243961
   31.5691068   52.7252362
   31.5694975   52.7261180
   31.5698015   52.7270334
   31.5700159   52.7279739
   31.5701386   52.7289306
   31.5701686   52.7298947
   31.5695597   52.7654738
   31.5694925   52.7664728
   31.5693257   52.7674600
   31.5690611   52.7684256
   31.5687012   52.7693598
   31.5619048   52.7846711
   31.5614422   52.7855840
   31.5608888   52.7864448
   31.5602503   52.7872446
   31.5595334   52.7879750
   31.5587457   52.7886282
   31.5515423   52.7940039
   31.5505229   52.7946720
   31.5494297   52.7952111
   31.5385861   52.7997598
   31.5383700   52.7998630
   31.5381776   52.8000056
   31.5241398   52.8115023
   31.5239558   52.8116690
   31.5238295   52.8118828
   31.5152766   52.8281590
   31.5151727   52.8283831
   31.5151151   52.8286233
   31.5133412   52.8380716
   31.5131142   52.8390219
   31.5127955   52.8399455
   31.5123883   52.8408336
   31.5118963   52.8416777
   31.5113243   52.8424698
   31.5106777   52.8432023
   31.5077444   52.8462150
   31.5069950   52.8469098
   31.5061787   52.8475245
   31.5053039   52.8480526
   31.5043798   52.8484888
   31.5034160   52.8488283
   31.5024225   52.8490677
   31.5014099   52.8492045
   31.4809537   52.8509089
   31.4803340   52.8510000
   31.4511853   52.8571703
   31.4509816   52.8572225
   31.4507830   52.8572917
   31.4182925   52.8701659
   31.4181163   52.8702437
   31.4179466   52.8703349
   31.3881785   52.8878432
   31.3879437   52.8879999
   31.3877281   52.8881821
   31.3664186   52.9083763
   31.3662407   52.9085633
   31.3661053   52.9087830
   31.3396661   52.9571192
   31.3391038   52.9580282
   31.3384477   52.9588720
   31.3239371   52.9756045
   31.3232485   52.9763230
   31.3224919   52.9769694
   31.3216747   52.9775375
   31.3208052   52.9780215
   31.2472801   53.0142814
   31.2470859   53.0143891
   31.2472678   53.0145167
   31.2684274   53.0278765
   31.2692534   53.0284584
   31.2700165   53.0291207
   31.3190299   53.0762067
   31.3192099   53.0763637
   31.3194358   53.0764413
   31.3292306   53.0792853
   31.3294378   53.0793360
   31.3296486   53.0793688
   31.3516133   53.0818275
   31.3525948   53.0819871
   31.3535555   53.0822434
   31.3544861   53.0825938
   31.3553772   53.0830349
   31.3562201   53.0835624
   31.3609682   53.0868728
   31.3616960   53.0874315
   31.3623695   53.0880546
   31.3629831   53.0887368
   31.3635315   53.0894724
   31.3640103   53.0902551
   31.3644153   53.0910784
   31.3647431   53.0919354
   31.3662253   53.0964164
   31.3664990   53.0974148
   31.3666681   53.0984360
   31.3667308   53.0994693
   31.3666862   53.1005035
   31.3665350   53.1015276
   31.3649971   53.1091783
   31.3647135   53.1102677
   31.3615735   53.1200366
   31.3612464   53.1210529
   31.3611789   53.1213089
   31.3611388   53.1215706
   31.3599480   53.1336056
   31.3599360   53.1338365
   31.3600091   53.1340559
   31.3784435   53.1818047
   31.3785377   53.1820179
   31.3787433   53.1821278
   31.4161558   53.1998889
   31.4163584   53.1999744
   31.4165777   53.1999840
   31.4636956   53.1999840
   31.4643061   53.1999466
   31.5112851   53.1941625
   31.5120624   53.1940975
   31.5128424   53.1940932
   31.5345278   53.1948208
   31.5354570   53.1948954
   31.5363752   53.1950563
   31.5372744   53.1953019
   31.5733375   53.2069849
   31.5739916   53.2071489
   31.5933307   53.2106314
   31.5936070   53.2106654
   31.5938854   53.2106683
   31.6137827   53.2097617
   31.6140165   53.2097400
   31.6142472   53.2096964
   31.6743829   53.1953640
   31.6755188   53.1951617
   31.6939298   53.1929693
   31.6950301   53.1928995
   31.7382941   53.1925442
   31.7385557   53.1925282
   31.7388081   53.1924578
   31.7560515   53.1866519
   31.7562759   53.1865640
   31.7564327   53.1863811
   31.7695634   53.1694625
   31.7697073   53.1692563
   31.7697828   53.1690164
   31.7797696   53.1305585
   31.7800358   53.1296955
   31.7803788   53.1288600
   31.7807958   53.1280589
   31.7812834   53.1272987
   31.7818376   53.1265856
   31.7824538   53.1259254
   31.7942534   53.1143765
   31.7949407   53.1137632
   31.7956815   53.1132157
   31.7964696   53.1127387
   31.7972982   53.1123362
   31.7981603   53.1120117
   31.7990486   53.1117680
   31.8054368   53.1103276
   31.8063632   53.1101640
   31.8073008   53.1100883
   31.8082414   53.1101010
   31.8423729   53.1121701
   31.8426344   53.1121722
   31.8428947   53.1121469
   31.8552656   53.1102836
   31.8554992   53.1102369
   31.8557273   53.1101681
   31.9062835   53.0922455
   31.9071900   53.0919717
   31.9081183   53.0917849
   31.9296506   53.0885035
   31.9307455   53.0883978
   31.9318453   53.0884130
   31.9535554   53.0899106
   31.9547085   53.0900579
   31.9558367   53.0903380
   31.9802777   53.0979385
   31.9805622   53.0980089
   31.9808529   53.0980454
   32.0096546   53.0999471
   32.0099098   53.0999508
   32.0101604   53.0999024
   32.0817146   53.0822171
   32.0827829   53.0820140
   32.0838670   53.0819280
   32.1155239   53.0811458
   32.1164002   53.0811625
   32.1172716   53.0812560
   32.1181316   53.0814254
   32.1189734   53.0816694
   32.1260077   53.0840474
   32.1270583   53.0844702
   32.1521285   53.0962514
   32.1523346   53.0963371
   32.1525561   53.0963649
   32.1884014   53.0992245
   32.1886080   53.0992324
   32.1888123   53.0992061
   32.1949484   53.0981591
   32.1959143   53.0980423
   32.1968870   53.0980199
   32.1978572   53.0980922
   32.1988159   53.0982584
   32.1997538   53.0985170
   32.2006622   53.0988654
   32.2015324   53.0993006
   32.2023563   53.0998182
   32.2031259   53.1004134
   32.2038340   53.1010806
   32.2044739   53.1018135
   32.2050396   53.1026051
   32.2055257   53.1034479
   32.2059276   53.1043339
   32.2062415   53.1052549
   32.2064644   53.1062019
   32.2065942   53.1071662
   32.2066297   53.1081385
   32.2065705   53.1091096
   32.2065141   53.1096225
   32.2064994   53.1098602
   32.2065075   53.1100981
   32.2066763   53.1121629
   32.2067053   53.1123890
   32.2068134   53.1125890
   32.2083442   53.1151353
   32.2087880   53.1159585
   32.2091530   53.1168195
   32.2094360   53.1177109
   32.2104561   53.1215363
   32.2105292   53.1217650
   32.2107165   53.1219152
   32.2155015   53.1253835
   32.2156904   53.1255077
   32.2159161   53.1255147
   32.2651673   53.1248093
   32.2660815   53.1248381
   32.2669892   53.1249502
   32.2678830   53.1251448
   32.2687551   53.1254203
   32.2695985   53.1257743
   32.2704060   53.1262039
   32.2943767   53.1403992
   32.2951405   53.1408999
   32.2958553   53.1414683
   32.3200727   53.1625961
   32.3202886   53.1627646
   32.3205218   53.1629083
   32.3526149   53.1803300
   32.3528403   53.1804380
   32.3530828   53.1804989
   32.3886120   53.1875338
   32.3896013   53.1877827
   32.4042094   53.1922621
   32.4050809   53.1925742
   32.4059198   53.1929655
   32.4067190   53.1934327
   32.4227332   53.2038184
   32.4235968   53.2044465
   32.4243886   53.2051631
   32.4551169   53.2361149
   32.4556484   53.2366940
   32.4561327   53.2373131
   32.4687629   53.2548364
   32.4691860   53.2554733
   32.4695591   53.2561407
   32.4726503   53.2622024
   32.4730445   53.2630768
   32.4733532   53.2639850
   32.4735735   53.2649185
   32.4737032   53.2658689
   32.4737414   53.2668273
   32.4736875   53.2677850
   32.4735421   53.2687331
   32.4733066   53.2696629
   32.4729831   53.2705659
   32.4725745   53.2714337
   32.4720847   53.2722584
   32.4715181   53.2730324
   32.4708800   53.2737485
   32.4701762   53.2744002
   32.4694131   53.2749815
   32.4685980   53.2754869
   32.4677381   53.2759120
   32.4668415   53.2762527
   32.4659163   53.2765060
   32.4649711   53.2766694
   32.4562217   53.2777533
   32.4559880   53.2777938
   32.4558311   53.2779716
   32.4473477   53.2885756
   32.4472109   53.2887647
   32.4473292   53.2889659
   32.4547064   53.3002314
   32.4548525   53.3004316
   32.4550938   53.3004887
   32.4803389   53.3051267
   32.4805792   53.3051588
   32.4808135   53.3050966
   32.5044864   53.2975555
   32.5056567   53.2972591
   32.5068542   53.2971060
   32.5363966   53.2951298
   32.5373199   53.2951108
   32.5382410   53.2951770
   32.5680534   53.2987105
   32.5691401   53.2989006
   32.5701994   53.2992093
   32.5811723   53.3030753
   32.5820808   53.3034465
   32.5829487   53.3039050
   32.5837674   53.3044463
   32.5845290   53.3050653
   32.5852264   53.3057559
   32.5858527   53.3065116
   32.5864018   53.3073251
   32.5868686   53.3081884
   32.5872486   53.3090934
   32.5875379   53.3100313
   32.5877339   53.3109930
   32.5878348   53.3119693
   32.5878394   53.3129507
   32.5877478   53.3139279
   32.5875608   53.3148914
   32.5872803   53.3158320
   32.5869089   53.3167405
   32.5864503   53.3176082
   32.5859088   53.3184268
   32.5852897   53.3191884
   32.5838290   53.3208150
   32.5830658   53.3215778
   32.5801384   53.3242036
   32.5799793   53.3243612
   32.5801995   53.3244017
   32.6496494   53.3336414
   32.6498724   53.3336609
   32.6500945   53.3336403
   32.6665264   53.3313716
   32.6667174   53.3313376
   32.6669051   53.3312889
   32.6806699   53.3271410
   32.6818202   53.3268673
   32.6829948   53.3267314
   32.6954364   53.3260330
   32.6964154   53.3260261
   32.6973903   53.3261149
   32.6983519   53.3262986
   32.6992909   53.3265754
   32.7001983   53.3269427
   32.7087574   53.3309055
   32.7096044   53.3313480
   32.7104053   53.3318692
   32.7111528   53.3324646
   32.7118400   53.3331286
   32.7124607   53.3338551
   32.7130093   53.3346376
   32.7134806   53.3354688
   32.7138705   53.3363413
   32.7141753   53.3372469
   32.7143922   53.3381776
   32.7145194   53.3391247
   32.7145555   53.3400796
   32.7145004   53.3410336
   32.7143544   53.3419779
   32.7141190   53.3429041
   32.7137962   53.3438035
   32.7045380   53.3661785
   32.7044557   53.3664092
   32.7044932   53.3666512
   32.7177940   53.4310619
   32.7185757   53.4348474
   32.7187268   53.4358168
   32.7187821   53.4367964
   32.7187412   53.4377766
   32.7186044   53.4387481
   32.7183731   53.4397016
   32.7180494   53.4406278
   32.7176366   53.4415178
   32.7171385   53.4423631
   32.7165600   53.4431555
   32.7042096   53.4584373
   32.7035565   53.4591689
   32.7028349   53.4598330
   32.7020517   53.4604232
   32.7012145   53.4609339
   32.7003312   53.4613601
   32.6994105   53.4616978
   32.6984611   53.4619436
   32.6974922   53.4620953
   32.6965131   53.4621513
   32.6896382   53.4622070
   32.6885323   53.4621547
   32.6874390   53.4619804
   32.6584966   53.4557077
   32.6582439   53.4556665
   32.6579907   53.4557043
   32.6470013   53.4579315
   32.6467794   53.4579874
   32.6466734   53.4581902
   32.6417569   53.4687680
   32.6416686   53.4689845
   32.6417753   53.4691924
   32.6459986   53.4765376
   32.6464441   53.4774084
   32.6468024   53.4783185
   32.6470701   53.4792594
   32.6472445   53.4802218
   32.6473242   53.4811967
   32.6473081   53.4821747
   32.6471967   53.4831465
   32.6469908   53.4841027
   32.6466924   53.4850343
   32.6463045   53.4859322
   32.6458307   53.4867879
   32.6452756   53.4875933
   32.6446445   53.4883406
   32.6439433   53.4890226
   32.6431789   53.4896329
   32.6423585   53.4901656
   32.6414900   53.4906156
   32.6405817   53.4909785
   32.6368548   53.4922603
   32.6356978   53.4925820
   32.6345105   53.4927626
   32.6191241   53.4941655
   32.6181434   53.4942066
   32.6171633   53.4941513
   32.6032705   53.4926806
   32.6022247   53.4925135
   32.6012025   53.4922367
   32.6002153   53.4918534
   32.5992741   53.4913678
   32.5983896   53.4907855
   32.5926977   53.4865897
   32.5925063   53.4864618
   32.5922871   53.4863914
   32.5845369   53.4842954
   32.5842948   53.4842428
   32.5840514   53.4842888
   32.5770478   53.4859796
   32.5768081   53.4860505
   32.5766157   53.4862100
   32.5700677   53.4922200
   32.5698875   53.4924034
   32.5697949   53.4925481
   32.5689622   53.4936683
   32.5557126   53.5091117
   32.5549596   53.5098983
   32.5541257   53.5105983
   32.5532205   53.5112036
   32.5522549   53.5117068
   32.5314954   53.5211260
   32.5308003   53.5214104
   32.5300858   53.5216419
   32.4808088   53.5355833
   32.4803584   53.5357342
   32.4531694   53.5463051
   32.4529389   53.5464085
   32.4527200   53.5465347
   32.4296205   53.5614611
   32.4294284   53.5615985
   32.4292658   53.5617698
   32.4116323   53.5821980
   32.4114973   53.5823690
   32.4114115   53.5825692
   32.4011844   53.6096368
   32.4011125   53.6098579
   32.4010615   53.6100847
   32.3980460   53.6271703
   32.3980144   53.6274253
   32.3980360   53.6276813
   32.3990526   53.6351322
   32.3990987   53.6353762
   32.3993074   53.6355104
   32.4058752   53.6392765
   32.4061211   53.6394000
   32.4063792   53.6394956
   32.4782120   53.6616787
   32.4791251   53.6620101
   32.4800018   53.6624285
   32.4808337   53.6629299
   32.4816130   53.6635097
   32.4823324   53.6641624
   32.4860913   53.6679213
   32.4867342   53.6686289
   32.4873067   53.6693946
   32.4878034   53.6702115
   32.4882198   53.6710721
   32.4885521   53.6719686
   32.4892361   53.6741246
   32.4894946   53.6751115
   32.4896511   53.6761197
   32.4897042   53.6771385
   32.4896532   53.6781574
   32.4894986   53.6791658
   32.4892421   53.6801533
   32.4885338   53.6824014
   32.4882100   53.6832827
   32.4878049   53.6841296
   32.4873222   53.6849349
   32.4867661   53.6856914
   32.4861415   53.6863923
   32.4810601   53.6915826
   32.4800374   53.6924932
   32.4627869   53.7058522
   32.4619467   53.7064366
   32.4610513   53.7069321
   32.4601099   53.7073334
   32.4433680   53.7134787
   32.4425373   53.7137431
   32.4416868   53.7139342
   32.4408228   53.7140505
   32.4221554   53.7157387
   32.4209745   53.7157754
   32.3720395   53.7144037
   32.3718029   53.7144083
   32.3715772   53.7144796
   32.3576421   53.7196247
   32.3573915   53.7197332
   32.3571707   53.7198939
   32.3268756   53.7445847
   32.3261437   53.7451276
   32.3253655   53.7456017
   32.3245473   53.7460029
   32.2915446   53.7603608
   32.2907801   53.7606568
   32.2899940   53.7608891
   32.2891914   53.7610563
   32.1651349   53.7816306
   32.1648421   53.7816975
   32.1645596   53.7817992
   32.1073555   53.8063794
   32.1064612   53.8067141
   32.1055391   53.8069619
   32.1045976   53.8071207
   32.0849635   53.8094738
   32.0840578   53.8095408
   32.0831498   53.8095254
   32.0822469   53.8094277
   31.8733922   53.7771656
   31.8731752   53.7771417
   31.8729595   53.7771753
   31.7882104   53.7942068
   31.7872844   53.7943482
   31.7863492   53.7944023
   31.7449079   53.7948543
   31.7446729   53.7948687
   31.7447433   53.7950933
   31.7537261   53.8194019
   31.7538115   53.8196048
   31.7539617   53.8197649
   31.7918851   53.8567783
   31.7925262   53.8574657
   31.7930999   53.8582103
   31.8091678   53.8812257
   31.8097515   53.8821694
   31.8102271   53.8831720
   31.8105887   53.8842211
   31.8263901   53.9399245
   31.8264722   53.9401661
   31.8265786   53.9403981
   31.8372147   53.9607608
   31.8376418   53.9616918
   31.8379714   53.9626615
   31.8382001   53.9636598
   31.8391733   53.9691977
   31.8393089   53.9703743
   31.8396766   53.9769988
   31.8396990   53.9772215
   31.8397413   53.9774413
   31.8413960   53.9843521
   31.8414545   53.9845573
   31.8415635   53.9847408
   31.8435718   53.9878151
   31.8440695   53.9886659
   31.8444810   53.9895614
   31.8448024   53.9904932
   31.8450305   53.9914520
   31.8451631   53.9924286
   31.8451990   53.9934136
   31.8451376   53.9943973
   31.8449798   53.9953702
   31.8447269   53.9963228
   31.8443815   53.9972459
   31.8236599   54.0452704
   31.8235773   54.0454899
   31.8235863   54.0459614
   31.8235843   54.0459615
   31.8235970   54.0466448
   31.8235230   54.0476007
   31.8233578   54.0485450
   31.8231029   54.0494692
   31.8227607   54.0503647
   31.8223343   54.0512234
   31.8218276   54.0520372
   31.8212453   54.0527988
   31.8205928   54.0535012
   31.8198760   54.0541378
   31.8191015   54.0547029
   31.8182765   54.0551912
   31.8174085   54.0555983
   31.8166598   54.0559066
   31.8157339   54.0562356
   31.8147802   54.0564721
   31.8138079   54.0566139
   31.8128264   54.0566596
   31.8118451   54.0566088
   31.8108735   54.0564619
   31.8094013   54.0561646
   31.8084898   54.0559355
   31.8076039   54.0556219
   31.7837513   54.0458936
   31.7835159   54.0458112
   31.7832700   54.0458532
   31.7715195   54.0484812
   31.7712775   54.0485485
   31.7711183   54.0487428
   31.7627353   54.0601191
   31.7625986   54.0603253
   31.7624830   54.0605441
   31.7560968   54.0742358
   31.7557405   54.0749280
   31.7553315   54.0755904
   31.7491752   54.0847420
   31.7486178   54.0854923
   31.7479927   54.0861873
   31.7473056   54.0868209
   31.7465622   54.0873876
   31.7380417   54.0932746
   31.7371585   54.0938193
   31.7362235   54.0942697
   31.7352470   54.0946207
   31.7271261   54.0970719
   31.7262327   54.0972972
   31.7253223   54.0974394
   31.7244027   54.0974971
   31.6981115   54.0979344
   31.6975646   54.0979736
   31.6671733   54.1018367
   31.6669375   54.1018783
   31.6667068   54.1019423
   31.5839176   54.1292496
   31.5831077   54.1294794
   31.5822814   54.1296403
   31.5311420   54.1373790
   31.5306061   54.1374904
   31.5066165   54.1438671
   31.5063804   54.1439426
   31.5061529   54.1440412
   31.4807447   54.1565928
   31.4805361   54.1566928
   31.3248841   54.2291549
   31.3246878   54.2292572
   31.3245255   54.2294077
   31.3099826   54.2441528
   31.3098107   54.2443465
   31.3097068   54.2445837
   31.2992594   54.2723262
   31.2991714   54.2726103
   31.2991179   54.2729028
   31.2922049   54.3297539
   31.2920342   54.3307413
   31.2917656   54.3317067
   31.2914017   54.3326404
   31.2856898   54.3453712
   31.2851933   54.3463343
   31.2845955   54.3472381
   31.2839034   54.3480719
   31.2831252   54.3488259
   31.2747125   54.3561363
   31.2741250   54.3566091
   31.2735035   54.3570364
   31.2619431   54.3643574
   31.2617471   54.3644951
   31.2615652   54.3646511
   31.2488926   54.3766191
   31.2487266   54.3767919
   31.2486168   54.3770048
   31.2258962   54.4268712
   31.2255077   54.4276352
   31.2250552   54.4283632
   31.2245421   54.4290497
   31.2114028   54.4451411
   31.2107147   54.4459008
   31.2099524   54.4465860
   31.2091240   54.4471896
   31.2082381   54.4477053
   31.2073041   54.4481275
   31.2063318   54.4484520
   31.2053314   54.4486752
   31.1794672   54.4530678
   31.1792200   54.4531230
   31.1790507   54.4533114
   31.1790192   54.4533502
   31.1702837   54.4641202
   31.1695912   54.4648890
   31.1688230   54.4655821
   31.1679872   54.4661922
   31.1670929   54.4667126
   31.1661496   54.4671378
   31.1651674   54.4674632
   31.1641569   54.4676855
   31.0937936   54.4793803
   31.0935872   54.4794237
   31.0933918   54.4795009
   31.0648706   54.4921821
   31.0646623   54.4922873
   31.0647679   54.4924955
   31.0894313   54.5356821
   31.0895637   54.5358894
   31.0897342   54.5360666
   31.1388111   54.5822472
   31.1394431   54.5828984
   31.1400134   54.5836043
   31.1607871   54.6118439
   31.1613268   54.6126580
   31.1617845   54.6135209
   31.1621558   54.6144244
   31.1624372   54.6153597
   31.1626260   54.6163181
   31.1627204   54.6172903
   31.1627195   54.6182671
   31.1626233   54.6192391
   31.1624327   54.6201971
   31.1621496   54.6211319
   31.1617766   54.6220347
   31.1613174   54.6228968
   31.1607762   54.6237099
   31.1601583   54.6244664
   31.1594695   54.6251590
   31.1587165   54.6257810
   31.1579063   54.6263267
   31.1570468   54.6267907
   31.1288610   54.6402722
   31.1286298   54.6403983
   31.1284498   54.6405906
   31.1079111   54.6650198
   31.1072233   54.6657587
   31.1064644   54.6664245
   31.1056423   54.6670105
   31.1047653   54.6675105
   31.1038423   54.6679196
   31.1028828   54.6682335
   31.1018966   54.6684491
   31.1008936   54.6685642
   31.0217755   54.6736119
   31.0209288   54.6736300
   31.0200836   54.6735764
   30.9992638   54.6713672
   30.9990266   54.6713539
   30.9989707   54.6715848
   30.9960471   54.6869766
   30.9958270   54.6878959
   30.9955211   54.6887903
   30.9951320   54.6896519
   30.9946634   54.6904729
   30.9941193   54.6912459
   30.9935047   54.6919642
   30.9820546   54.7041298
   30.9813100   54.7048433
   30.9804960   54.7054763
   30.9796211   54.7060221
   30.9786946   54.7064749
   30.8282373   54.7706237
   30.8272805   54.7709751
   30.8262930   54.7712274
   30.7863132   54.7792935
   30.7860620   54.7793579
   30.7858190   54.7794481
   30.7708370   54.7859118
   30.7706160   54.7860205
   30.7704953   54.7862352
   30.7627535   54.8017693
   30.7626603   54.8019805
   30.7626940   54.8022089
END
!2
   42.2063242   54.2302587
   42.2054205   54.2186303
   42.2053919   54.2176864
   42.2054524   54.2167440
   42.2056016   54.2158115
   42.2057875   54.2149211
   42.2060469   54.2139338
   42.2064057   54.2129780
   42.2068599   54.2120638
   42.2074051   54.2112007
   42.2080353   54.2103977
   42.2087442   54.2096631
   42.2095243   54.2090045
   42.2240274   54.1979784
   42.2242123   54.1978229
   42.2242319   54.1975822
   42.2244770   54.1899415
   42.2245606   54.1889332
   42.2247456   54.1879384
   42.2250302   54.1869675
   42.2254115   54.1860303
   42.2258855   54.1851364
   42.2264474   54.1842949
   42.2270915   54.1835146
   42.2278111   54.1828033
   42.2285989   54.1821684
   42.2294469   54.1816164
   42.2355367   54.1780769
   42.2363331   54.1776607
   42.2371637   54.1773177
   42.2499232   54.1727077
   42.2510484   54.1723744
   42.2575140   54.1708654
   42.2589566   54.1706382
   42.2642834   54.1701944
   42.2652035   54.1701603
   42.2661228   54.1702110
   42.2670335   54.1703459
   42.2718934   54.1712966
   42.2727880   54.1715149
   42.2736588   54.1718144
   42.3159511   54.1885802
   42.3164745   54.1887549
   42.3618231   54.2011552
   42.3631633   54.2016263
   42.3681812   54.2038018
   42.3690992   54.2042570
   42.3699657   54.2048037
   42.3733344   54.2071789
   42.3742463   54.2079049
   42.3750676   54.2087322
   42.3769997   54.2109200
   42.3777451   54.2118749
   42.3783696   54.2129129
   42.3791423   54.2143936
   42.3796072   54.2154221
   42.3799532   54.2164964
   42.3817459   54.2233697
   42.3819027   54.2240739
   42.3844689   54.2379421
   42.3845415   54.2382345
   42.3846490   54.2385160
   42.3868845   54.2434520
   42.3870196   54.2437092
   42.3871838   54.2439489
   42.3901450   54.2477735
   42.3907162   54.2485927
   42.3912028   54.2494648
   42.3916000   54.2503811
   42.3919038   54.2513324
   42.3921113   54.2523092
   42.3922203   54.2533019
   42.3922297   54.2543005
   42.3921395   54.2552951
   42.3919505   54.2562757
   42.3916647   54.2572326
   42.3912848   54.2581562
   42.3908147   54.2590373
   42.3902591   54.2598671
   42.3896235   54.2606374
   42.3889143   54.2613404
   42.3881384   54.2619692
   42.3873037   54.2625174
   42.3864185   54.2629797
   42.3854916   54.2633514
   42.3845322   54.2636288
   42.3835500   54.2638091
   42.3825546   54.2638905
   42.3815561   54.2638722
   42.3805645   54.2637545
   42.3795895   54.2635384
   42.2783273   54.2357264
   42.2780687   54.2356700
   42.2778056   54.2356413
   42.2699182   54.2352032
   42.2696993   54.2352006
   42.2694811   54.2352173
   42.2610036   54.2362403
   42.2604188   54.2363465
   42.2443520   54.2402638
   42.2437941   54.2404349
   42.2147024   54.2512531
   42.2137633   54.2515506
   42.2127995   54.2517542
   42.2118204   54.2518620
   42.2108354   54.2518730
   42.2098542   54.2517870
   42.2088861   54.2516048
   42.2079407   54.2513283
   42.2070270   54.2509602
   42.2061540   54.2505039
   42.2053301   54.2499639
   42.2045634   54.2493455
   42.2038612   54.2486547
   42.2032304   54.2478982
   42.2026770   54.2470832
   42.2022066   54.2462178
   42.2018235   54.2453103
   42.2015317   54.2443694
   42.2013337   54.2434045
   42.2012317   54.2424247
   42.2012266   54.2414397
   42.2013184   54.2404590
   42.2015063   54.2394920
   42.2017883   54.2385482
   42.2021619   54.2376367
   42.2026233   54.2367665
   42.2062131   54.2307340
   42.2063308   54.2305109
   42.2063242   54.2302587
END
3
   42.4425678   54.7984551
   42.4438905   54.8036982
   42.4439631   54.8039352
   42.4441410   54.8041079
   42.4484200   54.8078634
   42.4486090   54.8080136
   42.4488333   54.8081031
   42.4552941   54.8103217
   42.4555302   54.8103899
   42.4557752   54.8104104
   42.4643275   54.8107019
   42.4646215   54.8106946
   42.4649126   54.8106526
   42.4724886   54.8090981
   42.4726818   54.8090504
   42.4728705   54.8089874
   42.4796912   54.8064052
   42.4799137   54.8063084
   42.4801258   54.8061903
   42.4994963   54.7941340
   42.5000068   54.7937699
   42.5028886   54.7914284
   42.5030620   54.7912735
   42.5032035   54.7910891
   42.5054235   54.7878993
   42.5055423   54.7877111
   42.5056440   54.7875130
   42.5069918   54.7845696
   42.5071847   54.7840823
   42.5099025   54.7760020
   42.5100550   54.7754432
   42.5110830   54.7705834
   42.5111209   54.7703507
   42.5111366   54.7701155
   42.5112305   54.7652366
   42.5112242   54.7650063
   42.5111347   54.7647941
   42.5093748   54.7611122
   42.5092616   54.7609020
   42.5090932   54.7607327
   42.5070721   54.7588876
   42.5068875   54.7587347
   42.5066769   54.7586200
   42.5039087   54.7572808
   42.5036859   54.7571861
   42.5034550   54.7571134
   42.4953374   54.7549861
   42.4951117   54.7549380
   42.4948841   54.7549755
   42.4634433   54.7616651
   42.4631823   54.7617358
   42.4629579   54.7618867
   42.4582703   54.7654265
   42.4579637   54.7656777
   42.4523147   54.7706935
   42.4521284   54.7708774
   42.4520088   54.7711102
   42.4474470   54.7812758
   42.4472946   54.7816564
   42.4435093   54.7923656
   42.4434454   54.7925754
   42.4434001   54.7927900
   42.4425469   54.7979526
   42.4425183   54.7982054
   42.4425678   54.7984551
END
END
