central-america-mexico-north-west
1
   -117.4529523   32.4377913
   -117.4502983   32.4573895
   -117.4457217   32.4766297
   -117.4392672   32.4953239
   -117.4309980   32.5132892
   -117.4209948   32.5303500
   -117.4093556   32.5463394
   -117.3961940   32.5611010
   -117.3816389   32.5744907
   -117.3658326   32.5863773
   -117.3631450   32.5880098
   -117.0921000   32.5375400
   -116.3541000   32.6011100
   -115.4673000   32.6695200
   -114.7174000   32.7206700
   -114.7466000   32.6606800
   -114.7641000   32.6401100
   -114.7890000   32.6173600
   -114.8036000   32.6180900
   -114.7900000   32.5719200
   -114.7877000   32.5574100
   -114.7976000   32.5201800
   -114.8053000   32.4988500
   -114.8002000   32.4925500
   -114.7475000   32.4776500
   -113.5061000   32.0981800
   -111.7104000   31.5435000
   -111.0753000   31.3357000
   -109.5437000   31.3346600
   -108.2159000   31.3405400
   -108.2112000   31.7858400
   -107.4606000   31.7862400
   -106.5279000   31.7846500
   -106.5120000   31.7712500
   -106.5098000   31.7615200
   -106.5070000   31.7617100
   -106.4953000   31.7538200
   -106.4885000   31.7483800
   -106.4829000   31.7488000
   -106.4743000   31.7508200
   -106.4712000   31.7532100
   -106.4687000   31.7595800
   -106.4521000   31.7660700
   -106.4347000   31.7554100
   -106.4178000   31.7538600
   -106.3788000   31.7327900
   -106.3709000   31.7138900
   -106.3470000   31.6984000
   -106.3318000   31.6662800
   -106.3082000   31.6365000
   -106.2975000   31.6131400
   -106.2780000   31.5662900
   -106.2438000   31.5451800
   -106.2055000   31.4749800
   -106.1233000   31.4315100
   -106.0020000   31.4000700
   -105.9471000   31.3623300
   -105.8614000   31.2873700
   -105.7837000   31.2043400
   -105.5968000   31.0885400
   -105.4541000   30.9358300
   -105.2063000   30.8076300
   -104.9913000   30.6775200
   -104.8969000   30.5932200
   -104.8151000   30.3900900
   -104.6740000   30.2100700
   -104.6577000   29.9234800
   -104.5575000   29.7816500
   -104.5077000   29.6577500
   -104.4108000   29.5816200
   -104.3958000   29.5722700
   -104.3906000   29.5543200
   -104.3691000   29.5445800
   -104.3366000   29.5237700
   -104.3118000   29.5373300
   -104.2073000   29.4901200
   -104.0405000   29.3314100
   -103.7799000   29.2730000
   -103.6855000   29.1888300
   -103.5468000   29.1642600
   -103.3914000   29.0454600
   -103.3301000   29.0512500
   -103.1570000   28.9822000
   -103.1094000   29.0647800
   -103.0003000   29.1876600
   -102.9307000   29.2082300
   -102.8891000   29.3477600
   -102.8073000   29.5418000
   -102.6775000   29.7540100
   -102.4970000   29.7921100
   -102.3947000   29.7738900
   -102.3643000   29.8510200
   -102.3287000   29.8911100
   -102.1771000   29.8502400
   -102.0795000   29.7960300
   -101.9755000   29.8206800
   -101.9250000   29.7979400
   -101.8172000   29.8174100
   -101.6784000   29.7737700
   -101.5442000   29.8154100
   -101.3936000   29.7752000
   -101.3595000   29.6831200
   -101.2474000   29.6394500
   -101.2279000   29.5777100
   -101.2495000   29.5314100
   -101.1756000   29.5237200
   -101.0556000   29.4589900
   -101.0076000   29.3792300
   -100.9458000   29.3471900
   -100.8846000   29.3089200
   -100.8122000   29.2648900
   -100.7762000   29.2286700
   -100.7315000   29.1379600
   -100.6695000   29.1104400
   -100.6249000   28.9163600
   -100.5965000   28.9045300
   -100.5292000   28.8057700
   -100.5051000   28.7413500
   -100.5054000   28.7137100
   -100.5102000   28.7062000
   -100.4987000   28.6655100
   -100.4442000   28.6441800
   -100.3232000   28.5034200
   -100.3350000   28.3898800
   -100.1678000   28.1806900
   -100.0857000   28.1536800
   -100.0127000   28.0681700
   -99.9848400   27.9961000
   -99.9252100   27.9872400
   -99.8341400   27.7713500
   -99.8138800   27.7813800
   -99.7464000   27.7190500
   -99.7088900   27.6640200
   -99.6879900   27.6777800
   -99.6354800   27.6388600
   -99.6252900   27.6483500
   -99.5958200   27.6440800
   -99.5690300   27.6103700
   -99.5556300   27.6165400
   -99.5384900   27.6075200
   -99.5254900   27.5792000
   -99.5122300   27.5738000
   -99.5093400   27.5647800
   -99.5219200   27.5261400
   -99.5250500   27.4981800
   -99.5010000   27.5039700
   -99.4795100   27.4933000
   -99.4763900   27.4778200
   -99.4942500   27.4432400
   -99.4851500   27.4123100
   -99.4899600   27.3819800
   -99.5019700   27.3385300
   -99.5306400   27.3113800
   -99.4963100   27.3086400
   -99.4379400   27.2552400
   -99.4233500   27.1723500
   -99.4279900   27.0903100
   -99.4437800   27.0429200
   -99.4061800   27.0121800
   -99.2298900   26.8179400
   -99.1605400   26.5771700
   -99.0867200   26.4813300
   -99.0870700   26.4061700
   -99.0301600   26.4164700
   -99.0099900   26.3971000
   -98.9760000   26.4029400
   -98.9253600   26.3961700
   -98.8834800   26.3637300
   -98.8208200   26.3741900
   -98.8012500   26.3686500
   -98.7476900   26.3317300
   -98.6970500   26.2860300
   -98.6596300   26.2401500
   -98.6249500   26.2626300
   -98.5844400   26.2595500
   -98.4920900   26.2306100
   -98.4416200   26.2256800
   -98.4143300   26.1938000
   -98.3348500   26.1680700
   -98.3027500   26.1229200
   -98.2617200   26.1226100
   -98.2718500   26.0979500
   -98.2224100   26.0797600
   -97.9798500   26.0700500
   -97.8607200   26.0728200
   -97.7982300   26.0607900
   -97.7685400   26.0496900
   -97.6629600   26.0396600
   -97.6446800   26.0292500
   -97.6185000   26.0055700
   -97.5884600   25.9661500
   -97.5684600   25.9555700
   -97.5366200   25.9318800
   -97.5293300   25.9204600
   -97.5171400   25.8878000
   -97.4988100   25.8999600
   -97.4707000   25.8921200
   -97.4569700   25.8874900
   -97.4401500   25.8664800
   -97.4095900   25.8646300
   -97.3790400   25.8440800
   -97.3773200   25.9105000
   -97.3524300   25.9328800
   -97.2856500   25.9617500
   -97.2139000   25.9682300
   -96.9406900   25.9877288
   -96.9394539   25.9739901
   -96.9396048   25.9545035
   -96.9416515   25.9351242
   -96.9416866   25.9348977
   -96.9434154   25.9253058
   -96.9622871   25.8334794
   -96.9615541   25.8303266
   -96.9615045   25.8300869
   -96.9584502   25.8104806
   -96.9573539   25.7906681
   -96.9582262   25.7708445
   -96.9610585   25.7512049
   -96.9649255   25.7355716
   -96.9651735   25.7203487
   -96.9656292   25.7097253
   -96.9656479   25.7094563
   -96.9683405   25.6878426
   -96.9733675   25.6666499
   -96.9806692   25.6461294
   -96.9807733   25.6458807
   -96.9852512   25.6359491
   -96.9943268   25.6172001
   -96.9977621   25.6104337
   -96.9978510   25.6102665
   -97.0029302   25.6015319
   -97.0063110   25.5901255
   -97.0099692   25.5789917
   -97.0101726   25.5784287
   -97.0145829   25.5672812
   -97.0412733   25.5053145
   -97.0777689   25.4205495
   -97.0810725   25.4132796
   -97.0812448   25.4129197
   -97.0848360   25.4057875
   -97.1425292   25.2966853
   -97.1473601   25.2880715
   -97.1476119   25.2876473
   -97.1528621   25.2792824
   -97.2753077   25.0944903
   -97.3631273   24.7918925
   -97.4549045   24.4754839
   -97.5093818   24.0602705
   -97.5128902   24.0277305
   -97.5130222   24.0265402
   -97.5130290   24.0264800
   -97.5131699   24.0252757
   -97.5171236   23.9923354
   -97.5253777   23.7974352
   -97.5260399   23.7875719
   -97.5260624   23.7873271
   -97.5269329   23.7812093
   -97.5245852   23.7697874
   -97.5225354   23.7499775
   -97.5224660   23.7300620
   -97.5224775   23.7298154
   -97.5231864   23.7198797
   -97.5427171   23.5173455
   -97.5435402   23.5101693
   -97.5435878   23.5098115
   -97.5446694   23.5026698
   -97.5590118   23.4182928
   -97.5679754   23.2640585
   -97.5431767   22.9903485
   -97.5425611   22.9812495
   -97.5425508   22.9810205
   -97.5425734   22.9626341
   -97.5425843   22.9624051
   -97.5432293   22.9532321
   -97.5546589   22.8309454
   -97.5558233   22.8211180
   -97.5558383   22.8210136
   -97.5596172   22.8015915
   -97.5652967   22.7826379
   -97.5728212   22.7643382
   -97.5821171   22.7468716
   -97.5852266   22.7422079
   -97.5858762   22.7328177
   -97.5888593   22.7145334
   -97.5935215   22.6966036
   -97.5935893   22.6963850
   -97.5965381   22.6876012
   -97.6079740   22.6559837
   -97.6114848   22.6469655
   -97.6115774   22.6467435
   -97.6198862   22.6292690
   -97.6298447   22.6126791
   -97.6299784   22.6124791
   -97.6301338   22.6122582
   -97.6305976   22.6020636
   -97.6306178   22.6017889
   -97.6334515   22.5798511
   -97.6335018   22.5795803
   -97.6358240   22.5687625
   -97.6429170   22.5396666
   -97.6282943   22.4900990
   -97.6259841   22.4815792
   -97.6259307   22.4813639
   -97.6224159   22.4638493
   -97.6204778   22.4460909
   -97.6201321   22.4282304
   -97.6201377   22.4280087
   -97.6203812   22.4229045
   -97.6163589   22.3996362
   -97.6155567   22.3979716
   -97.6154734   22.3977782
   -97.6122969   22.3899557
   -97.5950913   22.3448781
   -97.5918991   22.3358749
   -97.5918271   22.3356552
   -97.5867495   22.3172431
   -97.5834513   22.2984307
   -97.5819627   22.2793895
   -97.5822971   22.2602931
   -97.5844516   22.2413156
   -97.5884065   22.2226302
   -97.5941257   22.2044073
   -97.6015570   22.1868130
   -97.6106328   22.1700078
   -97.6212702   22.1541449
   -97.6333722   22.1393690
   -97.6468285   22.1258149
   -97.6469990   22.1256588
   -97.6541971   22.1193790
   -97.6603692   22.1142487
   -97.6708914   22.1060794
   -97.6714299   22.1056893
   -97.6824726   22.0982385
   -97.7047777   22.0842466
   -97.7123891   22.0768689
   -97.7199864   22.0698761
   -97.7201773   22.0697092
   -97.7364031   22.0569454
   -97.7376831   22.0561370
   -97.7606100   22.0958520
   -97.7713520   22.1316590
   -97.7742810   22.2534850
   -97.7818580   22.2733360
   -97.7884700   22.2678400
   -97.8164790   22.2502700
   -97.8258320   22.2466010
   -97.8348750   22.2412780
   -97.8416450   22.2301160
   -97.8517740   22.2202980
   -97.8627810   22.2197810
   -97.8731680   22.2302200
   -97.8826240   22.2416920
   -97.8913580   22.2500120
   -97.9008660   22.2578150
   -97.9128040   22.2674270
   -97.9137850   22.2825160
   -97.9024170   22.2956420
   -97.8951820   22.3075790
   -97.9086180   22.3191030
   -97.9247920   22.3277330
   -97.9439640   22.3394640
   -97.9629810   22.3494890
   -97.9787430   22.3529510
   -98.0037020   22.3549670
   -98.0289200   22.3626150
   -98.0534150   22.3696940
   -98.0759460   22.3699530
   -98.0927930   22.3726400
   -98.1096910   22.3844740
   -98.1266410   22.3993050
   -98.1434350   22.4108800
   -98.1619360   22.4277790
   -98.1701000   22.4521180
   -98.1785240   22.4732540
   -98.1976960   22.4805400
   -98.2105630   22.4771300
   -98.2205880   22.4714970
   -98.2294250   22.4656570
   -98.2390370   22.4615750
   -98.2497340   22.4589400
   -98.2556770   22.4585780
   -98.2619290   22.4612130
   -98.2738150   22.4675180
   -98.2897830   22.4667940
   -98.2939690   22.4477260
   -98.2940720   22.4233860
   -98.2977410   22.4066430
   -98.3094200   22.3995120
   -98.3225980   22.3994600
   -98.3359820   22.4034390
   -98.3483840   22.4085030
   -98.3636800   22.4008550
   -98.3717940   22.4129990
   -98.3781500   22.4269000
   -98.3881230   22.4245230
   -98.4022830   22.4125340
   -98.4126180   22.4145490
   -98.4234700   22.4235930
   -98.4392310   22.4327400
   -98.4440890   22.4311890
   -98.4477060   22.4261770
   -98.4523570   22.4236960
   -98.4603150   22.4296910
   -98.4664130   22.4343420
   -98.4715810   22.4344450
   -98.4770580   22.4332050
   -98.4838280   22.4334110
   -98.5136450   22.4352720
   -98.5469770   22.4299490
   -98.5819620   22.4226110
   -98.6161710   22.4185800
   -98.6102290   22.4149110
   -98.6043890   22.4109840
   -98.5986010   22.4070560
   -98.5929690   22.4029740
   -98.5719880   22.3906750
   -98.5521960   22.3769810
   -98.5328170   22.3627700
   -98.5131290   22.3488170
   -98.4847580   22.3316090
   -98.4555090   22.3158990
   -98.4262090   22.3001900
   -98.3978390   22.2830330
   -98.3737060   22.2649460
   -98.3565490   22.2452060
   -98.3477120   22.2216410
   -98.3485910   22.1920310
   -98.3613030   22.1525500
   -98.3814570   22.1138960
   -98.4047110   22.0767410
   -98.4267260   22.0414970
   -98.4343220   22.0268210
   -98.4406780   22.0115250
   -98.4465180   21.9959190
   -98.4522540   21.9804160
   -98.4572660   21.9790720
   -98.4664130   21.9865140
   -98.4772140   21.9749380
   -98.4866190   21.9743180
   -98.4963340   21.9780900
   -98.5079610   21.9796920
   -98.5092010   21.9802090
   -98.5209830   21.9796920
   -98.5337480   21.9735940
   -98.5383470   21.9722510
   -98.5765870   21.9776250
   -98.5882140   21.9807260
   -98.5899200   21.9796920
   -98.5876460   21.9518900
   -98.5702830   21.9497720
   -98.5474420   21.9574710
   -98.5284250   21.9592280
   -98.5258410   21.9519940
   -98.5389670   21.9435700
   -98.5501290   21.9309100
   -98.5414470   21.9108080
   -98.5660450   21.9037280
   -98.5616010   21.8823340
   -98.5446000   21.8598030
   -98.5318350   21.8493640
   -98.4909080   21.8527750
   -98.4866700   21.8425430
   -98.4863090   21.8301410
   -98.4846030   21.8196500
   -98.4766450   21.8152580
   -98.4591780   21.8097290
   -98.4563880   21.7970680
   -98.4612450   21.7832700
   -98.4664130   21.7742780
   -98.4770070   21.7615140
   -98.4889960   21.7527290
   -98.5147820   21.7401200
   -98.5169530   21.7371750
   -98.5188130   21.7323690
   -98.5210870   21.7278210
   -98.5247040   21.7258580
   -98.5312150   21.7274080
   -98.5435660   21.7335060
   -98.5489400   21.7332990
   -98.5592760   21.7273560
   -98.5653220   21.7207420
   -98.5647530   21.7134040
   -98.5551420   21.7053940
   -98.5701790   21.6919580
   -98.6087300   21.6966090
   -98.6240260   21.6848780
   -98.6296070   21.6596080
   -98.6247500   21.6428650
   -98.6248010   21.6281890
   -98.6380310   21.6156830
   -98.6422680   21.6088620
   -98.6324500   21.5886050
   -98.6181870   21.5732050
   -98.6001520   21.5616820
   -98.5789640   21.5524830
   -98.5481650   21.5392020
   -98.5300780   21.5248360
   -98.5210350   21.5044760
   -98.5173140   21.4732630
   -98.5165390   21.4546600
   -98.5154540   21.4360560
   -98.5147820   21.4174530
   -98.5150920   21.3988490
   -98.5297680   21.3954390
   -98.5445480   21.3910980
   -98.5593270   21.3862920
   -98.5740030   21.3815890
   -98.5851660   21.3770420
   -98.5895580   21.3715120
   -98.5899200   21.3631410
   -98.5893000   21.3497570
   -98.5876460   21.3160640
   -98.5856310   21.2806140
   -98.5861990   21.2453700
   -98.5922970   21.2122460
   -98.6026840   21.2165350
   -98.6124510   21.2173620
   -98.6213390   21.2143640
   -98.6291420   21.2071300
   -98.6361700   21.2033570
   -98.6437670   21.2013420
   -98.6516210   21.2011870
   -98.6595800   21.2027890
   -98.6671240   21.2052690
   -98.6746690   21.2077500
   -98.6822140   21.2099720
   -98.6898100   21.2119870
   -98.7155970   21.2081630
   -98.7401950   21.1999980
   -98.7641730   21.1894560
   -98.7879960   21.1786040
   -98.8067540   21.1742630
   -98.8236010   21.1768990
   -98.8402400   21.1839790
   -98.8582760   21.1927640
   -98.8697480   21.1975180
   -98.8831840   21.2026850
   -98.8959480   21.2086280
   -98.9055590   21.2160700
   -98.9115020   21.2269220
   -98.9144480   21.2394790
   -98.9170320   21.2523980
   -98.9215270   21.2642840
   -98.9246800   21.2718290
   -98.9287100   21.2789600
   -98.9334650   21.2854710
   -98.9390970   21.2912070
   -98.9644190   21.2977180
   -98.9958900   21.2964780
   -99.0251390   21.2868660
   -99.0433810   21.2683150
   -99.0583670   21.2795800
   -99.0753170   21.2881580
   -99.0935580   21.2922920
   -99.1123170   21.2903290
   -99.1085440   21.3097070
   -99.1046690   21.3290860
   -99.1007930   21.3485160
   -99.0969690   21.3678950
   -99.0988290   21.3815380
   -99.1063220   21.3981260
   -99.1154690   21.4146620
   -99.1224970   21.4278400
   -99.1334530   21.4526960
   -99.1438910   21.4773970
   -99.1534000   21.5023570
   -99.1618750   21.5281440
   -99.1694190   21.5526900
   -99.1768610   21.5772880
   -99.1843020   21.6018340
   -99.1917440   21.6264320
   -99.1931900   21.6312380
   -99.1946890   21.6360440
   -99.1960840   21.6407980
   -99.1975310   21.6455010
   -99.1982550   21.6231250
   -99.2163930   21.6072090
   -99.2397510   21.5940310
   -99.2558220   21.5796130
   -99.2575280   21.5689680
   -99.2558220   21.5579610
   -99.2566490   21.5475740
   -99.2659510   21.5384790
   -99.2770610   21.5324840
   -99.2849160   21.5296940
   -99.2926680   21.5306240
   -99.3037780   21.5357920
   -99.3097730   21.5383760
   -99.3148370   21.5388410
   -99.3196940   21.5373420
   -99.3251720   21.5339310
   -99.3324070   21.5227690
   -99.3339570   21.5087650
   -99.3353520   21.4956910
   -99.3419150   21.4873190
   -99.3478060   21.4824620
   -99.3530770   21.4745030
   -99.3576250   21.4658740
   -99.3616040   21.4587940
   -99.3654800   21.4522310
   -99.3700270   21.4444790
   -99.3752980   21.4373480
   -99.3811890   21.4326460
   -99.3932300   21.4307850
   -99.4059420   21.4330070
   -99.4189130   21.4347130
   -99.4321420   21.4315600
   -99.4398940   21.4306300
   -99.4476970   21.4291320
   -99.4552420   21.4270650
   -99.4624760   21.4242740
   -99.4760670   21.4070140
   -99.5009240   21.4026220
   -99.5286220   21.4040170
   -99.5509980   21.4041720
   -99.5581810   21.4007610
   -99.5634000   21.3957490
   -99.5702220   21.3923900
   -99.5822620   21.3942500
   -99.5917190   21.3998310
   -99.5992640   21.4074270
   -99.6069640   21.4148690
   -99.6169370   21.4199330
   -99.6267560   21.4266510
   -99.6322330   21.4378130
   -99.6364710   21.4504220
   -99.6426720   21.4614290
   -99.6496480   21.4671650
   -99.6570380   21.4709890
   -99.6640660   21.4754340
   -99.6699570   21.4826680
   -99.6793620   21.4928490
   -99.6929530   21.5010130
   -99.7075780   21.5079380
   -99.7200830   21.5146560
   -99.7484020   21.5049930
   -99.7659720   21.4789990
   -99.7782710   21.4470120
   -99.7906220   21.4191060
   -99.8208010   21.4318700
   -99.8484990   21.4460810
   -99.8784720   21.4557970
   -99.9153690   21.4549700
   -99.9586220   21.4591040
   -99.9996530   21.4888700
   -100.0387200   21.5265930
   -100.0761340   21.5542920
   -100.0784080   21.5553250
   -100.0807850   21.5563590
   -100.0830590   21.5573920
   -100.0853320   21.5584260
   -100.1184570   21.5691750
   -100.1514270   21.5794580
   -100.1844990   21.5892250
   -100.2179340   21.5985270
   -100.2304400   21.6013170
   -100.2426870   21.6050900
   -100.2544180   21.6101020
   -100.2654760   21.6165100
   -100.2839250   21.6243650
   -100.3034070   21.6311860
   -100.3225270   21.6382660
   -100.3399940   21.6468960
   -100.3521900   21.6533560
   -100.3619050   21.6568180
   -100.3714130   21.6592470
   -100.3831440   21.6629160
   -100.3906370   21.6679280
   -100.3961660   21.6737680
   -100.4039690   21.6777470
   -100.4182320   21.6770230
   -100.4286710   21.6727340
   -100.4391090   21.6652930
   -100.4484630   21.6564560
   -100.4557490   21.6481360
   -100.4631900   21.6365610
   -100.4691330   21.6238480
   -100.4740430   21.6106710
   -100.4784870   21.5977000
   -100.4832930   21.5774430
   -100.4870650   21.5543950
   -100.4917160   21.5319160
   -100.4992090   21.5136230
   -100.5225150   21.4969830
   -100.5563110   21.4920220
   -100.5936220   21.4923840
   -100.6273150   21.4917630
   -100.6487610   21.5053030
   -100.6697410   21.5216840
   -100.6902570   21.5390990
   -100.7102550   21.5557910
   -100.7573330   21.5903100
   -100.8045130   21.6246750
   -100.8514870   21.6592980
   -100.8977890   21.6946970
   -100.9131890   21.7090630
   -100.9287430   21.7238420
   -100.9447110   21.7378470
   -100.9614550   21.7503520
   -100.9916340   21.7611010
   -101.0251200   21.7678190
   -101.0592780   21.7712300
   -101.0911620   21.7724700
   -101.1271290   21.7681290
   -101.1645430   21.7593440
   -101.2015950   21.7536600
   -101.2364770   21.7583620
   -101.2480520   21.7640980
   -101.2597310   21.7719530
   -101.2704800   21.7811000
   -101.2794710   21.7906080
   -101.2856730   21.8038890
   -101.2862930   21.8184620
   -101.2856730   21.8332410
   -101.2884110   21.8472970
   -101.3043280   21.8668310
   -101.3259800   21.8729290
   -101.3502680   21.8696210
   -101.3739360   21.8609400
   -101.3763130   21.8596480
   -101.3787420   21.8583560
   -101.3810670   21.8570640
   -101.3834440   21.8557720
   -101.4194630   21.8342750
   -101.4493840   21.8221310
   -101.4806480   21.8231130
   -101.5205420   21.8409410
   -101.5389900   21.8232680
   -101.5613660   21.8018220
   -101.5797110   21.7784640
   -101.5862230   21.7550550
   -101.5787810   21.7310770
   -101.5643120   21.7098380
   -101.5475690   21.6895810
   -101.5333580   21.6683930
   -101.5382670   21.6368710
   -101.5733040   21.6107230
   -101.6150580   21.5846780
   -101.6401210   21.5534130
   -101.6368660   21.5166710
   -101.6183650   21.4849940
   -101.5943880   21.4552280
   -101.5746470   21.4242740
   -101.5682390   21.4057220
   -101.5664820   21.3862920
   -101.5682390   21.3667060
   -101.5726830   21.3475860
   -101.5902530   21.3185440
   -101.6114410   21.2941530
   -101.6355740   21.2722940
   -101.6620840   21.2511060
   -101.6743830   21.2425800
   -101.6875090   21.2360680
   -101.7014610   21.2319860
   -101.7162410   21.2306940
   -101.7322090   21.2316240
   -101.7525170   21.2323480
   -101.7719480   21.2300740
   -101.7853840   21.2218060
   -101.7925150   21.2105400
   -101.7989230   21.1988610
   -101.8054340   21.1872860
   -101.8129790   21.1763300
   -101.8261050   21.1653230
   -101.8411940   21.1574170
   -101.8550440   21.1483740
   -101.8644490   21.1339560
   -101.8686340   21.1246020
   -101.8729240   21.1153520
   -101.8776780   21.1064640
   -101.8832070   21.0981440
   -101.9175200   21.0612990
   -101.9482160   21.0215080
   -101.9768970   20.9799600
   -102.0050090   20.9379990
   -102.0151370   20.9215660
   -102.0253170   20.9052360
   -102.0354980   20.8888540
   -102.0456260   20.8724730
   -102.0486750   20.8667890
   -102.0517240   20.8611040
   -102.0548250   20.8553680
   -102.0578220   20.8496840
   -102.0732730   20.8217270
   -102.0879490   20.7906690
   -102.0944090   20.7589920
   -102.0851070   20.7293290
   -102.0618010   20.7046280
   -102.0345670   20.6844740
   -102.0071790   20.6644750
   -101.9834080   20.6404460
   -101.9815990   20.6376040
   -101.9799450   20.6346580
   -101.9783430   20.6316090
   -101.9768970   20.6285600
   -101.9675430   20.5874260
   -101.9806170   20.5552830
   -102.0064040   20.5276880
   -102.0349810   20.5000410
   -102.0607160   20.4682600
   -102.0807140   20.4364270
   -102.0971480   20.4027340
   -102.0996800   20.3868180
   -102.1184900   20.3838210
   -102.1830850   20.3547790
   -102.1999320   20.3506440
   -102.2178120   20.3491970
   -102.2322810   20.3422730
   -102.2427720   20.3403610
   -102.2608590   20.3502830
   -102.2878340   20.3601530
   -102.2972900   20.3622200
   -102.3167210   20.3607730
   -102.3536690   20.3514200
   -102.4006430   20.3473370
   -102.4213140   20.3425830
   -102.4983120   20.3147290
   -102.5117480   20.3047560
   -102.5170190   20.2901830
   -102.5279740   20.2840850
   -102.5921040   20.2666190
   -102.6277610   20.2354060
   -102.6497750   20.2231590
   -102.6777580   20.2181980
   -102.7298220   20.2174230
   -102.7534900   20.2117380
   -102.7696130   20.1983020
   -102.7813950   20.1873990
   -102.7937460   20.1844530
   -102.8061220   20.1815590
   -102.8103340   20.1805770
   -102.8146230   20.1794920
   -102.8188860   20.1784590
   -102.8231500   20.1774770
   -102.8615970   20.1682270
   -102.9000440   20.1589250
   -102.9384140   20.1497260
   -102.9768350   20.1404250
   -102.9791090   20.1398050
   -102.9813830   20.1390810
   -102.9836310   20.1383580
   -102.9858790   20.1375830
   -103.0128020   20.1307100
   -103.0482260   20.1204260
   -103.0775010   20.1048200
   -103.0857440   20.0817200
   -103.0841930   20.0576390
   -103.0815840   20.0255480
   -103.0738320   19.9972810
   -103.0568310   19.9852400
   -103.0478390   19.9830180
   -103.0425160   19.9781090
   -103.0393380   19.9729930
   -103.0364180   19.9704090
   -103.0228280   19.9696860
   -103.0090560   19.9717010
   -102.9953870   19.9751630
   -102.9821320   19.9785740
   -102.9756470   19.9805380
   -102.9691620   19.9826050
   -102.9626500   19.9845690
   -102.9561390   19.9866360
   -102.9338670   19.9904080
   -102.9187510   19.9829150
   -102.9053150   19.9710290
   -102.8880040   19.9616240
   -102.8759890   19.9610040
   -102.8627340   19.9603840
   -102.8495560   19.9605390
   -102.8378780   19.9621410
   -102.8229950   19.9625540
   -102.8067680   19.9592470
   -102.7897930   19.9560430
   -102.7726360   19.9570770
   -102.7670550   19.9554230
   -102.7628950   19.9523740
   -102.7601560   19.9478780
   -102.7587870   19.9421420
   -102.7586830   19.9296880
   -102.7601560   19.9135130
   -102.7604660   19.8988890
   -102.7572110   19.8910340
   -102.7433610   19.8852460
   -102.7302100   19.8791490
   -102.7179370   19.8716560
   -102.7068000   19.8615270
   -102.7113740   19.8550160
   -102.7165410   19.8490730
   -102.7222770   19.8436990
   -102.7285820   19.8388930
   -102.7561510   19.8293840
   -102.7864600   19.8286090
   -102.8098430   19.8208580
   -102.8165870   19.7904720
   -102.8158120   19.7710420
   -102.8139260   19.7509910
   -102.8104370   19.7312510
   -102.8047530   19.7126990
   -102.8007740   19.7010200
   -102.7965360   19.6886690
   -102.7910590   19.6771970
   -102.7832300   19.6681020
   -102.7781910   19.6650530
   -102.7722230   19.6621080
   -102.7665120   19.6589040
   -102.7624820   19.6547700
   -102.7582960   19.6435040
   -102.7573660   19.6330650
   -102.7551950   19.6228850
   -102.7471850   19.6121880
   -102.7387360   19.5984420
   -102.7374700   19.5823190
   -102.7399770   19.5653690
   -102.7430000   19.5492460
   -102.7442400   19.5417020
   -102.7455580   19.5341570
   -102.7467980   19.5266120
   -102.7481160   19.5190670
   -102.7457130   19.4756070
   -102.7073950   19.4680110
   -102.6559510   19.4789660
   -102.6142220   19.4908520
   -102.6070650   19.4897150
   -102.6015610   19.4864080
   -102.5978410   19.4810330
   -102.5959030   19.4737990
   -102.5928800   19.4603630
   -102.5884100   19.4422240
   -102.5825180   19.4246030
   -102.5752580   19.4127170
   -102.5638890   19.4076530
   -102.5517970   19.4051210
   -102.5447170   19.4000050
   -102.5486450   19.3868790
   -102.5615380   19.3763370
   -102.5755420   19.3656920
   -102.5883320   19.3539090
   -102.5976860   19.3401120
   -102.5981510   19.3335490
   -102.5958250   19.3267280
   -102.5941200   19.3198550
   -102.5963680   19.3129820
   -102.6019490   19.3057990
   -102.6075300   19.2986160
   -102.6130850   19.2914840
   -102.6186400   19.2843530
   -102.6288720   19.2692630
   -102.6425410   19.2490060
   -102.6575010   19.2311260
   -102.6719450   19.2230130
   -102.6783270   19.2248220
   -102.6808850   19.2296790
   -102.6825900   19.2357250
   -102.6864400   19.2408410
   -102.7054570   19.2507630
   -102.7280390   19.2575330
   -102.7510090   19.2588760
   -102.7711630   19.2527270
   -102.7771060   19.2465770
   -102.7820670   19.2381540
   -102.7866920   19.2307130
   -102.7914200   19.2274570
   -102.8045720   19.2263720
   -102.8171810   19.2236850
   -102.8297390   19.2202740
   -102.8427870   19.2171740
   -102.8638190   19.2108170
   -102.8844380   19.2025490
   -102.9036100   19.1916450
   -102.9201980   19.1771760
   -102.9365800   19.1529910
   -102.9461400   19.1248790
   -102.9544600   19.0972840
   -102.9671460   19.0744430
   -102.9883340   19.0584240
   -103.0152570   19.0474160
   -103.0437560   19.0393030
   -103.0694400   19.0321720
   -103.0828240   19.0260220
   -103.0960270   19.0195630
   -103.1091270   19.0128450
   -103.1222530   19.0061270
   -103.1258960   18.9999260
   -103.1276790   18.9888670
   -103.1289710   18.9768780
   -103.1314770   18.9678860
   -103.1491250   18.9538300
   -103.1667720   18.9635970
   -103.1827140   18.9843710
   -103.1950910   19.0036470
   -103.2113170   19.0150670
   -103.2272080   19.0132580
   -103.2423490   19.0129480
   -103.2562500   19.0289680
   -103.2680840   19.0468480
   -103.2817260   19.0530490
   -103.2962990   19.0477270
   -103.3110270   19.0311380
   -103.3176160   19.0190460
   -103.3273050   19.0029750
   -103.3381570   18.9875750
   -103.3481050   18.9777570
   -103.3629880   18.9736740
   -103.3827540   18.9734680
   -103.4035790   18.9750180
   -103.4217180   18.9757410
   -103.4366010   18.9756900
   -103.4509150   18.9753280
   -103.4647130   18.9727960
   -103.4778130   18.9664400
   -103.4908870   18.9685580
   -103.4963390   18.9611690
   -103.4988450   18.9494380
   -103.5033930   18.9382240
   -103.5080690   18.9356400
   -103.5143220   18.9352790
   -103.5205750   18.9350720
   -103.5253030   18.9329530
   -103.5273190   18.9285090
   -103.5264660   18.9238580
   -103.5249160   18.9193110
   -103.5249160   18.9151250
   -103.5309360   18.9116630
   -103.5438810   18.9061330
   -103.5579630   18.8995700
   -103.5675490   18.8930590
   -103.5776000   18.8839640
   -103.5859710   18.8820520
   -103.5949370   18.8853590
   -103.6066160   18.8919740
   -103.6118100   18.8884600
   -103.6151430   18.8838090
   -103.6166160   18.8782800
   -103.6159950   18.8718720
   -103.6144450   18.8676340
   -103.6136700   18.8632420
   -103.6137990   18.8588490
   -103.6147550   18.8544050
   -103.6202070   18.8419510
   -103.6217060   18.8287220
   -103.6227910   18.8153380
   -103.6270280   18.8024190
   -103.6381390   18.7905330
   -103.6508510   18.7870190
   -103.6645970   18.7853650
   -103.6790670   18.7788540
   -103.6882390   18.7693460
   -103.6947500   18.7579770
   -103.6990910   18.7453160
   -103.7020370   18.7324490
   -103.7081350   18.7168420
   -103.7184180   18.7060940
   -103.7314660   18.6974640
   -103.7420250   18.6904120
   -103.7343510   18.6829460
   -103.7001750   18.6543270
   -103.6862280   18.6285520
   -103.7100200   18.6011760
   -103.7067370   18.5912210
   -103.6930410   18.5884340
   -103.6621710   18.5707430
   -103.6440160   18.5588890
   -103.6290250   18.5479850
   -103.6192520   18.5369330
   -103.6155406   18.5343497
   -103.6207426   18.5309091
   -103.6307461   18.5242281
   -103.6389540   18.5190303
   -103.6391547   18.5189099
   -103.6562815   18.5097382
   -103.6742174   18.5022715
   -103.6927931   18.4965803
   -103.7118334   18.4927183
   -103.7311586   18.4907219
   -103.7505863   18.4906099
   -103.7699332   18.4923835
   -103.7890167   18.4960258
   -103.8076568   18.5015025
   -103.8256775   18.5087620
   -103.8429089   18.5177356
   -103.8591884   18.5283388
   -103.8743622   18.5404715
   -103.8745377   18.5406264
   -103.8816648   18.5472311
   -103.9206255   18.5851359
   -104.0655783   18.6838458
   -104.0722425   18.6885863
   -104.0724094   18.6887102
   -104.0853656   18.6991965
   -104.0855216   18.6993339
   -104.0916608   18.7049728
   -104.0952837   18.7084423
   -104.1773919   18.7480418
   -104.2552365   18.7853635
   -104.3045524   18.8018324
   -104.3059854   18.8023169
   -104.3368730   18.8128920
   -104.3370826   18.8129639
   -104.3569139   18.8197782
   -104.3757915   18.8257347
   -104.3796453   18.8269938
   -104.3798386   18.8270592
   -104.3836934   18.8284060
   -104.3993214   18.8340458
   -104.4087085   18.8377032
   -104.4089325   18.8377970
   -104.4270951   18.8465054
   -104.4442897   18.8569966
   -104.4603419   18.8691640
   -104.4750887   18.8828844
   -104.4773554   18.8854651
   -104.4891046   18.8878624
   -104.5078751   18.8936594
   -104.5259862   18.9012699
   -104.5432633   18.9106206
   -104.5595397   18.9216211
   -104.5746584   18.9341654
   -104.5827850   18.9423814
   -104.6364744   18.9544849
   -104.6796014   18.9641758
   -104.6900181   18.9668123
   -104.6902756   18.9668849
   -104.7106094   18.9738156
   -104.7108576   18.9739154
   -104.7207161   18.9781896
   -104.7571377   18.9951569
   -104.7682325   19.0007513
   -104.7687775   19.0010477
   -104.7795035   19.0073202
   -104.7900593   19.0139416
   -104.7982460   19.0193614
   -104.7984446   19.0195001
   -104.8051744   19.0247062
   -104.8232481   19.0259617
   -104.8424954   19.0292059
   -104.8613348   19.0343110
   -104.8795868   19.0412281
   -104.8970777   19.0498914
   -104.8972881   19.0500087
   -104.9056956   19.0549701
   -104.9125211   19.0592258
   -104.9208002   19.0646772
   -104.9209981   19.0648147
   -104.9366957   19.0769138
   -104.9511187   19.0905071
   -104.9533919   19.0931206
   -104.9618902   19.0964321
   -104.9620993   19.0965252
   -104.9706668   19.1005866
   -105.0475231   19.1392781
   -105.0586866   19.1453501
   -105.0592340   19.1456708
   -105.0699894   19.1524395
   -105.1053213   19.1762750
   -105.1120843   19.1810440
   -105.1122505   19.1811664
   -105.1251776   19.1915415
   -105.1372012   19.2029515
   -105.1373444   19.2030991
   -105.1429438   19.2091148
   -105.1661227   19.2350659
   -105.1723944   19.2424393
   -105.1725451   19.2426254
   -105.1839822   19.2582387
   -105.1938566   19.2748844
   -105.2020759   19.2924066
   -105.2048830   19.3002969
   -105.2146966   19.3096289
   -105.2272614   19.3241107
   -105.2383818   19.3397290
   -105.2479557   19.3563404
   -105.2558949   19.3737922
   -105.2621266   19.3919240
   -105.2665934   19.4105691
   -105.2681313   19.4215426
   -105.2693393   19.4223380
   -105.2836020   19.4337214
   -105.2837711   19.4338695
   -105.2904384   19.4399800
   -105.2962577   19.4455604
   -105.3016541   19.4492172
   -105.3093946   19.4547351
   -105.3098268   19.4550590
   -105.3183030   19.4617760
   -105.3789072   19.5125287
   -105.3891300   19.5217051
   -105.3896242   19.5221804
   -105.3991930   19.5320369
   -105.4463778   19.5841051
   -105.4522849   19.5909268
   -105.4524283   19.5911002
   -105.4632901   19.6055077
   -105.4634173   19.6056933
   -105.4683498   19.6132498
   -105.5092234   19.6790651
   -105.5222072   19.6919604
   -105.5295545   19.6996566
   -105.5297313   19.6998519
   -105.5431473   19.7163610
   -105.5545276   19.7338840
   -105.5567668   19.7357582
   -105.5648858   19.7429368
   -105.5650953   19.7431325
   -105.5809956   19.7597917
   -105.5811813   19.7600101
   -105.5883859   19.7689985
   -105.6009592   19.7856453
   -105.6083103   19.7960513
   -105.6086605   19.7965823
   -105.6153342   19.8074352
   -105.6347620   19.8414095
   -105.6876361   19.9146587
   -105.6934745   19.9232045
   -105.6936155   19.9234228
   -105.7040296   19.9415623
   -105.7124922   19.9606903
   -105.7125847   19.9609330
   -105.7160545   19.9708027
   -105.7219030   19.9889416
   -105.7231355   19.9932032
   -105.7233333   19.9936144
   -105.7257838   19.9989052
   -105.7258775   19.9991155
   -105.7326199   20.0163512
   -105.7377401   20.0341364
   -105.7377933   20.0343594
   -105.7397123   20.0433132
   -105.7417411   20.0539631
   -105.7432841   20.0632468
   -105.7433171   20.0634790
   -105.7450855   20.0822126
   -105.7450966   20.0824469
   -105.7453180   20.0918553
   -105.7453180   20.1160625
   -105.7524243   20.1246325
   -105.7622237   20.1387648
   -105.7623377   20.1389454
   -105.7667727   20.1463144
   -105.7673311   20.1472890
   -105.7674764   20.1473774
   -105.7824676   20.1585418
   -105.7963511   20.1710570
   -105.8090055   20.1848137
   -105.8203204   20.1996916
   -105.8301970   20.2155609
   -105.8303094   20.2157620
   -105.8346808   20.2240254
   -105.8542631   20.2632325
   -105.8556154   20.2659931
   -105.8556820   20.2661316
   -105.8569918   20.2689127
   -105.8717537   20.3008916
   -105.8744468   20.3069906
   -105.8745762   20.3072977
   -105.8770645   20.3134831
   -105.8853582   20.3351356
   -105.8887439   20.3446936
   -105.8888202   20.3449276
   -105.8941180   20.3644965
   -105.8974074   20.3845011
   -105.8986548   20.4047361
   -105.8978472   20.4249933
   -105.8949930   20.4450647
   -105.8901216   20.4647440
   -105.8832829   20.4838291
   -105.8745472   20.5021238
   -105.8640043   20.5194401
   -105.8517626   20.5356001
   -105.8516042   20.5357885
   -105.8448849   20.5433826
   -105.8296327   20.5597640
   -105.8230321   20.5665257
   -105.8228641   20.5666900
   -105.8087423   20.5792411
   -105.7934992   20.5904037
   -105.7933033   20.5905334
   -105.7853034   20.5955623
   -105.7024030   20.6449827
   -105.7034774   20.6462485
   -105.7145687   20.6622390
   -105.7240535   20.6792318
   -105.7318418   20.6970659
   -105.7378600   20.7155725
   -105.7420511   20.7345765
   -105.7443755   20.7538977
   -105.7448110   20.7733535
   -105.7433536   20.7927594
   -105.7400171   20.8119318
   -105.7348331   20.8306892
   -105.7278506   20.8488540
   -105.7191358   20.8662542
   -105.7087711   20.8827250
   -105.6968548   20.8981106
   -105.6967036   20.8982873
   -105.6901983   20.9055271
   -105.6806836   20.9156113
   -105.6776399   20.9187672
   -105.6774860   20.9189232
   -105.6743739   20.9220116
   -105.6630648   20.9329909
   -105.6561851   20.9393635
   -105.6560132   20.9395154
   -105.6413961   20.9512589
   -105.6340462   20.9561063
   -105.6276836   20.9683789
   -105.6159443   20.9861148
   -105.6023880   21.0025038
   -105.6022096   21.0026975
   -105.5947972   21.0103284
   -105.5889586   21.0160275
   -105.5820026   21.0225019
   -105.5818289   21.0226561
   -105.5796185   21.0244373
   -105.5752493   21.0321299
   -105.5751113   21.0323583
   -105.5629880   21.0501781
   -105.5490175   21.0665898
   -105.5333622   21.0814030
   -105.5331588   21.0815757
   -105.5247553   21.0883282
   -105.4957943   21.1103421
   -105.4882170   21.1235430
   -105.4881154   21.1237053
   -105.4839181   21.1301307
   -105.4751240   21.1430449
   -105.4697132   21.1506066
   -105.4695755   21.1507898
   -105.4577296   21.1651186
   -105.4446043   21.1782854
   -105.4328078   21.1881009
   -105.4328269   21.1891744
   -105.4312649   21.2086548
   -105.4278091   21.2278897
   -105.4229563   21.2450554
   -105.4347889   21.2848822
   -105.4371081   21.2933674
   -105.4371636   21.2935896
   -105.4408180   21.3117616
   -105.4427744   21.3301939
   -105.4430159   21.3487281
   -105.4415405   21.3672051
   -105.4386402   21.3838616
   -105.4895268   21.4148939
   -105.5063224   21.4236561
   -105.5164967   21.4293472
   -105.5167494   21.4294984
   -105.5363010   21.4428267
   -105.5365340   21.4430067
   -105.5456844   21.4505147
   -105.5796080   21.4800717
   -105.5871223   21.4869636
   -105.5873036   21.4871386
   -105.6012307   21.5020254
   -105.6135700   21.5182527
   -105.6241934   21.5356518
   -105.6329903   21.5540418
   -105.6330873   21.5542744
   -105.6367716   21.5637817
   -105.6457063   21.5887056
   -105.7208094   21.7267705
   -105.7990956   21.8454318
   -105.8033288   21.8521335
   -105.8034317   21.8523038
   -105.8111277   21.8662687
   -105.8112167   21.8664466
   -105.8146412   21.8736480
   -105.8309774   21.9098456
   -105.8345020   21.9181500
   -105.8345851   21.9183590
   -105.8405042   21.9354375
   -105.8448572   21.9529807
   -105.8449013   21.9532003
   -105.8464648   21.9620102
   -105.8548743   22.0164463
   -105.8562546   22.0273639
   -105.8562815   22.0276366
   -105.8572319   22.0496168
   -105.8572287   22.0498908
   -105.8567959   22.0608868
   -105.8484567   22.1854542
   -105.8517741   22.2156869
   -105.8730890   22.2873940
   -105.8964757   22.3596983
   -105.8979596   22.3644905
   -105.8980309   22.3647313
   -105.8993958   22.3695654
   -105.9084924   22.4034022
   -105.9206503   22.4188209
   -105.9314308   22.4357384
   -105.9404624   22.4536507
   -105.9476542   22.4723776
   -105.9529338   22.4917308
   -105.9529855   22.4919662
   -105.9548909   22.5018169
   -105.9563138   22.5103110
   -106.0161438   22.5652401
   -106.0257678   22.5746933
   -106.0262320   22.5751811
   -106.0351967   22.5852615
   -106.0655541   22.6218081
   -106.0844605   22.6327560
   -106.0941656   22.6387517
   -106.0944028   22.6389078
   -106.0974435   22.6411668
   -106.1150680   22.6482015
   -106.1323683   22.6571464
   -106.1487166   22.6677316
   -106.1639579   22.6798567
   -106.1779475   22.6934067
   -106.1781058   22.6935758
   -106.1845893   22.7008455
   -106.3440003   22.8885986
   -106.3514003   22.8922839
   -106.3516297   22.8924057
   -106.3695063   22.9031278
   -106.3697217   22.9032728
   -106.3782167   22.9093178
   -106.3973225   22.9236780
   -106.4042350   22.9291154
   -106.4044043   22.9292547
   -106.4174792   22.9410144
   -106.4176356   22.9411681
   -106.4237728   22.9474676
   -106.4576496   22.9838062
   -106.4646290   22.9850839
   -106.4828501   22.9902403
   -106.5005018   22.9970968
   -106.5007139   22.9971910
   -106.5092766   23.0012382
   -106.5193065   23.0062728
   -106.5278161   23.0108043
   -106.5280217   23.0109202
   -106.5443370   23.0211862
   -106.5595881   23.0329752
   -106.5736335   23.0461776
   -106.5863426   23.0606709
   -106.5975975   23.0763203
   -106.6072935   23.0929805
   -106.6153406   23.1104968
   -106.6216640   23.1287065
   -106.6217306   23.1289330
   -106.6242270   23.1382451
   -106.6260662   23.1458327
   -106.6281169   23.1552859
   -106.6281622   23.1555221
   -106.6299320   23.1679843
   -106.6311699   23.1691578
   -106.6435144   23.1832817
   -106.6544813   23.1985000
   -106.6639743   23.2146789
   -106.6719097   23.2316759
   -106.6719977   23.2318903
   -106.6753590   23.2406491
   -106.6776398   23.2470364
   -106.6806713   23.2562218
   -106.6807390   23.2564448
   -106.6842306   23.2703373
   -106.6888407   23.2734668
   -106.6893720   23.2738537
   -106.6997554   23.2819496
   -106.7397252   23.3152862
   -106.7483953   23.3229535
   -106.7488169   23.3233488
   -106.7570290   23.3315048
   -106.7612813   23.3359799
   -106.7685515   23.3440597
   -106.7689035   23.3444729
   -106.7757241   23.3529358
   -106.7804730   23.3591675
   -106.7871023   23.3683994
   -106.7872607   23.3686338
   -106.7883254   23.3704200
   -106.7938635   23.3745398
   -106.8087960   23.3881965
   -106.8089723   23.3883750
   -106.8159014   23.3957523
   -106.8304340   23.4120316
   -106.8378536   23.4208409
   -106.8382113   23.4212913
   -106.8451114   23.4305132
   -106.8527822   23.4414052
   -106.8549098   23.4420977
   -106.8622599   23.4446490
   -106.8624832   23.4447315
   -106.8803283   23.4523196
   -106.8973546   23.4616002
   -106.9134022   23.4724861
   -106.9283200   23.4848749
   -106.9419680   23.4986501
   -106.9542179   23.5136823
   -106.9649543   23.5298302
   -106.9650764   23.5300346
   -106.9698450   23.5384799
   -106.9804396   23.5583536
   -106.9848367   23.5671123
   -106.9849407   23.5673326
   -106.9924223   23.5854431
   -106.9980959   23.6041988
   -106.9981549   23.6044352
   -106.9990047   23.6082315
   -107.0148925   23.6274250
   -107.0212684   23.6355454
   -107.0214211   23.6357506
   -107.0328743   23.6529234
   -107.0424965   23.6711853
   -107.0501851   23.6903417
   -107.0502680   23.6905837
   -107.0533609   23.7004339
   -107.0583199   23.7177825
   -107.0611065   23.7225413
   -107.1647089   23.8267014
   -107.1776522   23.8358141
   -107.1785925   23.8361761
   -107.1788125   23.8362647
   -107.1961043   23.8441982
   -107.1963149   23.8443072
   -107.2046583   23.8488817
   -107.2170074   23.8560397
   -107.2257482   23.8614103
   -107.2259624   23.8615496
   -107.2425610   23.8735988
   -107.2427598   23.8737593
   -107.2505740   23.8804063
   -107.2898271   23.9155706
   -107.4192182   23.9968777
   -107.4836205   24.0371707
   -107.4920343   24.0427348
   -107.4922403   24.0428786
   -107.5081735   24.0552430
   -107.5083640   24.0554069
   -107.5158428   24.0621757
   -107.5265218   24.0723424
   -107.5329873   24.0787853
   -107.5331432   24.0789479
   -107.5451672   24.0926945
   -107.5496524   24.0988811
   -107.5551676   24.1023802
   -107.5921473   24.1272204
   -107.6014894   24.1338926
   -107.6019462   24.1342390
   -107.6108900   24.1414363
   -107.6576453   24.1813250
   -107.8732710   24.3032442
   -107.8803168   24.3074208
   -107.8804933   24.3075304
   -107.8942882   24.3169130
   -107.9072531   24.3274128
   -107.9074084   24.3275497
   -107.9134988   24.3331457
   -107.9304916   24.3494199
   -107.9379257   24.3569260
   -107.9381048   24.3571167
   -107.9500244   24.3712298
   -108.0075666   24.4040926
   -108.0146151   24.4083124
   -108.0147887   24.4084212
   -108.0283365   24.4177109
   -108.0285006   24.4178336
   -108.0349769   24.4228878
   -108.1212716   24.4931316
   -108.1281414   24.4989863
   -108.1283093   24.4991361
   -108.1412474   24.5117720
   -108.1529912   24.5255249
   -108.1531289   24.5257017
   -108.1584690   24.5328868
   -108.1677261   24.5459427
   -108.1728815   24.5535807
   -108.1730051   24.5537731
   -108.1822338   24.5697205
   -108.1899557   24.5864494
   -108.1961054   24.6038180
   -108.1961717   24.6040369
   -108.1986400   24.6129152
   -108.2024141   24.6278114
   -108.2050912   24.6399511
   -108.2052060   24.6405611
   -108.2053116   24.6412374
   -108.2089429   24.6452156
   -108.2211557   24.6617160
   -108.2212963   24.6619280
   -108.2267517   24.6706265
   -108.2287561   24.6740127
   -108.2325559   24.6763426
   -108.2327445   24.6764642
   -108.2474747   24.6869324
   -108.2612000   24.6986874
   -108.2738082   24.7116333
   -108.2739573   24.7118010
   -108.2798099   24.7186879
   -108.3107295   24.7567833
   -108.3164362   24.7641595
   -108.3165742   24.7643466
   -108.3269257   24.7798563
   -108.3270456   24.7800555
   -108.3316680   24.7881553
   -108.3985171   24.9119128
   -108.4030870   24.9140852
   -108.4033273   24.9142075
   -108.4220612   24.9250578
   -108.4222869   24.9252054
   -108.4311861   24.9313749
   -108.4404151   24.9381503
   -108.4481380   24.9441153
   -108.4483254   24.9442675
   -108.4601343   24.9548538
   -108.4765439   24.9608210
   -108.4939062   24.9691010
   -108.5103928   24.9790106
   -108.5258511   24.9904582
   -108.5401383   25.0033379
   -108.5531220   25.0175305
   -108.5646822   25.0329048
   -108.5747121   25.0493186
   -108.5831187   25.0666199
   -108.5898243   25.0846489
   -108.5947670   25.1032386
   -108.5948126   25.1034509
   -108.5960435   25.1099312
   -108.6237956   25.1202696
   -108.6320225   25.1235435
   -108.6322298   25.1236314
   -108.6485272   25.1314248
   -108.6487258   25.1315310
   -108.6565939   25.1359717
   -108.6912118   25.1565541
   -108.6912881   25.1565745
   -108.7066220   25.1583671
   -108.7298181   25.1581515
   -108.7392228   25.1582852
   -108.7394343   25.1582932
   -108.7590461   25.1600033
   -108.7783948   25.1636331
   -108.7972928   25.1691475
   -108.8115968   25.1749003
   -108.8160561   25.1749584
   -108.8349640   25.1770115
   -108.8535913   25.1808512
   -108.8717697   25.1864430
   -108.8719884   25.1865218
   -108.8808576   25.1899595
   -108.9129720   25.2032938
   -108.9247943   25.2086588
   -108.9253755   25.2089456
   -108.9368248   25.2150663
   -108.9573106   25.2268884
   -108.9579999   25.2270350
   -108.9921026   25.2267532
   -109.0020069   25.2269166
   -109.0022571   25.2269270
   -109.0223772   25.2287793
   -109.0422076   25.2326522
   -109.0615461   25.2385061
   -109.0617819   25.2385907
   -109.0712047   25.2422427
   -109.0846882   25.2478643
   -109.0941894   25.2521191
   -109.0944191   25.2522292
   -109.1126936   25.2621919
   -109.1298338   25.2739998
   -109.1456539   25.2875252
   -109.1599827   25.3026214
   -109.1675538   25.3124737
   -109.1721757   25.3153669
   -109.1821744   25.3220523
   -109.1824180   25.3222260
   -109.2011208   25.3373374
   -109.2013418   25.3375391
   -109.2099783   25.3459104
   -109.2373998   25.3741380
   -109.2431800   25.3765738
   -109.2605674   25.3860230
   -109.2769358   25.3971442
   -109.2771183   25.3972819
   -109.2848699   25.4034361
   -109.3079168   25.4226823
   -109.3157443   25.4295732
   -109.3159347   25.4297498
   -109.3240059   25.4380615
   -109.3698840   25.4371921
   -109.3785032   25.4372146
   -109.3787205   25.4372198
   -109.3961440   25.4384034
   -109.4133978   25.4411024
   -109.4136101   25.4411452
   -109.4220513   25.4430370
   -109.4580206   25.4519195
   -109.4673990   25.4544787
   -109.4676083   25.4545414
   -109.4859369   25.4610109
   -109.5035508   25.4692290
   -109.5202839   25.4791181
   -109.5359780   25.4905848
   -109.5504850   25.5035207
   -109.5636678   25.5178037
   -109.5754018   25.5332989
   -109.5855764   25.5498599
   -109.5940953   25.5673304
   -109.6008782   25.5855453
   -109.6058609   25.6043326
   -109.6089964   25.6235148
   -109.6102551   25.6429108
   -109.6096251   25.6623374
   -109.6086568   25.6697646
   -109.6097340   25.6783427
   -109.6097542   25.6791534
   -109.6157299   25.6903268
   -109.6229558   25.7075225
   -109.6230343   25.7077367
   -109.6260381   25.7165685
   -109.6312672   25.7332058
   -109.6339263   25.7424356
   -109.6339866   25.7426655
   -109.6379611   25.7614547
   -109.6401151   25.7805385
   -109.6404288   25.7997409
   -109.6388993   25.8188848
   -109.6388690   25.8191206
   -109.6374168   25.8286154
   -109.6338880   25.8484820
   -109.6315547   25.8597318
   -109.6314221   25.8602900
   -109.6284465   25.8713872
   -109.6267876   25.8769322
   -109.6284921   25.8823423
   -109.6314297   25.8926169
   -109.6314960   25.8928746
   -109.6357054   25.9138208
   -109.6357439   25.9140841
   -109.6370037   25.9246959
   -109.6386577   25.9427326
   -109.6394332   25.9560862
   -109.6394495   25.9567537
   -109.6393306   25.9701292
   -109.6374846   26.0137060
   -109.6367013   26.0248393
   -109.6366741   26.0251158
   -109.6332523   26.0471647
   -109.6331945   26.0474364
   -109.6305667   26.0582834
   -109.6263158   26.0739115
   -109.6232533   26.0840936
   -109.6231705   26.0843444
   -109.6154453   26.1041489
   -109.6056616   26.1230217
   -109.6055278   26.1232493
   -109.5998977   26.1322691
   -109.5636464   26.1870489
   -109.5577522   26.1954766
   -109.5576000   26.1956827
   -109.5445520   26.2115742
   -109.5443795   26.2117635
   -109.5372602   26.2191853
   -109.5201185   26.2361594
   -109.5167779   26.2457956
   -109.5166756   26.2460652
   -109.5072178   26.2672088
   -109.5070850   26.2674647
   -109.5014540   26.2775904
   -109.4648411   26.3391583
   -109.4616360   26.3445492
   -109.4574519   26.3518684
   -109.4554908   26.3584926
   -109.4554211   26.3586956
   -109.4524512   26.3667720
   -109.4517602   26.3685333
   -109.4509374   26.3776175
   -109.4509000   26.3778769
   -109.4491126   26.3883078
   -109.4446123   26.4109538
   -109.4512389   26.4194078
   -109.4675374   26.4301167
   -109.4749167   26.4352056
   -109.4751016   26.4353393
   -109.4894842   26.4467834
   -109.5027555   26.4594995
   -109.5120625   26.4702224
   -109.5229508   26.4712381
   -109.5426599   26.4750995
   -109.5618823   26.4809182
   -109.5621049   26.4809980
   -109.5714728   26.4846236
   -109.5851627   26.4903214
   -109.6032675   26.4835445
   -109.6222872   26.4784902
   -109.6417116   26.4753297
   -109.6613525   26.4740935
   -109.6810199   26.4747936
   -109.6812549   26.4748136
   -109.6910389   26.4758884
   -109.7209358   26.4799193
   -109.7295524   26.4812730
   -109.7297665   26.4813114
   -109.7468139   26.4851475
   -109.7634615   26.4904568
   -109.7636648   26.4905316
   -109.7717218   26.4936944
   -109.7975767   26.5044951
   -109.8357080   26.5181881
   -109.8458540   26.5221466
   -109.8461044   26.5222522
   -109.8657759   26.5318511
   -109.8842807   26.5435421
   -109.8845022   26.5436996
   -109.8932471   26.5502869
   -109.9090300   26.5628672
   -109.9171308   26.5696825
   -109.9175262   26.5700335
   -109.9252550   26.5772679
   -109.9717832   26.6231896
   -109.9779787   26.6295828
   -109.9781296   26.6297456
   -109.9896370   26.6433269
   -109.9897728   26.6435024
   -109.9950619   26.6506636
   -110.0196540   26.6855596
   -110.0251195   26.6937348
   -110.0252500   26.6939408
   -110.0349434   26.7110471
   -110.0429103   26.7290225
   -110.0490736   26.7476934
   -110.0491386   26.7479284
   -110.0515246   26.7574684
   -110.0591365   26.7914287
   -110.0646082   26.8009908
   -110.0647151   26.8011998
   -110.0688047   26.8096854
   -110.0825969   26.8401153
   -110.0866853   26.8498056
   -110.0867808   26.8500495
   -110.0880928   26.8540040
   -110.1048833   26.8761871
   -110.1104618   26.8839350
   -110.1105999   26.8841366
   -110.1133028   26.8885450
   -110.1217967   26.8907514
   -110.1397360   26.8972928
   -110.1569696   26.9055151
   -110.1733406   26.9153434
   -110.1735323   26.9154713
   -110.1789952   26.9193082
   -110.1964865   26.9240036
   -110.2351679   26.9324983
   -110.2401482   26.9336590
   -110.2403988   26.9337207
   -110.2453945   26.9350211
   -110.2586484   26.9386544
   -110.2727107   26.9409011
   -110.2771976   26.9416704
   -110.2774457   26.9417159
   -110.2823979   26.9426879
   -110.3060560   26.9476421
   -110.3071930   26.9478836
   -110.3072498   26.9478958
   -110.3083853   26.9481440
   -110.3306830   26.9530845
   -110.3387997   26.9550616
   -110.3390010   26.9551152
   -110.3549791   26.9600870
   -110.3704856   26.9663771
   -110.3706745   26.9664631
   -110.3781515   26.9700560
   -110.4056063   26.9839568
   -110.4159737   26.9884490
   -110.4249178   26.9925892
   -110.4251417   26.9926996
   -110.4427281   27.0025026
   -110.4592398   27.0140242
   -110.4745094   27.0271475
   -110.4746902   27.0273195
   -110.4818103   27.0344409
   -110.5166691   27.0711070
   -110.5193900   27.0740269
   -110.5195246   27.0741742
   -110.5221868   27.0771478
   -110.5287299   27.0846047
   -110.5328714   27.0843771
   -110.5518494   27.0851387
   -110.5706696   27.0876972
   -110.5891622   27.0920294
   -110.5893878   27.0920937
   -110.5987754   27.0950203
   -110.6525523   27.1132474
   -110.6609738   27.1163138
   -110.6611809   27.1163945
   -110.6775860   27.1236512
   -110.6932749   27.1323485
   -110.7081215   27.1424167
   -110.7220061   27.1537746
   -110.7221714   27.1539226
   -110.7286596   27.1600000
   -110.7439468   27.1749710
   -110.7503799   27.1815681
   -110.7505344   27.1817339
   -110.7624555   27.1957814
   -110.7730333   27.2108662
   -110.7821781   27.2268605
   -110.7898123   27.2436284
   -110.7958710   27.2610277
   -110.8003030   27.2789107
   -110.8030705   27.2971256
   -110.8030942   27.2973510
   -110.8038459   27.3065347
   -110.8061926   27.3465147
   -110.8065212   27.3606858
   -110.8065125   27.3613931
   -110.8058366   27.3755518
   -110.8038941   27.3988595
   -110.8027300   27.4094263
   -110.8026940   27.4096886
   -110.7986911   27.4305621
   -110.7986275   27.4308190
   -110.7958001   27.4410668
   -110.7888536   27.4638627
   -110.7878635   27.4669012
   -110.7881410   27.4789117
   -110.8096199   27.5276471
   -110.8133691   27.5367556
   -110.8134588   27.5369895
   -110.8197256   27.5562012
   -110.8240218   27.5759472
   -110.8263035   27.5960259
   -110.8263192   27.5962759
   -110.8266965   27.6063761
   -110.8270836   27.6384501
   -110.8269759   27.6478567
   -110.8269677   27.6480889
   -110.8269674   27.6480936
   -110.8328336   27.6461500
   -110.8520777   27.6418209
   -110.8716546   27.6394085
   -110.8913739   27.6389363
   -110.9110438   27.6404088
   -110.9304731   27.6438117
   -110.9494726   27.6491119
   -110.9678576   27.6562579
   -110.9854493   27.6651802
   -111.0020766   27.6757920
   -111.0175777   27.6879900
   -111.0318018   27.7016556
   -111.0379475   27.7088528
   -111.0462390   27.7131720
   -111.0614716   27.7229527
   -111.0757575   27.7340707
   -111.0782346   27.7363870
   -111.0797623   27.7363432
   -111.0953376   27.7356066
   -111.1049092   27.7353834
   -111.1051340   27.7353835
   -111.1242940   27.7363153
   -111.1432766   27.7390784
   -111.1619072   27.7436474
   -111.1800144   27.7499802
   -111.1974316   27.7580187
   -111.2139985   27.7676887
   -111.2295629   27.7789015
   -111.2439814   27.7915538
   -111.2458380   27.7935284
   -111.2518011   27.7889527
   -111.2685003   27.7785725
   -111.2861380   27.7698822
   -111.3045439   27.7629658
   -111.3235399   27.7578902
   -111.3429426   27.7547043
   -111.3625643   27.7534391
   -111.3822154   27.7541068
   -111.4017060   27.7567008
   -111.4019253   27.7567410
   -111.4115514   27.7587533
   -111.4274252   27.7624812
   -111.4373889   27.7650936
   -111.4376312   27.7651638
   -111.4570894   27.7719089
   -111.4757509   27.7806192
   -111.4934177   27.7912023
   -111.5099026   27.8035461
   -111.5250307   27.8175197
   -111.5386416   27.8329748
   -111.5505910   27.8497477
   -111.5507266   27.8499604
   -111.5560380   27.8587860
   -111.5605015   27.8666544
   -111.5650293   27.8739749
   -111.5699230   27.8823326
   -111.5700377   27.8825399
   -111.5786785   27.9001363
   -111.5855551   27.9184941
   -111.5906014   27.9374369
   -111.5937690   27.9567827
   -111.5950275   27.9763457
   -111.5943647   27.9959380
   -111.5917870   28.0153712
   -111.5873191   28.0344588
   -111.5810041   28.0530172
   -111.5729026   28.0708683
   -111.5630923   28.0878405
   -111.5516677   28.1037707
   -111.5515203   28.1039562
   -111.5452363   28.1114823
   -111.5434768   28.1134876
   -111.5436115   28.1136962
   -111.5461777   28.1178982
   -111.5504168   28.1251801
   -111.5505187   28.1253639
   -111.5580708   28.1404581
   -111.5597395   28.1446422
   -111.5600236   28.1451599
   -111.5636947   28.1523252
   -111.5680419   28.1558515
   -111.5682095   28.1559936
   -111.5811557   28.1679986
   -111.5929927   28.1810985
   -111.5931321   28.1812672
   -111.5985536   28.1881275
   -111.6112280   28.2049068
   -111.6163833   28.2120540
   -111.6165074   28.2122343
   -111.6189964   28.2162150
   -111.6449564   28.2242390
   -111.6571863   28.2284571
   -111.6577897   28.2286873
   -111.6697213   28.2336873
   -111.7221638   28.2576858
   -111.7260366   28.2589622
   -111.7405421   28.2621414
   -111.7430311   28.2627036
   -111.7431756   28.2627372
   -111.7460602   28.2634307
   -111.7563096   28.2659753
   -111.7656740   28.2685431
   -111.7659010   28.2686113
   -111.7842010   28.2750942
   -111.8017862   28.2833208
   -111.8184909   28.2932137
   -111.8341578   28.3046797
   -111.8486391   28.3176106
   -111.8617984   28.3318847
   -111.8735118   28.3473675
   -111.8836688   28.3639130
   -111.8921737   28.3813653
   -111.8922671   28.3815832
   -111.8958743   28.3905983
   -111.9078681   28.4228193
   -111.9225222   28.4536453
   -111.9243870   28.4576832
   -111.9244816   28.4578944
   -111.9263268   28.4621403
   -111.9264658   28.4624707
   -112.0498835   28.5676107
   -112.0582138   28.5751205
   -112.0584166   28.5753139
   -112.0738040   28.5917380
   -112.0739838   28.5919530
   -112.0809602   28.6007882
   -112.0940483   28.6183586
   -112.0966025   28.6211434
   -112.1026747   28.6280781
   -112.1028297   28.6282636
   -112.1066290   28.6333026
   -112.1154099   28.6240954
   -112.1302622   28.6113026
   -112.1462955   28.6000252
   -112.1464923   28.5999007
   -112.1549041   28.5948647
   -112.1644728   28.5894501
   -112.1735559   28.5846145
   -112.1737806   28.5845022
   -112.1926323   28.5762632
   -112.2122306   28.5700045
   -112.2182418   28.5687471
   -112.2251768   28.5650945
   -112.2431962   28.5577415
   -112.2618450   28.5521748
   -112.2809466   28.5484470
   -112.3003200   28.5465934
   -112.3197819   28.5466316
   -112.3391479   28.5485611
   -112.3582347   28.5523638
   -112.3768615   28.5580036
   -112.3808705   28.5596579
   -112.3879735   28.5603527
   -112.3883730   28.5604307
   -112.3959968   28.5496105
   -112.4081013   28.5354422
   -112.4214718   28.5224621
   -112.4359925   28.5107827
   -112.4515372   28.5005055
   -112.4679709   28.4917197
   -112.4851510   28.4845016
   -112.5029283   28.4789138
   -112.5031493   28.4788555
   -112.5122139   28.4766887
   -112.5298501   28.4729051
   -112.5400578   28.4709910
   -112.5403118   28.4709501
   -112.5609563   28.4687230
   -112.5817204   28.4686482
   -112.5935287   28.4698362
   -112.5955057   28.4670703
   -112.6081783   28.4525344
   -112.6083346   28.4523716
   -112.6151817   28.4455787
   -112.6244824   28.4367862
   -112.6313437   28.4305938
   -112.6315182   28.4304434
   -112.6450154   28.4198643
   -112.6451790   28.4093851
   -112.6474398   28.3897347
   -112.6498230   28.3787415
   -112.6499066   28.3703243
   -112.6521175   28.3503703
   -112.6531607   28.3454944
   -112.6498638   28.3423527
   -112.6448553   28.3373190
   -112.6380416   28.3301229
   -112.6378842   28.3299483
   -112.6253671   28.3145885
   -112.6144312   28.2980656
   -112.6051839   28.2805416
   -112.5977160   28.2621886
   -112.5921007   28.2431867
   -112.5883932   28.2237225
   -112.5866299   28.2039869
   -112.5868281   28.1841737
   -112.5889857   28.1644774
   -112.5930818   28.1450912
   -112.5981110   28.1292457
   -112.5953462   28.1185429
   -112.5952975   28.1183065
   -112.5935398   28.1085682
   -112.5933821   28.1075516
   -112.5912560   28.1045167
   -112.5818061   28.0878253
   -112.5739986   28.0703054
   -112.5679053   28.0521182
   -112.5635822   28.0334309
   -112.5610692   28.0144155
   -112.5608593   28.0084997
   -112.5582151   27.9937686
   -112.5566684   27.9736981
   -112.5571470   27.9535738
   -112.5571654   27.9533250
   -112.5580745   27.9441997
   -112.5562195   27.9418339
   -112.5458209   27.9255513
   -112.5370419   27.9083414
   -112.5299644   27.8903647
   -112.5261164   27.8769035
   -112.5237123   27.8706847
   -112.5093592   27.8589350
   -112.5091837   27.8587767
   -112.5021951   27.8521585
   -112.4960108   27.8460130
   -112.4892659   27.8389756
   -112.4891029   27.8387971
   -112.4831715   27.8316259
   -112.4787631   27.8304924
   -112.4691251   27.8277553
   -112.4688873   27.8276813
   -112.4500826   27.8207773
   -112.4399798   27.8158713
   -112.4398234   27.8158241
   -112.4314915   27.8131120
   -112.4193978   27.8088801
   -112.4099114   27.8052882
   -112.4096787   27.8051932
   -112.3913129   27.7965907
   -112.3739127   27.7861724
   -112.3713253   27.7842421
   -112.3689236   27.7836814
   -112.3687127   27.7836274
   -112.3519403   27.7785389
   -112.3356778   27.7720015
   -112.3200502   27.7640653
   -112.3198606   27.7639583
   -112.3123225   27.7594844
   -112.3028456   27.7535750
   -112.2776716   27.7398571
   -112.2673596   27.7338316
   -112.2671055   27.7336728
   -112.2474934   27.7197042
   -112.2472603   27.7195160
   -112.2381202   27.7116719
   -112.2201407   27.6952760
   -112.2127294   27.6881603
   -112.2125519   27.6879809
   -112.1988734   27.6726557
   -112.1868390   27.6560082
   -112.1820244   27.6476608
   -112.1712979   27.6342762
   -112.1610763   27.6187656
   -112.1523378   27.6023734
   -112.1522391   27.6021656
   -112.1484501   27.5936829
   -112.1393969   27.5720811
   -112.1361756   27.5638941
   -112.1360998   27.5636882
   -112.1307433   27.5468960
   -112.1268860   27.5296974
   -112.1268477   27.5294823
   -112.1255024   27.5208571
   -112.1225906   27.4990757
   -112.1149547   27.4832851
   -112.1147230   27.4826564
   -112.1144450   27.4823403
   -112.1112342   27.4778984
   -112.1015302   27.4691219
   -112.0994949   27.4811030
   -112.0994415   27.4813426
   -112.0969845   27.4911937
   -112.0939151   27.5022924
   -112.0909502   27.5120399
   -112.0908722   27.5122745
   -112.0834736   27.5312537
   -112.0741828   27.5493819
   -112.0630962   27.5664710
   -112.0503288   27.5823437
   -112.0360130   27.5968354
   -112.0202975   27.6097957
   -112.0033451   27.6210903
   -111.9853318   27.6306018
   -111.9664444   27.6382318
   -111.9468789   27.6439009
   -111.9466382   27.6439575
   -111.9366643   27.6460376
   -111.9153967   27.6499106
   -111.9060561   27.6513844
   -111.9058247   27.6514153
   -111.8869869   27.6530311
   -111.8680808   27.6528608
   -111.8492753   27.6509060
   -111.8307383   27.6471841
   -111.8126357   27.6417285
   -111.8124155   27.6416506
   -111.8035778   27.6382872
   -111.7876836   27.6318042
   -111.7779228   27.6275161
   -111.7776848   27.6274038
   -111.7589173   27.6172990
   -111.7413318   27.6052543
   -111.7251281   27.5914065
   -111.7104900   27.5759129
   -111.7103197   27.5757123
   -111.7036406   27.5674026
   -111.6973680   27.5591580
   -111.6917928   27.5514569
   -111.6916615   27.5512661
   -111.6816398   27.5351132
   -111.6731968   27.5180817
   -111.6664090   27.5003257
   -111.6613376   27.4820054
   -111.6580284   27.4632864
   -111.6565113   27.4443378
   -111.6568000   27.4253307
   -111.6588919   27.4064369
   -111.6627681   27.3878271
   -111.6683936   27.3696693
   -111.6684726   27.3694515
   -111.6719261   27.3605936
   -111.6749676   27.3533089
   -111.6789412   27.3444081
   -111.6790432   27.3441940
   -111.6882669   27.3270255
   -111.6991179   27.3108364
   -111.7114930   27.2957802
   -111.7252748   27.2820000
   -111.7403325   27.2696266
   -111.7565229   27.2587776
   -111.7736924   27.2495558
   -111.7916780   27.2420490
   -111.8103088   27.2363284
   -111.8107171   27.2362454
   -111.8085633   27.2342861
   -111.7951711   27.2193956
   -111.7833353   27.2032404
   -111.7731744   27.1859824
   -111.7647905   27.1677949
   -111.7582675   27.1488600
   -111.7562665   27.1403748
   -111.7539052   27.1333351
   -111.7538384   27.1330971
   -111.7513775   27.1234041
   -111.7492868   27.1142113
   -111.7473959   27.1048739
   -111.7473558   27.1046484
   -111.7449177   27.0857567
   -111.7447960   27.0820765
   -111.7330394   27.0772426
   -111.7328234   27.0771412
   -111.7240504   27.0727544
   -111.7014989   27.0607781
   -111.6930591   27.0560305
   -111.6928548   27.0559090
   -111.6767135   27.0452171
   -111.6616816   27.0330146
   -111.6578170   27.0292012
   -111.6499410   27.0240085
   -111.6497425   27.0238631
   -111.6419223   27.0178317
   -111.6193729   26.9995348
   -111.6130509   26.9941841
   -111.6128960   26.9940475
   -111.6009234   26.9825636
   -111.5899437   26.9701271
   -111.5898140   26.9699672
   -111.5847631   26.9634754
   -111.5835940   26.9619074
   -111.5738725   26.9573522
   -111.5573153   26.9475526
   -111.5417764   26.9362073
   -111.5273996   26.9234215
   -111.5143178   26.9093134
   -111.5082739   26.9013865
   -111.5074362   26.9008302
   -111.4981903   26.8933273
   -111.4948881   26.8920338
   -111.4946590   26.8919373
   -111.4763306   26.8830915
   -111.4589961   26.8724288
   -111.4428349   26.8600598
   -111.4280143   26.8461123
   -111.4260346   26.8438273
   -111.4156970   26.8340553
   -111.4027984   26.8192032
   -111.3914212   26.8031558
   -111.3816755   26.7860683
   -111.3736556   26.7681061
   -111.3674390   26.7494429
   -111.3630859   26.7302593
   -111.3606505   26.7108375
   -111.3522049   26.7059712
   -111.3366089   26.6948728
   -111.3221453   26.6823344
   -111.3089467   26.6684706
   -111.3025518   26.6603168
   -111.2941796   26.6519573
   -111.2817274   26.6368108
   -111.2708184   26.6205177
   -111.2615571   26.6032347
   -111.2540328   26.5851279
   -111.2483177   26.5663713
   -111.2444668   26.5471452
   -111.2425170   26.5276344
   -111.2424871   26.5080265
   -111.2443774   26.4885098
   -111.2477456   26.4714236
   -111.2437330   26.4640906
   -111.2422842   26.4606519
   -111.2379306   26.4554908
   -111.2377835   26.4553078
   -111.2266399   26.4400160
   -111.2169913   26.4237396
   -111.2089240   26.4066243
   -111.2088340   26.4064074
   -111.2054165   26.3975827
   -111.1998965   26.3822624
   -111.1959351   26.3700526
   -111.1957570   26.3694370
   -111.1925871   26.3569983
   -111.1895502   26.3432525
   -111.1877653   26.3341837
   -111.1876867   26.3337287
   -111.1863227   26.3245871
   -111.1856338   26.3191050
   -111.1684904   26.3108968
   -111.1514691   26.3005503
   -111.1355614   26.2885619
   -111.1209251   26.2750506
   -111.1143300   26.2676170
   -111.1047448   26.2669971
   -111.1032597   26.2667518
   -111.0896087   26.2690356
   -111.0800368   26.2704000
   -111.0798237   26.2704252
   -111.0605382   26.2717593
   -111.0412140   26.2712253
   -111.0220317   26.2688282
   -111.0031703   26.2645902
   -110.9848063   26.2585512
   -110.9671111   26.2507673
   -110.9502500   26.2413115
   -110.9343806   26.2302720
   -110.9196511   26.2177519
   -110.9061992   26.2038683
   -110.8941505   26.1887508
   -110.8836176   26.1725407
   -110.8746990   26.1553894
   -110.8674778   26.1374572
   -110.8620217   26.1189115
   -110.8583815   26.0999258
   -110.8565913   26.0806773
   -110.8566678   26.0613459
   -110.8586103   26.0421122
   -110.8624007   26.0231559
   -110.8670414   26.0078310
   -110.8666488   26.0054257
   -110.8653871   25.9862772
   -110.8653829   25.9860435
   -110.8654424   25.9764460
   -110.8657443   25.9664482
   -110.8664389   25.9547744
   -110.8664647   25.9544845
   -110.8698926   25.9313581
   -110.8699520   25.9310733
   -110.8726735   25.9196999
   -110.8742571   25.9138439
   -110.8770485   25.9044432
   -110.8771177   25.9042292
   -110.8840649   25.8858943
   -110.8865670   25.8808473
   -110.8779123   25.8860820
   -110.8611881   25.8941818
   -110.8437843   25.9006945
   -110.8435668   25.9007645
   -110.8346568   25.9034075
   -110.8260539   25.9057434
   -110.8166874   25.9080457
   -110.8164632   25.9080951
   -110.7974520   25.9113324
   -110.7782173   25.9127237
   -110.7589380   25.9122560
   -110.7397935   25.9099336
   -110.7209616   25.9057782
   -110.7026174   25.8998284
   -110.6849316   25.8921394
   -110.6680686   25.8827828
   -110.6521851   25.8718456
   -110.6374288   25.8594294
   -110.6239370   25.8456498
   -110.6118350   25.8306348
   -110.6012354   25.8145240
   -110.5966376   25.8058088
   -110.5952211   25.8038793
   -110.5851821   25.7869290
   -110.5768594   25.7690732
   -110.5703337   25.7504853
   -110.5656684   25.7313455
   -110.5629087   25.7118396
   -110.5620814   25.6921568
   -110.5626532   25.6820526
   -110.5612287   25.6731283
   -110.5548721   25.6240044
   -110.5538549   25.6142821
   -110.5538361   25.6140475
   -110.5532319   25.5945120
   -110.5545373   25.5750107
   -110.5577400   25.5557300
   -110.5628093   25.5368540
   -110.5696969   25.5185629
   -110.5783370   25.5010314
   -110.5886187   25.4844725
   -110.5836278   25.4816466
   -110.5673974   25.4701922
   -110.5523833   25.4571842
   -110.5387338   25.4427509
   -110.5265834   25.4270347
   -110.5160521   25.4101907
   -110.5072437   25.3923850
   -110.5002452   25.3737933
   -110.5001752   25.3735750
   -110.4973769   25.3640415
   -110.4963428   25.3601645
   -110.4940926   25.3508346
   -110.4940431   25.3506055
   -110.4908974   25.3316759
   -110.4895802   25.3125319
   -110.4901038   25.2933498
   -110.4924633   25.2743062
   -110.4966371   25.2555764
   -110.5025865   25.2373327
   -110.5102570   25.2197432
   -110.5118065   25.2169548
   -110.4986768   25.2107440
   -110.4815969   25.2004698
   -110.4656245   25.1885465
   -110.4509182   25.1750927
   -110.4408090   25.1637998
   -110.4308168   25.1544002
   -110.4177511   25.1393954
   -110.4062409   25.1231666
   -110.3964001   25.1058745
   -110.3883260   25.0876902
   -110.3844729   25.0759981
   -110.3832669   25.0734121
   -110.3768561   25.0553084
   -110.3722114   25.0366733
   -110.3721651   25.0364407
   -110.3705190   25.0269774
   -110.3680414   25.0103828
   -110.3671278   25.0027946
   -110.3655926   25.0008609
   -110.3654532   25.0006766
   -110.3543624   24.9844118
   -110.3449243   24.9671354
   -110.3372305   24.9490149
   -110.3313554   24.9302257
   -110.3273560   24.9109499
   -110.3252710   24.8913743
   -110.3251206   24.8716886
   -110.3269063   24.8520835
   -110.3306108   24.8327489
   -110.3361981   24.8138721
   -110.3436142   24.7956361
   -110.3493843   24.7846792
   -110.3392461   24.7821189
   -110.3390266   24.7820521
   -110.3298785   24.7790241
   -110.3193196   24.7752446
   -110.3104316   24.7718223
   -110.3102153   24.7717331
   -110.2929781   24.7636394
   -110.2765887   24.7539431
   -110.2611959   24.7427320
   -110.2469390   24.7301078
   -110.2339474   24.7161848
   -110.2223389   24.7010894
   -110.2170947   24.6927306
   -110.2065255   24.6806839
   -110.2021111   24.6744221
   -110.1971628   24.6715799
   -110.1814593   24.6604231
   -110.1669019   24.6478072
   -110.1536258   24.6338495
   -110.1417541   24.6186792
   -110.1313969   24.6024371
   -110.1226503   24.5852740
   -110.1196131   24.5775572
   -110.1112140   24.5634934
   -110.1026661   24.5452151
   -110.0960035   24.5261686
   -110.0912940   24.5065477
   -110.0901492   24.4980957
   -110.0872418   24.5019709
   -110.0742973   24.5161551
   -110.0600522   24.5290325
   -110.0446377   24.5404843
   -110.0281961   24.5504051
   -110.0108787   24.5587034
   -109.9928454   24.5653026
   -109.9742623   24.5701419
   -109.9553007   24.5731767
   -109.9361355   24.5743791
   -109.9169433   24.5737379
   -109.8979011   24.5712590
   -109.8976771   24.5712188
   -109.8882671   24.5692968
   -109.8822584   24.5679184
   -109.8732653   24.5656345
   -109.8730455   24.5655732
   -109.8554253   24.5597674
   -109.8384188   24.5523539
   -109.8221724   24.5433964
   -109.8068259   24.5329720
   -109.7925114   24.5211705
   -109.7793520   24.5080933
   -109.7674610   24.4938531
   -109.7673231   24.4936714
   -109.7618856   24.4861530
   -109.7546449   24.4756360
   -109.7495177   24.4678022
   -109.7493953   24.4676053
   -109.7402679   24.4512613
   -109.7356480   24.4407948
   -109.7310728   24.4348162
   -109.7309469   24.4346447
   -109.7214283   24.4204453
   -109.7131570   24.4054849
   -109.7130624   24.4052952
   -109.7094456   24.3976349
   -109.7048173   24.3872693
   -109.6957857   24.3757890
   -109.6864308   24.3615535
   -109.6863224   24.3613722
   -109.6821449   24.3540366
   -109.6801996   24.3504466
   -109.6703424   24.3387961
   -109.6635216   24.3302732
   -109.6633576   24.3300565
   -109.6511604   24.3119588
   -109.6510211   24.3117255
   -109.6456810   24.3022046
   -109.6316243   24.2754570
   -109.6277049   24.2675831
   -109.6276119   24.2673855
   -109.6208298   24.2511592
   -109.6171775   24.2396762
   -109.6093949   24.2204492
   -109.6036302   24.2004345
   -109.5999784   24.1799287
   -109.5984790   24.1591544
   -109.5991482   24.1383368
   -109.6019789   24.1177016
   -109.6020268   24.1174503
   -109.6042440   24.1072713
   -109.6085622   24.0896649
   -109.6111940   24.0799897
   -109.6112624   24.0797610
   -109.6116586   24.0786438
   -109.6114758   24.0781192
   -109.6067558   24.0582285
   -109.6040908   24.0379599
   -109.6035089   24.0175251
   -109.6050161   23.9971376
   -109.6050473   23.9968891
   -109.6058898   23.9913326
   -109.6016510   23.9866765
   -109.5917311   23.9781513
   -109.5853828   23.9724558
   -109.5852171   23.9723006
   -109.5724499   23.9591990
   -109.5609333   23.9449857
   -109.5578863   23.9404298
   -109.5484021   23.9306496
   -109.5364841   23.9157478
   -109.5260405   23.8997779
   -109.5171663   23.8828855
   -109.5099424   23.8652243
   -109.5044344   23.8469550
   -109.5006926   23.8282440
   -109.4987509   23.8092615
   -109.4986271   23.7901804
   -109.4986877   23.7895003
   -109.4935710   23.7870137
   -109.4933582   23.7869039
   -109.4907370   23.7853863
   -109.4870780   23.7846939
   -109.4772950   23.7825878
   -109.4770533   23.7825294
   -109.4577676   23.7768295
   -109.4391518   23.7692217
   -109.4213941   23.7597829
   -109.4046741   23.7486085
   -109.4044746   23.7484601
   -109.3998686   23.7448514
   -109.3977825   23.7440687
   -109.3814343   23.7361771
   -109.3812360   23.7360700
   -109.3733473   23.7315760
   -109.3653179   23.7267572
   -109.3567001   23.7212814
   -109.3564937   23.7211427
   -109.3401519   23.7089084
   -109.3251423   23.6950719
   -109.3116214   23.6797774
   -109.2997300   23.6631843
   -109.2895920   23.6454655
   -109.2813130   23.6268055
   -109.2749793   23.6073988
   -109.2706568   23.5874476
   -109.2702029   23.5833841
   -109.2599660   23.5695219
   -109.2501601   23.5531934
   -109.2419520   23.5360062
   -109.2354160   23.5181161
   -109.2306114   23.4996854
   -109.2305631   23.4994558
   -109.2288243   23.4900898
   -109.2259946   23.4725257
   -109.2234121   23.4655238
   -109.2183529   23.4458524
   -109.2153149   23.4257692
   -109.2152905   23.4255248
   -109.2145401   23.4153934
   -109.2138737   23.4016720
   -109.2136419   23.3907540
   -109.2136436   23.3904829
   -109.2149678   23.3686903
   -109.2186595   23.3471719
   -109.2187198   23.3469077
   -109.2214408   23.3363316
   -109.2240038   23.3273893
   -109.2239993   23.3254778
   -109.2240115   23.3252266
   -109.2247598   23.3151039
   -109.2257559   23.3050927
   -109.2256835   23.3008489
   -109.2257384   23.2916460
   -109.2257456   23.2913967
   -109.2273543   23.2712257
   -109.2309929   23.2513206
   -109.2366242   23.2318850
   -109.2378218   23.2289147
   -109.2385682   23.2212590
   -109.2400017   23.2099217
   -109.2400452   23.2096416
   -109.2448409   23.1873047
   -109.2521526   23.1656606
   -109.2522585   23.1653976
   -109.2568293   23.1549240
   -109.2612429   23.1455507
   -109.2638295   23.1402609
   -109.2639627   23.1399984
   -109.2640279   23.1398743
   -109.2655017   23.1350064
   -109.2729970   23.1168805
   -109.2822318   23.0995759
   -109.2931172   23.0832591
   -109.3055486   23.0680870
   -109.3125575   23.0610662
   -109.3134089   23.0599027
   -109.3134105   23.0599039
   -109.3139490   23.0591663
   -109.3331420   23.0331586
   -109.3387836   23.0258715
   -109.3389278   23.0256939
   -109.3511874   23.0119373
   -109.3526451   23.0105775
   -109.3592738   23.0012814
   -109.3722638   22.9864165
   -109.3761044   22.9828107
   -109.3861180   22.9710620
   -109.4004868   22.9572594
   -109.4161576   22.9449551
   -109.4329748   22.9342709
   -109.4507717   22.9253131
   -109.4509952   22.9252142
   -109.4549456   22.9235832
   -109.4578302   22.9212167
   -109.4736926   22.9105623
   -109.4904994   22.9014703
   -109.5080971   22.8940238
   -109.5263252   22.8882906
   -109.5450173   22.8843231
   -109.5563548   22.8830300
   -109.5606186   22.8775500
   -109.5607697   22.8773739
   -109.5671879   22.8702477
   -109.5859873   22.8503548
   -109.5930387   22.8432577
   -109.5932164   22.8430876
   -109.6083387   22.8299946
   -109.6246933   22.8184777
   -109.6421165   22.8086521
   -109.6584240   22.8014978
   -109.6656308   22.7936323
   -109.6658091   22.7934566
   -109.6732427   22.7864942
   -109.6910972   22.7706054
   -109.6952766   22.7669884
   -109.6954880   22.7668105
   -109.6997658   22.7633103
   -109.7120774   22.7535175
   -109.7172308   22.7495535
   -109.7174916   22.7493596
   -109.7227712   22.7455651
   -109.7367634   22.7358498
   -109.7462700   22.7296414
   -109.7465101   22.7294941
   -109.7665025   22.7187440
   -109.7731564   22.7160879
   -109.7860849   22.7067318
   -109.8026984   22.6969949
   -109.8201712   22.6889010
   -109.8383414   22.6825249
   -109.8570406   22.6779258
   -109.8760954   22.6751464
   -109.8763117   22.6751254
   -109.8859174   22.6744267
   -109.9247190   22.6725424
   -109.9288325   22.6723851
   -109.9290382   22.6723793
   -109.9331540   22.6723067
   -109.9527721   22.6721623
   -109.9628449   22.6723419
   -109.9630937   22.6723526
   -109.9831484   22.6742311
   -110.0029124   22.6781172
   -110.0221852   22.6839715
   -110.0407715   22.6917348
   -110.0408697   22.6917817
   -110.0408880   22.6917873
   -110.0410957   22.6918558
   -110.0575243   22.6980894
   -110.0733423   22.7057409
   -110.0735341   22.7058442
   -110.0811030   22.7101402
   -110.1018746   22.7225348
   -110.1123866   22.7292609
   -110.1129007   22.7296129
   -110.1229727   22.7369814
   -110.1503160   22.7583263
   -110.1593241   22.7657924
   -110.1597628   22.7661783
   -110.1683190   22.7741583
   -110.1838826   22.7895496
   -110.1887693   22.7945543
   -110.1890092   22.7948087
   -110.1937180   22.7999812
   -110.2101053   22.8186273
   -110.2155768   22.8251263
   -110.2157098   22.8252912
   -110.2258006   22.8389567
   -110.2259191   22.8391323
   -110.2305203   22.8462740
   -110.2486214   22.8757257
   -110.2535587   22.8842200
   -110.2536765   22.8844346
   -110.2622710   22.9020987
   -110.2623671   22.9023239
   -110.2635416   22.9052717
   -110.2706485   22.9159856
   -110.2804165   22.9347550
   -110.2881468   22.9544513
   -110.2882290   22.9546985
   -110.2913021   22.9648257
   -110.2995699   22.9949144
   -110.3023897   23.0065235
   -110.3024512   23.0068142
   -110.3059889   23.0304335
   -110.3060153   23.0307295
   -110.3067205   23.0426553
   -110.3067294   23.0429606
   -110.3436381   23.1704849
   -110.3454804   23.1772980
   -110.3455258   23.1774787
   -110.3486247   23.1920815
   -110.3486565   23.1922651
   -110.3497951   23.1996431
   -110.3542272   23.2324094
   -110.3556771   23.2346232
   -110.3793216   23.2726385
   -110.3834552   23.2795944
   -110.3835547   23.2797700
   -110.3838860   23.2804133
   -110.3904075   23.2883362
   -110.4020652   23.3060254
   -110.4117865   23.3248485
   -110.4191612   23.3438202
   -110.4245703   23.3527202
   -110.4342199   23.3635703
   -110.4467909   23.3812374
   -110.4469349   23.3814649
   -110.4524838   23.3907835
   -110.4644531   23.4121835
   -110.4683363   23.4155002
   -110.4909819   23.4279961
   -110.6009422   23.4738584
   -110.6021372   23.4743614
   -110.6022011   23.4743885
   -110.6034775   23.4749359
   -110.6565361   23.4979067
   -110.6670541   23.5028276
   -110.6673122   23.5029576
   -110.6874038   23.5145873
   -110.6876451   23.5147464
   -110.6971510   23.5214159
   -110.7668090   23.5733713
   -110.7778631   23.5822427
   -110.7783987   23.5827047
   -110.7887968   23.5923368
   -110.8942374   23.6971924
   -110.8982171   23.7012643
   -110.8984131   23.7014706
   -110.9022753   23.7056542
   -110.9565705   23.7661735
   -110.9618185   23.7708175
   -110.9622867   23.7709984
   -110.9803359   23.7801653
   -110.9973659   23.7911099
   -111.0132024   23.8037199
   -111.0276830   23.8178662
   -111.0406594   23.8334039
   -111.0519986   23.8501737
   -111.0537591   23.8534483
   -111.0627595   23.8627622
   -111.0712737   23.8689463
   -111.0742472   23.8711484
   -111.0744410   23.8712946
   -111.0782803   23.8742671
   -111.1021715   23.8932322
   -111.1154986   23.9015278
   -111.1230132   23.9064427
   -111.1232061   23.9065752
   -111.1383068   23.9180328
   -111.1522550   23.9308685
   -111.1649254   23.9449671
   -111.1669277   23.9476718
   -111.1882837   23.9609501
   -111.1907856   23.9625314
   -111.1909246   23.9626208
   -111.1936910   23.9644306
   -111.2087663   23.9744719
   -111.2291274   23.9849656
   -111.2630678   24.0018837
   -111.2751398   24.0084280
   -111.2757309   24.0087752
   -111.2873283   24.0161343
   -111.3271758   24.0433828
   -111.3674141   24.0627386
   -111.3684185   24.0632252
   -111.3684863   24.0632583
   -111.3698396   24.0639249
   -111.5187661   24.1379852
   -111.5292731   24.1410985
   -111.5295018   24.1411788
   -111.5388300   24.1447210
   -111.5685878   24.1568786
   -111.5722755   24.1531084
   -111.5875207   24.1403451
   -111.6039579   24.1291586
   -111.6214245   24.1196594
   -111.6397480   24.1119414
   -111.6587472   24.1060809
   -111.6782345   24.1021358
   -111.6980172   24.1001450
   -111.7178998   24.1001284
   -111.7376858   24.1020859
   -111.7571797   24.1059984
   -111.7761887   24.1118270
   -111.7945251   24.1195143
   -111.8120076   24.1289842
   -111.8284635   24.1401432
   -111.8437301   24.1528809
   -111.8576565   24.1670715
   -111.8577973   24.1672300
   -111.8642144   24.1748268
   -111.8837164   24.1991142
   -111.9192714   24.2230186
   -111.9237452   24.2261157
   -111.9239818   24.2262842
   -111.9286657   24.2297256
   -111.9664171   24.2583160
   -111.9696608   24.2608253
   -111.9698217   24.2609524
   -111.9730132   24.2635276
   -111.9813960   24.2704348
   -111.9975272   24.2785292
   -112.0053350   24.2826654
   -112.0055266   24.2827724
   -112.0205564   24.2920585
   -112.0207000   24.2921658
   -112.0313848   24.2980236
   -112.0485571   24.3099237
   -112.0509835   24.3120114
   -112.0633902   24.3160476
   -112.0725686   24.3192825
   -112.0727970   24.3193693
   -112.0909920   24.3273395
   -112.1083066   24.3370753
   -112.1245701   24.3484807
   -112.1285551   24.3519125
   -112.1341375   24.3536162
   -112.1343232   24.3536809
   -112.1417156   24.3564243
   -112.1643465   24.3653341
   -112.1746887   24.3697454
   -112.1749430   24.3698624
   -112.1948027   24.3803921
   -112.1950422   24.3805369
   -112.2044971   24.3866219
   -112.2151926   24.3939385
   -112.2233787   24.3998473
   -112.2235716   24.3999940
   -112.2389979   24.4130122
   -112.2530335   24.4275190
   -112.2655354   24.4433666
   -112.2763761   24.4603937
   -112.2821617   24.4718975
   -112.2843222   24.4737656
   -112.2973528   24.4873772
   -112.3061630   24.4985127
   -112.3077063   24.4997970
   -112.3222125   24.5146724
   -112.3350972   24.5309726
   -112.3352448   24.5311807
   -112.3410349   24.5398106
   -112.3451341   24.5462775
   -112.3501913   24.5547068
   -112.3503079   24.5549125
   -112.3591502   24.5724650
   -112.3610460   24.5773767
   -112.3740464   24.5855359
   -112.3897994   24.5977679
   -112.3899786   24.5979220
   -112.3973782   24.6046118
   -112.4061941   24.6129908
   -112.4126986   24.6194635
   -112.4128557   24.6196271
   -112.4232572   24.6315099
   -112.4317642   24.6378351
   -112.4464947   24.6512592
   -112.4598159   24.6660827
   -112.4715958   24.6821584
   -112.4817172   24.6993267
   -112.4900797   24.7174171
   -112.4966002   24.7362500
   -112.5012141   24.7556382
   -112.5038754   24.7753895
   -112.5045577   24.7953075
   -112.5032544   24.8151945
   -112.5001574   24.8337779
   -112.4998640   24.8367167
   -112.4962035   24.8553159
   -112.4907985   24.8734851
   -112.4836978   24.8910609
   -112.4749649   24.9078855
   -112.4646784   24.9238078
   -112.4645429   24.9239973
   -112.4588454   24.9315750
   -112.4571364   24.9337392
   -112.4511628   24.9409502
   -112.4510115   24.9411244
   -112.4493831   24.9428306
   -112.4436387   24.9572397
   -112.3943783   25.0857841
   -112.3813960   25.1235827
   -112.3559687   25.2097481
   -112.3427084   25.2604279
   -112.3418753   25.2708485
   -112.3411099   25.2785455
   -112.3410838   25.2787652
   -112.3381929   25.2963426
   -112.3379495   25.2972876
   -112.3380282   25.2994648
   -112.3369599   25.3181011
   -112.3341587   25.3365568
   -112.3341140   25.3367807
   -112.3320706   25.3458903
   -112.3283021   25.3610274
   -112.3257545   25.3703030
   -112.3256856   25.3705320
   -112.3192682   25.3886625
   -112.3149991   25.3978159
   -112.3122105   25.4244810
   -112.3110547   25.4335320
   -112.3109838   25.4340016
   -112.3093419   25.4433646
   -112.3052532   25.4638118
   -112.3053269   25.4644605
   -112.3053496   25.4646933
   -112.3062939   25.4837048
   -112.3054266   25.5027201
   -112.3048316   25.5069186
   -112.3050749   25.5112633
   -112.3050894   25.5119725
   -112.3048741   25.5261855
   -112.3037241   25.5488530
   -112.3035894   25.5512292
   -112.3035820   25.5513480
   -112.3034190   25.5537225
   -112.2999206   25.6005995
   -112.3016900   25.7124720
   -112.3106380   25.7287075
   -112.3183970   25.7467923
   -112.3243411   25.7655522
   -112.3244033   25.7657881
   -112.3266761   25.7753646
   -112.3282420   25.7827691
   -112.3306631   25.7867681
   -112.3347733   25.7938831
   -112.3348762   25.7940699
   -112.3424883   25.8094159
   -112.3487593   25.8253569
   -112.3488285   25.8255578
   -112.3514239   25.8336397
   -112.3597064   25.8614447
   -112.3660870   25.8636084
   -112.3835423   25.8714595
   -112.4001671   25.8809432
   -112.4158093   25.8919726
   -112.4303256   25.9044467
   -112.4435830   25.9182513
   -112.4437363   25.9184270
   -112.4498545   25.9257892
   -112.4654389   25.9454825
   -112.4708767   25.9526819
   -112.4710070   25.9528628
   -112.4808814   25.9679601
   -112.4893553   25.9838857
   -112.4963597   26.0005100
   -112.5018376   26.0176979
   -112.5057398   26.0352883
   -112.5089899   26.0353104
   -112.5276010   26.0371846
   -112.5459557   26.0407894
   -112.5638933   26.0460932
   -112.5812569   26.0530495
   -112.5978947   26.0615977
   -112.5980941   26.0617122
   -112.6060951   26.0665603
   -112.6582367   26.0998469
   -112.6591381   26.1001277
   -112.6775779   26.1079720
   -112.6951402   26.1176222
   -112.6953487   26.1177507
   -112.7000225   26.1207970
   -112.7183100   26.1237650
   -112.7185575   26.1238182
   -112.7284610   26.1262136
   -112.7408245   26.1295396
   -112.7506870   26.1324668
   -112.7509281   26.1325451
   -112.7701368   26.1399002
   -112.7884886   26.1491894
   -112.8057892   26.1603142
   -112.8218557   26.1731572
   -112.8365182   26.1875824
   -112.8366895   26.1877692
   -112.8434452   26.1955281
   -112.8616857   26.2175988
   -112.8849566   26.2308661
   -112.8914876   26.2347559
   -112.8918126   26.2349579
   -112.8982362   26.2391235
   -112.9172699   26.2519909
   -112.9186527   26.2529341
   -112.9187217   26.2529816
   -112.9200965   26.2539364
   -112.9449174   26.2713284
   -112.9531520   26.2774185
   -112.9535554   26.2777332
   -112.9614673   26.2842369
   -112.9878484   26.3070790
   -113.0078480   26.3219218
   -113.0434369   26.3399286
   -113.0514496   26.3442141
   -113.0516545   26.3443297
   -113.0679070   26.3545619
   -113.0829775   26.3662085
   -113.0845777   26.3668692
   -113.0848162   26.3669751
   -113.1035934   26.3765279
   -113.1212616   26.3880029
   -113.1376248   26.4012728
   -113.1378185   26.4014476
   -113.1454533   26.4087104
   -113.1524029   26.4156791
   -113.1707490   26.4307529
   -113.1870526   26.4440724
   -113.1948210   26.4507581
   -113.1950058   26.4509256
   -113.2094653   26.4654461
   -113.2211293   26.4798469
   -113.2347432   26.4857144
   -113.2525063   26.4956193
   -113.2527187   26.4957523
   -113.2553421   26.4974897
   -113.2709649   26.5018443
   -113.2917009   26.5066789
   -113.2964051   26.5078359
   -113.2966429   26.5078974
   -113.3013834   26.5091868
   -113.3125935   26.5123841
   -113.3216386   26.5151972
   -113.3218618   26.5152725
   -113.3395020   26.5221668
   -113.3564109   26.5306988
   -113.3566159   26.5308147
   -113.3647485   26.5356715
   -113.3709353   26.5395680
   -113.3789566   26.5448936
   -113.3791444   26.5450250
   -113.3943721   26.5568026
   -113.4083969   26.5699898
   -113.4091143   26.5708079
   -113.4118084   26.5682271
   -113.4270897   26.5562030
   -113.4434663   26.5457198
   -113.4607836   26.5368764
   -113.4770628   26.5304707
   -113.4871271   26.5249775
   -113.5053317   26.5172651
   -113.5242088   26.5113878
   -113.5435740   26.5074030
   -113.5632380   26.5053497
   -113.5830086   26.5052479
   -113.6026927   26.5070987
   -113.6029328   26.5071333
   -113.6126822   26.5087860
   -113.6357318   26.5132820
   -113.6450305   26.5153267
   -113.6452610   26.5153832
   -113.6635141   26.5207876
   -113.6637381   26.5208657
   -113.6726511   26.5242132
   -113.7116580   26.5399324
   -113.7209674   26.5439613
   -113.7211942   26.5440664
   -113.7391409   26.5535131
   -113.7560386   26.5647288
   -113.7717135   26.5775982
   -113.7860045   26.5919889
   -113.7987646   26.6077529
   -113.7989119   26.6079549
   -113.8042946   26.6157492
   -113.8166532   26.6221234
   -113.8257304   26.6271068
   -113.8259548   26.6272376
   -113.8435402   26.6387733
   -113.8598169   26.6520919
   -113.8746051   26.6670460
   -113.8877412   26.6834704
   -113.8878926   26.6836815
   -113.8937949   26.6923889
   -113.9023637   26.7057748
   -113.9069715   26.7133366
   -113.9070817   26.7135269
   -113.9152713   26.7292249
   -113.9220403   26.7455857
   -113.9254148   26.7563520
   -113.9278599   26.7610946
   -113.9393716   26.7794385
   -113.9581025   26.7750693
   -113.9776384   26.7725032
   -113.9973320   26.7718718
   -114.0169921   26.7731814
   -114.0364279   26.7764191
   -114.0554508   26.7815536
   -114.0738762   26.7885349
   -114.0740972   26.7886314
   -114.0830296   26.7927942
   -114.0939119   26.7981959
   -114.1021694   26.8025376
   -114.1023722   26.8026503
   -114.1182352   26.8124646
   -114.1331149   26.8237140
   -114.1332933   26.8238624
   -114.1403236   26.8299952
   -114.1842976   26.8701999
   -114.1919318   26.8775605
   -114.1921159   26.8777477
   -114.2061611   26.8936301
   -114.2184461   26.9109101
   -114.2288329   26.9293935
   -114.2289492   26.9296289
   -114.2317368   26.9356684
   -114.2397199   26.9329903
   -114.2587289   26.9286177
   -114.2780735   26.9261174
   -114.2975695   26.9255135
   -114.3170317   26.9268116
   -114.3362749   26.9299993
   -114.3551161   26.9350464
   -114.3733760   26.9419048
   -114.3908810   26.9505093
   -114.4074646   26.9607780
   -114.4076508   26.9609063
   -114.4155473   26.9666348
   -114.4155831   26.9666622
   -114.4180344   26.9664996
   -114.4377626   26.9671413
   -114.4573316   26.9697246
   -114.4765505   26.9742242
   -114.4952323   26.9805964
   -114.5131950   26.9887791
   -114.5302637   26.9986925
   -114.5304644   26.9988227
   -114.5386111   27.0043990
   -114.5519497   27.0140209
   -114.5597714   27.0199605
   -114.5599553   27.0201074
   -114.5746775   27.0331018
   -114.5880545   27.0474773
   -114.5963086   27.0583078
   -114.6043874   27.0644112
   -114.6192517   27.0782168
   -114.6326410   27.0934572
   -114.6444176   27.1099756
   -114.6445487   27.1101807
   -114.6497936   27.1188665
   -114.6611841   27.1388584
   -114.6662106   27.1482542
   -114.6663285   27.1484893
   -114.6748461   27.1680165
   -114.6812382   27.1883390
   -114.6854325   27.2092260
   -114.6873812   27.2304407
   -114.6873912   27.2307036
   -114.6875156   27.2413587
   -114.6869164   27.2813751
   -114.6909031   27.2837138
   -114.7072956   27.2957207
   -114.7222717   27.3092267
   -114.7526025   27.3208496
   -114.7549093   27.3217500
   -114.7550243   27.3217957
   -114.7569044   27.3225565
   -114.7569422   27.3225589
   -114.7765512   27.3257950
   -114.7957423   27.3309612
   -114.8143259   27.3380065
   -114.8321185   27.3468615
   -114.8489443   27.3574387
   -114.8646374   27.3696336
   -114.8790426   27.3833258
   -114.8920178   27.3983801
   -114.9034348   27.4146478
   -114.9035636   27.4148522
   -114.9086519   27.4233913
   -114.9109841   27.4275360
   -114.9169410   27.4295158
   -114.9344115   27.4372428
   -114.9346152   27.4373447
   -114.9430538   27.4418250
   -114.9534584   27.4476719
   -114.9611218   27.4522057
   -114.9613093   27.4523224
   -114.9760074   27.4624009
   -114.9897500   27.4737478
   -115.0024278   27.4862730
   -115.0058656   27.4903352
   -115.0222401   27.4976236
   -115.0390425   27.5071409
   -115.0548487   27.5182342
   -115.0641493   27.5262049
   -115.0726105   27.5289321
   -115.0911051   27.5370322
   -115.1086888   27.5469557
   -115.1251823   27.5586015
   -115.1404176   27.5718509
   -115.1542394   27.5865689
   -115.1543948   27.5867520
   -115.1607310   27.5946154
   -115.1630998   27.5977120
   -115.1675510   27.6024026
   -115.1751005   27.6108225
   -115.1752936   27.6110505
   -115.1896842   27.6302741
   -115.1898486   27.6305236
   -115.1961527   27.6407485
   -115.2019765   27.6508622
   -115.2167422   27.6534266
   -115.2354630   27.6585893
   -115.2356901   27.6586640
   -115.2448404   27.6619208
   -115.2498198   27.6638305
   -115.2590378   27.6676321
   -115.2592601   27.6677303
   -115.2770708   27.6766869
   -115.2939014   27.6873722
   -115.3095846   27.6996800
   -115.3239645   27.7134879
   -115.3320379   27.7229577
   -115.3360797   27.7255303
   -115.3518575   27.7379610
   -115.3663088   27.7519116
   -115.3792880   27.7672413
   -115.3906640   27.7837956
   -115.4003222   27.8014075
   -115.4081651   27.8198993
   -115.4141137   27.8390846
   -115.4181079   27.8587698
   -115.4201074   27.8787563
   -115.4201025   27.8852103
   -115.4343577   27.8913441
   -115.4511297   27.9005511
   -115.4669452   27.9113187
   -115.4816594   27.9235482
   -115.4818268   27.9237014
   -115.4887284   27.9303300
   -115.4998338   27.9415188
   -115.5063911   27.9484484
   -115.5065472   27.9486215
   -115.5186339   27.9633786
   -115.5292597   27.9792202
   -115.5383281   27.9960019
   -115.5457564   28.0135713
   -115.5514771   28.0317684
   -115.5554383   28.0504278
   -115.5576038   28.0693796
   -115.5579539   28.0884516
   -115.5569998   28.1008094
   -115.5740446   28.0983517
   -115.5947010   28.0975293
   -115.6153319   28.0988435
   -115.6357169   28.1022804
   -115.6556383   28.1078032
   -115.6748832   28.1153528
   -115.6932459   28.1248487
   -115.6934645   28.1249765
   -115.7022533   28.1304233
   -115.7122023   28.1369510
   -115.7201444   28.1424408
   -115.7203361   28.1425802
   -115.7353800   28.1546767
   -115.7491877   28.1681672
   -115.7616304   28.1829260
   -115.7725923   28.1988156
   -115.7819713   28.2156881
   -115.7896800   28.2333861
   -115.7956465   28.2517449
   -115.7957088   28.2519736
   -115.7980208   28.2613475
   -115.7992071   28.2667113
   -115.8010755   28.2762536
   -115.8011158   28.2764895
   -115.8034514   28.2957898
   -115.8039020   28.3152256
   -115.8024635   28.3346134
   -115.7991495   28.3537700
   -115.7939911   28.3725142
   -115.7870373   28.3906691
   -115.7869409   28.3908882
   -115.7828105   28.3996908
   -115.7800884   28.4051435
   -115.7756402   28.4135474
   -115.7755267   28.4137501
   -115.7654581   28.4298766
   -115.7539038   28.4449743
   -115.7409682   28.4589067
   -115.7267681   28.4715479
   -115.7114319   28.4827836
   -115.6950982   28.4925124
   -115.6779144   28.5006464
   -115.6600360   28.5071120
   -115.6416245   28.5118508
   -115.6413970   28.5118980
   -115.6320431   28.5136059
   -115.6252864   28.5146742
   -115.6155185   28.5159730
   -115.6152803   28.5159987
   -115.5948461   28.5171516
   -115.5744011   28.5162100
   -115.5543380   28.5132107
   -115.5511071   28.5130161
   -115.5508692   28.5129960
   -115.5314190   28.5103786
   -115.5123189   28.5058676
   -115.4937529   28.4995063
   -115.4758997   28.4913560
   -115.4589313   28.4814951
   -115.4430111   28.4700187
   -115.4282923   28.4570371
   -115.4248599   28.4533518
   -115.4217480   28.4594573
   -115.4101577   28.4772423
   -115.3967477   28.4936986
   -115.3816689   28.5086408
   -115.3814738   28.5088147
   -115.3733611   28.5156647
   -115.3601140   28.5262606
   -115.3523069   28.5321973
   -115.3521093   28.5323400
   -115.3356697   28.5430304
   -115.3182621   28.5520594
   -115.3180405   28.5521609
   -115.3090257   28.5560247
   -115.2893423   28.5638955
   -115.2805532   28.5671731
   -115.2803370   28.5672480
   -115.2623464   28.5725497
   -115.2439382   28.5761429
   -115.2252744   28.5779959
   -115.2065191   28.5780924
   -115.1878373   28.5764316
   -115.1693931   28.5730281
   -115.1513489   28.5679118
   -115.1338632   28.5611277
   -115.1170900   28.5527355
   -115.1011767   28.5428090
   -115.1009885   28.5426789
   -115.0933983   28.5371671
   -115.0709065   28.5200140
   -115.0633091   28.5139218
   -115.0631279   28.5137691
   -115.0488671   28.5005122
   -115.0359629   28.4859314
   -115.0245377   28.4701649
   -115.0146998   28.4533621
   -115.0065424   28.4356824
   -115.0001429   28.4172932
   -114.9957621   28.3991966
   -114.9923387   28.3926124
   -114.9852491   28.3751204
   -114.9798401   28.3570379
   -114.9766784   28.3411355
   -114.9743416   28.3327611
   -114.9686037   28.3095176
   -114.9664479   28.2997383
   -114.9664008   28.2994959
   -114.9635699   28.2796752
   -114.9627349   28.2596707
   -114.9639042   28.2396831
   -114.9641895   28.2378992
   -114.9626359   28.2315296
   -114.9625933   28.2313134
   -114.9610769   28.2226165
   -114.9577859   28.2009222
   -114.9566403   28.1920311
   -114.9566169   28.1918098
   -114.9555260   28.1739184
   -114.9560413   28.1560013
   -114.9564510   28.1525572
   -114.9558606   28.1434149
   -114.9566433   28.1229107
   -114.9595227   28.1025947
   -114.9644685   28.0826805
   -114.9714288   28.0633780
   -114.9794614   28.0466943
   -114.9621946   28.0403817
   -114.9500056   28.0342710
   -114.9403783   28.0355426
   -114.9218583   28.0362582
   -114.9033515   28.0352563
   -114.9031226   28.0352332
   -114.8939239   28.0340904
   -114.8700048   28.0305539
   -114.8686483   28.0305525
   -114.8615474   28.0304191
   -114.8613339   28.0304113
   -114.8442254   28.0290489
   -114.8272967   28.0262247
   -114.8270885   28.0261807
   -114.8188072   28.0242461
   -114.7984101   28.0190216
   -114.7890575   28.0163822
   -114.7888295   28.0163119
   -114.7854081   28.0150710
   -114.7737383   28.0149345
   -114.7538296   28.0126973
   -114.7535845   28.0126572
   -114.7437391   28.0107937
   -114.7277675   28.0073541
   -114.7243343   28.0068018
   -114.7232763   28.0067990
   -114.7152827   28.0066179
   -114.7150498   28.0066080
   -114.6959324   28.0048702
   -114.6770695   28.0013077
   -114.6586352   27.9959532
   -114.6407990   27.9888560
   -114.6315799   27.9841181
   -114.6274157   27.9834083
   -114.6272041   27.9833626
   -114.6187924   27.9813566
   -114.6083298   27.9786210
   -114.6078134   27.9787284
   -114.6073588   27.9788120
   -114.5982229   27.9802742
   -114.5579006   27.9857744
   -114.5489375   27.9867917
   -114.5487154   27.9868119
   -114.5306971   27.9876297
   -114.5155420   27.9869494
   -114.5102660   27.9911748
   -114.5100429   27.9913341
   -114.5020718   27.9967024
   -114.4965829   28.0014812
   -114.4911433   28.0060498
   -114.4909842   28.0061787
   -114.4778163   28.0159783
   -114.4776472   28.0160937
   -114.4707727   28.0205800
   -114.4510797   28.0328632
   -114.4498453   28.0336269
   -114.4391900   28.0401660
   -114.4363425   28.0418598
   -114.4331230   28.0471977
   -114.4266857   28.0571873
   -114.4265182   28.0574309
   -114.4119225   28.0761762
   -114.4117273   28.0763983
   -114.4036204   28.0850879
   -114.3958238   28.0929623
   -114.3870436   28.1013087
   -114.3865927   28.1017120
   -114.3847761   28.1032406
   -114.3721870   28.1180252
   -114.3720072   28.1182151
   -114.3645681   28.1256698
   -114.3532903   28.1363911
   -114.3526390   28.1370824
   -114.3384238   28.1521905
   -114.3137174   28.1842666
   -114.3122079   28.1861190
   -114.3171004   28.2005281
   -114.3214839   28.2190873
   -114.3240799   28.2379796
   -114.3248648   28.2570333
   -114.3238315   28.2760752
   -114.3209893   28.2949320
   -114.3163640   28.3134324
   -114.3099978   28.3314083
   -114.3099111   28.3316205
   -114.3060926   28.3403604
   -114.2998802   28.3537030
   -114.2995215   28.3544692
   -114.2916078   28.3712793
   -114.2891650   28.3762863
   -114.2890395   28.3765348
   -114.2864586   28.3814709
   -114.2765956   28.3997111
   -114.2750301   28.4028074
   -114.2845064   28.4095860
   -114.2996120   28.4228769
   -114.3133057   28.4376182
   -114.3254491   28.4536608
   -114.3349819   28.4693042
   -114.3417121   28.4714500
   -114.3596287   28.4791562
   -114.3767094   28.4885710
   -114.3927920   28.4996046
   -114.4077234   28.5121523
   -114.4213616   28.5260947
   -114.4335769   28.5412991
   -114.4428827   28.5555258
   -114.4541206   28.5619266
   -114.4698101   28.5729799
   -114.4843679   28.5854862
   -114.4976600   28.5993302
   -114.5095639   28.6143846
   -114.5199701   28.6305106
   -114.5287826   28.6475598
   -114.5359204   28.6653752
   -114.5372451   28.6698956
   -114.5473491   28.6812744
   -114.5585912   28.6966680
   -114.5683167   28.7130619
   -114.5684242   28.7132643
   -114.5726901   28.7217901
   -114.5772113   28.7313915
   -114.5822965   28.7325108
   -114.6006472   28.7384528
   -114.6183402   28.7461348
   -114.6352108   28.7554855
   -114.6354133   28.7556108
   -114.6434909   28.7608853
   -114.6559720   28.7694715
   -114.6644171   28.7756121
   -114.6646210   28.7757687
   -114.6731422   28.7830488
   -114.6801706   28.7860910
   -114.6976747   28.7958534
   -114.7141138   28.8073186
   -114.7293228   28.8203716
   -114.7431491   28.8348812
   -114.7554537   28.8507018
   -114.7661131   28.8676745
   -114.7750203   28.8856289
   -114.7751138   28.8858439
   -114.7788817   28.8951331
   -114.7857670   28.9134107
   -114.7905688   28.9153958
   -114.8083524   28.9249501
   -114.8250822   28.9362485
   -114.8405878   28.9491758
   -114.8547112   28.9636004
   -114.8548695   28.9637793
   -114.8613673   28.9715077
   -114.8781249   28.9924922
   -114.8846076   29.0010735
   -114.8847623   29.0012901
   -114.8962984   29.0194352
   -114.9027653   29.0325290
   -114.9074683   29.0358136
   -114.9076532   29.0359563
   -114.9150213   29.0419240
   -114.9587127   29.0790607
   -114.9653013   29.0849157
   -114.9654623   29.0850653
   -114.9778340   29.0976173
   -114.9779813   29.0977804
   -114.9837404   29.1044530
   -115.0008152   29.1251406
   -115.0207686   29.1460425
   -115.0629115   29.1862763
   -115.0642523   29.1875683
   -115.0643202   29.1876344
   -115.0656727   29.1889624
   -115.0780793   29.2012607
   -115.1453015   29.2222035
   -115.2105769   29.2299963
   -115.2203209   29.2314036
   -115.2205684   29.2314456
   -115.2405712   29.2359041
   -115.2600127   29.2423862
   -115.2786888   29.2508237
   -115.2964034   29.2611281
   -115.3129705   29.2731912
   -115.3282162   29.2868864
   -115.3419804   29.3020698
   -115.3421393   29.3022642
   -115.3484200   29.3103648
   -115.3752640   29.3468823
   -115.3786776   29.3494617
   -115.4315340   29.3661909
   -115.4418988   29.3697870
   -115.4421567   29.3698845
   -115.4624663   29.3788800
   -115.4816531   29.3900722
   -115.4818832   29.3902241
   -115.4909810   29.3966018
   -115.5118256   29.4120953
   -115.5219701   29.4127876
   -115.5413177   29.4160345
   -115.5602541   29.4211613
   -115.5785971   29.4281187
   -115.5961703   29.4368398
   -115.6128044   29.4472406
   -115.6129990   29.4473759
   -115.6209136   29.4531756
   -115.6240288   29.4555780
   -115.6285628   29.4578162
   -115.6287652   29.4579220
   -115.6447294   29.4672302
   -115.6597662   29.4779721
   -115.6737474   29.4900561
   -115.6865536   29.5033789
   -115.6885697   29.5059070
   -115.6906203   29.5074720
   -115.7072162   29.5143467
   -115.7238826   29.5231734
   -115.7396435   29.5335307
   -115.7398320   29.5336677
   -115.7473287   29.5393920
   -115.8224600   29.5996177
   -115.8301242   29.6060834
   -115.8303069   29.6062456
   -115.8446157   29.6202880
   -115.8574467   29.6356923
   -115.8686711   29.6523038
   -115.8781760   29.6699555
   -115.8858659   29.6884702
   -115.8916637   29.7076617
   -115.8955109   29.7273373
   -115.8973690   29.7472991
   -115.8972193   29.7673467
   -115.8972053   29.7675906
   -115.8963962   29.7773542
   -115.9048301   29.7815100
   -115.9219690   29.7922302
   -115.9379382   29.8046258
   -115.9525745   29.8185701
   -115.9657283   29.8339206
   -115.9772654   29.8505206
   -115.9870678   29.8682005
   -115.9950354   29.8867796
   -115.9951203   29.8870089
   -115.9983898   29.8965767
   -116.0019422   29.9078998
   -116.0046643   29.9173906
   -116.0047257   29.9176263
   -116.0087493   29.9369528
   -116.0108480   29.9565818
   -116.0110014   29.9763221
   -116.0092079   29.9959814
   -116.0054851   30.0153681
   -116.0054275   30.0156047
   -116.0028532   30.0251366
   -115.9888222   30.0724205
   -115.9930965   30.0844490
   -115.9931600   30.0846561
   -115.9955365   30.0930458
   -115.9975699   30.1008713
   -116.0000279   30.1115173
   -116.0000817   30.1117832
   -116.0032370   30.1333982
   -116.0040161   30.1552285
   -116.0040110   30.1554996
   -116.0038400   30.1591904
   -116.0123886   30.1593301
   -116.0126204   30.1593395
   -116.0317876   30.1610410
   -116.0507025   30.1645765
   -116.0691901   30.1699135
   -116.0870792   30.1770024
   -116.1042043   30.1857777
   -116.1204068   30.1961581
   -116.1355368   30.2080475
   -116.1494541   30.2213359
   -116.1620300   30.2359003
   -116.1731480   30.2516058
   -116.1827053   30.2683071
   -116.1906133   30.2858496
   -116.1949583   30.2986490
   -116.1954247   30.2988315
   -116.2045336   30.3026584
   -116.2047520   30.3027565
   -116.2223479   30.3117355
   -116.2389721   30.3224064
   -116.2544626   30.3346654
   -116.2686681   30.3483926
   -116.2814501   30.3634544
   -116.2926839   30.3797036
   -116.3022600   30.3969817
   -116.3100847   30.4151203
   -116.3160820   30.4339423
   -116.3201931   30.4532642
   -116.3223781   30.4728974
   -116.3223928   30.4731363
   -116.3227555   30.4830099
   -116.3228266   30.4889226
   -116.3227041   30.4987282
   -116.3226952   30.4989665
   -116.3210101   30.5185007
   -116.3174204   30.5377761
   -116.3119605   30.5566074
   -116.3046830   30.5748135
   -116.2956578   30.5922196
   -116.2849716   30.6086583
   -116.2727272   30.6239717
   -116.2590422   30.6380126
   -116.2440481   30.6506460
   -116.2332408   30.6580728
   -116.2336240   30.6651519
   -116.2344562   30.6658190
   -116.2408074   30.6711539
   -116.2434595   30.6719622
   -116.2617096   30.6795649
   -116.2791199   30.6889324
   -116.2955203   30.6999731
   -116.3107505   30.7125790
   -116.3246617   30.7266271
   -116.3248236   30.7268076
   -116.3312416   30.7343301
   -116.3494922   30.7568248
   -116.3511444   30.7569569
   -116.3606831   30.7579501
   -116.3609125   30.7579796
   -116.3797922   30.7613310
   -116.3982643   30.7664750
   -116.4161588   30.7733643
   -116.4333113   30.7819357
   -116.4495642   30.7921102
   -116.4647680   30.8037944
   -116.4787830   30.8168809
   -116.4914804   30.8312494
   -116.5027435   30.8467678
   -116.5124686   30.8632935
   -116.5205665   30.8806746
   -116.5269627   30.8987513
   -116.5315984   30.9173574
   -116.5316435   30.9175842
   -116.5332872   30.9270325
   -116.5381314   30.9594654
   -116.5393711   30.9694930
   -116.5393955   30.9697415
   -116.5403490   30.9899203
   -116.5392620   31.0100923
   -116.5361456   31.0300518
   -116.5310317   31.0495951
   -116.5309564   31.0498333
   -116.5276659   31.0593863
   -116.5215457   31.0757959
   -116.5166799   31.1135833
   -116.5992999   31.2009627
   -116.6056288   31.2079811
   -116.6057836   31.2081612
   -116.6174994   31.2231787
   -116.6176364   31.2233726
   -116.6229448   31.2312827
   -116.6538600   31.2798084
   -116.6546802   31.2805437
   -116.6640024   31.2861703
   -116.6642055   31.2863069
   -116.6701813   31.2905451
   -116.6813338   31.2958044
   -116.6815914   31.2959450
   -116.6917744   31.3018995
   -116.7017394   31.3081280
   -116.7096861   31.3133618
   -116.7098796   31.3134960
   -116.7249817   31.3250673
   -116.7389160   31.3380211
   -116.7515564   31.3522404
   -116.7593289   31.3628668
   -116.7631103   31.3655706
   -116.7700499   31.3707637
   -116.7702247   31.3709006
   -116.7838247   31.3825643
   -116.7892101   31.3880929
   -116.7906688   31.3890677
   -116.7908798   31.3892165
   -116.8073605   31.4021875
   -116.8223922   31.4168130
   -116.8358097   31.4329322
   -116.8474655   31.4503678
   -116.8572312   31.4689282
   -116.8573394   31.4691628
   -116.8614791   31.4788014
   -116.8667412   31.4919970
   -116.8702171   31.5013906
   -116.8702967   31.5016237
   -116.8758170   31.5208736
   -116.8793846   31.5405791
   -116.8809637   31.5605426
   -116.8807317   31.5714636
   -116.8809254   31.5841268
   -116.8800741   31.5942755
   -116.8868738   31.6015213
   -116.8924367   31.6077017
   -116.8925722   31.6078587
   -116.9029036   31.6208860
   -116.9030256   31.6210537
   -116.9077763   31.6278782
   -116.9167293   31.6413272
   -116.9219575   31.6496139
   -116.9220700   31.6498023
   -116.9312784   31.6670935
   -116.9387509   31.6852027
   -116.9444159   31.7039560
   -116.9482190   31.7231736
   -116.9501237   31.7426711
   -116.9501117   31.7622614
   -116.9481833   31.7817565
   -116.9443568   31.8009695
   -116.9408263   31.8126054
   -116.9428612   31.8136658
   -116.9585194   31.8237828
   -116.9731675   31.8353138
   -116.9866784   31.8481586
   -116.9868374   31.8483245
   -116.9931292   31.8552052
   -117.0159320   31.8813398
   -117.0219959   31.8886317
   -117.0221423   31.8888165
   -117.0331997   31.9042210
   -117.0427485   31.9206035
   -117.0428575   31.9208127
   -117.0470388   31.9293249
   -117.0567494   31.9503385
   -117.0611750   31.9606680
   -117.0612775   31.9609273
   -117.0683551   31.9822497
   -117.0729967   32.0042314
   -117.0730389   32.0045070
   -117.0744266   32.0156586
   -117.0773907   32.0465344
   -117.0815862   32.0786033
   -117.0931968   32.0832763
   -117.1099233   32.0919167
   -117.1257634   32.1020915
   -117.1259533   32.1022265
   -117.1334967   32.1078617
   -117.1481995   32.1193942
   -117.1563407   32.1261351
   -117.1565379   32.1263073
   -117.1716963   32.1410310
   -117.1852165   32.1572720
   -117.1969476   32.1748488
   -117.1970812   32.1750739
   -117.2022341   32.1843025
   -117.2062899   32.1920397
   -117.2103297   32.1912427
   -117.2105634   32.1912084
   -117.2203457   32.1900200
   -117.2237414   32.1896922
   -117.2334774   32.1889915
   -117.2337122   32.1889803
   -117.2532286   32.1890071
   -117.2726495   32.1909359
   -117.2917900   32.1947484
   -117.3104678   32.2004082
   -117.3285050   32.2078616
   -117.3457298   32.2170376
   -117.3619783   32.2278486
   -117.3770957   32.2401919
   -117.3909381   32.2539499
   -117.4033736   32.2689915
   -117.4142839   32.2851735
   -117.4235651   32.3023419
   -117.4311287   32.3203331
   -117.4312091   32.3205540
   -117.4343237   32.3298049
   -117.4365165   32.3368849
   -117.4411822   32.3489213
   -117.4412656   32.3491770
   -117.4443554   32.3595965
   -117.4468504   32.3689339
   -117.4491667   32.3785505
   -117.4492143   32.3787717
   -117.4524076   32.3982893
   -117.4536577   32.4180268
   -117.4529523   32.4377913
END
!2
   -112.7798926   28.9105450
   -112.7753918   28.9300416
   -112.7689654   28.9489909
   -112.7606776   28.9672032
   -112.7506116   28.9844962
   -112.7388680   29.0006969
   -112.7255644   29.0156431
   -112.7108339   29.0291851
   -112.7034230   29.0347410
   -112.7034403   29.0391597
   -112.7034336   29.0393535
   -112.7030109   29.0471172
   -112.6998336   29.0900777
   -112.6985722   29.1021442
   -112.6984910   29.1027445
   -112.6965003   29.1147122
   -112.6883116   29.1561363
   -112.6858790   29.1668782
   -112.6857428   29.1674111
   -112.6827225   29.1780028
   -112.6711480   29.2147274
   -112.6666020   29.2276011
   -112.6663533   29.2282355
   -112.6609396   29.2407690
   -112.6547426   29.2538686
   -112.6511597   29.2610645
   -112.6510668   29.2612421
   -112.6430486   29.2751730
   -112.6429417   29.2753427
   -112.6385193   29.2820553
   -112.6296077   29.2950074
   -112.6242582   29.3024142
   -112.6241207   29.3025958
   -112.6124356   29.3166383
   -112.6122821   29.3168065
   -112.6112785   29.3178570
   -112.6125621   29.3225122
   -112.6149199   29.3319540
   -112.6149723   29.3321878
   -112.6182972   29.3513595
   -112.6197435   29.3707635
   -112.6192973   29.3902163
   -112.6169629   29.4095336
   -112.6127624   29.4285327
   -112.6108458   29.4344163
   -112.6160968   29.4458532
   -112.6175733   29.4501411
   -112.6302332   29.4602052
   -112.6379072   29.4666254
   -112.6380929   29.4667888
   -112.6524304   29.4807395
   -112.6653026   29.4960527
   -112.6765806   29.5125752
   -112.6861516   29.5301417
   -112.6862590   29.5303646
   -112.6903737   29.5394848
   -112.6937683   29.5475404
   -112.7018677   29.5549058
   -112.7020310   29.5550691
   -112.7085538   29.5619051
   -112.7279395   29.5832074
   -112.7345181   29.5908119
   -112.7346768   29.5910049
   -112.7466468   29.6071570
   -112.7569348   29.6244292
   -112.7570517   29.6246501
   -112.7615317   29.6336521
   -112.7681487   29.6478308
   -112.7723950   29.6576005
   -112.7724942   29.6578465
   -112.7793977   29.6779944
   -112.7794702   29.6782496
   -112.7805208   29.6823608
   -112.7821941   29.6843278
   -112.7825586   29.6847811
   -112.7895920   29.6940683
   -112.8006812   29.7096328
   -112.8058950   29.7173227
   -112.8060202   29.7175170
   -112.8065913   29.7185004
   -112.8112596   29.7204524
   -112.8275290   29.7277089
   -112.8364650   29.7319626
   -112.8366815   29.7320724
   -112.8538682   29.7418790
   -112.8700016   29.7533359
   -112.8849239   29.7663310
   -112.8984891   29.7807371
   -112.9105643   29.7964132
   -112.9210313   29.8132057
   -112.9297878   29.8309504
   -112.9298843   29.8311732
   -112.9335936   29.8403486
   -112.9386051   29.8536859
   -112.9418339   29.8629648
   -112.9419070   29.8631930
   -112.9469792   29.8821700
   -112.9501653   29.9015530
   -112.9514346   29.9211551
   -112.9507749   29.9407872
   -112.9481925   29.9602598
   -112.9437124   29.9793853
   -112.9429977   29.9814831
   -112.9429782   29.9816892
   -112.9454401   29.9873008
   -112.9512320   30.0046704
   -112.9554111   30.0224969
   -112.9579423   30.0406308
   -112.9579633   30.0408562
   -112.9586039   30.0499910
   -112.9593798   30.0664490
   -112.9596005   30.0751871
   -112.9596013   30.0754051
   -112.9589276   30.0921112
   -112.9618146   30.0937396
   -112.9782718   30.1053471
   -112.9934783   30.1185508
   -112.9936511   30.1187168
   -113.0007365   30.1258760
   -113.0062658   30.1317516
   -113.0130001   30.1392798
   -113.0131577   30.1394653
   -113.0254441   30.1554930
   -113.0360514   30.1726780
   -113.0448717   30.1908452
   -113.0518148   30.2098092
   -113.0568101   30.2293767
   -113.0598067   30.2493482
   -113.0607739   30.2695201
   -113.0597019   30.2896867
   -113.0566016   30.3096424
   -113.0517923   30.3280812
   -113.1118527   30.3764756
   -113.1186110   30.3821720
   -113.1187797   30.3823207
   -113.1317820   30.3948691
   -113.1435987   30.4085398
   -113.1437373   30.4087156
   -113.1491167   30.4158623
   -113.2036054   30.4917263
   -113.2073067   30.4970601
   -113.2074873   30.4973297
   -113.2110135   30.5027808
   -113.2494496   30.5643690
   -113.2538829   30.5718282
   -113.2539894   30.5720166
   -113.2618787   30.5875063
   -113.2683932   30.6036226
   -113.2684652   30.6038258
   -113.2711670   30.6120025
   -113.3005564   30.7078231
   -113.3093666   30.7263571
   -113.3130834   30.7346579
   -113.3131755   30.7348767
   -113.3198376   30.7531495
   -113.3246934   30.7719829
   -113.3276968   30.7911989
   -113.3288196   30.8106158
   -113.3280511   30.8300499
   -113.3253986   30.8493175
   -113.3208871   30.8682363
   -113.3145593   30.8866275
   -113.3064751   30.9043171
   -113.3063660   30.9045280
   -113.3018909   30.9126881
   -113.2988809   30.9301168
   -113.2985769   30.9346320
   -113.3142937   30.9710247
   -113.3179379   30.9800615
   -113.3180241   30.9802914
   -113.3240533   30.9991502
   -113.3281883   31.0185127
   -113.3303886   31.0381891
   -113.3304037   31.0384342
   -113.3307709   31.0483299
   -113.3308722   31.0565493
   -113.4664138   31.0788762
   -113.4710301   31.0796923
   -113.4712626   31.0797362
   -113.4759043   31.0806700
   -113.5161250   31.0892583
   -113.5760983   31.0975514
   -113.5857698   31.0991311
   -113.5860065   31.0991757
   -113.6052117   31.1037904
   -113.6238680   31.1102768
   -113.6417936   31.1185719
   -113.6588135   31.1285947
   -113.6598163   31.1293275
   -113.6643588   31.1300755
   -113.6832299   31.1351139
   -113.7015196   31.1419691
   -113.7190534   31.1505757
   -113.7356641   31.1608515
   -113.7358626   31.1609882
   -113.7437719   31.1667221
   -113.7646052   31.1826158
   -113.7722707   31.1887675
   -113.7724481   31.1889172
   -113.7868268   31.2023125
   -113.7998216   31.2170542
   -113.8113069   31.2330000
   -113.8211718   31.2499960
   -113.8293211   31.2678781
   -113.8356762   31.2864736
   -113.8401757   31.3056031
   -113.8427761   31.3250817
   -113.8434523   31.3447216
   -113.8421979   31.3643330
   -113.8416256   31.3678304
   -113.8422804   31.3681718
   -113.8586911   31.3719920
   -113.8620093   31.3731116
   -113.8665362   31.3695407
   -113.8747148   31.3642694
   -113.8799632   31.3581210
   -113.8801266   31.3579390
   -113.8942144   31.3437442
   -113.9096495   31.3310274
   -113.9262775   31.3199156
   -113.9439320   31.3105200
   -113.9624366   31.3029346
   -113.9816063   31.2972351
   -114.0012493   31.2934786
   -114.0211693   31.2917026
   -114.0214137   31.2916931
   -114.0314153   31.2915541
   -114.0731283   31.2920178
   -114.1190340   31.2923113
   -114.1237385   31.2923968
   -114.1239736   31.2924038
   -114.1286753   31.2925999
   -114.1694573   31.2947818
   -114.1790571   31.2955275
   -114.1792953   31.2955517
   -114.1983317   31.2984239
   -114.2170038   31.3031130
   -114.2172329   31.3031824
   -114.2263781   31.3061954
   -114.2757704   31.3237974
   -114.2858993   31.3277202
   -114.2861480   31.3278244
   -114.3056930   31.3372891
   -114.3240966   31.3488172
   -114.3243170   31.3489725
   -114.3252528   31.3496708
   -114.3403838   31.3555539
   -114.3405838   31.3556419
   -114.3485233   31.3593461
   -114.3761553   31.3729827
   -114.3840449   31.3770970
   -114.3842392   31.3772039
   -114.3994601   31.3864839
   -114.4137942   31.3970824
   -114.4139658   31.3972216
   -114.4206982   31.4029305
   -114.4306828   31.4117836
   -114.4360337   31.4167057
   -114.4425490   31.4210018
   -114.4573317   31.4329040
   -114.4581240   31.4336766
   -114.5027225   31.4567344
   -114.5086632   31.4583020
   -114.5272083   31.4652189
   -114.5449790   31.4739351
   -114.5618011   31.4843650
   -114.5755275   31.4948871
   -114.5815557   31.4974366
   -114.5876275   31.5007796
   -114.6040146   31.4957968
   -114.6233061   31.4919506
   -114.6428822   31.4900182
   -114.6431094   31.4900070
   -114.6521253   31.4897852
   -114.6524480   31.4894584
   -114.6523112   31.3899330
   -114.6524810   31.3814147
   -114.6524903   31.3811885
   -114.6540716   31.3630226
   -114.6573009   31.3450763
   -114.6621513   31.3274986
   -114.6622214   31.3272834
   -114.6652424   31.3186786
   -114.6735203   31.2967161
   -114.6728470   31.2820479
   -114.6726380   31.2736199
   -114.6726373   31.2734097
   -114.6732852   31.2565647
   -114.6733021   31.2563551
   -114.6741578   31.2479680
   -114.6802021   31.1989777
   -114.6786337   31.1976810
   -114.6648001   31.1837457
   -114.6523996   31.1685211
   -114.6415519   31.1521538
   -114.6323614   31.1348016
   -114.6250295   31.1169071
   -114.6212056   31.1148345
   -114.6210114   31.1147235
   -114.6057306   31.1050464
   -114.5913864   31.0940283
   -114.5780964   31.0817593
   -114.5659692   31.0683399
   -114.5551039   31.0538796
   -114.5549778   31.0536950
   -114.5500466   31.0461112
   -114.5468020   31.0408655
   -114.5417973   31.0323069
   -114.5416782   31.0320911
   -114.5329709   31.0142830
   -114.5264452   30.9967126
   -114.5243640   30.9916743
   -114.5242777   30.9914543
   -114.5181754   30.9734173
   -114.5138161   30.9548816
   -114.5112392   30.9360154
   -114.5112184   30.9357801
   -114.5106064   30.9262764
   -114.5096822   30.9034717
   -114.5088172   30.8992980
   -114.5070737   30.8897182
   -114.5070342   30.8894662
   -114.5059548   30.8791306
   -114.5050092   30.8764476
   -114.5001381   30.8559742
   -114.4974453   30.8351023
   -114.4969605   30.8140630
   -114.4969682   30.8138032
   -114.4973298   30.8073437
   -114.4965161   30.8051482
   -114.4915110   30.7860313
   -114.4884168   30.7665138
   -114.4872638   30.7467862
   -114.4880633   30.7270411
   -114.4908075   30.7074713
   -114.4935369   30.6962284
   -114.4921829   30.6802410
   -114.4914569   30.6790974
   -114.4794675   30.6596292
   -114.4749243   30.6518663
   -114.4748159   30.6516713
   -114.4667914   30.6355556
   -114.4602486   30.6187835
   -114.4552405   30.6014911
   -114.4519853   30.5847329
   -114.4501378   30.5810687
   -114.4500391   30.5808613
   -114.4428494   30.5637635
   -114.4372747   30.5460731
   -114.4333627   30.5279424
   -114.4311472   30.5095273
   -114.4311304   30.5092987
   -114.4306678   30.5001240
   -114.4302883   30.4862851
   -114.4302452   30.4772241
   -114.4302493   30.4769994
   -114.4313957   30.4588994
   -114.4319254   30.4554860
   -114.4299068   30.4370450
   -114.4296493   30.4179431
   -114.4312155   30.3989038
   -114.4312461   30.3986699
   -114.4327092   30.3892280
   -114.4357517   30.3722808
   -114.4353407   30.3623169
   -114.4366744   30.3413926
   -114.4367043   30.3411362
   -114.4381918   30.3307552
   -114.4435586   30.2992137
   -114.4417870   30.2894459
   -114.4402062   30.2692723
   -114.4406719   30.2490421
   -114.4431795   30.2289625
   -114.4432477   30.2286652
   -114.4400646   30.2245171
   -114.4296617   30.2077719
   -114.4247920   30.1978758
   -114.4167362   30.1875659
   -114.4161934   30.1867031
   -114.4094163   30.1865678
   -114.3932212   30.1858480
   -114.3831031   30.1851408
   -114.3828609   30.1851177
   -114.3627971   30.1821703
   -114.3431350   30.1772062
   -114.3240767   30.1702767
   -114.3058180   30.1614528
   -114.2885467   30.1508253
   -114.2724405   30.1385034
   -114.2576648   30.1246140
   -114.2443715   30.1092996
   -114.2326974   30.0927178
   -114.2227625   30.0750391
   -114.2146688   30.0564452
   -114.2084997   30.0371273
   -114.2061036   30.0257558
   -114.2025151   30.0152092
   -114.1980340   29.9960174
   -114.1954634   29.9764777
   -114.1948285   29.9567798
   -114.1948290   29.9567721
   -114.1901795   29.9557385
   -114.1708217   29.9493066
   -114.1522196   29.9409364
   -114.1519959   29.9408217
   -114.1430391   29.9359361
   -114.1358908   29.9317970
   -114.1321637   29.9295201
   -114.1302732   29.9288324
   -114.1112640   29.9195385
   -114.0933430   29.9082883
   -114.0767109   29.8952077
   -114.0765149   29.8950360
   -114.0687410   29.8878543
   -114.0639233   29.8831613
   -114.0573728   29.8764747
   -114.0572149   29.8763058
   -114.0497760   29.8675612
   -114.0378818   29.8610446
   -114.0214152   29.8497528
   -114.0061565   29.8368755
   -113.9922578   29.8225409
   -113.9882470   29.8174792
   -113.9875768   29.8171568
   -113.9873818   29.8170520
   -113.9796264   29.8126601
   -113.9604574   29.8012331
   -113.9522029   29.7960356
   -113.9520034   29.7959031
   -113.9363032   29.7843324
   -113.9218046   29.7712875
   -113.9096881   29.7580328
   -113.9071559   29.7569663
   -113.8887983   29.7468546
   -113.8885790   29.7467184
   -113.8798227   29.7409553
   -113.8671897   29.7321576
   -113.8593719   29.7264269
   -113.8591815   29.7262802
   -113.8444239   29.7137170
   -113.8309517   29.6997844
   -113.8270099   29.6948260
   -113.8133369   29.6828821
   -113.8103803   29.6797494
   -113.7992358   29.6710374
   -113.7990397   29.6708668
   -113.7913042   29.6637717
   -113.7835118   29.6562386
   -113.7817677   29.6545319
   -113.7816811   29.6544460
   -113.7799580   29.6527181
   -113.7729304   29.6455845
   -113.7722089   29.6451421
   -113.7559661   29.6386902
   -113.7474094   29.6342948
   -113.7383132   29.6497168
   -113.7269928   29.6652716
   -113.7142302   29.6796668
   -113.7001436   29.6927692
   -113.6848634   29.7044575
   -113.6685308   29.7146236
   -113.6512970   29.7231735
   -113.6510845   29.7232665
   -113.6421792   29.7269100
   -113.6312965   29.7310599
   -113.6218346   29.7343986
   -113.6216086   29.7344720
   -113.6022423   29.7397060
   -113.5824491   29.7429736
   -113.5724737   29.7436055
   -113.5639195   29.7458186
   -113.5440214   29.7488760
   -113.5239167   29.7499175
   -113.5236895   29.7499178
   -113.5141618   29.7497041
   -113.5018674   29.7491352
   -113.4923802   29.7484697
   -113.4921534   29.7484484
   -113.4733274   29.7457692
   -113.4548410   29.7413143
   -113.4368612   29.7351238
   -113.4195505   29.7272537
   -113.4038200   29.7182090
   -113.3890189   29.7118039
   -113.3729036   29.7029943
   -113.3576644   29.6927435
   -113.3434297   29.6811380
   -113.3432612   29.6809871
   -113.3366186   29.6747656
   -113.3280146   29.6663311
   -113.3022125   29.6440418
   -113.2951727   29.6376622
   -113.2950001   29.6374982
   -113.2821036   29.6240052
   -113.2763750   29.6202043
   -113.2608489   29.6074891
   -113.2466752   29.5932820
   -113.2339966   29.5777260
   -113.2229408   29.5609777
   -113.2187836   29.5530519
   -113.2163970   29.5496816
   -113.2063863   29.5319668
   -113.2062393   29.5316310
   -113.2024597   29.5258041
   -113.1906639   29.5065262
   -113.1862454   29.4988876
   -113.1799649   29.4894443
   -113.1719585   29.4893892
   -113.1531922   29.4874831
   -113.1346890   29.4838174
   -113.1166134   29.4784249
   -113.0991262   29.4713535
   -113.0823830   29.4626661
   -113.0665326   29.4524400
   -113.0517162   29.4407661
   -113.0515420   29.4406150
   -113.0445631   29.4342671
   -113.0306749   29.4210228
   -113.0237991   29.4141388
   -113.0236376   29.4139691
   -113.0109304   29.3992395
   -112.9997143   29.3833450
   -112.9900954   29.3664361
   -112.9821648   29.3486727
   -112.9759974   29.3302229
   -112.9716517   29.3112611
   -112.9691687   29.2919668
   -112.9685718   29.2725226
   -112.9698669   29.2531124
   -112.9720730   29.2397752
   -112.9719448   29.2373869
   -112.9700426   29.2301363
   -112.9669276   29.2104286
   -112.9663259   29.1998758
   -112.9533163   29.1867506
   -112.9409282   29.1715179
   -112.9300935   29.1551438
   -112.9209165   29.1377863
   -112.9134857   29.1196126
   -112.9078727   29.1007978
   -112.9041315   29.0815234
   -112.9022983   29.0619750
   -112.9023907   29.0423410
   -112.9044078   29.0228108
   -112.9083302   29.0035724
   -112.9141200   28.9848113
   -112.9147889   28.9832185
   -112.9148101   28.9817783
   -112.9151979   28.9719328
   -112.9152127   28.9717006
   -112.9174395   28.9521265
   -112.9215812   28.9328664
   -112.9275976   28.9141073
   -112.9354304   28.8960310
   -112.9450036   28.8788131
   -112.9519377   28.8688065
   -112.9460574   28.8707132
   -112.9269771   28.8748969
   -112.9075796   28.8771994
   -112.8880500   28.8775986
   -112.8685746   28.8760907
   -112.8683707   28.8760649
   -112.8587114   28.8745996
   -112.8261797   28.8688485
   -112.8166392   28.8669214
   -112.8164038   28.8668678
   -112.7976603   28.8616336
   -112.7818402   28.8555038
   -112.7829570   28.8706940
   -112.7824228   28.8906962
   -112.7798926   28.9105450
END
3
   -97.7811170   22.0958520
   -97.7675680   22.0637880
   -97.7563645   22.0446804
   -97.7623817   22.0416991
   -97.7770080   22.0730650
   -97.7811170   22.0958520
END
4
   -106.8876510   21.7242733
   -106.8889131   21.7444444
   -106.8881331   21.7646400
   -106.8853188   21.7846538
   -106.8804990   21.8042813
   -106.8804278   21.8045186
   -106.8772805   21.8141247
   -106.8723770   21.8279035
   -106.8705618   21.8328009
   -106.8704679   21.8330445
   -106.8685254   21.8378928
   -106.8629008   21.8514172
   -106.8588673   21.8604756
   -106.8587658   21.8606890
   -106.8493779   21.8781508
   -106.8383073   21.8945974
   -106.8256628   21.9098671
   -106.8115687   21.9238099
   -106.7961633   21.9362888
   -106.7795982   21.9471812
   -106.7620361   21.9563801
   -106.7436495   21.9637950
   -106.7246191   21.9693531
   -106.7051320   21.9729997
   -106.7026302   21.9732150
   -106.6967711   21.9744946
   -106.6770855   21.9767860
   -106.6572697   21.9771179
   -106.6375184   21.9754870
   -106.6180254   21.9719093
   -106.5989823   21.9664199
   -106.5805759   21.9590727
   -106.5629871   21.9499399
   -106.5463885   21.9391112
   -106.5309431   21.9266928
   -106.5168026   21.9128068
   -106.5041059   21.8975895
   -106.4929776   21.8811902
   -106.4888916   21.8736586
   -106.4809550   21.8601168
   -106.4792590   21.8564896
   -106.4730138   21.8539546
   -106.4642611   21.8501563
   -106.4640377   21.8500529
   -106.4464985   21.8408588
   -106.4299546   21.8299753
   -106.4297559   21.8298300
   -106.4219082   21.8237875
   -106.4087487   21.8131256
   -106.4011502   21.8066485
   -106.4009696   21.8064866
   -106.3867889   21.7924361
   -106.3740795   21.7770420
   -106.3629681   21.7604576
   -106.3535653   21.7428481
   -106.3459648   21.7243889
   -106.3458039   21.7238514
   -106.3423086   21.7194577
   -106.3315608   21.7027934
   -106.3225161   21.6851467
   -106.3182647   21.6743287
   -106.3147799   21.6734534
   -106.2967212   21.6670258
   -106.2793609   21.6588989
   -106.2628583   21.6491474
   -106.2473650   21.6378609
   -106.2330233   21.6251429
   -106.2199650   21.6111105
   -106.2083101   21.5958924
   -106.1981656   21.5796284
   -106.1938311   21.5709196
   -106.1920962   21.5683536
   -106.1830226   21.5517369
   -106.1755610   21.5343366
   -106.1728971   21.5260324
   -106.1637575   21.5232494
   -106.1445339   21.5151224
   -106.1443034   21.5150104
   -106.1350357   21.5102058
   -106.1309929   21.5079742
   -106.1231115   21.5033861
   -106.1229185   21.5032678
   -106.1078235   21.4930384
   -106.0937230   21.4814767
   -106.0807341   21.4686788
   -106.0805803   21.4685127
   -106.0745368   21.4616831
   -106.0714346   21.4580119
   -106.0652784   21.4503527
   -106.0651320   21.4501611
   -106.0539844   21.4339823
   -106.0444780   21.4167878
   -106.0367045   21.3987435
   -106.0307391   21.3800236
   -106.0266392   21.3608087
   -106.0244445   21.3412842
   -106.0241761   21.3216386
   -106.0241846   21.3213976
   -106.0247743   21.3115887
   -106.0264521   21.2918062
   -106.0265932   21.2902182
   -106.0266006   21.2901388
   -106.0267543   21.2885519
   -106.0284917   21.2713322
   -106.0297133   21.2616142
   -106.0297476   21.2613867
   -106.0336096   21.2421882
   -106.0393306   21.2234594
   -106.0468559   21.2053799
   -106.0561132   21.1881230
   -106.0670139   21.1718542
   -106.0794533   21.1567295
   -106.0933123   21.1428938
   -106.1084580   21.1304798
   -106.1247451   21.1196065
   -106.1420175   21.1103783
   -106.1601096   21.1028834
   -106.1788480   21.0971939
   -106.1980530   21.0933642
   -106.2175405   21.0914311
   -106.2225795   21.0914265
   -106.2359036   21.0900366
   -106.2546453   21.0898456
   -106.2733226   21.0914099
   -106.2917714   21.0947157
   -106.3098298   21.0997340
   -106.3273391   21.1064207
   -106.3275492   21.1065124
   -106.3360497   21.1104636
   -106.3584927   21.1215424
   -106.3677173   21.1263991
   -106.3679420   21.1265250
   -106.3855701   21.1376461
   -106.4019451   21.1505415
   -106.4168892   21.1650710
   -106.4302399   21.1810769
   -106.4303943   21.1812830
   -106.4364262   21.1897858
   -106.4453102   21.2030275
   -106.4505770   21.2113100
   -106.4506988   21.2115124
   -106.4599826   21.2288021
   -106.4612360   21.2318118
   -106.4779275   21.2376892
   -106.4781467   21.2377783
   -106.4868737   21.2415707
   -106.4880063   21.2420952
   -106.4974971   21.2442219
   -106.5171630   21.2508309
   -106.5360385   21.2594417
   -106.5372806   21.2601725
   -106.5548197   21.2664469
   -106.5717272   21.2743424
   -106.5878252   21.2837793
   -106.6029736   21.2946755
   -106.6170406   21.3069361
   -106.6299037   21.3204543
   -106.6300539   21.3206277
   -106.6359986   21.3278221
   -106.6495650   21.3450435
   -106.6556068   21.3531244
   -106.6557457   21.3533202
   -106.6665693   21.3703440
   -106.6756230   21.3883715
   -106.6792423   21.3978570
   -106.6843872   21.4002400
   -106.6846103   21.4003574
   -106.6934419   21.4052932
   -106.7328937   21.4286707
   -106.7414978   21.4340689
   -106.7417016   21.4342042
   -106.7580328   21.4462752
   -106.7730557   21.4599401
   -106.7866154   21.4750580
   -106.7985720   21.4914731
   -106.8088024   21.5090161
   -106.8172010   21.5275060
   -106.8236813   21.5467524
   -106.8247181   21.5513200
   -106.8310417   21.5615684
   -106.8395412   21.5788806
   -106.8463338   21.5969310
   -106.8513561   21.6155517
   -106.8537876   21.6299775
   -106.8576680   21.6372329
   -106.8674230   21.6565866
   -106.8717433   21.6657254
   -106.8718435   21.6659520
   -106.8790724   21.6848256
   -106.8843595   21.7043324
   -106.8876510   21.7242733
END
5
   -111.0360483   19.2768982
   -111.0360559   19.2771261
   -111.0361527   19.2863138
   -111.0360365   19.2956511
   -111.0356893   19.3052024
   -111.0356750   19.3054391
   -111.0336147   19.3244375
   -111.0297505   19.3431526
   -111.0241178   19.3614135
   -111.0240372   19.3616364
   -111.0205731   19.3705442
   -111.0170742   19.3789417
   -111.0141003   19.3857229
   -111.0140229   19.3858907
   -111.0079392   19.3979020
   -111.0024902   19.4157610
   -110.9948987   19.4339773
   -110.9855489   19.4513566
   -110.9745318   19.4677299
   -110.9619548   19.4829378
   -110.9479401   19.4968320
   -110.9326244   19.5092775
   -110.9161566   19.5201529
   -110.8986972   19.5293524
   -110.8804162   19.5367865
   -110.8614915   19.5423827
   -110.8421074   19.5460865
   -110.8224527   19.5478620
   -110.8027187   19.5476917
   -110.7830975   19.5455775
   -110.7637802   19.5415397
   -110.7449548   19.5356179
   -110.7268048   19.5278696
   -110.7095067   19.5183702
   -110.7093143   19.5182518
   -110.7010377   19.5128737
   -110.6927595   19.5071992
   -110.6854693   19.5019576
   -110.6852905   19.5018229
   -110.6714250   19.4903606
   -110.6586457   19.4776987
   -110.6584945   19.4775348
   -110.6526034   19.4708554
   -110.6459081   19.4629144
   -110.6397775   19.4552707
   -110.6396294   19.4550766
   -110.6285271   19.4389351
   -110.6283988   19.4387274
   -110.6234538   19.4302683
   -110.6127037   19.4107994
   -110.6081771   19.4021046
   -110.6080738   19.4018935
   -110.6003249   19.3838913
   -110.5943752   19.3652171
   -110.5902819   19.3460502
   -110.5880843   19.3265747
   -110.5878034   19.3069776
   -110.5894420   19.2874472
   -110.5929844   19.2681708
   -110.5983964   19.2493338
   -110.6056262   19.2311169
   -110.6146043   19.2136951
   -110.6252445   19.1972358
   -110.6374447   19.1818969
   -110.6510875   19.1678257
   -110.6660422   19.1551575
   -110.6662287   19.1550146
   -110.6726392   19.1503476
   -110.6845488   19.1363332
   -110.6990781   19.1223680
   -110.7149390   19.1099359
   -110.7319704   19.0991630
   -110.7499996   19.0901588
   -110.7688433   19.0830147
   -110.7883104   19.0778032
   -110.8082030   19.0745771
   -110.8283194   19.0733694
   -110.8484551   19.0741922
   -110.8684058   19.0770371
   -110.8879690   19.0818754
   -110.9069459   19.0886578
   -110.9251440   19.0973156
   -110.9423784   19.1077607
   -110.9584741   19.1198872
   -110.9586572   19.1200402
   -110.9662265   19.1266961
   -110.9691242   19.1293766
   -110.9758608   19.1359081
   -110.9760238   19.1360737
   -110.9885417   19.1500480
   -110.9996951   19.1651337
   -111.0093858   19.1811982
   -111.0175287   19.1981001
   -111.0176196   19.1983138
   -111.0210876   19.2070326
   -111.0236121   19.2138401
   -111.0266081   19.2225261
   -111.0266775   19.2227434
   -111.0314578   19.2404821
   -111.0345902   19.2585846
   -111.0360483   19.2768982
END
6
   -111.2006774   18.6197759
   -111.2147340   18.6336786
   -111.2273494   18.6489011
   -111.2384001   18.6652948
   -111.2477783   18.6826994
   -111.2553923   18.7009449
   -111.2611676   18.7198531
   -111.2650479   18.7392390
   -111.2669953   18.7589134
   -111.2669906   18.7786838
   -111.2669788   18.7789223
   -111.2662437   18.7887832
   -111.2655956   18.7953001
   -111.2646671   18.8030839
   -111.2646401   18.8032776
   -111.2618720   18.8187063
   -111.2618299   18.8188973
   -111.2599946   18.8265185
   -111.2555605   18.8434650
   -111.2523107   18.8545641
   -111.2521324   18.8551134
   -111.2482465   18.8660061
   -111.2395225   18.8883933
   -111.2360553   18.8967294
   -111.2359642   18.8969352
   -111.2279016   18.9131283
   -111.2184089   18.9285267
   -111.2182827   18.9287120
   -111.2130794   18.9359994
   -111.1988503   18.9550126
   -111.1921567   18.9634712
   -111.1919845   18.9636773
   -111.1772793   18.9794514
   -111.1770858   18.9796377
   -111.1691169   18.9869074
   -111.1314982   19.0194106
   -111.1240639   19.0255278
   -111.1238793   19.0256723
   -111.1081712   19.0367988
   -111.0914663   19.0463636
   -111.0739191   19.0542781
   -111.0556924   19.0604691
   -111.0369549   19.0648792
   -111.0178803   19.0674675
   -110.9986451   19.0682100
   -110.9794277   19.0670999
   -110.9604060   19.0641475
   -110.9417563   19.0593801
   -110.9415322   19.0593112
   -110.9324010   19.0562600
   -110.9123355   19.0490138
   -110.9037684   19.0456957
   -110.9035568   19.0456081
   -110.8868900   19.0377916
   -110.8710125   19.0284757
   -110.8708214   19.0283514
   -110.8633002   19.0232123
   -110.8398308   19.0063793
   -110.8308689   18.9995615
   -110.8306514   18.9993862
   -110.8139486   18.9842931
   -110.7990478   18.9674186
   -110.7988749   18.9671991
   -110.7921602   18.9581598
   -110.7770749   18.9366102
   -110.7718882   18.9288190
   -110.7717655   18.9286250
   -110.7625132   18.9123577
   -110.7548219   18.8952968
   -110.7539916   18.8928720
   -110.7525419   18.8909114
   -110.7418051   18.8726105
   -110.7416840   18.8723764
   -110.7370586   18.8628246
   -110.7290582   18.8451203
   -110.7249472   18.8353397
   -110.7248519   18.8350949
   -110.7182134   18.8149492
   -110.7137458   18.7942137
   -110.7114993   18.7731217
   -110.7114854   18.7728593
   -110.7112040   18.7622537
   -110.7112040   18.7449272
   -110.7114177   18.7356842
   -110.7114282   18.7354564
   -110.7131369   18.7170363
   -110.7165402   18.6988529
   -110.7216090   18.6810617
   -110.7283001   18.6638149
   -110.7365560   18.6472602
   -110.7463062   18.6315391
   -110.7464351   18.6313513
   -110.7517930   18.6239145
   -110.7646140   18.6069522
   -110.7704493   18.5995975
   -110.7705966   18.5994205
   -110.7832699   18.5855725
   -110.7971857   18.5729736
   -110.8122214   18.5617349
   -110.8282446   18.5519554
   -110.8451141   18.5437213
   -110.8626813   18.5371050
   -110.8807914   18.5321649
   -110.8992849   18.5289444
   -110.8995132   18.5289156
   -110.9088530   18.5279597
   -110.9159123   18.5274043
   -110.9279476   18.5235505
   -110.9472183   18.5194167
   -110.9668023   18.5171997
   -110.9865095   18.5169211
   -111.0061484   18.5185835
   -111.0255283   18.5221708
   -111.0444610   18.5276482
   -111.0627627   18.5349624
   -111.0802556   18.5440425
   -111.0967698   18.5548003
   -111.1121451   18.5671312
   -111.1123232   18.5672891
   -111.1195365   18.5740077
   -111.1196980   18.5741657
   -111.1423788   18.5833916
   -111.1510789   18.5871734
   -111.1512955   18.5872737
   -111.1688024   18.5964596
   -111.1853168   18.6073291
   -111.2006774   18.6197759
END
7
   -114.9869720   18.4095610
   -114.9795253   18.4276271
   -114.9703512   18.4448803
   -114.9595371   18.4611559
   -114.9471864   18.4762985
   -114.9334170   18.4901636
   -114.9183602   18.5026188
   -114.9021598   18.5135452
   -114.9019564   18.5136683
   -114.8934753   18.5185250
   -114.8708783   18.5307419
   -114.8620453   18.5352382
   -114.8618242   18.5353440
   -114.8435446   18.5429973
   -114.8245973   18.5488040
   -114.8051683   18.5527071
   -114.7854485   18.5546683
   -114.7852037   18.5546804
   -114.7752951   18.5549260
   -114.7242929   18.5549260
   -114.7137435   18.5546476
   -114.7134841   18.5546339
   -114.6925027   18.5524112
   -114.6718721   18.5479905
   -114.6518221   18.5414211
   -114.6325758   18.5327760
   -114.6143472   18.5221514
   -114.6141300   18.5220089
   -114.6054613   18.5159905
   -114.6020393   18.5134784
   -114.5945640   18.5077142
   -114.5943851   18.5075695
   -114.5802914   18.4950159
   -114.5674437   18.4811897
   -114.5559566   18.4662139
   -114.5459323   18.4502220
   -114.5374601   18.4333564
   -114.5306155   18.4157673
   -114.5254594   18.3976113
   -114.5220378   18.3790501
   -114.5203810   18.3602489
   -114.5205039   18.3413754
   -114.5205162   18.3411456
   -114.5212453   18.3317342
   -114.5218466   18.3257962
   -114.5231469   18.3155849
   -114.5231857   18.3153321
   -114.5273524   18.2951776
   -114.5335682   18.2755580
   -114.5336579   18.2753185
   -114.5375145   18.2657745
   -114.5404132   18.2591008
   -114.5442741   18.2507438
   -114.5443751   18.2505377
   -114.5532292   18.2344006
   -114.5533487   18.2342047
   -114.5583232   18.2264587
   -114.5612714   18.2220924
   -114.5669460   18.2141163
   -114.5670915   18.2139220
   -114.5795766   18.1988498
   -114.5934751   18.1850700
   -114.6086539   18.1727147
   -114.6088494   18.1725709
   -114.6168739   18.1669649
   -114.6233620   18.1626647
   -114.6308625   18.1579295
   -114.6310511   18.1578162
   -114.6466605   18.1493583
   -114.6629583   18.1423180
   -114.6798164   18.1367508
   -114.6971016   18.1327004
   -114.6973175   18.1326599
   -114.7059997   18.1312251
   -114.7120890   18.1303560
   -114.7217999   18.1292115
   -114.7220425   18.1291889
   -114.7351445   18.1286123
   -114.7586054   18.1258909
   -114.7673833   18.1250684
   -114.7676218   18.1250513
   -114.7869418   18.1246057
   -114.8062146   18.1260267
   -114.8252603   18.1293012
   -114.8439010   18.1343986
   -114.8441283   18.1344727
   -114.8532423   18.1376907
   -114.8694643   18.1438633
   -114.8787727   18.1476759
   -114.8789956   18.1477738
   -114.8969791   18.1567778
   -114.9139674   18.1675423
   -114.9297887   18.1799585
   -114.9442830   18.1939010
   -114.9573039   18.2092286
   -114.9687195   18.2257864
   -114.9784144   18.2434070
   -114.9862907   18.2619121
   -114.9922687   18.2811148
   -114.9962880   18.3008207
   -114.9983078   18.3208306
   -114.9983200   18.3210737
   -114.9985730   18.3311296
   -114.9985730   18.3422306
   -114.9983342   18.3520009
   -114.9983226   18.3522384
   -114.9964157   18.3716858
   -114.9926201   18.3908543
   -114.9869720   18.4095610
END
8
   -115.9345107   24.8679078
   -115.9420408   24.8860606
   -115.9477528   24.9048648
   -115.9515918   24.9241389
   -115.9535206   24.9436966
   -115.9535325   24.9439375
   -115.9537740   24.9537638
   -115.9537740   24.9541604
   -115.9535189   24.9642591
   -115.9535065   24.9645032
   -115.9514695   24.9845976
   -115.9474161   25.0043842
   -115.9413877   25.0236610
   -115.9334459   25.0422315
   -115.9236715   25.0599063
   -115.9121644   25.0765052
   -115.8990418   25.0918588
   -115.8844375   25.1058106
   -115.8685006   25.1182183
   -115.8513935   25.1289554
   -115.8332907   25.1379123
   -115.8330665   25.1380095
   -115.8236991   25.1417911
   -115.8231819   25.1419848
   -115.8141794   25.1451148
   -115.8139590   25.1451856
   -115.7955582   25.1501420
   -115.7767692   25.1533247
   -115.7577625   25.1547046
   -115.7387109   25.1542693
   -115.7197871   25.1520228
   -115.7011630   25.1479853
   -115.6830078   25.1421937
   -115.6654862   25.1347004
   -115.6487573   25.1255736
   -115.6329730   25.1148959
   -115.6182766   25.1027645
   -115.6181052   25.1026088
   -115.6112071   25.0960318
   -115.6110612   25.0958859
   -115.6042924   25.0887764
   -115.6041306   25.0885979
   -115.5916793   25.0734260
   -115.5807751   25.0571067
   -115.5715230   25.0397971
   -115.5640120   25.0216641
   -115.5583146   25.0028821
   -115.5544855   24.9836322
   -115.5525617   24.9640996
   -115.5525499   24.9638590
   -115.5523090   24.9540455
   -115.5523090   24.9535108
   -115.5525332   24.9440442
   -115.5525440   24.9438159
   -115.5543343   24.9249675
   -115.5578989   24.9063729
   -115.5632058   24.8881987
   -115.5702075   24.8706078
   -115.5788412   24.8537577
   -115.5890296   24.8377996
   -115.6006813   24.8228763
   -115.6136919   24.8091218
   -115.6279449   24.7966591
   -115.6433124   24.7856000
   -115.6596569   24.7760437
   -115.6768318   24.7680757
   -115.6946831   24.7617674
   -115.6949020   24.7617015
   -115.7040316   24.7591881
   -115.7045282   24.7590639
   -115.7145742   24.7568254
   -115.7148199   24.7567772
   -115.7351907   24.7538641
   -115.7557529   24.7530595
   -115.7762890   24.7543721
   -115.7965815   24.7577878
   -115.8164156   24.7632706
   -115.8355814   24.7707625
   -115.8538759   24.7801840
   -115.8711054   24.7914354
   -115.8870877   24.8043977
   -115.8872738   24.8045653
   -115.8947437   24.8116458
   -115.8948765   24.8117783
   -115.9016613   24.8188904
   -115.9018234   24.8190690
   -115.9143045   24.8342495
   -115.9252355   24.8505817
   -115.9345107   24.8679078
END
9
   -118.5685392   29.1244555
   -118.5666272   29.1437488
   -118.5665920   29.1439861
   -118.5649370   29.1535406
   -118.5616043   29.1703471
   -118.5597828   29.1786125
   -118.5597330   29.1788176
   -118.5550399   29.1951091
   -118.5489839   29.2109446
   -118.5489005   29.2111377
   -118.5454077   29.2187801
   -118.5370073   29.2361843
   -118.5322657   29.2453912
   -118.5321427   29.2456155
   -118.5212629   29.2632320
   -118.5086200   29.2796291
   -118.4943495   29.2946313
   -118.4786045   29.3080778
   -118.4784017   29.3082336
   -118.4700284   29.3143277
   -118.4504062   29.3278456
   -118.4417166   29.3335055
   -118.4414972   29.3336404
   -118.4232970   29.3435722
   -118.4144490   29.3472695
   -118.4089326   29.3514439
   -118.3919299   29.3618249
   -118.3739789   29.3704630
   -118.3552576   29.3772724
   -118.3359517   29.3821856
   -118.3357116   29.3822341
   -118.3258991   29.3839636
   -118.3038017   29.3872933
   -118.2938848   29.3885350
   -118.2936396   29.3885595
   -118.2736818   29.3895502
   -118.2537248   29.3885445
   -118.2339678   29.3855524
   -118.2146079   29.3806037
   -118.1958385   29.3737478
   -118.1956116   29.3736518
   -118.1865071   29.3695293
   -118.1690983   29.3611163
   -118.1601677   29.3565205
   -118.1599617   29.3564078
   -118.1428483   29.3459011
   -118.1268749   29.3337312
   -118.1122024   29.3200208
   -118.0989787   29.3049083
   -118.0873371   29.2885458
   -118.0773950   29.2710984
   -118.0692527   29.2527419
   -118.0629922   29.2336615
   -118.0586766   29.2140494
   -118.0563495   29.1941034
   -118.0560343   29.1740246
   -118.0569977   29.1626842
   -118.0565856   29.1620457
   -118.0478310   29.1451432
   -118.0407230   29.1274849
   -118.0353258   29.1092309
   -118.0352699   29.1090021
   -118.0332288   29.0997031
   -118.0242629   29.0536468
   -118.0225722   29.0436053
   -118.0225369   29.0433568
   -118.0206984   29.0230809
   -118.0209307   29.0027232
   -118.0230982   28.9836665
   -118.0216678   28.9701014
   -118.0216148   28.9496156
   -118.0216272   28.9493613
   -118.0223875   28.9391433
   -118.0267761   28.8953549
   -118.0280152   28.8854765
   -118.0280519   28.8852337
   -118.0319959   28.8657227
   -118.0378600   28.8467004
   -118.0455859   28.8283553
   -118.0550971   28.8108690
   -118.0662994   28.7944148
   -118.0664475   28.7942190
   -118.0726488   28.7864303
   -118.0978929   28.7562950
   -118.1042265   28.7490923
   -118.1043854   28.7489202
   -118.1180514   28.7354665
   -118.1329431   28.7233835
   -118.1489236   28.7127824
   -118.1658459   28.7037605
   -118.1835546   28.6964008
   -118.1901049   28.6943892
   -118.1953761   28.6912660
   -118.2130915   28.6829888
   -118.2315304   28.6764811
   -118.2505168   28.6718051
   -118.2698690   28.6690055
   -118.2894021   28.6681090
   -118.3089294   28.6691243
   -118.3282642   28.6720416
   -118.3472217   28.6768330
   -118.3656208   28.6834527
   -118.3832855   28.6918375
   -118.4000469   28.7019072
   -118.4157450   28.7135656
   -118.4159144   28.7137048
   -118.4233173   28.7200955
   -118.4325713   28.7284876
   -118.4394127   28.7349926
   -118.4395752   28.7351546
   -118.4522997   28.7490962
   -118.4636533   28.7641753
   -118.4735347   28.7802576
   -118.4818560   28.7971998
   -118.4885431   28.8148511
   -118.4935364   28.8330541
   -118.4967914   28.8516468
   -118.4982792   28.8704635
   -118.4979864   28.8893367
   -118.4971071   28.8973039
   -118.4991960   28.9015024
   -118.5061804   28.9198689
   -118.5113288   28.9388322
   -118.5119271   28.9423858
   -118.5228092   28.9574181
   -118.5322954   28.9734885
   -118.5402425   28.9903732
   -118.5465813   29.0079250
   -118.5512566   29.0259912
   -118.5513036   29.0262158
   -118.5520719   29.0303618
   -118.5529194   29.0326433
   -118.5530644   29.0330620
   -118.5557808   29.0415042
   -118.5604334   29.0571452
   -118.5629720   29.0665038
   -118.5630292   29.0667368
   -118.5667317   29.0857677
   -118.5685741   29.1050678
   -118.5685392   29.1244555
END
END
