europe-poland-south
1
   14.4957241   52.6308455
   14.5510491   52.6366169
   14.5519584   52.6367543
   14.5528512   52.6369746
   14.5537201   52.6372760
   14.5545576   52.6376560
   14.6272554   52.6747605
   14.6274711   52.6748578
   14.6277002   52.6747991
   14.7098983   52.6494829
   14.7108080   52.6492489
   14.7117357   52.6491012
   14.7126731   52.6490413
   14.7136120   52.6490696
   14.7145441   52.6491858
   14.7154612   52.6493890
   14.7163552   52.6496774
   14.7172181   52.6500484
   14.7180425   52.6504986
   14.7188210   52.6510243
   14.7195467   52.6516207
   14.7726173   52.6995816
   14.7732887   52.7002488
   14.7738941   52.7009764
   14.7744279   52.7017581
   14.7748855   52.7025867
   14.7752626   52.7034549
   14.7755560   52.7043549
   14.7757630   52.7052785
   14.7758817   52.7062176
   14.7806413   52.7668020
   14.7806706   52.7670327
   14.7808758   52.7671421
   14.8262784   52.7886316
   14.8271349   52.7890891
   14.8279430   52.7896276
   14.8286951   52.7902419
   14.8293840   52.7909263
   14.8300033   52.7916742
   14.8305471   52.7924787
   14.8310104   52.7933321
   14.8313887   52.7942265
   14.8316784   52.7951533
   14.8318769   52.7961039
   14.8378942   52.8340445
   14.8379397   52.8342652
   14.8380933   52.8344297
   14.9064376   52.9012614
   14.9066126   52.9014168
   14.9068336   52.9013399
   14.9944248   52.8660682
   14.9954184   52.8657276
   14.9964422   52.8654930
   14.9974850   52.8653672
   14.9985352   52.8653514
   14.9995813   52.8654458
   15.0006117   52.8656495
   15.0416660   52.8760308
   15.0418977   52.8760776
   15.0420963   52.8759495
   15.0768112   52.8511058
   15.0776291   52.8505787
   15.0784943   52.8501335
   15.0793987   52.8497746
   15.0803336   52.8495053
   15.0812904   52.8493281
   15.0822598   52.8492447
   15.0832327   52.8492560
   15.0841999   52.8493617
   15.0851523   52.8495609
   15.2834971   52.9012405
   15.2844497   52.9015403
   15.2853678   52.9019336
   15.2862420   52.9024165
   15.2870637   52.9029842
   15.2878247   52.9036310
   15.2885173   52.9043506
   15.2891348   52.9051356
   15.2896708   52.9059783
   15.2901201   52.9068702
   15.2904782   52.9078026
   15.2907415   52.9087660
   15.2909074   52.9097508
   15.2909742   52.9107473
   15.2909413   52.9117455
   15.2908090   52.9127355
   15.2905786   52.9137073
   15.2902525   52.9146513
   15.2898337   52.9155580
   15.2893267   52.9164184
   15.2887363   52.9172240
   15.2698947   52.9404096
   15.2697535   52.9406019
   15.2698348   52.9408263
   15.2826866   52.9714971
   15.2827869   52.9717073
   15.2830178   52.9716770
   15.3490486   52.9597400
   15.3500829   52.9596082
   15.3511253   52.9595849
   15.3521645   52.9596703
   15.3531891   52.9598633
   15.3541881   52.9601621
   15.3551505   52.9605632
   15.3560660   52.9610624
   15.4152061   52.9974323
   15.4154353   52.9975572
   15.4156856   52.9976315
   15.5457188   53.0288996
   15.5459690   53.0289462
   15.5462095   53.0288633
   15.6300618   52.9949956
   15.6309526   52.9946839
   15.6318688   52.9944575
   15.6328023   52.9943185
   15.6337447   52.9942681
   15.6346877   52.9943068
   15.6356228   52.9944342
   15.6365418   52.9946492
   15.6374364   52.9949498
   15.6808580   53.0118635
   15.6810815   53.0119386
   15.6813169   53.0119251
   15.7340954   53.0063685
   15.7350734   53.0063138
   15.7360522   53.0063550
   15.7370222   53.0064918
   15.7379742   53.0067229
   15.7388990   53.0070459
   15.7397878   53.0074580
   15.7406319   53.0079550
   15.7414234   53.0085322
   15.7421546   53.0091841
   15.7428186   53.0099044
   15.8413141   53.1278733
   15.8414754   53.1280484
   15.8417132   53.1280599
   15.9900097   53.1280101
   15.9902419   53.1279988
   15.9903258   53.1277820
   16.0090780   53.0713965
   16.0091456   53.0711514
   16.0090332   53.0709233
   16.0072930   53.0678128
   16.0068601   53.0669421
   16.0065138   53.0660335
   16.0062574   53.0650956
   16.0060933   53.0641372
   16.0060230   53.0631674
   16.0060473   53.0621954
   16.0061658   53.0612303
   16.0063775   53.0602813
   16.0066804   53.0593573
   16.0070716   53.0584671
   16.0075473   53.0576191
   16.0081032   53.0568214
   16.0087340   53.0560813
   16.0094336   53.0554061
   16.0101955   53.0548020
   16.0110125   53.0542747
   16.0118768   53.0538293
   16.0127803   53.0534699
   16.0137144   53.0532000
   16.0146703   53.0530220
   16.1187169   53.0388475
   16.1197296   53.0387617
   16.1207459   53.0387791
   16.1217551   53.0388995
   16.2923351   53.0681197
   16.2932451   53.0683196
   16.2941325   53.0686033
   16.2949897   53.0689684
   16.2958092   53.0694117
   16.2965839   53.0699294
   16.2973070   53.0705169
   16.2979723   53.0711691
   16.2985741   53.0718805
   16.3852822   53.1846447
   16.3854469   53.1848374
   16.3856980   53.1848725
   16.4823153   53.1932875
   16.4833096   53.1934247
   16.4842851   53.1936608
   16.4852320   53.1939935
   16.4861408   53.1944195
   16.4870024   53.1949344
   16.6248568   53.2870230
   16.6256530   53.2876140
   16.6263867   53.2882809
   16.6270507   53.2890171
   16.6276386   53.2898155
   16.6281446   53.2906682
   16.6285636   53.2915668
   16.6288915   53.2925024
   16.6291252   53.2934660
   16.6292624   53.2944479
   16.6293016   53.2954386
   16.6292425   53.2964283
   16.6290857   53.2974073
   16.6288328   53.2983660
   16.6284861   53.2992949
   16.6280492   53.3001849
   16.6275262   53.3010273
   16.6269224   53.3018137
   16.6262438   53.3025365
   16.6254968   53.3031885
   16.6246890   53.3037634
   16.6238282   53.3042554
   16.6229230   53.3046598
   16.4587822   53.3684198
   16.4585585   53.3685198
   16.4584299   53.3687282
   16.4119955   53.4531202
   16.4118926   53.4533303
   16.4119852   53.4535452
   16.4385914   53.5079579
   16.4387075   53.5081683
   16.4389472   53.5081870
   16.6406986   53.5138755
   16.6417282   53.5139579
   16.6427438   53.5141461
   16.6437346   53.5144380
   16.6446900   53.5148306
   16.6455998   53.5153196
   16.6900907   53.5422837
   16.6908536   53.5427955
   16.6915664   53.5433750
   16.6922229   53.5440176
   16.6928177   53.5447177
   16.6933458   53.5454694
   16.6938027   53.5462664
   16.7447012   53.6453482
   16.7448176   53.6455504
   16.7450414   53.6456164
   16.8902158   53.6809905
   16.8904563   53.6810364
   16.8906411   53.6808757
   17.0259495   53.5506595
   17.0266886   53.5500149
   17.0274873   53.5494458
   17.0283380   53.5489577
   17.0292323   53.5485553
   17.0301618   53.5482424
   17.0311175   53.5480221
   17.0320901   53.5478964
   17.0330704   53.5478666
   17.0340489   53.5479330
   17.0350161   53.5480949
   17.0359629   53.5483507
   17.0368800   53.5486981
   17.0831045   53.5688504
   17.0833121   53.5689301
   17.0835340   53.5689317
   17.2751723   53.5618092
   17.2754177   53.5617879
   17.2756541   53.5617186
   17.4043819   53.5169693
   17.4045986   53.5168820
   17.4046054   53.5166486
   17.4034346   53.4556312
   17.4034187   53.4553955
   17.4032429   53.4552377
   17.3201845   53.3876049
   17.3194646   53.3869583
   17.3188106   53.3862453
   17.3182286   53.3854723
   17.3177240   53.3846467
   17.3173015   53.3837762
   17.3169652   53.3828689
   17.3167181   53.3819334
   17.3165625   53.3809784
   17.3165001   53.3800129
   17.3165312   53.3790458
   17.3166556   53.3780862
   17.3168722   53.3771432
   17.3171789   53.3762255
   17.3175729   53.3753417
   17.3180504   53.3745002
   17.3186071   53.3737087
   17.3192376   53.3729748
   17.3199361   53.3723052
   17.3206960   53.3717063
   17.4629252   53.2703688
   17.4631058   53.2702266
   17.4630088   53.2700182
   17.4317403   53.2104302
   17.4316226   53.2102296
   17.4313990   53.2101652
   17.3867122   53.1995549
   17.3857576   53.1992775
   17.3848352   53.1989066
   17.3839542   53.1984460
   17.3831234   53.1979002
   17.3823508   53.1972746
   17.3816441   53.1965754
   17.3810104   53.1958094
   17.3804558   53.1949844
   17.3799859   53.1941083
   17.3796053   53.1931899
   17.3793178   53.1922383
   17.3791262   53.1912628
   17.3790324   53.1902731
   17.3790373   53.1892790
   17.3791409   53.1882903
   17.3793421   53.1873167
   17.3796391   53.1863680
   17.3800287   53.1854534
   17.3805072   53.1845820
   17.3810699   53.1837625
   17.4173745   53.1361440
   17.4175150   53.1359387
   17.4174122   53.1357121
   17.3562106   53.0172857
   17.3557968   53.0163762
   17.3554758   53.0154300
   17.3552508   53.0144565
   17.3551242   53.0134653
   17.3550970   53.0124665
   17.3551697   53.0114700
   17.3553414   53.0104857
   17.3556106   53.0095234
   17.3559744   53.0085928
   17.3564292   53.0077032
   17.3569706   53.0068633
   17.3575931   53.0060818
   17.3582905   53.0053662
   17.3590557   53.0047238
   17.3598813   53.0041609
   17.3607590   53.0036833
   17.3616799   53.0032956
   17.3626349   53.0030018
   17.3636145   53.0028047
   17.3646088   53.0027064
   17.3656080   53.0027078
   17.3666020   53.0028089
   17.3980376   53.0076030
   17.3982782   53.0076277
   17.3985021   53.0075363
   17.5395170   52.9416742
   17.5397286   52.9415623
   17.5397526   52.9413242
   17.5461377   52.8166193
   17.5461385   52.8163846
   17.5459763   52.8162150
   17.4920157   52.7649693
   17.4913179   52.7642359
   17.4906978   52.7634358
   17.4901618   52.7625770
   17.4897154   52.7616685
   17.4893630   52.7607194
   17.4891085   52.7597397
   17.4889543   52.7587392
   17.4889020   52.7577282
   17.4889523   52.7567171
   17.4891045   52.7557163
   17.4893570   52.7547360
   17.4897075   52.7537863
   17.4901521   52.7528769
   17.4906864   52.7520171
   17.4913049   52.7512156
   17.5211752   52.7163169
   17.5218278   52.7156241
   17.5225433   52.7149965
   17.5233152   52.7144397
   17.5241366   52.7139589
   17.5249999   52.7135583
   17.5258974   52.7132416
   17.5268210   52.7130117
   17.5277623   52.7128706
   17.5287127   52.7128196
   17.5296636   52.7128592
   17.5306065   52.7129891
   17.6347815   52.7324255
   17.6350139   52.7324573
   17.6351350   52.7322564
   17.6635763   52.6794277
   17.6640943   52.6785712
   17.6646953   52.6777709
   17.6653732   52.6770346
   17.6661214   52.6763698
   17.6669323   52.6757831
   17.6677978   52.6752803
   17.6687092   52.6748667
   17.6696574   52.6745462
   17.6706329   52.6743221
   17.6716258   52.6741966
   17.8834321   52.6581480
   17.8836659   52.6581190
   17.8838602   52.6579860
   17.9568804   52.6026915
   17.9576798   52.6021449
   17.9585285   52.6016782
   17.9594183   52.6012958
   17.9603409   52.6010013
   17.9612876   52.6007974
   18.1036579   52.5772816
   18.1039032   52.5772281
   18.1040730   52.5770432
   18.1371540   52.5371024
   18.1378573   52.5363378
   18.1386362   52.5356503
   18.1394822   52.5350473
   18.1403862   52.5345353
   18.1413385   52.5341199
   18.1423287   52.5338056
   18.2216472   52.5130917
   18.2226054   52.5128910
   18.2235786   52.5127849
   18.2245575   52.5127746
   18.2255327   52.5128599
   18.2264949   52.5130403
   18.2274348   52.5133138
   18.2283435   52.5136779
   18.3483385   52.5687238
   18.3485703   52.5688162
   18.3488061   52.5687344
   18.4073457   52.5450348
   18.4075682   52.5449314
   18.4075988   52.5446880
   18.4100152   52.5122593
   18.4101366   52.5112820
   18.4103537   52.5103213
   18.4106641   52.5093866
   18.4110650   52.5084870
   18.4115524   52.5076312
   18.4121217   52.5068275
   18.4127673   52.5060837
   18.4134829   52.5054071
   18.4142615   52.5048040
   18.4150958   52.5042805
   18.4159775   52.5038417
   18.4168980   52.5034916
   18.4178486   52.5032338
   18.4188199   52.5030708
   18.4198025   52.5030041
   18.4207869   52.5030344
   18.4217635   52.5031614
   18.5340084   52.5234182
   18.5342388   52.5234487
   18.5344580   52.5233714
   18.6648450   52.4703737
   18.6650920   52.4702570
   18.6653076   52.4700893
   18.7769754   52.3728770
   18.7777265   52.3722839
   18.7785308   52.3717653
   18.7793811   52.3713259
   18.7802694   52.3709698
   18.7811877   52.3707003
   18.7821276   52.3705198
   18.7830804   52.3704300
   18.7840375   52.3704317
   18.7849900   52.3705249
   18.7859292   52.3707087
   18.7868466   52.3709814
   18.9324853   52.4219843
   18.9327289   52.4220557
   18.9329584   52.4219474
   19.0633077   52.3519839
   19.0635094   52.3518628
   19.0635476   52.3516307
   19.0685886   52.3078888
   19.0687425   52.3069492
   19.0689851   52.3060286
   19.0693141   52.3051351
   19.0697266   52.3042770
   19.0702188   52.3034621
   19.0707863   52.3026976
   19.0714239   52.3019906
   19.0721259   52.3013474
   19.0728859   52.3007739
   19.0736969   52.3002752
   19.0745517   52.2998560
   19.1216909   52.2794592
   19.1219091   52.2793515
   19.1219607   52.2791137
   19.1292714   52.2349132
   19.1292985   52.2346825
   19.1291781   52.2344839
   19.0921824   52.1794916
   19.0920330   52.1792923
   19.0917854   52.1792646
   18.9604660   52.1713010
   18.9594861   52.1711929
   18.9585215   52.1709888
   18.9575817   52.1706907
   18.9566759   52.1703015
   18.9558128   52.1698250
   18.9550007   52.1692659
   18.9542477   52.1686295
   18.9535611   52.1679220
   18.9529474   52.1671503
   18.9524127   52.1663220
   18.9519621   52.1654451
   18.9516001   52.1645280
   18.9513302   52.1635798
   18.9511549   52.1626096
   18.9510761   52.1616268
   18.9510944   52.1606411
   18.9512097   52.1596619
   18.9514208   52.1586989
   18.9517258   52.1577613
   18.9521215   52.1568583
   18.9526043   52.1559987
   18.9751884   52.1200595
   18.9753061   52.1198498
   18.9751955   52.1196362
   18.9396418   52.0585891
   18.9395131   52.0583909
   18.9392787   52.0583617
   18.7599422   52.0447525
   18.7589723   52.0446310
   18.7580189   52.0444153
   18.7570911   52.0441077
   18.7561978   52.0437109
   18.7553474   52.0432287
   18.7545482   52.0426659
   18.7538078   52.0420277
   18.7531332   52.0413203
   18.7525309   52.0405504
   18.7520067   52.0397254
   18.7515655   52.0388531
   18.7512116   52.0379419
   18.7509483   52.0370005
   18.7507782   52.0360380
   18.7507029   52.0350634
   18.7507231   52.0340861
   18.7508386   52.0331154
   18.7510484   52.0321607
   18.7513503   52.0312310
   18.7924617   51.9229725
   18.7925364   51.9227418
   18.7924032   51.9225393
   18.7056783   51.8039628
   18.7055241   51.8037727
   18.7052792   51.8037765
   18.5020356   51.8171366
   18.5011143   51.8171546
   18.5001953   51.8170877
   18.4992863   51.8169365
   18.4983951   51.8167023
   18.4975292   51.8163870
   18.4966960   51.8159934
   18.4959026   51.8155248
   18.4951557   51.8149851
   18.4709523   51.7957385
   18.4702185   51.7950940
   18.4695510   51.7943810
   18.4689563   51.7936063
   18.4684399   51.7927772
   18.4680069   51.7919017
   18.4676614   51.7909882
   18.4349982   51.6899717
   18.4349094   51.6897384
   18.4347030   51.6895979
   18.4051845   51.6716246
   18.4043958   51.6710912
   18.4036613   51.6704853
   18.4029878   51.6698122
   18.4023814   51.6690782
   18.4018475   51.6682898
   18.4013910   51.6674542
   18.4010161   51.6665790
   18.4007261   51.6656721
   18.4005236   51.6647417
   18.4004106   51.6637963
   18.4003880   51.6628444
   18.4051138   51.4650998
   18.4051066   51.4648455
   18.4049322   51.4646603
   18.3330676   51.3959199
   18.3328864   51.3957629
   18.3326502   51.3958035
   18.2455440   51.4152443
   18.2445722   51.4154114
   18.2435888   51.4154820
   18.2426032   51.4154553
   18.2416250   51.4153318
   18.2406637   51.4151125
   18.2397287   51.4147996
   18.2388291   51.4143962
   18.2379735   51.4139061
   18.2371704   51.4133342
   18.2364275   51.4126859
   18.2357520   51.4119677
   18.2351506   51.4111864
   18.2346290   51.4103497
   18.2134670   51.3723480
   18.2133304   51.3721303
   18.2131035   51.3720097
   18.1379160   51.3369402
   18.1370542   51.3364859
   18.1362407   51.3359498
   18.1354832   51.3353372
   18.1347890   51.3346537
   18.1341645   51.3339060
   18.1336157   51.3331010
   18.1331479   51.3322464
   18.1327655   51.3313504
   18.1324721   51.3304214
   18.1322704   51.3294683
   18.1321625   51.3285000
   18.1321493   51.3275259
   18.1322309   51.3265551
   18.1324066   51.3255969
   18.1326748   51.3246602
   18.1401064   51.3027893
   18.1404863   51.3018351
   18.1409622   51.3009249
   18.1415288   51.3000683
   18.1421804   51.2992743
   18.1429100   51.2985513
   18.1437098   51.2979070
   18.1445716   51.2973482
   18.1454861   51.2968807
   18.1464437   51.2965094
   18.1943160   51.2807271
   18.1945388   51.2806413
   18.1945672   51.2804042
   18.2010516   51.1878530
   18.2010560   51.1875935
   18.2009293   51.1873670
   18.1963413   51.1800929
   18.1958669   51.1792536
   18.1954754   51.1783725
   18.1951707   51.1774578
   18.1949555   51.1765180
   18.1948317   51.1755618
   18.1948007   51.1745982
   18.1948625   51.1736360
   18.1950168   51.1726843
   18.1952619   51.1717519
   18.1955958   51.1708474
   18.1960152   51.1699792
   18.1965162   51.1691555
   18.1970942   51.1683839
   18.1977439   51.1676715
   18.1984591   51.1670250
   18.1992333   51.1664503
   18.2000592   51.1659529
   18.2009292   51.1655374
   18.2018351   51.1652075
   18.2027686   51.1649664
   18.2037210   51.1648164
   18.2046834   51.1647587
   18.2620903   51.1640930
   18.2623470   51.1640767
   18.2625864   51.1639825
   18.3092536   51.1427494
   18.3101761   51.1423838
   18.3111302   51.1421114
   18.3121066   51.1419349
   18.3130957   51.1418560
   18.3140878   51.1418755
   18.3678975   51.1456125
   18.3681483   51.1456172
   18.3683890   51.1455467
   18.4346111   51.1224578
   18.4356002   51.1221691
   18.4366139   51.1219838
   18.4376412   51.1219038
   18.4386714   51.1219299
   18.4396933   51.1220618
   18.4657731   51.1268069
   18.4660055   51.1268377
   18.4661636   51.1266645
   18.4833885   51.1058598
   18.4840646   51.1051218
   18.4848111   51.1044551
   18.4856204   51.1038663
   18.4864846   51.1033613
   18.4873950   51.1029453
   18.4883423   51.1026224
   18.4893172   51.1023957
   18.4903099   51.1022677
   18.4913104   51.1022395
   18.4923086   51.1023115
   18.4932947   51.1024829
   18.4942588   51.1027521
   18.4951911   51.1031162
   18.4960823   51.1035718
   18.5047752   51.1085788
   18.5056156   51.1091205
   18.5063977   51.1097435
   18.5071137   51.1104414
   18.5077564   51.1112074
   18.5083194   51.1120337
   18.5087971   51.1129121
   18.5091846   51.1138339
   18.5094782   51.1147897
   18.5096748   51.1157701
   18.5097726   51.1167652
   18.5097705   51.1177650
   18.5088730   51.1349699
   18.5088725   51.1352161
   18.5090113   51.1354195
   18.5169467   51.1458811
   18.5170953   51.1460589
   18.5173271   51.1460637
   18.5563937   51.1450263
   18.5566235   51.1450093
   18.5567442   51.1448131
   18.5853787   51.0929598
   18.5858869   51.0921363
   18.5864723   51.0913659
   18.5871294   51.0906556
   18.5878521   51.0900121
   18.5886336   51.0894416
   18.5894666   51.0889492
   18.5903433   51.0885396
   18.5912554   51.0882167
   18.6587319   51.0679452
   18.6596446   51.0677172
   18.6605746   51.0675760
   18.6615138   51.0675228
   18.6624539   51.0675581
   18.6633865   51.0676815
   18.6643033   51.0678921
   18.6650972   51.0681550
   18.6651427   51.0681674
   18.6653919   51.0682087
   18.8566681   51.0899913
   18.8569182   51.0900070
   18.8571541   51.0899228
   18.8780303   51.0812562
   18.8789766   51.0809180
   18.8799520   51.0806765
   18.8809468   51.0805342
   18.8819508   51.0804923
   18.8829539   51.0805515
   18.8839461   51.0807110
   18.8849172   51.0809693
   18.8858575   51.0813238
   18.8867575   51.0817708
   18.8876081   51.0823060
   18.8884006   51.0829237
   18.9229159   51.1127324
   18.9231129   51.1128856
   18.9233540   51.1128210
   19.0005958   51.0878061
   19.0007964   51.0877315
   19.0009806   51.0876241
   19.0669759   51.0452609
   19.0679031   51.0447334
   19.0688812   51.0443076
   19.0698991   51.0439884
   19.0709452   51.0437795
   19.1107770   51.0380137
   19.1110042   51.0379698
   19.1111569   51.0377960
   19.1259485   51.0192655
   19.1265974   51.0185297
   19.1273153   51.0178610
   19.1280953   51.0172659
   19.1289298   51.0167501
   19.1298109   51.0163186
   19.1307300   51.0159754
   19.1316783   51.0157240
   19.2076781   50.9995165
   19.2086361   50.9993604
   19.2096047   50.9992978
   19.2105748   50.9993295
   19.2115373   50.9994551
   19.2124830   50.9996734
   19.2257056   51.0034097
   19.2266194   51.0037162
   19.2274995   51.0041093
   19.2283376   51.0045852
   19.2291261   51.0051396
   19.2298575   51.0057674
   19.2305250   51.0064627
   19.2311226   51.0072190
   19.2316445   51.0080293
   19.2320860   51.0088861
   19.2324430   51.0097814
   19.2327121   51.0107069
   19.2328908   51.0116541
   19.2329776   51.0126140
   19.2329715   51.0135779
   19.2328726   51.0145367
   19.2293274   51.0378442
   19.2293028   51.0380861
   19.2294584   51.0382729
   19.2419342   51.0518290
   19.2421163   51.0520073
   19.2423683   51.0520459
   19.3224144   51.0600863
   19.3226467   51.0600986
   19.3228374   51.0599653
   19.3431896   51.0442569
   19.3433679   51.0441051
   19.3433454   51.0438720
   19.3421142   51.0354007
   19.3420204   51.0344134
   19.3420248   51.0334217
   19.3421275   51.0324353
   19.3423273   51.0314639
   19.3426224   51.0305171
   19.3430099   51.0296042
   19.3434858   51.0287341
   19.3440456   51.0279155
   19.3446837   51.0271563
   19.3453939   51.0264641
   19.3461691   51.0258456
   19.3470018   51.0253069
   19.3478838   51.0248534
   19.3488063   51.0244895
   19.3497604   51.0242187
   19.3987960   51.0128963
   19.3990341   51.0128286
   19.3992270   51.0126734
   19.4404123   50.9759883
   19.4405813   50.9758227
   19.4407159   50.9756280
   19.4865374   50.9021449
   19.4871069   50.9013257
   19.4877553   50.9005672
   19.4884760   50.8998772
   19.4892618   50.8992624
   19.4901050   50.8987290
   19.4909972   50.8982822
   19.4919295   50.8979266
   19.4928925   50.8976657
   19.4938768   50.8975020
   19.4948724   50.8974373
   19.4958696   50.8974721
   19.4968584   50.8976060
   19.4978288   50.8978379
   19.5776476   50.9211721
   19.5778781   50.9212275
   19.5780816   50.9211059
   19.6168321   50.8953262
   19.6177166   50.8948013
   19.6186502   50.8943700
   19.6196232   50.8940370
   19.6206253   50.8938056
   19.6695466   50.8851314
   19.6697737   50.8850799
   19.6699210   50.8848994
   19.6858131   50.8634102
   19.6864478   50.8626361
   19.6871567   50.8619295
   19.6879328   50.8612972
   19.6887681   50.8607457
   19.6896544   50.8602804
   19.6905828   50.8599061
   19.6915439   50.8596265
   19.6925282   50.8594444
   19.6935258   50.8593616
   19.7154953   50.8586417
   19.7164987   50.8586592
   19.7174953   50.8587772
   19.7184750   50.8589945
   19.7194280   50.8593088
   19.7203447   50.8597171
   19.7212159   50.8602153
   19.7504014   50.8789064
   19.7506116   50.8790268
   19.7508450   50.8789616
   19.7527837   50.8783145
   19.7537962   50.8780348
   19.7548324   50.8778627
   19.7558810   50.8778004
   19.7569304   50.8778484
   19.7579689   50.8780062
   19.7589852   50.8782720
   19.7599679   50.8786430
   19.7661008   50.8813343
   19.7669517   50.8817569
   19.7677586   50.8822584
   19.7685142   50.8828342
   19.7692119   50.8834791
   19.7698451   50.8841873
   19.7704083   50.8849524
   19.7708964   50.8857675
   19.7713049   50.8866253
   19.7724169   50.8892778
   19.7725187   50.8894913
   19.7727316   50.8895945
   19.7759953   50.8909861
   19.7768586   50.8914042
   19.7776777   50.8919030
   19.7784454   50.8924781
   19.7791544   50.8931240
   19.7797983   50.8938349
   19.7803711   50.8946042
   19.7808676   50.8954248
   19.7812831   50.8962892
   19.7857627   50.9068800
   19.7858704   50.9071029
   19.7860390   50.9072840
   19.7917558   50.9128410
   19.7919455   50.9130073
   19.7921965   50.9130334
   19.8063576   50.9137730
   19.8073082   50.9138683
   19.8082453   50.9140539
   19.8091604   50.9143281
   19.8100451   50.9146883
   19.8108915   50.9151313
   19.8197976   50.9203497
   19.8200249   50.9204676
   19.8202714   50.9205364
   19.8293942   50.9225844
   19.8303150   50.9228379
   19.8312074   50.9231780
   19.8320633   50.9236017
   19.8328749   50.9241051
   19.8336348   50.9246837
   19.8343360   50.9253321
   19.8351255   50.9261355
   19.8358389   50.9269443
   19.8364610   50.9278252
   19.8369846   50.9287680
   19.8382086   50.9312823
   19.8385999   50.9321998
   19.8388979   50.9331518
   19.8390995   50.9341287
   19.8392028   50.9351208
   19.8392068   50.9361183
   19.8391114   50.9371112
   19.8389175   50.9380896
   19.8386271   50.9390439
   19.8382431   50.9399645
   19.8377693   50.9408423
   19.8372104   50.9416685
   19.8365720   50.9424349
   19.8358604   50.9431339
   19.8350827   50.9437585
   19.8342466   50.9443026
   19.8333605   50.9447606
   19.8281089   50.9471513
   19.8278803   50.9472701
   19.8277656   50.9475008
   19.8221752   50.9604003
   19.8220915   50.9606220
   19.8220967   50.9608589
   19.8226714   50.9690640
   19.8227037   50.9693252
   19.8228412   50.9695496
   19.8421599   50.9976011
   19.8422975   50.9977825
   19.8424792   50.9979196
   19.8506833   51.0035424
   19.8514700   51.0041408
   19.8521938   51.0048140
   19.8528476   51.0055553
   19.8534250   51.0063575
   19.8539205   51.0072129
   19.8543290   51.0081129
   19.8546467   51.0090489
   19.8548704   51.0100117
   19.8549980   51.0109919
   19.8550282   51.0119799
   19.8548948   51.0190481
   19.8549026   51.0192963
   19.8550293   51.0195100
   19.8570881   51.0226136
   19.8576110   51.0234972
   19.8580406   51.0244297
   19.8583722   51.0254014
   19.8586025   51.0264020
   19.8604978   51.0371311
   19.8605510   51.0373651
   19.8606887   51.0375617
   19.8723330   51.0525677
   19.8724962   51.0527571
   19.8727461   51.0527672
   19.8889147   51.0525928
   19.8891636   51.0525773
   19.8893227   51.0523854
   19.9006697   51.0371839
   19.9013310   51.0363874
   19.9020712   51.0356636
   19.9028822   51.0350202
   19.9037554   51.0344641
   19.9046814   51.0340013
   19.9056503   51.0336366
   19.9066517   51.0333741
   19.9076749   51.0332166
   19.9390749   51.0300338
   19.9393013   51.0300000
   19.9393665   51.0297806
   19.9402834   51.0260562
   19.9405757   51.0250845
   19.9409649   51.0241475
   19.9414471   51.0232547
   19.9420172   51.0224153
   19.9426695   51.0216381
   19.9433972   51.0209310
   19.9441928   51.0203012
   19.9450481   51.0197553
   19.9459543   51.0192989
   19.9469021   51.0189367
   19.9478817   51.0186724
   19.9488831   51.0185087
   19.9498824   51.0184482
   19.9498847   51.0184479
   19.9500715   51.0182865
   19.9632607   51.0056809
   19.9634370   51.0054938
   19.9634696   51.0052389
   19.9638555   51.0001027
   19.9639725   50.9991548
   19.9641793   50.9982224
   19.9644742   50.9973139
   19.9648544   50.9964377
   19.9653165   50.9956018
   19.9658562   50.9948138
   19.9664686   50.9940809
   19.9671481   50.9934097
   19.9678886   50.9928064
   19.9686832   50.9922766
   19.9695248   50.9918249
   20.0088447   50.9730836
   20.0097851   50.9726928
   20.0107604   50.9723997
   20.0117605   50.9722072
   20.0127749   50.9721176
   20.0137932   50.9721315
   20.0148048   50.9722489
   20.0157992   50.9724687
   20.0167661   50.9727884
   20.0176955   50.9732048
   20.0249751   50.9769224
   20.0258189   50.9774065
   20.0266116   50.9779703
   20.0273459   50.9786084
   20.0280146   50.9793148
   20.0286116   50.9800829
   20.0291311   50.9809053
   20.0295683   50.9817743
   20.0299189   50.9826817
   20.0301797   50.9836189
   20.0303482   50.9845770
   20.0304229   50.9855469
   20.0304029   50.9865195
   20.0302886   50.9874855
   20.0300809   50.9884359
   20.0297819   50.9893615
   20.0270683   50.9965462
   20.0269942   50.9967765
   20.0271658   50.9969471
   20.0363549   51.0052121
   20.0371464   51.0060088
   20.0378435   51.0068892
   20.0384376   51.0078422
   20.0422851   51.0148647
   20.0427385   51.0158059
   20.0430913   51.0167893
   20.0433395   51.0178042
   20.0434805   51.0188393
   20.0435128   51.0198836
   20.0428375   51.0514365
   20.0427639   51.0524519
   20.0425875   51.0534545
   20.0423101   51.0544340
   20.0419345   51.0553803
   20.0414646   51.0562834
   20.0409054   51.0571341
   20.0394522   51.0591167
   20.0388327   51.0598803
   20.0381411   51.0605793
   20.0373843   51.0612070
   20.0365694   51.0617573
   20.0357045   51.0622249
   20.0347978   51.0626054
   20.0338581   51.0628950
   20.0328946   51.0630908
   20.0319164   51.0631911
   20.0157246   51.0640502
   20.0155409   51.0640668
   20.0153589   51.0640969
   19.9761970   51.0720697
   19.9759660   51.0721290
   19.9760350   51.0723573
   19.9853702   51.0984288
   19.9856595   51.0993845
   19.9858520   51.1003642
   19.9859458   51.1013583
   19.9859400   51.1023568
   19.9858347   51.1033497
   19.9804974   51.1373717
   19.9804720   51.1376072
   19.9805994   51.1378069
   19.9854276   51.1446247
   19.9855895   51.1448296
   19.9858072   51.1449740
   20.0010380   51.1539524
   20.0018473   51.1544839
   20.0026014   51.1550912
   20.0032932   51.1557685
   20.0039163   51.1565095
   20.0044648   51.1573074
   20.0049336   51.1581545
   20.0053182   51.1590430
   20.0056152   51.1599646
   20.0058216   51.1609105
   20.0059356   51.1618719
   20.0059560   51.1628399
   20.0058828   51.1638053
   20.0057165   51.1647592
   20.0054588   51.1656924
   20.0051120   51.1665964
   20.0046795   51.1674626
   20.0041652   51.1682829
   20.0035740   51.1690496
   20.0029114   51.1697556
   20.0021836   51.1703941
   19.9897315   51.1802957
   19.9895598   51.1804457
   19.9895137   51.1806690
   19.9886793   51.1859323
   19.9886531   51.1861760
   19.9888101   51.1863643
   19.9930045   51.1909091
   19.9931986   51.1910976
   19.9934431   51.1912135
   20.0025155   51.1949222
   20.0033831   51.1953263
   20.0042081   51.1958116
   20.0049829   51.1963735
   20.0057005   51.1970068
   20.0063542   51.1977059
   20.0069381   51.1984643
   20.0083087   51.2004327
   20.0084687   51.2006384
   20.0087107   51.2007351
   20.0239567   51.2059106
   20.0242233   51.2059849
   20.0244965   51.2060291
   20.0463102   51.2083253
   20.0469715   51.2083508
   20.0550355   51.2081271
   20.0552863   51.2081073
   20.0555088   51.2079898
   20.0639383   51.2029740
   20.0648925   51.2024738
   20.0658950   51.2020791
   20.0669340   51.2017946
   20.0778039   51.1994392
   20.0790074   51.1992542
   20.0975301   51.1975537
   20.0986586   51.1975141
   20.0997844   51.1976020
   20.1103761   51.1990343
   20.1106389   51.1990557
   20.1108951   51.1989934
   20.1193364   51.1964595
   20.1203669   51.1962088
   20.1214182   51.1960688
   20.1224784   51.1960408
   20.1235356   51.1961253
   20.1500779   51.1996710
   20.1509691   51.1998314
   20.1518423   51.2000719
   20.1526900   51.2003903
   20.1535055   51.2007840
   20.1542820   51.2012500
   20.1550132   51.2017843
   20.1571999   51.2035394
   20.1574043   51.2036869
   20.1576563   51.2036893
   20.1651823   51.2033748
   20.1661694   51.2033823
   20.1671510   51.2034871
   20.1681174   51.2036881
   20.1690593   51.2039835
   20.1699675   51.2043703
   20.1708332   51.2048447
   20.1716478   51.2054022
   20.1724035   51.2060373
   20.1730929   51.2067438
   20.1737093   51.2075148
   20.1773856   51.2126099
   20.1775359   51.2127979
   20.1777766   51.2127999
   20.1969772   51.2120104
   20.1972269   51.2119874
   20.1974583   51.2118909
   20.1985386   51.2113747
   20.1994577   51.2109904
   20.2004105   51.2106996
   20.2013874   51.2105049
   20.2023789   51.2104085
   20.2033751   51.2104111
   20.2043661   51.2105129
   20.2053420   51.2107127
   20.2062932   51.2110087
   20.2072102   51.2113978
   20.2152040   51.2152705
   20.2154269   51.2153650
   20.2155949   51.2151905
   20.2172863   51.2132471
   20.2179815   51.2125247
   20.2187457   51.2118756
   20.2195709   51.2113063
   20.2204491   51.2108224
   20.2213712   51.2104290
   20.2223282   51.2101298
   20.2233103   51.2099280
   20.2243076   51.2098256
   20.2253102   51.2098235
   20.2263080   51.2099218
   20.2272909   51.2101195
   20.2282491   51.2104147
   20.2291729   51.2108044
   20.2300530   51.2112845
   20.2308806   51.2118504
   20.2316474   51.2124964
   20.2323457   51.2132158
   20.2329684   51.2140016
   20.2331110   51.2142013
   20.2332667   51.2143974
   20.2335163   51.2144171
   20.2365767   51.2145025
   20.2375585   51.2145783
   20.2385279   51.2147504
   20.2394758   51.2150169
   20.2403929   51.2153754
   20.2412703   51.2158223
   20.2420994   51.2163534
   20.2428723   51.2169634
   20.2435815   51.2176465
   20.2442201   51.2183960
   20.2447818   51.2192047
   20.2452613   51.2200647
   20.2456539   51.2209677
   20.2459558   51.2219049
   20.2461641   51.2228672
   20.2469881   51.2278505
   20.2471017   51.2288451
   20.2471154   51.2298460
   20.2470289   51.2308432
   20.2468432   51.2318268
   20.2465601   51.2327869
   20.2461824   51.2337139
   20.2457139   51.2345985
   20.2451593   51.2354319
   20.2445242   51.2362056
   20.2438149   51.2369119
   20.2430386   51.2375438
   20.2362331   51.2425383
   20.2360524   51.2426847
   20.2360904   51.2429142
   20.2371223   51.2477121
   20.2372846   51.2487091
   20.2373454   51.2497173
   20.2373043   51.2507265
   20.2371615   51.2517263
   20.2369186   51.2527067
   20.2365781   51.2536576
   20.2354657   51.2563301
   20.2353842   51.2565571
   20.2355487   51.2567334
   20.2419107   51.2629061
   20.2420953   51.2630681
   20.2423391   51.2630977
   20.2616550   51.2644726
   20.2618966   51.2644779
   20.2621004   51.2643480
   20.2668452   51.2609851
   20.2670397   51.2608321
   20.2671365   51.2606044
   20.2675859   51.2593809
   20.2679915   51.2584311
   20.2684930   51.2575282
   20.2690849   51.2566818
   20.2697609   51.2559010
   20.2705139   51.2551941
   20.2713358   51.2545686
   20.2722178   51.2540313
   20.2762848   51.2518330
   20.2770835   51.2514461
   20.2779134   51.2511315
   20.2787678   51.2508917
   20.2796402   51.2507286
   20.2805236   51.2506435
   20.3048148   51.2493879
   20.3057862   51.2493850
   20.3067534   51.2494763
   20.3077071   51.2496610
   20.3086384   51.2499374
   20.3095384   51.2503028
   20.3228072   51.2564568
   20.3235809   51.2568575
   20.3243168   51.2573240
   20.3250093   51.2578528
   20.3316256   51.2633777
   20.3318227   51.2635260
   20.3320606   51.2634611
   20.3570563   51.2552648
   20.3580106   51.2550034
   20.3589860   51.2548376
   20.3599731   51.2547690
   20.3609621   51.2547983
   20.3619433   51.2549251
   20.3629072   51.2551483
   20.3638444   51.2554657
   20.3647456   51.2558741
   20.3656020   51.2563696
   20.3664053   51.2569473
   20.3671475   51.2576016
   20.3678215   51.2583259
   20.3684206   51.2591134
   20.3689389   51.2599562
   20.3693714   51.2608461
   20.3697138   51.2617744
   20.3699629   51.2627319
   20.3701161   51.2637094
   20.3701719   51.2646973
   20.3701724   51.2647723
   20.3703886   51.2648807
   20.3720577   51.2656160
   20.3729362   51.2660558
   20.3737673   51.2665796
   20.3745430   51.2671824
   20.3752558   51.2678585
   20.3758989   51.2686012
   20.3764659   51.2694034
   20.3769515   51.2702574
   20.3773510   51.2711550
   20.3776604   51.2720874
   20.3778769   51.2730456
   20.3779983   51.2740205
   20.3780235   51.2750026
   20.3779522   51.2759824
   20.3777850   51.2769505
   20.3775237   51.2778975
   20.3771708   51.2788143
   20.3767295   51.2796921
   20.3762043   51.2805223
   20.3602213   51.3032350
   20.3600833   51.3034548
   20.3600470   51.3037119
   20.3591116   51.3143741
   20.3591025   51.3146114
   20.3593275   51.3146873
   20.3741136   51.3188808
   20.3749416   51.3191552
   20.3757425   51.3195007
   20.3765103   51.3199147
   20.3841379   51.3244674
   20.3843638   51.3245869
   20.3846186   51.3246054
   20.3970670   51.3248655
   20.3980459   51.3249342
   20.3990134   51.3250984
   20.3999601   51.3253567
   20.4008769   51.3257065
   20.4017551   51.3261445
   20.4025861   51.3266664
   20.4033619   51.3272673
   20.4040751   51.3279414
   20.4047188   51.3286821
   20.4052868   51.3294823
   20.4057736   51.3303344
   20.4058478   51.3304803
   20.4060735   51.3305364
   20.4126388   51.3318427
   20.4136035   51.3320851
   20.4145394   51.3324221
   20.4154372   51.3328504
   20.4162879   51.3333658
   20.4170833   51.3339632
   20.4178154   51.3346367
   20.4184769   51.3353795
   20.4190614   51.3361844
   20.4195630   51.3370434
   20.4196911   51.3372902
   20.4198077   51.3374911
   20.4200232   51.3375779
   20.4250148   51.3393197
   20.4259605   51.3397050
   20.4268620   51.3401846
   20.4277098   51.3407537
   20.4284952   51.3414063
   20.4292100   51.3421356
   20.4344520   51.3480614
   20.4346140   51.3482279
   20.4348436   51.3481920
   20.4656297   51.3418694
   20.4658647   51.3418089
   20.4660587   51.3416632
   20.4680848   51.3399803
   20.4688676   51.3393924
   20.4697041   51.3388838
   20.4705864   51.3384595
   20.4715059   51.3381234
   20.4724539   51.3378789
   20.4734212   51.3377283
   20.4743986   51.3376730
   20.5062190   51.3374318
   20.5064571   51.3374185
   20.5066727   51.3373167
   20.5128106   51.3340475
   20.5130403   51.3339087
   20.5132136   51.3337036
   20.5207938   51.3236798
   20.5209460   51.3234536
   20.5210166   51.3231904
   20.5227607   51.3148751
   20.5227977   51.3146441
   20.5226296   51.3144815
   20.5202594   51.3123989
   20.5195686   51.3117304
   20.5189452   51.3109987
   20.5183949   51.3102105
   20.5179229   51.3093731
   20.5175334   51.3084943
   20.5172301   51.3075821
   20.5160359   51.3033156
   20.5158081   51.3026322
   20.5158027   51.3026184
   20.5155399   51.3016822
   20.5153692   51.3007250
   20.5152922   51.2997557
   20.5153098   51.2987835
   20.5154217   51.2978176
   20.5155066   51.2973045
   20.5154951   51.2970386
   20.5154576   51.2966460
   20.5154601   51.2956691
   20.5155579   51.2946971
   20.5157500   51.2937393
   20.5160347   51.2928047
   20.5164093   51.2919025
   20.5168700   51.2910410
   20.5174127   51.2902287
   20.5180320   51.2894731
   20.5187221   51.2887816
   20.5194764   51.2881608
   20.5202876   51.2876165
   20.5211481   51.2871539
   20.5220496   51.2867776
   20.5229835   51.2864909
   20.5239410   51.2862968
   20.5249128   51.2861971
   20.5258897   51.2861926
   20.5265040   51.2862500
   20.5266879   51.2862588
   20.5268997   51.2861637
   20.5373454   51.2808688
   20.5375513   51.2807516
   20.5376599   51.2805411
   20.5425033   51.2699239
   20.5425956   51.2696905
   20.5423766   51.2692321
   20.5423799   51.2692306
   20.5421197   51.2686914
   20.5417894   51.2677984
   20.5415455   51.2668781
   20.5413902   51.2659388
   20.5413250   51.2649889
   20.5413504   51.2640372
   20.5414662   51.2630922
   20.5416713   51.2621624
   20.5419640   51.2612564
   20.5423414   51.2603824
   20.5428003   51.2595482
   20.5433364   51.2587614
   20.5439450   51.2580292
   20.5443134   51.2576631
   20.5444465   51.2575161
   20.5444051   51.2572745
   20.5436204   51.2537648
   20.5434521   51.2527867
   20.5433817   51.2517967
   20.5434097   51.2508046
   20.5435359   51.2498202
   20.5437591   51.2488532
   20.5440771   51.2479130
   20.5444867   51.2470090
   20.5465711   51.2429562
   20.5470405   51.2421405
   20.5475845   51.2413724
   20.5481983   51.2406590
   20.5488764   51.2400063
   20.5496129   51.2394204
   20.5504012   51.2389062
   20.5512344   51.2384685
   20.5521050   51.2381110
   20.5530054   51.2378369
   20.5539275   51.2376487
   20.5548633   51.2375481
   20.5558044   51.2375358
   20.5566862   51.2375659
   20.5576273   51.2376425
   20.5585569   51.2378076
   20.5594669   51.2380596
   20.5603490   51.2383964
   20.5611954   51.2388148
   20.5619986   51.2393112
   20.5627514   51.2398811
   20.5634471   51.2405195
   20.5640795   51.2412206
   20.5654694   51.2429163
   20.5656273   51.2430912
   20.5658279   51.2432147
   20.5790798   51.2505274
   20.5793243   51.2506454
   20.5795938   51.2506779
   20.6076729   51.2525145
   20.6079057   51.2525186
   20.6080773   51.2523612
   20.6220543   51.2382536
   20.6229447   51.2374564
   20.6239239   51.2367710
   20.6366741   51.2289387
   20.6373913   51.2285377
   20.6381391   51.2281969
   20.6389123   51.2279187
   20.6785987   51.2154564
   20.6788054   51.2153812
   20.6789852   51.2152545
   20.6827886   51.2123112
   20.6836331   51.2117245
   20.6845335   51.2112276
   20.6854800   51.2108259
   20.6864629   51.2105234
   20.6874716   51.2103235
   20.6884955   51.2102283
   20.6942574   51.2099900
   20.6944920   51.2099689
   20.6945865   51.2097531
   20.6957526   51.2066948
   20.6961472   51.2057952
   20.6966283   51.2049387
   20.6971910   51.2041334
   20.6978300   51.2033873
   20.6985392   51.2027075
   20.6993116   51.2021005
   20.7001399   51.2015723
   20.7010160   51.2011279
   20.7050049   51.1993451
   20.7052288   51.1992308
   20.7052971   51.1989888
   20.7081843   51.1862852
   20.7084564   51.1853162
   20.7088246   51.1843795
   20.7092851   51.1834845
   20.7098332   51.1826404
   20.7104634   51.1818557
   20.7111692   51.1811382
   20.7119436   51.1804954
   20.7127787   51.1799336
   20.7136661   51.1794586
   20.7145966   51.1790753
   20.7155611   51.1787874
   20.7165495   51.1785979
   20.7175520   51.1785087
   20.7178184   51.1784985
   20.7180511   51.1784439
   20.7721676   51.1629565
   20.7723924   51.1628803
   20.7725198   51.1626801
   20.7730237   51.1617976
   20.7735492   51.1609736
   20.7741526   51.1602049
   20.7748282   51.1594987
   20.7755694   51.1588618
   20.7763693   51.1583003
   20.7772202   51.1578196
   20.7781139   51.1574242
   20.7790420   51.1571180
   20.7799955   51.1569038
   20.7809654   51.1567837
   20.7819423   51.1567589
   20.7829171   51.1568295
   20.7838802   51.1569949
   20.7848227   51.1572536
   20.7857354   51.1576030
   20.7866096   51.1580399
   20.7872093   51.1583771
   20.7874116   51.1584789
   20.7876345   51.1584388
   20.7922827   51.1573777
   20.7932370   51.1572080
   20.7942032   51.1571315
   20.7951723   51.1571490
   20.7961352   51.1572601
   20.7970828   51.1574640
   20.7980062   51.1577586
   20.7988967   51.1581413
   20.7997460   51.1586084
   20.8005461   51.1591555
   20.8012895   51.1597775
   20.8019691   51.1604685
   20.8025787   51.1612221
   20.8031125   51.1620312
   20.8033531   51.1624865
   20.8034696   51.1626837
   20.8036101   51.1628767
   20.8206708   51.1840944
   20.8208241   51.1842676
   20.8210508   51.1842213
   20.8463391   51.1777839
   20.8472877   51.1775908
   20.8482506   51.1774903
   20.8492186   51.1774833
   20.8501828   51.1775701
   20.8554191   51.1782979
   20.8556468   51.1783188
   20.8558282   51.1781797
   20.8651128   51.1703444
   20.8658744   51.1697618
   20.8666882   51.1692549
   20.8675469   51.1688283
   20.8737597   51.1661044
   20.8746551   51.1657620
   20.8755792   51.1655069
   20.8765234   51.1653415
   20.8774792   51.1652672
   20.8784377   51.1652848
   20.8793900   51.1653941
   20.8803276   51.1655941
   20.8812417   51.1658829
   20.8821239   51.1662579
   20.8829661   51.1667157
   20.8837607   51.1672521
   20.8845002   51.1678620
   20.9017699   51.1835551
   20.9024100   51.1841919
   20.9029901   51.1848838
   20.9035054   51.1856252
   20.9039517   51.1864101
   20.9043255   51.1872320
   20.9065913   51.1928790
   20.9066889   51.1930923
   20.9068863   51.1932189
   20.9205954   51.2011164
   20.9208110   51.2012268
   20.9210410   51.2011508
   20.9693883   51.1824734
   20.9696219   51.1823689
   20.9697937   51.1821792
   20.9726009   51.1787360
   20.9732728   51.1779914
   20.9740159   51.1773179
   20.9748228   51.1767222
   20.9756853   51.1762103
   20.9765947   51.1757874
   21.0026206   51.1652371
   21.0028505   51.1651297
   21.0029753   51.1649088
   21.0030311   51.1647968
   21.0035176   51.1639312
   21.0040876   51.1631182
   21.0047355   51.1623656
   21.0054547   51.1616811
   21.0062383   51.1610712
   21.0070786   51.1605421
   21.0079671   51.1600989
   21.0088953   51.1597460
   21.0098538   51.1594869
   21.0108334   51.1593241
   21.0118242   51.1592593
   21.0128166   51.1592930
   21.0138007   51.1594251
   21.0147669   51.1596540
   21.0157057   51.1599777
   21.0166077   51.1603928
   21.0174641   51.1608954
   21.0182664   51.1614804
   21.0190067   51.1621421
   21.0196778   51.1628740
   21.0204705   51.1638297
   21.0206248   51.1639990
   21.0208538   51.1639963
   21.0444727   51.1626163
   21.0454517   51.1626071
   21.0464269   51.1626937
   21.0473889   51.1628752
   21.0514225   51.1638429
   21.0523565   51.1641157
   21.0532597   51.1644779
   21.0541233   51.1649263
   21.0549393   51.1654564
   21.0556998   51.1660633
   21.0563978   51.1667413
   21.0570266   51.1674839
   21.0628786   51.1751194
   21.0634809   51.1759988
   21.0639863   51.1769373
   21.0643889   51.1779242
   21.0669675   51.1853553
   21.0672706   51.1864135
   21.0674555   51.1874986
   21.0681694   51.1937479
   21.0682326   51.1947174
   21.0682015   51.1956885
   21.0680762   51.1966520
   21.0678581   51.1975988
   21.0675491   51.1985200
   21.0671521   51.1994068
   21.0626918   51.2081997
   21.0625945   51.2084175
   21.0627597   51.2085895
   21.0716551   51.2169757
   21.0718435   51.2171361
   21.0720855   51.2170847
   21.1121496   51.2064213
   21.1123716   51.2063507
   21.1124634   51.2061366
   21.1135524   51.2032179
   21.1139228   51.2023521
   21.1143730   51.2015250
   21.1148989   51.2007439
   21.1154960   51.2000158
   21.1161590   51.1993471
   21.1168819   51.1987436
   21.1176583   51.1982109
   21.1184814   51.1977535
   21.1193439   51.1973756
   21.1215301   51.1965381
   21.1217523   51.1964401
   21.1219019   51.1962489
   21.1246603   51.1923381
   21.1247879   51.1921372
   21.1247611   51.1919007
   21.1223673   51.1771890
   21.1223202   51.1769658
   21.1221477   51.1768164
   21.1129569   51.1695771
   21.1122055   51.1689219
   21.1115230   51.1681953
   21.1109163   51.1674043
   21.1103914   51.1665568
   21.1099534   51.1656612
   21.1096068   51.1647265
   21.1093550   51.1637620
   21.1092005   51.1627771
   21.1091448   51.1617818
   21.1091884   51.1607859
   21.1093311   51.1597992
   21.1095712   51.1588317
   21.1099065   51.1578929
   21.1103336   51.1569921
   21.1108482   51.1561384
   21.1114453   51.1553401
   21.1121189   51.1546052
   21.1128623   51.1539410
   21.1136682   51.1533542
   21.1145285   51.1528505
   21.1154347   51.1524350
   21.1296336   51.1467624
   21.1298345   51.1466716
   21.1299909   51.1465168
   21.1385578   51.1372530
   21.1393038   51.1365262
   21.1401214   51.1358809
   21.1410017   51.1353242
   21.1419351   51.1348620
   21.1429115   51.1344994
   21.1439204   51.1342404
   21.1449507   51.1340877
   21.1687094   51.1318229
   21.1689332   51.1317906
   21.1688433   51.1315832
   21.1640315   51.1218014
   21.1636642   51.1209590
   21.1633757   51.1200863
   21.1631686   51.1191909
   21.1630446   51.1182802
   21.1630047   51.1173620
   21.1630492   51.1164440
   21.1631779   51.1155340
   21.1657936   51.1016658
   21.1658272   51.1014215
   21.1657200   51.1011398
   21.1655773   51.1008160
   21.1652725   51.0998873
   21.1650598   51.0989332
   21.1649413   51.0979630
   21.1649180   51.0969858
   21.1649903   51.0960110
   21.1651574   51.0950479
   21.1654178   51.0941057
   21.1657688   51.0931935
   21.1662073   51.0923199
   21.1667289   51.0914933
   21.1673288   51.0907215
   21.1680011   51.0900120
   21.1687395   51.0893715
   21.1695369   51.0888062
   21.1703857   51.0883214
   21.1712778   51.0879218
   21.1722046   51.0876112
   21.1731573   51.0873926
   21.1741268   51.0872681
   21.1751038   51.0872387
   21.3575108   51.0906855
   21.3577415   51.0906788
   21.3578092   51.0904582
   21.3607308   51.0790183
   21.3610267   51.0780624
   21.3614165   51.0771408
   21.3618966   51.0762628
   21.3624619   51.0754371
   21.3631070   51.0746721
   21.3638253   51.0739754
   21.3646096   51.0733540
   21.3654521   51.0728140
   21.3663443   51.0723610
   21.3672774   51.0719994
   21.3682419   51.0717329
   21.3727286   51.0707316
   21.3729533   51.0706702
   21.3730924   51.0704833
   21.3748752   51.0678357
   21.3754932   51.0670128
   21.3761926   51.0662577
   21.3769658   51.0655784
   21.3778048   51.0649823
   21.3787006   51.0644755
   21.3796437   51.0640635
   21.3806242   51.0637507
   21.3874920   51.0619427
   21.3877194   51.0618707
   21.3877624   51.0616360
   21.3890300   51.0520970
   21.3892088   51.0511234
   21.3894830   51.0501723
   21.3898499   51.0492530
   21.3903058   51.0483744
   21.3908464   51.0475452
   21.3914663   51.0467735
   21.3921595   51.0460668
   21.3929191   51.0454322
   21.3937378   51.0448758
   21.3946074   51.0444030
   21.3955196   51.0440185
   21.3964652   51.0437261
   21.4053552   51.0414526
   21.4055944   51.0413784
   21.4058005   51.0412361
   21.4086378   51.0390586
   21.4093941   51.0385316
   21.4101957   51.0380766
   21.4110358   51.0376973
   21.4119073   51.0373970
   21.4128028   51.0371782
   21.4137145   51.0370428
   21.4325658   51.0351258
   21.4328132   51.0350878
   21.4329750   51.0348969
   21.4345236   51.0328684
   21.4351139   51.0321647
   21.4357663   51.0315180
   21.4364753   51.0309340
   21.4372349   51.0304175
   21.4380387   51.0299728
   21.4388799   51.0296038
   21.4605529   51.0212614
   21.4615433   51.0209383
   21.4625620   51.0207200
   21.4635979   51.0206088
   21.4646397   51.0206061
   21.4656761   51.0207117
   21.4666960   51.0209246
   21.4752093   51.0231705
   21.4761361   51.0234638
   21.4770299   51.0238458
   21.4778825   51.0243127
   21.4786857   51.0248602
   21.4794320   51.0254830
   21.4801142   51.0261754
   21.4807261   51.0269308
   21.4812616   51.0277420
   21.4817159   51.0286014
   21.4820847   51.0295008
   21.4823643   51.0304317
   21.4825522   51.0313855
   21.4826467   51.0323529
   21.4826468   51.0333250
   21.4825525   51.0342924
   21.4823647   51.0352462
   21.4813704   51.0392564
   21.4813237   51.0394956
   21.4815004   51.0396635
   21.4877895   51.0450663
   21.4879852   51.0452180
   21.4882298   51.0452568
   21.4890682   51.0453469
   21.4900178   51.0454953
   21.4909486   51.0457342
   21.4918523   51.0460613
   21.4927204   51.0464737
   21.4935449   51.0469675
   21.4943181   51.0475381
   21.4950331   51.0481804
   21.4956830   51.0488883
   21.4962620   51.0496553
   21.5041996   51.0612942
   21.5043488   51.0614910
   21.5045493   51.0616352
   21.5088624   51.0644223
   21.5090623   51.0645385
   21.5092915   51.0645081
   21.5150243   51.0634714
   21.5159672   51.0633469
   21.5169176   51.0633125
   21.5178670   51.0633685
   21.5188067   51.0635144
   21.5197284   51.0637490
   21.5336551   51.0680082
   21.5338881   51.0680671
   21.5340945   51.0679439
   21.5463380   51.0597939
   21.5471874   51.0592873
   21.5480826   51.0588671
   21.5490149   51.0585373
   21.5499752   51.0583013
   21.5509542   51.0581612
   21.5519422   51.0581185
   21.5529296   51.0581737
   21.5539067   51.0583260
   21.5548640   51.0585742
   21.5798464   51.0663869
   21.5800807   51.0664478
   21.5803205   51.0664147
   21.5884512   51.0648821
   21.5893993   51.0647501
   21.5903558   51.0647092
   21.5913118   51.0647601
   21.5922585   51.0649021
   21.5931874   51.0651340
   21.5992651   51.0669646
   21.6002017   51.0672983
   21.6011005   51.0677233
   21.6019527   51.0682356
   21.6027498   51.0688299
   21.6034839   51.0695004
   21.6041478   51.0702405
   21.6047350   51.0710429
   21.6052395   51.0718996
   21.6056565   51.0728022
   21.6059818   51.0737418
   21.6062122   51.0747090
   21.6063327   51.0756002
   21.6063410   51.0756457
   21.6064689   51.0758468
   21.6105264   51.0815965
   21.6106756   51.0817870
   21.6109166   51.0817654
   21.6247403   51.0798262
   21.6257181   51.0797377
   21.6266999   51.0797455
   21.6276762   51.0798495
   21.6412970   51.0819820
   21.6415376   51.0820076
   21.6417518   51.0818949
   21.6471741   51.0786935
   21.6480379   51.0782389
   21.6489419   51.0778706
   21.6498776   51.0775922
   21.6508359   51.0774063
   21.6518077   51.0773148
   21.6527839   51.0773185
   21.6537550   51.0774173
   21.6547119   51.0776104
   21.6778576   51.0834686
   21.6780973   51.0835167
   21.6782988   51.0833782
   21.6953864   51.0703278
   21.6955706   51.0701724
   21.6956819   51.0699588
   21.7016421   51.0570156
   21.7021573   51.0560418
   21.7027765   51.0551306
   21.7034922   51.0542931
   21.7058544   51.0518188
   21.7066006   51.0511135
   21.7074153   51.0504884
   21.7082897   51.0499502
   21.7092148   51.0495044
   21.7101806   51.0491559
   21.7111772   51.0489083
   21.7121938   51.0487641
   21.7164700   51.0483805
   21.7175202   51.0483417
   21.7185687   51.0484133
   21.7196038   51.0485946
   21.7206143   51.0488835
   21.7215888   51.0492769
   21.7298789   51.0531416
   21.7300902   51.0532284
   21.7303044   51.0531488
   21.7478561   51.0456819
   21.7487193   51.0453608
   21.7496085   51.0451204
   21.7505161   51.0449629
   21.7514342   51.0448895
   21.7523553   51.0449009
   21.7532713   51.0449971
   21.7541747   51.0451771
   21.7550576   51.0454394
   21.7648979   51.0488641
   21.7657373   51.0491994
   21.7665430   51.0496093
   21.7673084   51.0500902
   21.7680272   51.0506382
   21.7686936   51.0512489
   21.7748691   51.0574445
   21.7755212   51.0581657
   21.7761002   51.0589468
   21.7766006   51.0597805
   21.7770176   51.0606588
   21.7825585   51.0739604
   21.7826595   51.0741737
   21.7828775   51.0744184
   21.7831103   51.0746565
   21.7837211   51.0754172
   21.7842548   51.0762337
   21.7847064   51.0770984
   21.7850716   51.0780030
   21.7853470   51.0789388
   21.7855298   51.0798971
   21.7856185   51.0808686
   21.7856120   51.0818441
   21.7855105   51.0828143
   21.7704253   51.1806311
   21.7704009   51.1808586
   21.7704808   51.1810731
   21.8035354   51.2586381
   21.8038779   51.2595667
   21.8041269   51.2605245
   21.8042800   51.2615023
   21.8043357   51.2624904
   21.8042934   51.2634792
   21.8041537   51.2644590
   21.8039177   51.2654201
   21.8035879   51.2663533
   21.8031675   51.2672492
   21.8026606   51.2680992
   21.8020722   51.2688950
   21.8014079   51.2696287
   21.8006744   51.2702931
   21.7998788   51.2708817
   21.7990289   51.2713889
   21.7981331   51.2718095
   21.7972001   51.2721396
   21.7962390   51.2723758
   21.7952592   51.2725158
   21.7816558   51.2737772
   21.7814182   51.2738111
   21.7813156   51.2740281
   21.7713138   51.2982032
   21.7712350   51.2984238
   21.7714468   51.2985239
   21.8075312   51.3134678
   21.8084269   51.3138919
   21.8092762   51.3144025
   21.8100708   51.3149947
   21.8108028   51.3156626
   21.8114652   51.3163998
   21.8120514   51.3171988
   21.8125555   51.3180520
   21.8129728   51.3189508
   21.8261739   51.3515237
   21.8265022   51.3524664
   21.8267349   51.3534372
   21.8268696   51.3544264
   21.8269051   51.3554240
   21.8268409   51.3564202
   21.8266776   51.3574051
   21.8264170   51.3583688
   21.8260617   51.3593016
   21.8256150   51.3601944
   21.8250816   51.3610383
   21.8244667   51.3618247
   21.8237765   51.3625459
   21.8230178   51.3631947
   21.8221982   51.3637646
   21.8213259   51.3642500
   21.8204095   51.3646460
   21.8194581   51.3649486
   21.7630898   51.3798267
   21.7628573   51.3799006
   21.7627062   51.3800921
   21.7485931   51.3999288
   21.7484638   51.4001310
   21.7485613   51.4003504
   21.7601579   51.4233081
   21.7602789   51.4235206
   21.7604983   51.4236284
   21.7976317   51.4396359
   21.7978519   51.4397187
   21.7980872   51.4397138
   21.8308278   51.4374736
   21.8318382   51.4374557
   21.8328452   51.4375398
   21.8338386   51.4377251
   21.8348082   51.4380097
   21.8357442   51.4383907
   21.8366369   51.4388643
   21.8374773   51.4394255
   21.8382567   51.4400687
   21.8389672   51.4407872
   21.8396016   51.4415738
   21.8401534   51.4424204
   21.8406169   51.4433183
   21.8478425   51.4592430
   21.8481988   51.4601413
   21.8484668   51.4610698
   21.8486439   51.4620198
   21.8487284   51.4629825
   21.8487196   51.4639488
   21.8486176   51.4649098
   21.8484233   51.4658565
   21.8481385   51.4667800
   21.8477659   51.4676717
   21.8473090   51.4685232
   21.8467721   51.4693267
   21.8461600   51.4700746
   21.8362845   51.4810177
   21.8361325   51.4812038
   21.8361566   51.4814428
   21.8394948   51.5035680
   21.8395898   51.5044784
   21.8396012   51.5053936
   21.8395288   51.5063061
   21.8393733   51.5072081
   21.8391359   51.5080921
   21.8388188   51.5089507
   21.8384244   51.5097767
   21.8200807   51.5440687
   21.8195628   51.5449298
   21.8189611   51.5457346
   21.8182817   51.5464749
   21.8175315   51.5471433
   21.8167179   51.5477331
   21.8158493   51.5482382
   21.8149343   51.5486536
   21.8139823   51.5489751
   21.8130028   51.5491994
   21.8120058   51.5493243
   21.8110012   51.5493485
   21.7525465   51.5478178
   21.7522516   51.5478275
   21.7519600   51.5478721
   21.6544920   51.5687524
   21.6542749   51.5688094
   21.6541048   51.5689557
   21.6030284   51.6171018
   21.6028655   51.6172712
   21.6029995   51.6174643
   21.6451883   51.6722928
   21.6453445   51.6724762
   21.6455792   51.6724215
   21.7268674   51.6491295
   21.7271021   51.6490492
   21.7272494   51.6488496
   21.7326884   51.6406423
   21.7332606   51.6398635
   21.7339052   51.6391435
   21.7346164   51.6384891
   21.7353874   51.6379064
   21.7362111   51.6374009
   21.7370797   51.6369772
   21.7379852   51.6366394
   21.7389190   51.6363905
   21.7398725   51.6362330
   21.7408368   51.6361682
   21.7418028   51.6361968
   21.7427615   51.6363185
   21.7437041   51.6365322
   21.7446215   51.6368359
   21.7455054   51.6372267
   21.7463474   51.6377011
   21.7471397   51.6382545
   21.7478749   51.6388818
   21.7485461   51.6395771
   21.7647662   51.6580930
   21.7649358   51.6582682
   21.7651782   51.6582939
   21.8172236   51.6612158
   21.8181967   51.6613184
   21.8191551   51.6615155
   21.8200896   51.6618055
   21.8209914   51.6621853
   21.8218517   51.6626515
   21.8226623   51.6631995
   21.8234155   51.6638241
   21.8241040   51.6645193
   21.8247213   51.6652785
   21.8383908   51.6838805
   21.8385366   51.6840606
   21.8387561   51.6841347
   21.8564834   51.6892097
   21.8574246   51.6895306
   21.8583293   51.6899433
   21.8591885   51.6904439
   21.8599937   51.6910273
   21.8607370   51.6916878
   21.8614111   51.6924189
   21.8620092   51.6932133
   21.8625254   51.6940632
   21.8629547   51.6949601
   21.8632928   51.6958953
   21.8635364   51.6968593
   21.8636830   51.6978429
   21.8637312   51.6988361
   21.8636805   51.6998292
   21.8635314   51.7008123
   21.8632854   51.7017758
   21.8586841   51.7166669
   21.8583344   51.7176230
   21.8578893   51.7185386
   21.8573534   51.7194042
   21.8567323   51.7202109
   21.8560324   51.7209502
   21.8552609   51.7216145
   21.8544259   51.7221970
   21.8535360   51.7226915
   21.8265234   51.7359503
   21.8263119   51.7360676
   21.8262951   51.7363088
   21.8258950   51.7566077
   21.8259025   51.7568517
   21.8261243   51.7569535
   21.9240462   51.7960281
   21.9249245   51.7964288
   21.9257601   51.7969123
   21.9265452   51.7974741
   21.9272724   51.7981090
   21.9279351   51.7988110
   21.9285269   51.7995737
   21.9290425   51.8003899
   21.9294769   51.8012520
   21.9298262   51.8021520
   21.9300871   51.8030815
   21.9302571   51.8040318
   21.9303348   51.8049941
   21.9303192   51.8059593
   21.9302107   51.8069186
   21.9300102   51.8078629
   21.9297195   51.8087835
   21.9293414   51.8096718
   21.9288795   51.8105195
   21.9283379   51.8113187
   21.9220950   51.8196366
   21.9214852   51.8203729
   21.9208080   51.8210477
   21.9200693   51.8216546
   21.9192761   51.8221883
   21.9184356   51.8226437
   21.9175554   51.8230169
   21.9166436   51.8233042
   21.9157085   51.8235032
   21.9147587   51.8236120
   21.9138028   51.8236296
   21.9128496   51.8235558
   21.8584920   51.8167217
   21.8582438   51.8167032
   21.8580437   51.8168512
   21.8335175   51.8369960
   21.8333425   51.8371546
   21.8333744   51.8373885
   21.8375358   51.8597227
   21.8375898   51.8599507
   21.8378151   51.8600146
   21.8718962   51.8679290
   21.8727949   51.8681824
   21.8736660   51.8685186
   21.8745019   51.8689345
   21.8752955   51.8694266
   21.8760396   51.8699906
   21.8767279   51.8706215
   21.8773544   51.8713138
   21.8779136   51.8720616
   21.8784006   51.8728583
   21.8867595   51.8880880
   21.8871818   51.8889539
   21.8875188   51.8898565
   21.8877674   51.8907873
   21.8879253   51.8917377
   21.8879910   51.8926989
   21.8879639   51.8936619
   21.8878443   51.8946179
   21.8876332   51.8955580
   21.8873326   51.8964733
   21.8869454   51.8973555
   21.8864750   51.8981963
   21.8859259   51.8989879
   21.8541988   51.9403261
   21.8540634   51.9405216
   21.8541498   51.9407431
   21.8718450   51.9803153
   21.8719595   51.9805396
   21.8721934   51.9806328
   22.0302612   52.0343756
   22.0304806   52.0344390
   22.0307052   52.0343980
   22.1102108   52.0160491
   22.1111839   52.0158747
   22.1121694   52.0157972
   22.1131578   52.0158174
   22.1141394   52.0159351
   22.1151045   52.0161491
   22.1160438   52.0164574
   22.1169481   52.0168569
   22.1178085   52.0173438
   22.1546547   52.0406701
   22.1548622   52.0407877
   22.1550974   52.0407487
   22.2490570   52.0204421
   22.2500821   52.0202758
   22.2511188   52.0202166
   22.2521561   52.0202652
   22.2531827   52.0204212
   22.2541877   52.0206828
   22.2551600   52.0210472
   22.2560894   52.0215105
   22.2569657   52.0220676
   22.2956769   52.0496027
   22.2958733   52.0497288
   22.2961067   52.0497294
   22.3258676   52.0483909
   22.3261027   52.0483689
   22.3262174   52.0481625
   22.3399399   52.0203686
   22.3404025   52.0195345
   22.3409424   52.0187482
   22.3415548   52.0180170
   22.3422340   52.0173474
   22.3429740   52.0167456
   22.3437679   52.0162170
   22.3446086   52.0157665
   22.3454884   52.0153981
   22.3463992   52.0151151
   22.3473329   52.0149203
   22.3482809   52.0148153
   22.3492346   52.0148011
   22.3501853   52.0148778
   22.3511244   52.0150447
   22.3520433   52.0153004
   22.3529337   52.0156424
   22.3537874   52.0160677
   22.3759686   52.0284718
   22.3761832   52.0285785
   22.3764221   52.0285962
   22.4233773   52.0297995
   22.4243093   52.0298670
   22.4252310   52.0300213
   22.4261343   52.0302610
   22.4270112   52.0305839
   22.4278542   52.0309872
   22.4286558   52.0314675
   22.4294091   52.0320205
   22.4301075   52.0326415
   22.4764311   52.0778753
   22.4766159   52.0780385
   22.4768563   52.0780932
   22.5025178   52.0825911
   22.5027390   52.0826196
   22.5029505   52.0825489
   22.6175177   52.0384036
   22.6184578   52.0380939
   22.6194240   52.0378786
   22.6204066   52.0377599
   22.6213962   52.0377389
   22.6223831   52.0378158
   22.6233575   52.0379900
   22.6243099   52.0382596
   22.6252310   52.0386220
   22.6428823   52.0465979
   22.6437668   52.0470518
   22.6446020   52.0475914
   22.6453794   52.0482112
   22.6460914   52.0489051
   22.6467310   52.0496663
   22.6472919   52.0504873
   22.6477685   52.0513599
   22.6481560   52.0522755
   22.6484507   52.0532251
   22.6486497   52.0541993
   22.6487509   52.0551884
   22.6487534   52.0561826
   22.6486572   52.0571722
   22.6484631   52.0581474
   22.6383583   52.0983681
   22.6383128   52.0985942
   22.6385122   52.0987101
   22.6995566   52.1303693
   22.6997700   52.1304673
   22.6999829   52.1303683
   22.7838103   52.0863911
   22.7847353   52.0859644
   22.7856989   52.0856340
   22.7866911   52.0854034
   22.7877016   52.0852750
   22.7887200   52.0852499
   22.7897356   52.0853287
   22.7907379   52.0855103
   22.8279897   52.0942413
   22.8282396   52.0942865
   22.8284868   52.0942280
   22.8700564   52.0821065
   22.8709842   52.0818834
   22.8719292   52.0817497
   22.8728825   52.0817067
   22.8738356   52.0817548
   22.8747798   52.0818936
   22.8757065   52.0821217
   22.8766072   52.0824371
   22.8774737   52.0828369
   22.8782982   52.0833175
   22.8790731   52.0838745
   22.8797914   52.0845028
   22.8804466   52.0851968
   22.8810325   52.0859500
   22.8815441   52.0867556
   22.8819765   52.0876064
   22.8823258   52.0884945
   22.8825889   52.0894119
   22.8827633   52.0903501
   22.8858069   52.1125781
   22.8858504   52.1128108
   22.8860757   52.1128835
   22.9177897   52.1214261
   22.9186931   52.1217161
   22.9195649   52.1220903
   22.9203973   52.1225455
   22.9211829   52.1230775
   22.9219144   52.1236816
   22.9225855   52.1243523
   22.9231900   52.1250836
   22.9237224   52.1258688
   22.9241781   52.1267010
   22.9245528   52.1275726
   22.9248432   52.1284758
   22.9250467   52.1294025
   22.9251615   52.1303443
   22.9251865   52.1312927
   22.9251216   52.1322393
   22.9237289   52.1441922
   22.9237129   52.1444332
   22.9239201   52.1445573
   22.9620350   52.1648738
   22.9628953   52.1653893
   22.9636996   52.1659885
   22.9644399   52.1666652
   22.9651086   52.1674126
   22.9656991   52.1682233
   22.9662055   52.1690890
   22.9666226   52.1700011
   22.9669462   52.1709504
   22.9703625   52.1829038
   22.9704391   52.1831293
   22.9706740   52.1831679
   23.0110816   52.1877830
   23.0120394   52.1879398
   23.0129774   52.1881887
   23.0138870   52.1885274
   23.0147594   52.1889526
   23.0155864   52.1894604
   23.0163604   52.1900460
   23.0170739   52.1907039
   23.0177204   52.1914278
   23.0182936   52.1922110
   23.0187881   52.1930461
   23.0191994   52.1939251
   23.0195236   52.1948399
   23.0197575   52.1957818
   23.0198990   52.1967420
   23.0227250   52.2255451
   23.0227620   52.2257916
   23.0229807   52.2259111
   23.0701233   52.2486162
   23.0709857   52.2490850
   23.0717979   52.2496361
   23.0725522   52.2502641
   23.1268563   52.3001903
   23.1270342   52.3003390
   23.1272660   52.3003472
   23.2131017   52.2993429
   23.2133282   52.2993290
   23.2132046   52.2991387
   23.2119679   52.2974272
   23.2114436   52.2966228
   23.2109988   52.2957719
   23.2106377   52.2948822
   23.2103636   52.2939619
   23.2101790   52.2930197
   23.2100857   52.2920640
   23.2100844   52.2911038
   23.2101752   52.2901480
   23.2158597   52.2505963
   23.2160510   52.2496160
   23.2163391   52.2486597
   23.2167212   52.2477370
   23.2171934   52.2468569
   23.2177510   52.2460283
   23.2183885   52.2452595
   23.2190995   52.2445581
   23.2198770   52.2439311
   23.2207131   52.2433848
   23.2215995   52.2429246
   23.2225274   52.2425552
   23.2234875   52.2422801
   23.2244703   52.2421022
   23.3698132   52.2232294
   23.3700368   52.2231900
   23.3702412   52.2230914
   23.4246305   52.1937336
   23.4255770   52.1932850
   23.4265652   52.1929379
   23.4275843   52.1926961
   23.4286231   52.1925622
   23.4296702   52.1925377
   23.5026528   52.1946531
   23.5028840   52.1946488
   23.5030152   52.1944584
   23.5292776   52.1521616
   23.5298053   52.1513940
   23.5304020   52.1506789
   23.5310627   52.1500224
   23.5317817   52.1494302
   23.5325526   52.1489075
   23.5333688   52.1484587
   23.5342232   52.1480879
   23.5351084   52.1477981
   23.6249531   52.1229583
   23.6251933   52.1228784
   23.6253818   52.1227095
   23.6657564   52.0826124
   23.6659200   52.0824332
   23.6660247   52.0822144
   23.7044252   51.9907359
   23.7045065   51.9905119
   23.7043659   51.9903196
   23.6460728   51.9182672
   23.6454927   51.9174733
   23.6449934   51.9166263
   23.6445797   51.9157344
   23.6442555   51.9148062
   23.6440241   51.9138506
   23.6438876   51.9128769
   23.6438474   51.9118945
   23.6439039   51.9109129
   23.6440565   51.9099416
   23.6443038   51.9089900
   23.6446433   51.9080673
   23.6450717   51.9071823
   23.6534518   51.8918463
   23.6535566   51.8916299
   23.6534549   51.8914120
   23.6317730   51.8503474
   23.6313533   51.8494467
   23.6310250   51.8485087
   23.6307914   51.8475428
   23.6306549   51.8465585
   23.6306167   51.8455655
   23.6306773   51.8445736
   23.6308360   51.8435927
   23.6310913   51.8426323
   23.6314406   51.8417020
   23.6318806   51.8408110
   23.6563463   51.7969021
   23.6564556   51.7966800
   23.6563462   51.7964579
   23.6403427   51.7677402
   23.6402113   51.7675301
   23.6399838   51.7674320
   23.5691145   51.7410242
   23.5682045   51.7406328
   23.5673377   51.7401532
   23.5665226   51.7395902
   23.5657671   51.7389493
   23.5650788   51.7382369
   23.5644644   51.7374598
   23.5639299   51.7366257
   23.5634805   51.7357429
   23.5631207   51.7348199
   23.5628540   51.7338658
   23.5626829   51.7328901
   23.5626093   51.7319022
   23.5626338   51.7309118
   23.5627561   51.7299288
   23.5629751   51.7289627
   23.5632886   51.7280229
   23.5636936   51.7271188
   23.5767043   51.7015478
   23.5767988   51.7013384
   23.5767678   51.7011107
   23.5605915   51.6132307
   23.5604634   51.6122807
   23.5604268   51.6113228
   23.5604820   51.6103658
   23.5606287   51.6094185
   23.5608654   51.6084896
   23.5611900   51.6075876
   23.5615994   51.6067209
   23.5900060   51.5533665
   23.5905388   51.5524797
   23.5911604   51.5516526
   23.5918642   51.5508942
   23.5926425   51.5502125
   23.5934871   51.5496149
   23.6790721   51.4954778
   23.6792801   51.4953308
   23.6794116   51.4951127
   23.7180548   51.4228853
   23.7181574   51.4226687
   23.7181002   51.4224360
   23.6995149   51.3601673
   23.6994408   51.3599549
   23.6992965   51.3597831
   23.6703171   51.3282732
   23.6696815   51.3275092
   23.6691249   51.3266859
   23.6686528   51.3258114
   23.6682698   51.3248943
   23.6679798   51.3239438
   23.6677855   51.3229691
   23.6676889   51.3219800
   23.6676909   51.3209862
   23.6677916   51.3199975
   23.6679900   51.3190237
   23.6682840   51.3180743
   23.6686708   51.3171589
   23.6691466   51.3162864
   23.6697066   51.3154653
   23.6703453   51.3147040
   23.6710565   51.3140098
   23.6718331   51.3133896
   23.6726673   51.3128495
   23.6735511   51.3123950
   23.6744756   51.3120304
   23.6754318   51.3117593
   23.7011713   51.3058273
   23.7014125   51.3057586
   23.7015703   51.3055638
   23.7570503   51.2294443
   23.7576046   51.2287508
   23.7582182   51.2281091
   23.7588863   51.2275244
   23.7596036   51.2270013
   23.7603644   51.2265438
   23.8800075   51.1616607
   23.8802173   51.1615328
   23.8802199   51.1612870
   23.8784116   51.1158419
   23.8784214   51.1148495
   23.8785295   51.1138631
   23.8787349   51.1128921
   23.8790354   51.1119464
   23.8794283   51.1110350
   23.8799095   51.1101671
   23.8804744   51.1093512
   23.8811173   51.1085953
   23.8818321   51.1079068
   23.8826115   51.1072926
   23.8834480   51.1067586
   23.9237919   51.0837401
   23.9240088   51.0836008
   23.9241019   51.0833605
   23.9416673   51.0298629
   23.9419708   51.0290572
   23.9423426   51.0282806
   23.9427797   51.0275389
   23.9432790   51.0268375
   24.0094794   50.9418448
   24.0101751   50.9410433
   24.0109518   50.9403201
   24.0118008   50.9396832
   24.0127124   50.9391399
   24.0136766   50.9386962
   24.1505586   50.8843159
   24.1507904   50.8842096
   24.1509166   50.8839879
   24.1609085   50.8640920
   24.1610050   50.8638735
   24.1608214   50.8637206
   24.1039429   50.8209251
   24.1037463   50.8207916
   24.1035088   50.8207874
   24.0075175   50.8237294
   24.0065618   50.8237130
   24.0056120   50.8236054
   24.0046769   50.8234077
   24.0037649   50.8231215
   24.0028844   50.8227496
   24.0020435   50.8222954
   24.0012497   50.8217629
   24.0005104   50.8211571
   23.9998323   50.8204834
   23.9900686   50.8098091
   23.9894282   50.8090341
   23.9888688   50.8081987
   23.9883962   50.8073114
   23.9880150   50.8063811
   23.9877292   50.8054172
   23.9875416   50.8044295
   23.9874541   50.8034279
   23.9874677   50.8024227
   23.9875821   50.8014238
   23.9877962   50.8004415
   23.9881078   50.7994857
   23.9885139   50.7985660
   23.9890103   50.7976917
   23.9895919   50.7968717
   23.9902529   50.7961142
   23.9909867   50.7954269
   23.9917857   50.7948168
   23.9926420   50.7942900
   23.9935469   50.7938518
   24.0360630   50.7758419
   24.0362695   50.7757427
   24.0362892   50.7755145
   24.0374644   50.7455523
   24.0375521   50.7445662
   24.0377369   50.7435936
   24.0380169   50.7426440
   24.0383895   50.7417268
   24.0388510   50.7408509
   24.0393967   50.7400250
   24.0400215   50.7392570
   24.0407192   50.7385546
   24.0414828   50.7379246
   24.0423051   50.7373732
   24.0431778   50.7369059
   24.0440925   50.7365271
   24.0450401   50.7362406
   24.0460114   50.7360492
   24.0838900   50.7305165
   24.0841306   50.7304689
   24.0842181   50.7302397
   24.1135412   50.6400025
   24.1136069   50.6397586
   24.1135961   50.6395061
   24.1056515   50.5549687
   24.1056198   50.5547429
   24.1055278   50.5545343
   24.0455122   50.4337659
   24.0453899   50.4335479
   24.0452081   50.4333763
   24.0032543   50.3975957
   24.0030548   50.3974424
   24.0028058   50.3974062
   23.7359865   50.3724038
   23.7350102   50.3722635
   23.7340525   50.3720276
   23.7331226   50.3716986
   23.7322297   50.3712795
   23.7313824   50.3707746
   23.7305890   50.3701886
   23.7298572   50.3695272
   23.7291940   50.3687971
   23.7286061   50.3680051
   23.6964058   50.3198382
   23.6962727   50.3196574
   23.6960846   50.3195358
   23.5540600   50.2365400
   23.5540604   50.2365393
   23.5534601   50.2361890
   23.5533856   50.2361406
   23.2967347   50.0861635
   23.2960302   50.0857112
   23.2953660   50.0852016
   22.9845190   49.8253250
   22.9838453   49.8247073
   22.9832307   49.8240306
   22.9826805   49.8233006
   22.9821993   49.8225235
   22.9817911   49.8217056
   22.9814592   49.8208539
   22.9720224   49.7929239
   22.9719290   49.7926881
   22.9717316   49.7925289
   22.8106470   49.6757632
   22.8099004   49.6751655
   22.8092143   49.6744993
   22.6771904   49.5334128
   22.6765658   49.5326771
   22.6760150   49.5318847
   22.6755431   49.5310428
   22.6751546   49.5301594
   22.6748531   49.5292427
   22.6746413   49.5283012
   22.6745213   49.5273436
   22.6744941   49.5263789
   22.6745601   49.5254161
   22.6747185   49.5244642
   22.6749680   49.5235319
   22.6753062   49.5226280
   22.6757299   49.5217610
   22.6762352   49.5209388
   22.6768175   49.5201692
   22.6774712   49.5194592
   22.6781903   49.5188156
   22.6789681   49.5182443
   22.6797973   49.5177507
   22.7115405   49.5008721
   22.7117593   49.5007407
   22.7118602   49.5005062
   22.7611413   49.3672897
   22.7612169   49.3670480
   22.7612161   49.3667948
   22.7523516   49.2043606
   22.7523451   49.2034070
   22.7524295   49.2024570
   22.7526040   49.2015195
   22.7528670   49.2006028
   22.7532161   49.1997153
   22.7536482   49.1988651
   22.7541593   49.1980599
   22.7547448   49.1973071
   22.7553993   49.1966135
   22.7561170   49.1959854
   22.8385685   49.1304923
   22.8394010   49.1298979
   22.8402898   49.1293916
   22.8412256   49.1289788
   22.9035731   49.1052065
   22.9037856   49.1051134
   22.9037173   49.1048917
   22.8893852   49.0653032
   22.8891104   49.0644180
   22.8889187   49.0635112
   22.8888119   49.0625905
   22.8887907   49.0616639
   22.8888555   49.0607393
   22.8890055   49.0598246
   22.8892396   49.0589278
   22.9064364   49.0036666
   22.9064953   49.0034379
   22.9062723   49.0033599
   22.8490850   48.9864864
   22.8488616   48.9864317
   22.8486609   48.9865441
   22.7742498   49.0329226
   22.7734292   49.0333820
   22.7725691   49.0337622
   22.7716771   49.0340599
   22.7707611   49.0342726
   22.7698292   49.0343983
   22.7688895   49.0344358
   22.7679505   49.0343849
   22.6743445   49.0248838
   22.6741126   49.0248713
   22.6739101   49.0249849
   22.5899350   49.0774754
   22.5891265   49.0779301
   22.5882793   49.0783078
   22.5874008   49.0786055
   22.5864985   49.0788205
   22.5855802   49.0789509
   22.5846537   49.0789957
   22.5837271   49.0789545
   22.4934865   49.0707315
   22.4932506   49.0707213
   22.4930170   49.0707558
   22.4101301   49.0870409
   22.4098858   49.0871019
   22.4096856   49.0872549
   22.3633727   49.1265591
   22.3626507   49.1271172
   22.3618807   49.1276072
   22.3610693   49.1280250
   22.3602232   49.1283671
   22.3593494   49.1286306
   22.3584553   49.1288133
   22.3575482   49.1289137
   22.2212990   49.1377339
   22.2210582   49.1377616
   22.2209509   49.1379789
   22.2114352   49.1599515
   22.2109892   49.1608539
   22.2104547   49.1617069
   22.2098372   49.1625018
   22.2091429   49.1632306
   22.2083789   49.1638860
   22.2075528   49.1644612
   22.2066731   49.1649504
   22.2057487   49.1653487
   22.2047890   49.1656521
   22.0198518   49.2140194
   22.0196305   49.2140887
   22.0196033   49.2143190
   22.0159930   49.2661354
   22.0158681   49.2671608
   22.0156380   49.2681679
   22.0153053   49.2691459
   22.0148734   49.2700844
   22.0143470   49.2709733
   22.0137317   49.2718031
   22.0130342   49.2725651
   21.9562347   49.3285052
   21.9554790   49.3291776
   21.9546592   49.3297703
   21.9537838   49.3302771
   21.9528616   49.3306929
   21.9519022   49.3310134
   21.9509153   49.3312353
   21.9499110   49.3313564
   21.9001534   49.3348145
   21.8999327   49.3348398
   21.8997353   49.3349407
   21.8366059   49.3708520
   21.8356945   49.3713106
   21.8347411   49.3716739
   21.8337557   49.3719382
   21.8327485   49.3721007
   21.8317300   49.3721597
   21.8307107   49.3721147
   21.8297014   49.3719660
   21.8287124   49.3717153
   21.8277542   49.3713651
   21.8268366   49.3709190
   21.7731273   49.3413342
   21.7729215   49.3412332
   21.7727432   49.3413772
   21.7122505   49.3951676
   21.7115311   49.3957501
   21.7107608   49.3962635
   21.7099464   49.3967034
   21.7090947   49.3970662
   21.7082132   49.3973487
   21.7073093   49.3975485
   21.7063909   49.3976638
   21.6546422   49.4017401
   21.6543949   49.4017723
   21.6541942   49.4019201
   21.6249833   49.4258119
   21.6242172   49.4263798
   21.6234005   49.4268721
   21.6225406   49.4272843
   21.6216454   49.4276128
   21.6207229   49.4278546
   21.6197817   49.4280073
   21.6188301   49.4280697
   21.6178769   49.4280412
   21.6169308   49.4279220
   21.4364237   49.3963791
   21.4362003   49.3963504
   21.4359818   49.3964030
   21.4071844   49.4047166
   21.2856460   49.4398014
   21.2846312   49.4400378
   21.2835972   49.4401674
   21.2825554   49.4401886
   21.2815170   49.4401014
   21.2804934   49.4399065
   21.2794955   49.4396062
   21.2785344   49.4392037
   21.2776203   49.4387033
   21.1915587   49.3855850
   21.1913394   49.3854647
   21.1911114   49.3855675
   21.1324027   49.4157527
   21.1314471   49.4161823
   21.1304517   49.4165096
   21.1294276   49.4167309
   21.1283860   49.4168439
   21.1273382   49.4168473
   21.1262959   49.4167410
   21.1062043   49.4136215
   21.1052425   49.4134234
   21.1043048   49.4131319
   21.1034003   49.4127498
   21.1025375   49.4122809
   21.1017249   49.4117296
   21.1009703   49.4111013
   21.1002809   49.4104020
   21.0996635   49.4096385
   21.0991239   49.4088181
   21.0986674   49.4079487
   21.0982983   49.4070388
   21.0980203   49.4060970
   21.0978360   49.4051325
   21.0977471   49.4041546
   21.0977546   49.4031727
   21.0978584   49.4021963
   21.0980574   49.4012347
   21.0983498   49.4002973
   21.0987327   49.3993931
   21.0992024   49.3985308
   21.0997544   49.3977187
   21.1003835   49.3969647
   21.1010834   49.3962760
   21.1018475   49.3956593
   21.1172775   49.3844103
   21.1174566   49.3842662
   21.1173788   49.3840499
   21.1049029   49.3539343
   21.1048020   49.3537207
   21.1045687   49.3536834
   21.0482338   49.3474624
   21.0472432   49.3473023
   21.0462735   49.3470438
   21.0453346   49.3466893
   21.0444360   49.3462426
   21.0435867   49.3457080
   21.0427953   49.3450910
   21.0420696   49.3443978
   20.9930508   49.2926209
   20.9928632   49.2924426
   20.9926114   49.2923824
   20.9281960   49.2805334
   20.9279613   49.2805018
   20.9277384   49.2805821
   20.8638041   49.3071568
   20.8635900   49.3072583
   20.8635303   49.3074876
   20.8609200   49.3199667
   20.8606633   49.3209442
   20.8603093   49.3218909
   20.8598615   49.3227970
   20.8593246   49.3236532
   20.8587039   49.3244509
   20.8580059   49.3251819
   20.8572377   49.3258387
   20.8564071   49.3264146
   20.8555226   49.3269037
   20.8545933   49.3273010
   20.8536286   49.3276025
   20.8526384   49.3278051
   20.8516329   49.3279066
   20.7878114   49.3311084
   20.7875846   49.3311303
   20.7874172   49.3312848
   20.7199171   49.3995827
   20.7191795   49.4002579
   20.7183782   49.4008561
   20.7175211   49.4013712
   20.7166168   49.4017982
   20.7156745   49.4021327
   20.7147034   49.4023714
   20.7137133   49.4025119
   20.7127142   49.4025529
   20.7117160   49.4024939
   20.6289731   49.3934321
   20.6280400   49.3932850
   20.6271249   49.3930505
   20.6262361   49.3927308
   20.6253813   49.3923286
   20.6245683   49.3918475
   20.5773426   49.3607998
   20.5771283   49.3606740
   20.5768896   49.3607434
   20.4693000   49.3980952
   20.4683949   49.3983623
   20.4674687   49.3985428
   20.4665296   49.3986353
   20.4655860   49.3986389
   20.4646462   49.3985534
   20.4637187   49.3983798
   20.4628117   49.3981195
   20.3940491   49.3748244
   20.3937991   49.3747541
   20.3935422   49.3747921
   20.3541243   49.3827539
   20.3531840   49.3828976
   20.3522342   49.3829514
   20.3512837   49.3829147
   20.3503409   49.3827878
   20.3494144   49.3825719
   20.3485127   49.3822690
   20.3476438   49.3818818
   20.3468157   49.3814137
   20.3460357   49.3808691
   20.3453111   49.3802528
   20.3446483   49.3795705
   20.3440533   49.3788283
   20.3435315   49.3780328
   20.3430877   49.3771915
   20.3207531   49.3294803
   20.3206428   49.3292717
   20.3204069   49.3292684
   20.2251626   49.3325530
   20.2242486   49.3325427
   20.2233393   49.3324490
   20.2224423   49.3322726
   20.2215652   49.3320151
   20.2207153   49.3316786
   20.2198996   49.3312658
   20.1508068   49.2922364
   20.1500296   49.2917490
   20.1493004   49.2911925
   20.1486252   49.2905715
   20.1480097   49.2898912
   20.1474592   49.2891575
   20.1469783   49.2883763
   20.1465709   49.2875544
   20.0927296   49.1650966
   20.0926236   49.1648846
   20.0923957   49.1649499
   19.9357798   49.2183317
   19.9348025   49.2186103
   19.9338021   49.2187882
   19.9327887   49.2188637
   19.9317729   49.2188359
   19.9307652   49.2187053
   19.9297760   49.2184730
   19.9288154   49.2181415
   19.9278934   49.2177142
   19.9270196   49.2171956
   19.8722145   49.1807825
   19.8719962   49.1806532
   19.8717426   49.1806481
   19.7842231   49.1834126
   19.7839940   49.1834306
   19.7838093   49.1835675
   19.7435986   49.2163861
   19.7434251   49.2165424
   19.7435422   49.2167444
   19.7842618   49.2797180
   19.7847505   49.2805612
   19.7851547   49.2814479
   19.7854708   49.2823697
   19.7856956   49.2833180
   19.7858270   49.2842836
   19.7858638   49.2852574
   19.7858057   49.2862302
   19.7756098   49.3798822
   19.7754602   49.3808308
   19.7752202   49.3817606
   19.7748922   49.3826632
   19.7744791   49.3835301
   19.7739848   49.3843534
   19.7734138   49.3851254
   19.7727713   49.3858392
   19.7720634   49.3864880
   19.7712965   49.3870659
   19.7704777   49.3875676
   19.7696145   49.3879885
   19.7687149   49.3883246
   19.7677873   49.3885729
   19.7668401   49.3887311
   19.7658821   49.3887977
   19.7649222   49.3887721
   19.7639691   49.3886545
   19.7630317   49.3884460
   19.7621186   49.3881486
   19.7167509   49.3709215
   19.7165093   49.3708437
   19.7162607   49.3708951
   19.6250633   49.3947065
   19.6248321   49.3947794
   19.6248180   49.3950215
   19.6246011   49.4222750
   19.6245424   49.4232810
   19.6243827   49.4242759
   19.6241236   49.4252497
   19.6237679   49.4261924
   19.6233192   49.4270946
   19.6227819   49.4279471
   19.6221615   49.4287411
   19.6214644   49.4294687
   19.6206976   49.4301225
   19.6198689   49.4306957
   19.6189867   49.4311827
   19.6180600   49.4315783
   19.6170982   49.4318788
   19.5714766   49.4436416
   19.5712573   49.4437092
   19.5711427   49.4439080
   19.5130275   49.5565934
   19.5125148   49.5574742
   19.5119151   49.5582982
   19.5112346   49.5590570
   19.5104805   49.5597425
   19.5096605   49.5603477
   19.5087832   49.5608663
   19.4605366   49.5861615
   19.4596786   49.5865608
   19.4587866   49.5868772
   19.4578687   49.5871078
   19.4569332   49.5872507
   19.4559883   49.5873045
   19.4550425   49.5872687
   19.4541044   49.5871436
   19.4531823   49.5869304
   19.4522845   49.5866310
   19.4514190   49.5862481
   19.3915240   49.5562828
   19.3907122   49.5558282
   19.3899462   49.5553002
   19.3892326   49.5547033
   19.3885775   49.5540427
   19.3879866   49.5533240
   19.3874652   49.5525536
   19.3686972   49.5218381
   19.3685629   49.5216407
   19.3683287   49.5215949
   19.3255606   49.5153701
   19.2595186   49.5057658
   19.2585803   49.5055832
   19.2576637   49.5053118
   19.2567772   49.5049542
   19.2559289   49.5045135
   19.2551266   49.5039938
   19.2543775   49.5033999
   19.2536886   49.5027372
   19.2530661   49.5020118
   19.2525157   49.5012302
   19.2520425   49.5003996
   19.2115286   49.4206617
   19.1998456   49.3976676
   19.1997219   49.3974521
   19.1994751   49.3974201
   19.1819301   49.3960500
   18.9765646   49.3800183
   18.9763334   49.3800112
   18.9761463   49.3801471
   18.9573239   49.3952148
   18.9571415   49.3953763
   18.9571049   49.3956171
   18.9476018   49.4892653
   18.9474486   49.4902669
   18.9471948   49.4912480
   18.9468429   49.4921983
   18.9463967   49.4931081
   18.9458608   49.4939681
   18.9452405   49.4947694
   18.9445423   49.4955039
   18.9437734   49.4961639
   18.9429416   49.4967427
   18.9420556   49.4972344
   18.9411243   49.4976338
   18.9401573   49.4979370
   18.9391647   49.4981407
   18.8241262   49.5157339
   18.8239041   49.5157788
   18.8239609   49.5159982
   18.8322689   49.5427289
   18.8325031   49.5436280
   18.8326529   49.5445451
   18.8327169   49.5454720
   18.8326947   49.5464009
   18.8325862   49.5473237
   18.8323926   49.5482325
   18.8321155   49.5491194
   18.7927439   49.6572084
   18.7923663   49.6581065
   18.7919030   49.6589636
   18.7913586   49.6597715
   18.7907381   49.6605227
   18.7900475   49.6612098
   18.7892933   49.6618265
   18.7884826   49.6623669
   18.7876232   49.6628259
   18.7867233   49.6631990
   18.7857912   49.6634828
   18.7848361   49.6636745
   18.7838667   49.6637724
   18.7828925   49.6637755
   18.7371410   49.6616901
   18.7369215   49.6616898
   18.7367160   49.6617655
   18.6122587   49.7139242
   18.6120387   49.7140295
   18.6119155   49.7142399
   18.5535336   49.8264217
   18.5534334   49.8266398
   18.5535389   49.8268555
   18.5655575   49.8486271
   18.5659900   49.8495108
   18.5663336   49.8504327
   18.5665850   49.8513840
   18.5667416   49.8523553
   18.5668021   49.8533374
   18.5667657   49.8543206
   18.5666329   49.8552955
   18.5664049   49.8562526
   18.5660840   49.8571827
   18.5546694   49.8856399
   18.5542749   49.8865024
   18.5538006   49.8873237
   18.5532505   49.8880964
   18.5526297   49.8888135
   18.5519438   49.8894685
   18.5511989   49.8900556
   18.5504018   49.8905695
   18.5495595   49.8910055
   18.5486797   49.8913598
   18.5477703   49.8916292
   18.5468395   49.8918112
   18.5458956   49.8919042
   18.5449472   49.8919074
   18.4854406   49.8892806
   18.4852023   49.8892816
   18.4849819   49.8893720
   18.4216464   49.9189857
   18.4206911   49.9193737
   18.4197009   49.9196613
   18.4186864   49.9198454
   18.4176583   49.9199240
   18.4166276   49.9198963
   18.4156052   49.9197627
   18.3130392   49.9009339
   18.3128026   49.9009023
   18.3125988   49.9010266
   18.2014675   49.9764789
   18.2006597   49.9769731
   18.1998087   49.9773887
   18.1989223   49.9777220
   18.1980083   49.9779699
   18.1970750   49.9781303
   18.1961307   49.9782016
   18.1951838   49.9781833
   18.1942430   49.9780755
   18.1933165   49.9778792
   18.1516311   49.9669605
   18.1514004   49.9669117
   18.1511730   49.9669745
   18.1071212   49.9814274
   18.1069063   49.9815092
   18.1067509   49.9816788
   18.0759790   50.0185746
   18.0753245   50.0192864
   18.0746043   50.0199316
   18.0738252   50.0205042
   18.0729945   50.0209989
   18.0721198   50.0214111
   18.0712094   50.0217369
   18.0702718   50.0219732
   18.0693158   50.0221179
   18.0683503   50.0221696
   18.0673843   50.0221277
   18.0664268   50.0219928
   18.0654869   50.0217660
   18.0645732   50.0214496
   18.0636944   50.0210463
   18.0628587   50.0205601
   18.0620738   50.0199954
   18.0613471   50.0193576
   18.0606854   50.0186525
   18.0600949   50.0178869
   18.0595811   50.0170678
   18.0591488   50.0162029
   18.0588020   50.0153003
   18.0507472   49.9908641
   18.0506619   49.9906428
   18.0504255   49.9906615
   18.0000332   49.9971455
   17.9989774   49.9972249
   17.9979192   49.9971921
   17.9968703   49.9970477
   17.9958426   49.9967932
   17.8676456   49.9577348
   17.8674009   49.9576738
   17.8671659   49.9577654
   17.8257974   49.9763896
   17.8252785   49.9766609
   17.7595767   50.0160720
   17.7593872   50.0161978
   17.7592559   50.0163829
   17.7138634   50.0869086
   17.7132586   50.0877492
   17.7125702   50.0885228
   17.7118054   50.0892210
   17.7109725   50.0898363
   17.7100804   50.0903622
   17.7091387   50.0907931
   17.7081576   50.0911242
   17.7071474   50.0913521
   17.7061191   50.0914744
   17.6474028   50.0953845
   17.6471743   50.0954105
   17.6469945   50.0955538
   17.5777499   50.1562423
   17.5775845   50.1564019
   17.5777019   50.1565996
   17.5958125   50.1840070
   17.5959465   50.1841908
   17.5961643   50.1842565
   17.7233198   50.2162797
   17.7242639   50.2165677
   17.7251749   50.2169474
   17.7260442   50.2174150
   17.7268631   50.2179661
   17.7276237   50.2185951
   17.7283185   50.2192962
   17.7289409   50.2200622
   17.7294847   50.2208860
   17.7299446   50.2217593
   17.7303163   50.2226737
   17.7305959   50.2236203
   17.7307809   50.2245898
   17.7308694   50.2255729
   17.7308606   50.2265599
   17.7307545   50.2275412
   17.7305522   50.2285073
   17.7302556   50.2294487
   17.7298676   50.2303563
   17.7293921   50.2312212
   17.7288336   50.2320351
   17.7281976   50.2327899
   17.7103350   50.2519820
   17.7101728   50.2521753
   17.7101521   50.2524267
   17.7090429   50.2886872
   17.7089635   50.2896756
   17.7087865   50.2906514
   17.7085138   50.2916048
   17.7081480   50.2925265
   17.7076927   50.2934074
   17.7071524   50.2942390
   17.7065325   50.2950129
   17.7058389   50.2957216
   17.7050785   50.2963581
   17.7042588   50.2969162
   17.7033879   50.2973904
   17.7024742   50.2977760
   17.7015269   50.2980692
   17.7005552   50.2982671
   17.6995687   50.2983678
   17.6985771   50.2983703
   17.6975901   50.2982746
   17.6966174   50.2980816
   17.6956686   50.2977932
   17.6947531   50.2974123
   17.6938797   50.2969426
   17.6180376   50.2511613
   17.6178169   50.2510430
   17.6175664   50.2510469
   17.5007469   50.2588545
   17.4996735   50.2588685
   17.4986047   50.2587673
   17.4975529   50.2585522
   17.4965303   50.2582255
   17.4379098   50.2359673
   17.4376810   50.2358930
   17.4374669   50.2360025
   17.3891739   50.2637744
   17.3883315   50.2642071
   17.3874519   50.2645582
   17.3865431   50.2648245
   17.3856131   50.2650037
   17.3846704   50.2650940
   17.3837233   50.2650948
   17.3827805   50.2650060
   17.3818502   50.2648284
   17.3809409   50.2645635
   17.3800608   50.2642139
   17.3461587   50.2488491
   17.3459461   50.2487648
   17.3458545   50.2489743
   17.3262284   50.3004806
   17.3258370   50.3013740
   17.3253605   50.3022251
   17.3248033   50.3030257
   17.3241708   50.3037682
   17.3234689   50.3044456
   17.3227044   50.3050513
   17.3218845   50.3055797
   17.3210170   50.3060257
   17.3201102   50.3063851
   17.3191727   50.3066544
   17.3182135   50.3068311
   17.2437033   50.3168274
   17.2434652   50.3168713
   17.2432758   50.3170223
   17.1852046   50.3682068
   17.1844610   50.3688018
   17.1836641   50.3693234
   17.1828212   50.3697668
   17.1819399   50.3701280
   17.1810283   50.3704037
   17.1800946   50.3705915
   16.9710916   50.4023479
   16.9708821   50.4023889
   16.9706835   50.4024648
   16.9490865   50.4117889
   16.9489757   50.4118335
   16.9096905   50.4287910
   16.9087768   50.4291336
   16.9078340   50.4293854
   16.9068712   50.4295442
   16.9058976   50.4296084
   16.9049222   50.4295774
   16.9039546   50.4294515
   16.9030038   50.4292318
   16.9020790   50.4289206
   16.9011889   50.4285206
   16.9003420   50.4280359
   16.8995464   50.4274709
   16.8988097   50.4268310
   16.8975536   50.4256277
   16.8968661   50.4248997
   16.8962549   50.4241066
   16.8957260   50.4232563
   16.8952848   50.4223574
   16.8949358   50.4214188
   16.8946823   50.4204501
   16.8945270   50.4194609
   16.8944714   50.4184611
   16.8945161   50.4174608
   16.8946606   50.4164699
   16.8949035   50.4154985
   16.8952423   50.4145562
   16.8956736   50.4136525
   16.8961931   50.4127965
   16.8967957   50.4119968
   16.8974752   50.4112613
   16.8982249   50.4105974
   16.8990371   50.4100119
   16.8999039   50.4095105
   16.9244700   50.3968978
   16.9246716   50.3967820
   16.9247796   50.3965759
   16.9538096   50.3341805
   16.9542548   50.3333323
   16.9547791   50.3325306
   16.9553778   50.3317828
   16.9560453   50.3310956
   16.9567754   50.3304755
   16.9575616   50.3299281
   16.9583965   50.3294584
   17.0297893   50.2936856
   17.0299902   50.2935728
   17.0300384   50.2933475
   17.0417698   50.2224028
   17.0417970   50.2221667
   17.0415890   50.2220518
   16.9983132   50.2008692
   16.9980913   50.2007740
   16.9978904   50.2009080
   16.9788275   50.2150372
   16.9780254   50.2155737
   16.9771754   50.2160305
   16.9762852   50.2164031
   16.9753633   50.2166883
   16.9744182   50.2168832
   16.9734587   50.2169862
   16.9724938   50.2169962
   16.9715324   50.2169131
   16.9705835   50.2167377
   16.8498902   50.1883516
   16.8490126   50.1881024
   16.8481614   50.1877743
   16.8473436   50.1873700
   16.8465661   50.1868929
   16.8458352   50.1863469
   16.7267457   50.0885989
   16.7265341   50.0884432
   16.7262770   50.0883889
   16.6889356   50.0825515
   16.6886717   50.0825247
   16.6884206   50.0826104
   16.5710241   50.1298458
   16.5707996   50.1299496
   16.5706962   50.1301742
   16.5363616   50.2158749
   16.5359336   50.2168027
   16.5354133   50.2176819
   16.5348060   50.2185035
   16.5341179   50.2192588
   16.5333565   50.2199400
   16.4266777   50.3059738
   16.4259449   50.3065116
   16.4251663   50.3069808
   16.4243484   50.3073772
   16.4234978   50.3076978
   16.4226217   50.3079398
   16.4217271   50.3081013
   16.3770906   50.3140778
   16.3768569   50.3141207
   16.3767202   50.3143152
   16.3497594   50.3569515
   16.3491696   50.3577865
   16.3484976   50.3585569
   16.3477505   50.3592547
   16.3469360   50.3598725
   16.3460628   50.3604040
   16.3451398   50.3608435
   16.3441768   50.3611865
   16.3431838   50.3614294
   16.3421711   50.3615696
   16.3411495   50.3616057
   16.3401295   50.3615374
   16.2717730   50.3534288
   16.2715334   50.3534122
   16.2713374   50.3535510
   16.1840182   50.4220046
   16.1838342   50.4221644
   16.1838951   50.4224004
   16.1957883   50.4604507
   16.1958694   50.4606722
   16.1960709   50.4607950
   16.3056829   50.5205616
   16.3059025   50.5206677
   16.3061462   50.5206567
   16.3464758   50.5168479
   16.3475005   50.5168039
   16.3485243   50.5168652
   16.3495365   50.5170310
   16.3505264   50.5172996
   16.3514835   50.5176682
   16.3523978   50.5181328
   16.3532598   50.5186887
   16.3540602   50.5193300
   16.3547908   50.5200498
   16.4077049   50.5778293
   16.4083367   50.5785918
   16.4088900   50.5794130
   16.4093593   50.5802849
   16.4097401   50.5811989
   16.4100287   50.5821461
   16.4102222   50.5831172
   16.4103186   50.5841026
   16.4103172   50.5850928
   16.4102178   50.5860780
   16.4100215   50.5870485
   16.4097302   50.5879949
   16.4093467   50.5889078
   16.4088748   50.5897783
   16.4083191   50.5905979
   16.4076851   50.5913584
   16.4069790   50.5920526
   16.4062077   50.5926735
   16.3335573   50.6454520
   16.3327742   50.6459667
   16.3319463   50.6464058
   16.3310809   50.6467654
   16.3301857   50.6470425
   16.3292684   50.6472346
   16.3283372   50.6473399
   16.2497947   50.6525142
   16.2488196   50.6525308
   16.2478475   50.6524523
   16.2468877   50.6522795
   16.2459492   50.6520140
   16.2450411   50.6516584
   16.2441719   50.6512160
   16.2433500   50.6506910
   16.2425831   50.6500885
   16.2418786   50.6494141
   16.2412431   50.6486743
   16.2406827   50.6478761
   16.2402027   50.6470271
   16.2273369   50.6214327
   16.2272224   50.6212295
   16.2269992   50.6211615
   16.1895869   50.6116851
   16.1893310   50.6116345
   16.1890847   50.6117202
   16.1162503   50.6414652
   16.1153135   50.6417945
   16.1143486   50.6420293
   16.1133652   50.6421672
   16.1123729   50.6422070
   16.1113816   50.6421481
   16.1104011   50.6419911
   16.1094409   50.6417377
   16.1085106   50.6413904
   16.1076193   50.6409524
   16.1067759   50.6404282
   16.1059886   50.6398230
   16.1052652   50.6391427
   16.0640181   50.5962950
   16.0638330   50.5961215
   16.0635940   50.5960363
   16.0220146   50.5835833
   16.0217709   50.5835236
   16.0215372   50.5836150
   15.9732446   50.6054086
   15.9730354   50.6055158
   15.9731227   50.6057340
   15.9858465   50.6334807
   15.9862024   50.6343659
   15.9864723   50.6352810
   15.9866537   50.6362177
   15.9867451   50.6371674
   15.9867455   50.6381214
   15.9866550   50.6390712
   15.9864744   50.6400081
   15.9862054   50.6409234
   15.9782623   50.6638440
   15.9778816   50.6647851
   15.9774074   50.6656828
   15.9768447   50.6665278
   15.9761992   50.6673114
   15.9754775   50.6680255
   15.9746872   50.6686628
   15.9738363   50.6692166
   15.9729337   50.6696813
   15.9719886   50.6700521
   15.9710108   50.6703252
   15.9700103   50.6704977
   15.9689975   50.6705678
   15.9679828   50.6705350
   15.8532459   50.6609697
   15.8530160   50.6609614
   15.8528928   50.6611556
   15.8128197   50.7314561
   15.8122856   50.7322934
   15.8116712   50.7330736
   15.8109824   50.7337890
   15.8102261   50.7344325
   15.8094096   50.7349978
   15.8085411   50.7354794
   15.8076291   50.7358725
   15.8066826   50.7361732
   15.8057110   50.7363785
   15.8047238   50.7364864
   15.8037308   50.7364959
   15.8027417   50.7364068
   15.7019371   50.7222547
   15.7016908   50.7222326
   15.7014489   50.7222840
   15.4438081   50.7907128
   15.4428692   50.7909144
   15.4419152   50.7910251
   15.4409551   50.7910438
   15.4399975   50.7909702
   15.4390515   50.7908052
   15.4381256   50.7905502
   15.4372285   50.7902075
   15.3729083   50.7620300
   15.3726875   50.7619461
   15.3726090   50.7621690
   15.3540709   50.8245587
   15.3537215   50.8255431
   15.3532713   50.8264856
   15.3527252   50.8273761
   15.3520893   50.8282048
   15.3513703   50.8289625
   15.3505763   50.8296412
   15.3497158   50.8302333
   15.2636630   50.8830454
   15.2634707   50.8831765
   15.2634438   50.8834076
   15.2584360   50.9570470
   15.2583249   50.9580008
   15.2581229   50.9589395
   15.2578318   50.9598544
   15.2574543   50.9607373
   15.2569938   50.9615799
   15.2564546   50.9623744
   15.2558418   50.9631136
   15.2551608   50.9637905
   15.2544181   50.9643991
   15.2536205   50.9649336
   15.2527752   50.9653891
   15.2277748   50.9773513
   15.2268785   50.9777278
   15.2259499   50.9780155
   15.2249978   50.9782116
   15.2240311   50.9783144
   15.2230590   50.9783228
   15.2220906   50.9782368
   15.2211352   50.9780571
   15.1767113   50.9674453
   15.1764850   50.9674025
   15.1763519   50.9675904
   15.1639695   50.9869643
   15.1633988   50.9877671
   15.1627519   50.9885100
   15.1620350   50.9891855
   15.1612551   50.9897873
   15.1604198   50.9903094
   15.1595372   50.9907468
   15.1586158   50.9910953
   15.1576646   50.9913514
   15.1566929   50.9915127
   15.1557100   50.9915775
   15.1547254   50.9915454
   15.1537488   50.9914166
   15.1527897   50.9911923
   15.1518572   50.9908747
   15.1509605   50.9904669
   15.1501083   50.9899729
   15.1493088   50.9893974
   15.1310334   50.9748242
   15.1308370   50.9746829
   15.1305985   50.9747232
   15.0407100   50.9945369
   15.0397275   50.9947026
   15.0387335   50.9947697
   15.0377377   50.9947376
   15.0367500   50.9946066
   15.0357803   50.9943779
   15.0348381   50.9940539
   15.0339329   50.9936377
   15.0330735   50.9931336
   15.0322686   50.9925464
   15.0315262   50.9918820
   15.0308535   50.9911470
   15.0302573   50.9903488
   15.0297435   50.9894952
   15.0293172   50.9885947
   15.0289826   50.9876562
   15.0287430   50.9866891
   15.0286009   50.9857030
   15.0285576   50.9847076
   15.0286136   50.9837128
   15.0287682   50.9827286
   15.0290201   50.9817646
   15.0293666   50.9808305
   15.0298044   50.9799355
   15.0303290   50.9790885
   15.0369754   50.9694649
   15.0370981   50.9692679
   15.0370518   50.9690404
   15.0080585   50.8545910
   15.0079915   50.8543710
   15.0077617   50.8543627
   14.8170207   50.8565273
   14.8167890   50.8565411
   14.8167294   50.8567653
   14.8084433   50.8953119
   14.8084038   50.8955550
   14.8085894   50.8957168
   14.8754836   50.9483240
   14.8761543   50.9489013
   14.8767714   50.9495356
   14.8773300   50.9502220
   14.8778257   50.9509551
   14.9597736   51.0845290
   14.9603351   51.0855799
   14.9607675   51.0866900
   15.0187988   51.2666941
   15.0190591   51.2676669
   15.0192203   51.2686610
   15.0192807   51.2696663
   15.0192397   51.2706725
   15.0190976   51.2716695
   15.0188561   51.2726472
   15.0185174   51.2735956
   15.0180850   51.2745051
   15.0175634   51.2753665
   15.0169577   51.2761711
   14.9510474   51.3551215
   14.9509014   51.3553149
   14.9508639   51.3555542
   14.9507006   51.3570842
   14.9410532   51.4484687
   14.9409020   51.4494403
   14.9406562   51.4503923
   14.9403180   51.4513156
   14.9398908   51.4522012
   14.9393787   51.4530405
   14.9387867   51.4538256
   14.9381204   51.4545486
   14.9373863   51.4552028
   14.9365915   51.4557817
   14.9357437   51.4562797
   14.9348511   51.4566921
   14.9339224   51.4570148
   14.7189608   51.5200494
   14.7187285   51.5201304
   14.7186035   51.5203422
   14.6959832   51.5634940
   14.6958841   51.5637079
   14.6960424   51.5638825
   14.7413782   51.6092552
   14.7420319   51.6099764
   14.7426124   51.6107578
   14.7431141   51.6115919
   14.7435324   51.6124708
   14.7438632   51.6133862
   14.7441035   51.6143294
   14.7442509   51.6152916
   14.7443041   51.6162635
   14.7442626   51.6172359
   14.7441267   51.6181998
   14.7367235   51.6569531
   14.7364967   51.6578918
   14.7361804   51.6588043
   14.7357776   51.6596821
   14.7352919   51.6605168
   14.7347280   51.6613009
   14.7340911   51.6620269
   14.7333871   51.6626880
   14.7326227   51.6632782
   14.6547322   51.7176159
   14.6545492   51.7177568
   14.6544695   51.7179735
   14.6357303   51.7773784
   14.6354079   51.7782554
   14.6350050   51.7790984
   14.6345252   51.7799002
   14.6339727   51.7806537
   14.6333523   51.7813523
   14.6326693   51.7819900
   14.6319299   51.7825612
   14.6311403   51.7830608
   14.5763177   51.8142661
   14.5761125   51.8143969
   14.5761121   51.8146402
   14.5776979   51.8473704
   14.5777219   51.8476135
   14.5779129   51.8477658
   14.6839679   51.9239753
   14.6847433   51.9245930
   14.6854538   51.9252845
   14.6860923   51.9260429
   14.6866525   51.9268609
   14.6871290   51.9277302
   14.6875171   51.9286425
   14.6878130   51.9295888
   14.6880137   51.9305596
   14.7005007   52.0108673
   14.7005524   52.0111154
   14.7006766   52.0113362
   14.7289751   52.0561373
   14.7294707   52.0570175
   14.7298751   52.0579432
   14.7301839   52.0589050
   14.7303941   52.0598931
   14.7305036   52.0608973
   14.7305112   52.0619074
   14.7304169   52.0629132
   14.7302216   52.0639043
   14.7299273   52.0648706
   14.7295370   52.0658023
   14.7290547   52.0666899
   14.7284853   52.0675243
   14.7278346   52.0682970
   14.7271093   52.0690001
   14.7263168   52.0696265
   14.6666431   52.1120726
   14.6664626   52.1122144
   14.6665154   52.1124378
   14.6822860   52.1673552
   14.6825018   52.1682652
   14.6826317   52.1691914
   14.6826744   52.1701256
   14.6826298   52.1710598
   14.6824980   52.1719857
   14.6822803   52.1728952
   14.6819786   52.1737805
   14.6815955   52.1746336
   14.6705855   52.1963720
   14.6704845   52.1965994
   14.6706042   52.1968174
   14.6868598   52.2231504
   14.6873403   52.2240233
   14.6877315   52.2249396
   14.6880296   52.2258904
   14.6882316   52.2268661
   14.6883356   52.2278570
   14.6883404   52.2288534
   14.6882460   52.2298453
   14.6880534   52.2308228
   14.6877644   52.2317764
   14.6873820   52.2326965
   14.6869100   52.2335739
   14.6863529   52.2344000
   14.6857165   52.2351666
   14.6850069   52.2358661
   14.6842312   52.2364914
   14.6833971   52.2370365
   14.6825129   52.2374958
   14.6815874   52.2378649
   14.5641773   52.2780322
   14.5639586   52.2781190
   14.5638617   52.2783334
   14.5192507   52.3911706
   14.5191727   52.3914004
   14.5192362   52.3916346
   14.5350892   52.4404620
   14.5351688   52.4406737
   14.5353472   52.4408123
   14.5999942   52.4865006
   14.6007804   52.4871174
   14.6015012   52.4878096
   14.6021493   52.4885703
   14.6027182   52.4893919
   14.6032023   52.4902661
   14.6035967   52.4911843
   14.6038974   52.4921373
   14.6041016   52.4931155
   14.6042072   52.4941092
   14.6042130   52.4951085
   14.6041190   52.4961034
   14.6039263   52.4970839
   14.6036366   52.4980403
   14.6032529   52.4989631
   14.5882463   52.5305066
   14.5881533   52.5307300
   14.5882468   52.5309531
   14.6035316   52.5628996
   14.6039028   52.5637813
   14.6041879   52.5646944
   14.6043846   52.5656307
   14.6044908   52.5665814
   14.6045058   52.5675379
   14.6044292   52.5684915
   14.6042619   52.5694334
   14.6040054   52.5703550
   14.6036620   52.5712478
   14.6032348   52.5721038
   14.6027278   52.5729150
   14.6021456   52.5736741
   14.6014935   52.5743741
   14.6007775   52.5750085
   14.6000042   52.5755717
   14.5991806   52.5760583
   14.4956970   52.6307054
   14.4955150   52.6308132
   14.4957241   52.6308455
END
END
