north-america-canada-north
1
   -141.7758592   53.5840769
   -141.5906142   53.6047539
   -141.6338707   53.5043810
   -141.7758886   53.5839316
   -141.7758592   53.5840769
END
2
   -139.3867730   60.1035253
   -141.0675558   60.2441796
   -141.0678042   60.2444450
   -141.2388957   70.1626798
   -141.2386514   70.1629018
   -136.6173364   69.6380169
   -136.6170479   69.6377579
   -136.5870435   69.5040491
   -136.5824942   69.4977020
   -136.5767475   69.4962532
   -136.5728914   69.4972561
   -111.7238177   81.6547235
   -111.7234497   81.6546399
   -110.0028590   79.4777193
   -109.7857104   84.5451170
   -109.7854601   84.5454002
   -108.5664088   84.7495626
   -109.3399349   80.7900989
   -109.3436572   80.7757960
   -109.8988164   78.6794760
   -109.9022266   78.6604963
   -109.9040234   78.6414982
   -109.9044429   78.6031999
   -109.9079374   78.3375261
   -109.9076230   78.3286559
   -109.9086873   78.3090629
   -109.9224813   78.2135549
   -109.9100181   78.1997571
   -109.9107120   78.0908718
   -109.9113011   78.0519580
   -109.9125416   77.9390980
   -109.8998014   77.7888591
   -109.8822089   77.7641819
   -109.7407995   77.6549761
   -109.7196143   77.6376072
   -109.6982037   77.6190564
   -109.6765547   77.5993119
   -109.6547091   77.5784132
   -109.6325789   77.5562750
   -109.6102471   77.5329792
   -109.4773463   77.3887677
   -109.5794405   77.3033298
   -109.6108402   77.2719744
   -109.6124573   77.2707658
   -109.8151344   77.1243457
   -109.8365559   77.1083091
   -109.9708647   77.0609784
   -110.0049381   77.0479197
   -110.0386121   77.0336001
   -110.0718869   77.0180197
   -110.1154072   76.9962089
   -110.0184830   76.7882741
   -109.9388371   76.5404106
   -109.9322849   76.5163334
   -109.9302908   76.4872414
   -109.9315631   76.4150084
   -109.9312051   76.4088962
   -109.9318070   76.3959150
   -109.9314370   76.3893159
   -109.9320501   76.3768217
   -109.9316702   76.3697262
   -109.9322915   76.3577283
   -109.9319046   76.3501459
   -109.9325321   76.3386350
   -109.9321404   76.3305563
   -109.9327709   76.3195416
   -109.9323772   76.3109713
   -109.9330081   76.3004531
   -109.9326150   76.2913911
   -109.9332446   76.2813549
   -109.9328547   76.2718015
   -109.9334795   76.2622616
   -109.9330956   76.2522214
   -109.9337135   76.2431687
   -109.9281819   76.0879886
   -109.9603807   76.0690684
   -109.9384776   75.9258072
   -109.9374629   75.9096665
   -109.9380042   75.8774385
   -109.9554720   75.7159939
   -109.9344837   75.7043268
   -109.9423954   75.5356848
   -109.9419945   75.5296751
   -109.9426379   75.5161310
   -109.9422336   75.5100361
   -109.9428807   75.4965815
   -109.9424725   75.4903932
   -109.9431233   75.4770238
   -109.9427115   75.4707459
   -109.9433657   75.4574700
   -109.9429507   75.4511068
   -109.9436086   75.4379161
   -109.9431899   75.4314591
   -109.9438507   75.4183666
   -109.9434287   75.4118200
   -109.9440932   75.3988084
   -109.9436682   75.3921766
   -109.9443359   75.3792551
   -109.9439075   75.3725289
   -109.9445779   75.3597056
   -109.9441464   75.3528898
   -109.9448203   75.3401474
   -109.9443857   75.3332421
   -109.9450624   75.3205940
   -109.9446252   75.3136030
   -109.9453050   75.3010402
   -109.9448649   75.2939596
   -109.9455473   75.2814906
   -109.9451039   75.2743119
   -109.9457891   75.2619325
   -109.9453435   75.2546727
   -109.9460315   75.2423787
   -109.9455833   75.2350293
   -109.9462737   75.2228296
   -109.9458224   75.2153817
   -109.9465153   75.2032715
   -109.9460621   75.1957431
   -109.9467576   75.1837176
   -109.9463018   75.1760959
   -109.9469994   75.1641643
   -109.9465416   75.1564567
   -109.9472415   75.1446147
   -109.9467811   75.1368133
   -109.9474834   75.1250566
   -109.9470210   75.1171657
   -109.9477251   75.1055033
   -109.9472608   75.0975265
   -109.9479672   75.0859494
   -109.9475008   75.0778790
   -109.9482085   75.0663997
   -109.9477402   75.0582397
   -109.9484504   75.0468417
   -109.9479805   75.0385963
   -109.9486924   75.0272879
   -109.9482206   75.0189488
   -109.9489335   75.0077387
   -109.9484601   74.9993095
   -109.9491753   74.9881807
   -109.9487005   74.9796662
   -109.9494171   74.9686268
   -109.9489408   74.9600186
   -109.9496584   74.9490735
   -109.9491810   74.9403794
   -109.9499000   74.9295238
   -109.9494208   74.9207319
   -109.9501409   74.9099658
   -109.9496611   74.9010926
   -109.9503827   74.8904120
   -109.9499017   74.8814498
   -109.9506240   74.8708622
   -109.9495824   74.8512996
   -109.8939222   74.5325101
   -109.8824967   74.4743588
   -109.8774497   74.4509195
   -109.8706396   74.4153490
   -109.8614956   74.3713521
   -109.8457230   74.2873605
   -109.8302283   74.1966059
   -109.8150117   74.0990884
   -109.8000731   73.9948079
   -109.7895026   73.9147434
   -109.8369651   73.9106221
   -109.9736728   72.9803309
   -109.9744620   72.9036249
   -109.9761134   72.7891776
   -109.9757093   72.7855923
   -109.9763751   72.7700623
   -109.9759252   72.7659210
   -109.9768562   72.7462642
   -109.9780991   72.7401827
   -109.9747211   72.7119631
   -109.9774585   72.6906767
   -109.9769745   72.6788612
   -109.9777316   72.6712317
   -109.9771705   72.6614148
   -109.9779730   72.6517833
   -109.9773988   72.6439622
   -109.9785719   72.6265365
   -109.9822028   72.6091536
   -109.9892189   72.5899459
   -109.9836661   72.5742804
   -109.9749665   72.5335094
   -109.9783582   72.5178209
   -109.9803716   72.4954495
   -109.9844618   72.4773609
   -109.9814038   72.4655922
   -109.9797360   72.4446652
   -109.9806834   72.4335280
   -109.9799802   72.4247884
   -109.9809293   72.4135877
   -109.9802241   72.4049084
   -109.9811749   72.3936443
   -109.9804678   72.3850250
   -109.9814200   72.3737010
   -109.9807116   72.3651481
   -109.9816658   72.3537547
   -109.9809558   72.3452652
   -109.9819110   72.3338143
   -109.9811996   72.3253877
   -109.9821565   72.3138710
   -109.9814435   72.3055049
   -109.9824015   72.2939276
   -109.9816874   72.2856279
   -109.9826471   72.2739814
   -109.9819321   72.2657480
   -109.9828928   72.2540410
   -109.9821760   72.2458651
   -109.9831376   72.2340976
   -109.9824200   72.2259877
   -109.9833829   72.2141543
   -109.9826640   72.2061049
   -109.9836280   72.1942080
   -109.9829086   72.1862278
   -109.9838735   72.1742676
   -109.9831529   72.1663480
   -109.9841187   72.1543242
   -109.9833970   72.1464651
   -109.9843636   72.1343780
   -109.9836417   72.1265876
   -109.9846090   72.1144376
   -109.9838859   72.1067049
   -109.9848536   72.0944942
   -109.9841301   72.0868278
   -109.9850987   72.0745509
   -109.9843744   72.0669451
   -109.9853434   72.0546047
   -109.9846191   72.0470680
   -109.9855887   72.0346642
   -109.9848637   72.0271876
   -109.9858337   72.0147208
   -109.9851081   72.0073049
   -109.9860781   71.9947775
   -109.9853525   71.9874278
   -109.9863232   71.9748313
   -109.9855974   71.9675451
   -109.9865679   71.9548908
   -109.9858419   71.9476680
   -109.9868127   71.9349475
   -109.9860867   71.9277876
   -109.9870575   71.9150041
   -109.9863312   71.9079049
   -109.9873019   71.8950580
   -109.9865763   71.8880278
   -109.9875469   71.8751174
   -109.9868209   71.8681446
   -109.9877911   71.8551741
   -109.9870657   71.8482675
   -109.9880359   71.8352280
   -109.9873108   71.8283848
   -109.9882803   71.8152874
   -109.9875556   71.8085077
   -109.9885248   71.7953440
   -109.9878006   71.7886278
   -109.9887693   71.7754007
   -109.9880454   71.7687446
   -109.9890135   71.7554546
   -109.9882909   71.7488675
   -109.9892582   71.7355140
   -109.9885357   71.7289849
   -109.9895021   71.7155707
   -109.9887808   71.7091078
   -109.9897464   71.6956273
   -109.9890260   71.6892278
   -109.9899909   71.6756813
   -109.9892714   71.6693447
   -109.9902350   71.6557406
   -109.9895166   71.6494676
   -109.9904792   71.6357973
   -109.9897616   71.6295850
   -109.9907229   71.6158539
   -109.9900069   71.6097078
   -109.9909672   71.5959079
   -109.9902525   71.5898252
   -109.9912111   71.5759672
   -109.9904978   71.5699475
   -109.9914551   71.5560239
   -109.9907434   71.5500676
   -109.9916993   71.5360779
   -109.9909892   71.5301851
   -109.9919430   71.5161372
   -109.9912347   71.5103079
   -109.9921869   71.4961938
   -109.9914800   71.4904253
   -109.9924303   71.4762505
   -109.9917256   71.4705476
   -109.9926743   71.4563045
   -109.9919716   71.4506651
   -109.9929178   71.4363638
   -109.9922172   71.4307878
   -109.9931616   71.4164204
   -109.9924631   71.4109074
   -109.9934052   71.3964771
   -109.9927087   71.3910250
   -109.9936485   71.3765312
   -109.9929550   71.3711477
   -109.9938924   71.3565904
   -109.9932007   71.3512653
   -109.9941354   71.3366470
   -109.9934466   71.3313879
   -109.9943789   71.3167037
   -109.9936927   71.3115075
   -109.9946225   71.2967578
   -109.9939391   71.2916252
   -109.9948656   71.2768170
   -109.9941851   71.2717478
   -109.9951090   71.2568736
   -109.9944311   71.2518655
   -109.9953519   71.2369278
   -109.9946778   71.2319881
   -109.9955954   71.2169869
   -109.9949238   71.2121052
   -109.9958381   71.1970436
   -109.9951701   71.1922279
   -109.9960812   71.1771002
   -109.9954166   71.1723480
   -109.9963244   71.1571544
   -109.9956633   71.1524657
   -109.9965672   71.1372135
   -109.9959097   71.1325882
   -109.9968102   71.1172702
   -109.9961560   71.1127054
   -109.9970526   71.0973268
   -109.9964026   71.0928281
   -109.9972955   71.0773810
   -109.9966499   71.0729482
   -109.9975386   71.0574401
   -109.9968964   71.0530659
   -109.9977808   71.0374968
   -109.9971431   71.0331884
   -109.9980235   71.0175534
   -109.9973897   71.0133057
   -109.9982657   70.9976077
   -109.9976371   70.9934283
   -109.9985086   70.9776667
   -109.9978838   70.9735460
   -109.9987506   70.9577234
   -109.9981307   70.9536680
   -109.9989932   70.9377776
   -109.9983785   70.9337882
   -109.9992358   70.9178366
   -109.9986253   70.9139059
   -109.9994777   70.8978933
   -109.9988725   70.8940285
   -109.9997199   70.8779499
   -109.9991195   70.8741463
   -109.9999617   70.8580042
   -109.9993673   70.8542683
   -110.0002042   70.8380632
   -109.9996149   70.8343885
   -110.0004462   70.8181199
   -109.9998620   70.8145062
   -110.0006877   70.7981765
   -110.0001096   70.7946288
   -110.0009296   70.7782308
   -110.0003573   70.7747466
   -110.0011714   70.7582898
   -110.0006050   70.7548686
   -110.0014132   70.7383465
   -110.0008525   70.7349865
   -110.0016543   70.7184031
   -110.0011002   70.7151089
   -110.0018961   70.6984575
   -110.0013488   70.6952291
   -110.0021380   70.6785164
   -110.0015964   70.6753469
   -110.0023790   70.6585730
   -110.0018443   70.6554689
   -110.0026206   70.6386274
   -110.0020927   70.6355869
   -110.0028618   70.6186863
   -110.0023408   70.6157092
   -110.0031031   70.5987429
   -110.0025892   70.5958295
   -110.0033443   70.5787996
   -110.0028371   70.5759473
   -110.0035850   70.5588540
   -110.0030860   70.5560693
   -110.0038265   70.5389129
   -110.0033342   70.5361873
   -110.0040670   70.5189695
   -110.0035827   70.5163096
   -110.0043079   70.4990261
   -110.0038310   70.4964271
   -110.0045483   70.4790806
   -110.0040802   70.4765495
   -110.0047895   70.4591394
   -110.0043291   70.4566697
   -110.0050302   70.4391961
   -110.0045777   70.4367877
   -110.0052702   70.4192527
   -110.0048265   70.4169100
   -110.0055108   70.3993072
   -110.0050757   70.3970276
   -110.0057512   70.3793660
   -110.0053249   70.3771500
   -110.0059915   70.3594226
   -110.0055741   70.3572701
   -110.0062319   70.3394771
   -110.0058236   70.3373882
   -110.0064719   70.3195359
   -110.0060729   70.3175105
   -110.0067120   70.2995925
   -110.0063220   70.2976281
   -110.0069516   70.2796492
   -110.0065716   70.2777504
   -110.0098381   70.0290224
   -110.0201457   70.0191946
   -110.0335570   70.0128017
   -110.0401017   70.0075591
   -110.0600379   70.0038072
   -110.0661172   70.0064008
   -110.0799628   70.0037932
   -110.0860244   70.0063927
   -110.0998892   70.0037790
   -110.1059317   70.0063839
   -110.1198141   70.0037649
   -110.1258389   70.0063759
   -110.1397405   70.0037507
   -110.1457454   70.0063668
   -110.1596655   70.0037361
   -110.1656534   70.0063586
   -110.1795919   70.0037219
   -110.1855606   70.0063499
   -110.1995173   70.0037076
   -110.2054679   70.0063417
   -110.2194430   70.0036938
   -110.2253751   70.0063337
   -110.2393694   70.0036796
   -110.2452824   70.0063250
   -110.2592943   70.0036654
   -110.2651896   70.0063170
   -110.2792207   70.0036511
   -110.2850961   70.0063081
   -110.2991457   70.0036364
   -110.3050041   70.0063000
   -110.3190720   70.0036221
   -110.3249113   70.0062913
   -110.3389970   70.0036079
   -110.3448186   70.0062834
   -110.3589227   70.0035936
   -110.3647258   70.0062753
   -110.3788495   70.0035795
   -110.3846331   70.0062667
   -110.3987745   70.0035653
   -110.4045396   70.0062585
   -110.4187009   70.0035503
   -110.4244476   70.0062498
   -110.4386259   70.0035360
   -110.4443548   70.0062419
   -110.4585522   70.0035216
   -110.4642621   70.0062334
   -110.4784772   70.0035073
   -110.4841693   70.0062256
   -110.4984029   70.0034930
   -110.5040765   70.0062176
   -110.5183292   70.0034789
   -110.5239838   70.0062093
   -110.5382542   70.0034642
   -110.5438904   70.0062010
   -110.5581806   70.0034495
   -110.5637983   70.0061925
   -110.5781056   70.0034347
   -110.5837055   70.0061846
   -110.5980324   70.0034205
   -110.6036128   70.0061762
   -110.6179574   70.0034061
   -110.6235200   70.0061685
   -110.6378837   70.0033915
   -110.6434273   70.0061601
   -110.6578088   70.0033771
   -110.6633339   70.0061521
   -110.6777344   70.0033620
   -110.6832418   70.0061441
   -110.6976608   70.0033478
   -110.7031490   70.0061359
   -110.7175858   70.0033329
   -110.7230562   70.0061281
   -110.7375121   70.0033186
   -110.7429635   70.0061199
   -110.7574371   70.0033038
   -110.7628707   70.0061122
   -110.7773634   70.0032894
   -110.7827780   70.0061040
   -110.7972885   70.0032745
   -110.8026846   70.0060960
   -110.8172146   70.0032596
   -110.8225925   70.0060882
   -110.8371409   70.0032452
   -110.8424997   70.0060801
   -110.8570660   70.0032303
   -110.8624070   70.0060724
   -110.8769923   70.0032159
   -110.8823142   70.0060644
   -110.8969173   70.0032008
   -110.9022215   70.0060567
   -110.9168436   70.0031864
   -110.9221281   70.0060484
   -110.9367687   70.0031708
   -110.9420360   70.0060407
   -110.9566950   70.0031563
   -110.9619432   70.0060328
   -110.9766200   70.0031412
   -110.9818505   70.0060252
   -110.9965457   70.0031268
   -111.0017577   70.0060178
   -111.0164720   70.0031119
   -111.0216649   70.0060098
   -111.0363976   70.0030970
   -111.0415716   70.0060019
   -111.0563238   70.0030818
   -111.0614794   70.0059940
   -111.0762489   70.0030666
   -111.0813867   70.0059865
   -111.0961751   70.0030520
   -111.1012939   70.0059787
   -111.1161002   70.0030368
   -111.1212012   70.0059713
   -111.1360259   70.0030222
   -111.1411084   70.0059641
   -111.1559522   70.0030071
   -111.1610157   70.0059562
   -111.1758773   70.0029922
   -111.1809224   70.0059487
   -111.1958035   70.0029765
   -111.2008302   70.0059407
   -111.2157286   70.0029615
   -111.2207374   70.0059336
   -111.2356548   70.0029463
   -111.2406447   70.0059258
   -111.2555805   70.0029312
   -111.2605519   70.0059186
   -111.2755061   70.0029165
   -111.2804592   70.0059115
   -111.2954324   70.0029012
   -111.3003659   70.0059034
   -111.3153575   70.0028856
   -111.3202737   70.0058964
   -111.3352837   70.0028702
   -111.3401809   70.0058887
   -111.3552088   70.0028551
   -111.3600882   70.0058818
   -111.3751350   70.0028397
   -111.3799954   70.0058741
   -111.3950602   70.0028245
   -111.3999027   70.0058672
   -111.4149864   70.0028091
   -111.4198099   70.0058596
   -111.4349115   70.0027938
   -111.4397166   70.0058525
   -111.4548372   70.0027779
   -111.4596244   70.0058454
   -111.4747639   70.0027627
   -111.4795316   70.0058379
   -111.4946891   70.0027474
   -111.4994389   70.0058312
   -111.5146152   70.0027318
   -111.5193461   70.0058238
   -111.5345404   70.0027164
   -111.5392534   70.0058171
   -111.5544666   70.0027007
   -111.5591601   70.0058094
   -111.5743918   70.0026847
   -111.5790679   70.0058027
   -111.5943174   70.0026691
   -111.5989751   70.0057960
   -111.6142436   70.0026538
   -111.6188824   70.0057889
   -111.6341688   70.0026378
   -111.6387896   70.0057822
   -111.6540954   70.0026223
   -111.6586969   70.0057750
   -111.6740206   70.0026067
   -111.6786041   70.0057686
   -111.6939468   70.0025908
   -111.6985109   70.0057611
   -111.7138720   70.0025745
   -111.7184186   70.0057546
   -111.7337981   70.0025586
   -111.7383259   70.0057475
   -111.7537233   70.0025428
   -111.7582331   70.0057413
   -111.7736490   70.0025269
   -111.7781404   70.0057349
   -111.7935752   70.0025113
   -111.7980476   70.0057281
   -111.8135004   70.0024949
   -111.8179544   70.0057214
   -111.8334265   70.0024787
   -111.8378622   70.0057147
   -111.8533517   70.0024622
   -111.8577694   70.0057084
   -111.8732783   70.0024464
   -111.8776767   70.0057015
   -111.8932036   70.0024303
   -111.8975839   70.0056956
   -111.9131293   70.0024141
   -111.9174912   70.0056894
   -111.9330554   70.0023982
   -111.9373984   70.0056830
   -111.9529806   70.0023816
   -111.9573052   70.0056766
   -111.9729067   70.0023650
   -111.9772129   70.0056701
   -111.9928320   70.0023483
   -111.9971202   70.0056641
   -112.0127581   70.0023322
   -112.0170274   70.0056579
   -112.0326833   70.0023154
   -112.0369347   70.0056520
   -112.0526090   70.0022993
   -112.0568419   70.0056464
   -112.0725351   70.0022826
   -112.0767488   70.0056397
   -112.0924609   70.0022654
   -112.0966564   70.0056339
   -112.1123869   70.0022491
   -112.1165637   70.0056279
   -112.1323122   70.0022320
   -112.1364709   70.0056222
   -112.1522383   70.0022156
   -112.1563782   70.0056163
   -112.1721636   70.0021984
   -112.1762854   70.0056108
   -112.1920896   70.0021819
   -112.1961923   70.0056047
   -112.2120149   70.0021639
   -112.2161000   70.0055992
   -112.2319406   70.0021474
   -112.2360072   70.0055941
   -112.2518667   70.0021302
   -112.2559145   70.0055882
   -112.2717920   70.0021132
   -112.2758217   70.0055833
   -112.2917180   70.0020959
   -112.2957290   70.0055775
   -112.3116438   70.0020787
   -112.3156362   70.0055724
   -112.3315699   70.0020618
   -112.3355431   70.0055667
   -112.3514952   70.0020434
   -112.3554507   70.0055616
   -112.3714209   70.0020264
   -112.3753580   70.0055570
   -112.3913469   70.0020088
   -112.3952653   70.0055516
   -112.4112722   70.0019913
   -112.4151725   70.0055471
   -112.4311983   70.0019735
   -112.4350798   70.0055418
   -112.4549707   70.0013021
   -112.4748345   69.9894585
   -112.4854448   69.9746716
   -112.4836841   69.9647631
   -112.4778402   69.9453660
   -112.4670502   69.9261803
   -112.4608574   69.9187130
   -112.4542171   69.9072704
   -112.4690227   69.8899479
   -112.4875481   69.8751477
   -112.5040978   69.8678965
   -112.5064110   69.8661810
   -112.5254409   69.8601035
   -112.5397745   69.8613013
   -112.5447964   69.8596715
   -112.5597376   69.8606977
   -112.5641525   69.8592430
   -112.5797009   69.8600904
   -112.5835090   69.8588179
   -112.5996636   69.8594800
   -112.6028651   69.8583958
   -112.6196263   69.8588665
   -112.6222218   69.8579764
   -112.6395891   69.8582503
   -112.6415788   69.8575599
   -112.6595523   69.8576313
   -112.6609358   69.8571458
   -112.6994784   69.8563860
   -112.7576916   69.8545826
   -112.7593647   69.8550137
   -112.7770389   69.8540014
   -112.7793271   69.8545570
   -112.7963869   69.8534290
   -112.7992891   69.8540923
   -112.8157348   69.8528645
   -112.8192511   69.8536198
   -112.8350835   69.8523077
   -112.8392131   69.8531400
   -112.8544329   69.8517582
   -112.8671193   69.8541529
   -112.8737062   69.8647816
   -112.8787237   69.8831815
   -112.8782704   69.8916779
   -112.8808597   69.9018557
   -112.8803111   69.9092365
   -112.8829741   69.9205319
   -112.8823747   69.9267953
   -112.8850655   69.9392119
   -112.8844618   69.9443485
   -112.8871329   69.9578912
   -112.8865726   69.9618989
   -112.8891755   69.9765743
   -112.8890945   69.9819020
   -112.8954942   69.9896094
   -112.9134343   69.9974602
   -112.9153688   69.9997427
   -112.9352769   70.0012006
   -112.9365946   69.9998515
   -112.9551909   70.0012573
   -112.9565572   69.9998686
   -112.9751045   70.0013152
   -112.9765206   69.9998862
   -112.9950176   70.0013717
   -112.9964837   69.9999029
   -113.0149316   70.0014290
   -113.0164476   69.9999211
   -113.0348448   70.0014848
   -113.0364102   69.9999390
   -113.0547588   70.0015410
   -113.0563736   69.9999577
   -113.0746724   70.0015963
   -113.0763367   69.9999762
   -113.0945856   70.0016527
   -113.0963006   69.9999951
   -113.1144996   70.0017070
   -113.1162632   70.0000146
   -113.1344128   70.0017624
   -113.1362267   70.0000340
   -113.1543268   70.0018161
   -113.1561897   70.0000537
   -113.1742404   70.0018714
   -113.1761537   70.0000742
   -113.1941536   70.0019249
   -113.1961162   70.0000944
   -113.2140676   70.0019789
   -113.2160797   70.0001154
   -113.2339812   70.0020319
   -113.2360427   70.0001360
   -113.2538953   70.0020852
   -113.2560067   70.0001572
   -113.2738084   70.0021381
   -113.2759697   70.0001784
   -113.2937225   70.0021900
   -113.2959323   70.0002004
   -113.3136361   70.0022430
   -113.3158962   70.0002223
   -113.3335493   70.0022950
   -113.3358593   70.0002443
   -113.3534633   70.0023472
   -113.3558227   70.0002672
   -113.3733765   70.0023983
   -113.3757853   70.0002896
   -113.3932905   70.0024500
   -113.3957492   70.0003125
   -113.4132041   70.0025011
   -113.4157123   70.0003360
   -113.4331173   70.0025526
   -113.4356758   70.0003592
   -113.4530314   70.0026024
   -113.4556383   70.0003832
   -113.4729445   70.0026535
   -113.4756023   70.0004065
   -113.4928591   70.0027033
   -113.4955653   70.0004313
   -113.5127727   70.0027534
   -113.5155288   70.0004556
   -113.5326858   70.0028032
   -113.5354913   70.0004803
   -113.5525999   70.0028525
   -113.5554553   70.0005046
   -113.5725131   70.0029022
   -113.5754183   70.0005298
   -113.5924272   70.0029511
   -113.5953818   70.0005550
   -113.6123408   70.0030001
   -113.6153444   70.0005811
   -113.6322539   70.0030489
   -113.6353083   70.0006057
   -113.6521680   70.0030974
   -113.6552714   70.0006323
   -113.6720812   70.0031457
   -113.6752348   70.0006578
   -113.6919952   70.0031935
   -113.6951978   70.0006843
   -113.7119089   70.0032410
   -113.7151609   70.0007106
   -113.7318220   70.0032895
   -113.7351249   70.0007371
   -113.7517366   70.0033363
   -113.7550874   70.0007646
   -113.7716498   70.0033837
   -113.7750509   70.0007910
   -113.7915639   70.0034305
   -113.7950139   70.0008185
   -113.8114775   70.0034778
   -113.8149779   70.0008460
   -113.8313906   70.0035245
   -113.8349404   70.0008736
   -113.8513047   70.0035709
   -113.8549039   70.0009014
   -113.8712179   70.0036172
   -113.8748669   70.0009290
   -113.8911320   70.0036635
   -113.8948309   70.0009573
   -113.9110456   70.0037095
   -113.9147935   70.0009862
   -113.9309588   70.0037554
   -113.9347569   70.0010142
   -113.9508729   70.0038008
   -113.9547200   70.0010430
   -113.9707860   70.0038466
   -113.9746840   70.0010714
   -113.9907002   70.0038916
   -113.9946465   70.0011010
   -114.0106138   70.0039369
   -114.0146100   70.0011302
   -114.0305269   70.0039818
   -114.0345730   70.0011592
   -114.0504416   70.0040268
   -114.0545370   70.0011891
   -114.0703547   70.0040709
   -114.0744995   70.0012185
   -114.0902688   70.0041157
   -114.0944630   70.0012487
   -114.1101820   70.0041595
   -114.1144265   70.0012777
   -114.1300961   70.0042036
   -114.1343895   70.0013085
   -114.1500097   70.0042478
   -114.1543530   70.0013388
   -114.1699229   70.0042916
   -114.1743155   70.0013693
   -114.1898370   70.0043351
   -114.1942796   70.0013996
   -114.2097501   70.0043788
   -114.2142426   70.0014304
   -114.2296643   70.0044220
   -114.2342061   70.0014614
   -114.2495779   70.0044653
   -114.2541686   70.0014930
   -114.2694911   70.0045085
   -114.2741326   70.0015234
   -114.2894052   70.0045514
   -114.2940956   70.0015553
   -114.3093188   70.0045944
   -114.3140591   70.0015865
   -114.3292330   70.0046363
   -114.3340216   70.0016185
   -114.3491466   70.0046794
   -114.3539856   70.0016502
   -114.3690598   70.0047215
   -114.3739486   70.0016820
   -114.3889739   70.0047641
   -114.3939121   70.0017143
   -114.4088870   70.0048057
   -114.4138746   70.0017462
   -114.4288012   70.0048479
   -114.4338387   70.0017785
   -114.4487149   70.0048896
   -114.4538016   70.0018113
   -114.4686280   70.0049318
   -114.4737652   70.0018436
   -114.4885422   70.0049727
   -114.4937282   70.0018763
   -114.5084553   70.0050140
   -114.5136912   70.0019088
   -114.5283695   70.0050554
   -114.5336552   70.0019420
   -114.5482831   70.0050966
   -114.5536177   70.0019755
   -114.5681967   70.0051379
   -114.5735812   70.0020085
   -114.5881109   70.0051781
   -114.5935442   70.0020418
   -114.6080240   70.0052196
   -114.6135082   70.0020751
   -114.6279382   70.0052596
   -114.6334707   70.0021090
   -114.6478519   70.0053008
   -114.6534343   70.0021430
   -114.6677650   70.0053408
   -114.6733972   70.0021762
   -114.6876792   70.0053816
   -114.6933613   70.0022106
   -114.7075923   70.0054213
   -114.7133237   70.0022444
   -114.7275065   70.0054617
   -114.7332873   70.0022788
   -114.7474201   70.0055013
   -114.7532503   70.0023131
   -114.7673332   70.0055418
   -114.7732143   70.0023473
   -114.7872474   70.0055809
   -114.7931768   70.0023822
   -114.8071605   70.0056210
   -114.8131403   70.0024165
   -114.8270747   70.0056599
   -114.8331033   70.0024512
   -114.8469884   70.0057001
   -114.8530674   70.0024865
   -114.8669020   70.0057390
   -114.8730298   70.0025213
   -114.8868162   70.0057781
   -114.8929934   70.0025565
   -114.9067293   70.0058171
   -114.9129569   70.0025910
   -114.9266435   70.0058556
   -114.9329198   70.0026267
   -114.9465572   70.0058951
   -114.9528834   70.0026623
   -114.9664702   70.0059334
   -114.9728458   70.0026975
   -114.9863845   70.0059724
   -114.9928099   70.0027331
   -115.0062976   70.0060106
   -115.0127729   70.0027686
   -115.0262118   70.0060494
   -115.0327365   70.0028047
   -115.0461249   70.0060873
   -115.0526989   70.0028403
   -115.0660391   70.0061259
   -115.0726630   70.0028763
   -115.0859528   70.0061639
   -115.0926259   70.0029128
   -115.1058658   70.0062024
   -115.1125895   70.0029486
   -115.1257806   70.0062399
   -115.1325519   70.0029853
   -115.1456937   70.0062778
   -115.1525160   70.0030210
   -115.1656079   70.0063155
   -115.1724789   70.0030580
   -115.1855216   70.0063534
   -115.1924425   70.0030947
   -115.2054346   70.0063909
   -115.2124049   70.0031312
   -115.2253489   70.0064284
   -115.2323691   70.0031678
   -115.2452620   70.0064658
   -115.2523320   70.0032046
   -115.2651763   70.0065031
   -115.2722956   70.0032417
   -115.2850899   70.0065404
   -115.2922586   70.0032788
   -115.3050030   70.0065771
   -115.3122215   70.0033154
   -115.3249172   70.0066146
   -115.3321856   70.0033529
   -115.3448303   70.0066511
   -115.3521480   70.0033899
   -115.3647446   70.0066883
   -115.3721116   70.0034275
   -115.3846582   70.0067248
   -115.3920740   70.0034653
   -115.4045713   70.0067619
   -115.4120382   70.0035023
   -115.4244861   70.0067982
   -115.4320010   70.0035404
   -115.4443991   70.0068348
   -115.4519647   70.0035777
   -115.4643134   70.0068711
   -115.4719270   70.0036158
   -115.4842271   70.0069077
   -115.4918912   70.0036536
   -115.5041401   70.0069440
   -115.5118541   70.0036915
   -115.5240544   70.0069802
   -115.5318177   70.0037297
   -115.5439674   70.0070162
   -115.5517801   70.0037675
   -115.5638817   70.0070523
   -115.5717442   70.0038057
   -115.5837954   70.0070884
   -115.5917071   70.0038444
   -115.6037084   70.0071244
   -115.6116708   70.0038824
   -115.6236228   70.0071600
   -115.6316331   70.0039211
   -115.6435358   70.0071958
   -115.6515973   70.0039590
   -115.6634501   70.0072314
   -115.6715601   70.0039981
   -115.6833643   70.0072674
   -115.6915238   70.0040369
   -115.7032773   70.0073024
   -115.7114868   70.0040751
   -115.7231916   70.0073377
   -115.7314497   70.0041140
   -115.7431046   70.0073732
   -115.7514138   70.0041526
   -115.7630190   70.0074083
   -115.7713762   70.0041919
   -115.7829326   70.0074438
   -115.7913399   70.0042311
   -115.8028456   70.0074788
   -115.8113027   70.0042697
   -115.8227600   70.0075140
   -115.8312669   70.0043092
   -115.8426730   70.0075489
   -115.8512292   70.0043481
   -115.8625873   70.0075838
   -115.8711929   70.0043876
   -115.8825010   70.0076188
   -115.8911557   70.0044271
   -115.9024140   70.0076537
   -115.9111199   70.0044663
   -115.9223283   70.0076883
   -115.9310822   70.0045061
   -115.9422418   70.0077232
   -115.9510459   70.0045453
   -115.9621562   70.0077573
   -115.9710088   70.0045850
   -115.9820692   70.0077922
   -115.9909730   70.0046245
   -116.0019835   70.0078262
   -116.0109353   70.0046645
   -116.0218972   70.0078612
   -116.0308990   70.0047046
   -116.0418102   70.0078951
   -116.0508618   70.0047440
   -116.0617246   70.0079298
   -116.0708260   70.0047843
   -116.0816375   70.0079635
   -116.0907883   70.0048241
   -116.1015519   70.0079980
   -116.1107520   70.0048644
   -116.1214656   70.0080319
   -116.1307155   70.0049043
   -116.1413786   70.0080658
   -116.1506783   70.0049444
   -116.1612929   70.0080998
   -116.1706421   70.0049849
   -116.1812059   70.0081335
   -116.1906044   70.0050249
   -116.2011203   70.0081674
   -116.2105686   70.0050654
   -116.2210340   70.0082013
   -116.2305314   70.0051062
   -116.2409474   70.0082352
   -116.2504951   70.0051464
   -116.2608618   70.0082684
   -116.2704574   70.0051872
   -116.2807748   70.0083024
   -116.2904216   70.0052274
   -116.3006892   70.0083355
   -116.3103844   70.0052684
   -116.3206029   70.0083696
   -116.3303482   70.0053094
   -116.3405158   70.0084025
   -116.3503104   70.0053499
   -116.3604302   70.0084363
   -116.3702747   70.0053908
   -116.3803432   70.0084691
   -116.3902375   70.0054316
   -116.4002576   70.0085028
   -116.4102012   70.0054728
   -116.4201713   70.0085358
   -116.4301635   70.0055140
   -116.4400842   70.0085693
   -116.4501277   70.0055546
   -116.4599986   70.0086019
   -116.4700905   70.0055961
   -116.4799116   70.0086353
   -116.4900542   70.0056370
   -116.4998265   70.0086680
   -116.5100173   70.0056783
   -116.5197402   70.0087007
   -116.5299800   70.0057196
   -116.5396531   70.0087339
   -116.5499443   70.0057608
   -116.5595675   70.0087663
   -116.5699065   70.0058025
   -116.5794805   70.0087994
   -116.5898703   70.0058436
   -116.5993949   70.0088317
   -116.6098331   70.0058852
   -116.6193086   70.0088650
   -116.6297973   70.0059271
   -116.6392215   70.0088971
   -116.6497596   70.0059684
   -116.6591359   70.0089301
   -116.6697234   70.0060103
   -116.6790489   70.0089621
   -116.6896861   70.0060515
   -116.6989633   70.0089950
   -116.7096504   70.0060937
   -116.7188770   70.0090271
   -116.7296126   70.0061357
   -116.7387899   70.0090599
   -116.7495764   70.0061773
   -116.7587049   70.0090919
   -116.7695391   70.0062192
   -116.7786178   70.0091242
   -116.7895034   70.0062611
   -116.7985322   70.0091563
   -116.8094656   70.0063033
   -116.8184459   70.0091888
   -116.8294294   70.0063456
   -116.8383588   70.0092207
   -116.8493922   70.0063872
   -116.8582733   70.0092529
   -116.8693565   70.0064298
   -116.8781862   70.0092847
   -116.8893187   70.0064716
   -116.8981007   70.0093168
   -116.9092825   70.0065141
   -116.9180135   70.0093485
   -116.9292460   70.0065557
   -116.9379280   70.0093800
   -116.9492087   70.0065984
   -116.9578417   70.0094124
   -116.9691725   70.0066410
   -116.9777546   70.0094437
   -116.9891347   70.0066831
   -116.9976691   70.0094759
   -117.0090991   70.0067257
   -117.0175820   70.0095071
   -117.0290618   70.0067680
   -117.0374965   70.0095392
   -117.0490256   70.0068108
   -117.0574106   70.0095707
   -117.0773420   70.0048928
   -117.0875928   69.9967329
   -117.0973033   69.9931695
   -117.1063118   69.9863782
   -117.1148796   69.9826383
   -117.1279827   69.9537606
   -117.1419499   69.9217703
   -117.1490253   69.9061762
   -117.1370306   69.8861498
   -117.1203567   69.8748692
   -117.1148852   69.8743105
   -117.1025061   69.8659978
   -117.0972084   69.8654929
   -117.0846564   69.8571286
   -117.0795333   69.8566754
   -117.0668049   69.8482591
   -117.0618584   69.8478559
   -117.0489542   69.8393918
   -117.0441844   69.8390364
   -117.0311018   69.8305244
   -117.0265102   69.8302148
   -117.0132503   69.8216587
   -117.0088358   69.8213925
   -116.9953965   69.8127940
   -116.9911636   69.8125693
   -116.9775439   69.8039305
   -116.9734909   69.8037448
   -116.9596893   69.7950676
   -116.9558184   69.7949187
   -116.9418353   69.7862068
   -116.9381477   69.7860925
   -116.9239786   69.7773463
   -116.9204764   69.7772640
   -116.9061234   69.7684880
   -116.9028070   69.7684353
   -116.8882664   69.7596300
   -116.8851376   69.7596042
   -116.8704102   69.7507738
   -116.8674681   69.7507724
   -116.8525526   69.7419195
   -116.8498007   69.7419396
   -116.8346936   69.7330655
   -116.8321334   69.7331045
   -116.8168354   69.7242134
   -116.8144660   69.7242685
   -116.7989748   69.7153628
   -116.7968010   69.7154309
   -116.7811152   69.7065137
   -116.7791352   69.7065918
   -116.7632531   69.6976661
   -116.7614718   69.6977512
   -116.7441917   69.6881535
   -116.7410005   69.6826949
   -116.7299885   69.6724976
   -116.7232424   69.6580317
   -116.7283413   69.6537018
   -116.7438623   69.6471831
   -116.7469330   69.6448656
   -116.7656208   69.6404873
   -116.7726163   69.6424114
   -116.7843929   69.6401927
   -116.7897047   69.6418936
   -116.8031666   69.6399740
   -116.8067929   69.6412988
   -116.8219419   69.6398321
   -116.8238789   69.6406270
   -116.8407189   69.6397672
   -116.8580621   69.6397868
   -116.8594838   69.6391104
   -116.8809043   69.6399745
   -116.9130036   69.6397320
   -116.9165357   69.6405303
   -116.9289130   69.6398046
   -116.9343712   69.6407389
   -116.9526453   69.6393531
   -116.9721208   69.6336559
   -116.9845682   69.6276293
   -117.0057535   69.6129049
   -117.0276214   69.5933867
   -117.0501865   69.5690623
   -117.0734412   69.5399397
   -117.0974030   69.5059948
   -117.1220301   69.4672886
   -117.2084878   69.3187297
   -117.2242317   69.3240373
   -117.3091674   69.3548509
   -117.3235857   69.3579780
   -117.3748271   69.3682236
   -117.3943269   69.3725242
   -117.4137928   69.3773069
   -117.4332034   69.3825667
   -117.4525633   69.3883050
   -117.4718942   69.3945287
   -117.4911290   69.4012158
   -117.5103294   69.4083871
   -117.5294790   69.4160370
   -117.5485790   69.4241660
   -117.5676245   69.4327721
   -117.5866367   69.4418654
   -117.6055539   69.4514157
   -117.6244438   69.4614567
   -117.6669192   69.4851755
   -117.7027874   69.5065279
   -117.7265348   69.5216887
   -117.7747948   69.5440460
   -117.7921317   69.5532887
   -117.8178336   69.5648231
   -117.8536082   69.5821881
   -117.8891255   69.6008878
   -117.9139984   69.6151914
   -117.9463869   69.6378494
   -117.9784424   69.6617642
   -117.9943683   69.6742122
   -118.0258376   69.6999487
   -118.0941702   69.7583490
   -118.1103514   69.7725602
   -118.1424852   69.8019308
   -118.1585033   69.8171515
   -118.1902781   69.8485093
   -118.2180871   69.8772855
   -118.2425268   69.9121934
   -118.2670985   69.9491339
   -118.2904062   69.9860009
   -118.3219286   69.9979348
   -118.3581517   70.0107494
   -118.3764062   70.0168590
   -118.4129838   70.0284100
   -118.5479914   70.0685236
   -118.5659780   70.0740824
   -118.7276004   70.1253424
   -118.7866702   70.1449173
   -118.8056731   70.1514467
   -118.8435657   70.1651627
   -118.8625436   70.1723824
   -118.9948878   70.2246367
   -119.0137744   70.2323438
   -119.0514653   70.2484029
   -119.0890230   70.2653100
   -119.1078455   70.2741249
   -119.1453118   70.2923535
   -119.2266571   70.3334177
   -119.2461587   70.3434975
   -119.2849784   70.3642652
   -119.3044538   70.3750370
   -119.3432797   70.3970197
   -119.3626294   70.4081972
   -119.3982165   70.4293768
   -119.4308711   70.4508239
   -119.4671057   70.4754793
   -119.5076009   70.5041023
   -119.5303654   70.5230228
   -119.7262243   70.5862917
   -119.7967850   70.5628883
   -119.8458968   70.5473826
   -119.9865228   70.5240383
   -119.9965629   70.5224500
   -120.0197430   70.5210207
   -120.0613329   70.5190226
   -120.2114477   70.5137923
   -120.2868005   70.3438503
   -120.3764475   70.1475117
   -120.4558292   69.9801279
   -120.6804385   69.5300755
   -120.6800402   69.5209953
   -120.6806084   69.5051250
   -120.6800369   69.5011930
   -120.6805941   69.4851745
   -120.6800344   69.4813908
   -120.6805797   69.4652290
   -120.6800318   69.4615885
   -120.6805646   69.4452808
   -120.6800294   69.4417863
   -120.6805493   69.4253304
   -120.6800278   69.4219841
   -120.6805341   69.4053854
   -120.6800261   69.4021818
   -120.6805181   69.3854377
   -120.6800246   69.3823796
   -120.6805018   69.3654874
   -120.6800241   69.3625774
   -120.6804856   69.3455418
   -120.6800234   69.3427752
   -120.6804685   69.3255936
   -120.6800229   69.3229725
   -120.6804513   69.3056435
   -120.6800234   69.3031699
   -120.6804340   69.2856983
   -120.6800237   69.2833677
   -120.6801104   68.9266376
   -120.6797784   68.7288999
   -120.6802044   68.7271537
   -120.6797510   68.7090971
   -120.6802150   68.7072030
   -120.6797238   68.6892942
   -120.6802254   68.6872561
   -120.6796960   68.6694914
   -120.6802358   68.6673077
   -120.6796680   68.6496886
   -120.6802470   68.6473576
   -120.6796403   68.6298858
   -120.6802579   68.6274111
   -120.6796118   68.6100830
   -120.6802690   68.6074627
   -120.6795832   68.5902801
   -120.6802808   68.5875127
   -120.6795548   68.5704773
   -120.6802926   68.5675655
   -120.6795256   68.5506745
   -120.6803044   68.5476167
   -120.6794963   68.5308716
   -120.6803169   68.5276667
   -120.6794671   68.5110688
   -120.6803293   68.5077200
   -120.6794372   68.4912659
   -120.6803420   68.4877716
   -120.6794071   68.4714630
   -120.6803549   68.4678232
   -120.6793766   68.4516601
   -120.6803687   68.4478728
   -120.6793462   68.4318573
   -120.6803823   68.4279254
   -120.6793151   68.4120538
   -120.6803961   68.4079770
   -120.6792838   68.3922519
   -120.6804112   68.3880271
   -120.6792529   68.3724476
   -120.6804260   68.3680802
   -120.6792208   68.3526447
   -120.6804410   68.3481317
   -120.6791882   68.3328417
   -120.6804569   68.3281814
   -120.6791556   68.3130388
   -120.6804728   68.3082338
   -120.6791222   68.2932359
   -120.6804891   68.2882854
   -120.6790883   68.2734329
   -120.6805059   68.2683369
   -120.6790540   68.2536299
   -120.6805235   68.2483872
   -120.6790197   68.2338270
   -120.6805414   68.2284399
   -120.6789843   68.2140240
   -120.6805598   68.2084914
   -120.6789483   68.1942210
   -120.6805792   68.1885412
   -120.6789122   68.1744180
   -120.6805988   68.1685934
   -120.6788751   68.1546149
   -120.6806190   68.1486448
   -120.6788372   68.1348119
   -120.6806402   68.1286951
   -120.6787992   68.1150089
   -120.6806620   68.1087477
   -120.6787599   68.0952058
   -120.6806844   68.0887990
   -120.6787199   68.0754027
   -120.6807081   68.0688489
   -120.6786794   68.0555996
   -120.6807323   68.0489008
   -120.6786376   68.0357964
   -120.6807573   68.0289521
   -120.6789035   68.0150073
   -120.6691063   67.9979742
   -120.6515696   67.9957720
   -120.6498645   67.9928806
   -120.6323889   67.9907105
   -120.6306220   67.9877863
   -120.6132081   67.9856486
   -120.6113798   67.9826935
   -120.5940274   67.9805851
   -120.5921378   67.9776007
   -120.5748466   67.9755218
   -120.5728951   67.9725084
   -120.5556659   67.9704580
   -120.5536522   67.9674164
   -120.5364853   67.9653938
   -120.5344100   67.9623258
   -120.5173048   67.9603291
   -120.5151672   67.9572347
   -120.4981241   67.9552641
   -120.4959240   67.9521442
   -120.4789442   67.9501994
   -120.4766808   67.9470537
   -120.4597640   67.9451338
   -120.4574377   67.9419639
   -120.4405840   67.9400674
   -120.4381954   67.9368747
   -120.4214038   67.9350015
   -120.4189516   67.9317850
   -120.4022245   67.9299350
   -120.3997081   67.9266953
   -120.3830448   67.9248685
   -120.3804648   67.9216066
   -120.3638651   67.9198010
   -120.3612217   67.9165179
   -120.3446853   67.9147336
   -120.3419779   67.9114294
   -120.3255052   67.9096659
   -120.3227344   67.9063421
   -120.3063260   67.9045991
   -120.3034904   67.9012543
   -120.2871465   67.8995306
   -120.2842471   67.8961665
   -120.2679669   67.8944623
   -120.2650031   67.8910789
   -120.2487875   67.8893938
   -120.2457590   67.8859915
   -120.2296080   67.8843251
   -120.2265157   67.8809051
   -120.2104286   67.8792562
   -120.2072717   67.8758181
   -120.1912493   67.8741871
   -120.1880275   67.8707312
   -120.1720706   67.8691179
   -120.1687833   67.8656442
   -120.1528917   67.8640488
   -120.1495393   67.8605579
   -120.1337121   67.8589787
   -120.1302954   67.8554721
   -120.1145335   67.8539095
   -120.1110516   67.8503865
   -120.0953543   67.8488400
   -120.0918067   67.8453004
   -120.0761752   67.8437699
   -120.0725625   67.8402147
   -120.0569963   67.8386994
   -120.0533186   67.8351290
   -120.0378173   67.8336290
   -120.0340741   67.8300434
   -120.0186383   67.8285585
   -120.0148295   67.8249579
   -119.9994594   67.8234878
   -119.9955857   67.8198734
   -119.9802804   67.8184172
   -119.9763412   67.8147881
   -119.9611010   67.8133463
   -119.9570964   67.8097034
   -119.9419235   67.8082759
   -119.9378517   67.8046181
   -119.9227449   67.8032050
   -119.9186072   67.7995335
   -119.9035662   67.7981335
   -119.8993638   67.7944493
   -119.8843873   67.7930626
   -119.8801184   67.7893646
   -119.8652086   67.7879911
   -119.8608736   67.7842800
   -119.8460299   67.7829195
   -119.8416289   67.7791957
   -119.8268513   67.7778476
   -119.8223847   67.7741114
   -119.8076727   67.7727759
   -119.8031398   67.7690271
   -119.7884934   67.7677040
   -119.7838954   67.7639439
   -119.7693154   67.7626331
   -119.7646501   67.7588599
   -119.7501369   67.7575608
   -119.7454058   67.7537760
   -119.7309583   67.7524887
   -119.7261608   67.7486920
   -119.7117798   67.7474165
   -119.7069157   67.7436081
   -119.6926020   67.7423443
   -119.6876717   67.7385249
   -119.6734236   67.7372724
   -119.6684267   67.7334411
   -119.6542452   67.7321999
   -119.6491816   67.7283575
   -119.6350667   67.7271275
   -119.6299365   67.7232739
   -119.6158876   67.7220548
   -119.6104737   67.7180291
   -119.5967445   67.7168479
   -119.5911985   67.7128004
   -119.5776006   67.7116402
   -119.5719233   67.7075719
   -119.5584568   67.7064322
   -119.5526478   67.7023435
   -119.5393130   67.7012242
   -119.5333717   67.6971155
   -119.5201694   67.6960157
   -119.5140971   67.6918883
   -119.5010256   67.6908075
   -119.4948209   67.6866606
   -119.4818821   67.6855987
   -119.4755451   67.6814331
   -119.4627392   67.6803899
   -119.4562688   67.6762056
   -119.4435960   67.6751808
   -119.4369932   67.6709786
   -119.4244517   67.6699713
   -119.4177173   67.6657522
   -119.4053093   67.6647623
   -119.3984416   67.6605255
   -119.3861659   67.6595525
   -119.3791656   67.6552988
   -119.3670226   67.6543428
   -119.3598890   67.6500724
   -119.3478793   67.6491327
   -119.3406131   67.6448461
   -119.3287361   67.6439225
   -119.3213372   67.6396200
   -119.3095929   67.6387122
   -119.3020612   67.6343940
   -119.2904498   67.6335017
   -119.2827851   67.6291680
   -119.2713066   67.6282913
   -119.2635093   67.6239428
   -119.2521624   67.6230810
   -119.2442322   67.6187176
   -119.2330212   67.6178708
   -119.2249561   67.6134920
   -119.2138784   67.6126600
   -119.2056798   67.6082665
   -119.1947353   67.6074491
   -119.1864029   67.6030412
   -119.1755923   67.6022379
   -119.1671267   67.5978160
   -119.1564494   67.5970267
   -119.1478505   67.5925909
   -119.1373065   67.5918153
   -119.1285742   67.5873659
   -119.1181636   67.5866039
   -119.1092978   67.5821409
   -119.0990206   67.5813925
   -119.0900207   67.5769160
   -119.0798767   67.5761808
   -119.0707442   67.5716918
   -119.0607351   67.5709697
   -119.0514679   67.5664671
   -119.0415922   67.5657579
   -119.0321914   67.5612425
   -119.0224494   67.5605462
   -119.0129142   67.5560180
   -119.0033074   67.5553343
   -118.9936391   67.5507940
   -118.9849784   67.5501805
   -118.9744522   67.5452542
   -118.9658701   67.5446601
   -118.9552664   67.5397145
   -118.9467619   67.5391395
   -118.9360805   67.5341749
   -118.9276525   67.5336189
   -118.9168937   67.5286359
   -118.9085456   67.5280988
   -118.8977078   67.5230966
   -118.8894375   67.5225779
   -118.8785219   67.5175575
   -118.8703302   67.5170570
   -118.8593358   67.5120183
   -118.8512223   67.5115360
   -118.8401490   67.5064793
   -118.8321142   67.5060148
   -118.8209630   67.5009404
   -118.8130051   67.5004933
   -118.8017768   67.4954022
   -118.7938984   67.4949725
   -118.7825907   67.4898637
   -118.7747905   67.4894509
   -118.7634045   67.4843251
   -118.7556826   67.4839292
   -118.7442187   67.4787873
   -118.7365755   67.4784079
   -118.7250315   67.4732490
   -118.7174678   67.4728860
   -118.7058452   67.4677109
   -118.6983589   67.4673639
   -118.6866587   67.4621733
   -118.6792523   67.4618424
   -118.6674716   67.4566354
   -118.6601446   67.4563200
   -118.6482852   67.4510977
   -118.6410370   67.4507976
   -118.6290989   67.4455601
   -118.6219293   67.4452750
   -118.6099125   67.4400226
   -118.6028226   67.4397524
   -118.5907260   67.4344851
   -118.5837140   67.4342297
   -118.5715385   67.4289484
   -118.5646077   67.4287073
   -118.5523520   67.4234113
   -118.5455002   67.4231842
   -118.5331654   67.4178743
   -118.5263928   67.4176610
   -118.5139789   67.4123374
   -118.5072853   67.4121377
   -118.4947934   67.4068012
   -118.4881778   67.4066148
   -118.4756048   67.4012645
   -118.4690702   67.4010913
   -118.4564180   67.3957284
   -118.4499643   67.3955682
   -118.4372312   67.3901921
   -118.4308570   67.3900443
   -118.4180444   67.3846558
   -118.4117497   67.3845205
   -118.3988567   67.3791197
   -118.3926425   67.3789964
   -118.3796699   67.3735837
   -118.3735354   67.3734722
   -118.3604830   67.3680479
   -118.3544271   67.3679479
   -118.3412960   67.3625126
   -118.3353221   67.3624239
   -118.3221089   67.3569769
   -118.3162152   67.3568995
   -118.3029211   67.3514415
   -118.2971082   67.3513747
   -118.2837341   67.3459061
   -118.2780012   67.3458499
   -118.2645470   67.3403709
   -118.2588943   67.3403249
   -118.2453598   67.3348358
   -118.2397873   67.3347999
   -118.2261730   67.3293014
   -118.2206792   67.3292751
   -118.2069846   67.3237670
   -118.2015745   67.3237503
   -118.1877974   67.3182323
   -118.1824679   67.3182248
   -118.1686102   67.3126978
   -118.1633611   67.3126992
   -118.1494228   67.3071633
   -118.1442544   67.3071735
   -118.1302346   67.3016290
   -118.1251477   67.3016476
   -118.1110473   67.2960948
   -118.1060400   67.2961216
   -118.0918597   67.2905613
   -118.0869346   67.2905959
   -118.0726722   67.2850274
   -118.0678289   67.2850697
   -118.0534838   67.2794936
   -118.0487225   67.2795433
   -118.0342963   67.2739600
   -118.0296160   67.2740167
   -118.0151088   67.2684265
   -118.0105096   67.2684901
   -117.9959212   67.2628932
   -117.9914021   67.2629632
   -117.9767345   67.2573609
   -117.9722968   67.2574373
   -117.9575449   67.2518278
   -117.9531905   67.2519102
   -117.9383572   67.2462949
   -117.9340851   67.2463829
   -117.9191695   67.2407620
   -117.9149790   67.2408556
   -117.8999816   67.2352293
   -117.8958727   67.2353281
   -117.8807929   67.2296968
   -117.8767655   67.2298005
   -117.8616049   67.2241649
   -117.8576606   67.2242732
   -117.8424170   67.2186327
   -117.8385545   67.2187453
   -117.8232290   67.2131005
   -117.8194493   67.2132172
   -117.8040409   67.2075685
   -117.8003435   67.2076891
   -117.7848520   67.2020367
   -117.7812375   67.2021607
   -117.7656640   67.1965050
   -117.7621305   67.1966323
   -117.7464757   67.1909739
   -117.7430258   67.1911041
   -117.7272876   67.1854425
   -117.7239200   67.1855754
   -117.7081005   67.1799116
   -117.7048140   67.1800470
   -117.6889103   67.1743806
   -117.6857092   67.1745179
   -117.6697221   67.1688496
   -117.6666036   67.1689888
   -117.6505338   67.1633187
   -117.6474968   67.1634595
   -117.6313452   67.1577884
   -117.6283924   67.1579305
   -117.6121559   67.1522579
   -117.6092868   67.1524009
   -117.5929675   67.1467275
   -117.5901812   67.1468711
   -117.5737790   67.1411972
   -117.5710757   67.1413412
   -117.5545905   67.1356671
   -117.5519711   67.1358111
   -117.5354018   67.1301370
   -117.5328647   67.1302810
   -117.5162122   67.1246077
   -117.5137606   67.1247511
   -117.4970236   67.1190780
   -117.4946553   67.1192207
   -117.4778349   67.1135485
   -117.4755500   67.1136900
   -117.4586473   67.1080194
   -117.4564446   67.1081598
   -117.4394566   67.1024903
   -117.4373393   67.1026289
   -117.4202678   67.0969611
   -117.4182339   67.0970978
   -117.4010788   67.0914327
   -117.3991302   67.0915671
   -117.3818899   67.0859039
   -117.3800251   67.0860357
   -117.3627008   67.0803751
   -117.3609201   67.0805042
   -117.3435110   67.0748467
   -117.3418151   67.0749725
   -117.3243220   67.0693183
   -117.3227101   67.0694407
   -117.3051329   67.0637901
   -117.3036041   67.0639089
   -117.2859435   67.0582625
   -117.2845013   67.0583771
   -117.2667535   67.0527346
   -117.2653967   67.0528448
   -117.2475643   67.0472068
   -117.2462919   67.0473124
   -117.2283751   67.0416792
   -117.2271871   67.0417799
   -116.9597190   66.9643067
   -116.7112574   66.8927656
   -116.7103632   66.8920758
   -116.6921457   66.8872619
   -116.6911830   66.8865211
   -116.6730327   66.8817577
   -116.6720007   66.8809653
   -116.6539198   66.8762533
   -116.6528187   66.8754098
   -116.6348078   66.8707487
   -116.6336375   66.8698542
   -116.6156952   66.8652438
   -116.6144561   66.8642991
   -116.5965815   66.8597386
   -116.5952747   66.8587444
   -116.5774699   66.8542342
   -116.5760932   66.8531894
   -116.5583571   66.8487293
   -116.5569110   66.8476344
   -116.5392445   66.8432240
   -116.5377295   66.8420796
   -116.5201319   66.8377185
   -116.5185481   66.8365250
   -116.5010201   66.8322132
   -116.4989530   66.8306591
   -116.4819716   66.8264836
   -116.4798827   66.8249232
   -116.4629251   66.8207549
   -116.4608125   66.8191867
   -116.4438775   66.8150256
   -116.4417415   66.8134502
   -116.4254876   66.8094577
   -116.4227573   66.8074337
   -116.4064490   66.8034114
   -116.4037749   66.8014191
   -116.3874131   66.7973667
   -116.3847917   66.7954036
   -116.3683754   66.7913208
   -116.3658083   66.7893888
   -116.3493388   66.7852757
   -116.3468249   66.7833739
   -116.3303020   66.7792298
   -116.3278405   66.7773580
   -116.3112637   66.7731829
   -116.3088579   66.7713440
   -116.2922280   66.7671376
   -116.2898745   66.7653292
   -116.2731904   66.7610911
   -116.2708909   66.7593150
   -116.2541541   66.7550453
   -116.2519072   66.7533006
   -116.2351173   66.7489990
   -116.2329229   66.7472860
   -116.2160799   66.7429521
   -116.2139382   66.7412714
   -116.1970438   66.7369055
   -116.1949554   66.7352578
   -116.1780064   66.7308583
   -116.1759716   66.7292442
   -116.1589711   66.7248121
   -116.1569879   66.7232304
   -116.1399340   66.7187646
   -116.1380040   66.7172170
   -116.1208967   66.7127170
   -116.1190201   66.7112039
   -116.1018607   66.7066701
   -116.1000352   66.7051899
   -116.0828237   66.7006217
   -116.0810520   66.6991773
   -116.0637886   66.6945747
   -116.0620681   66.6931643
   -116.0447517   66.6885266
   -116.0430840   66.6871516
   -116.0257147   66.6824781
   -116.0240997   66.6811392
   -116.0066796   66.6764310
   -116.0051149   66.6751263
   -115.9876420   66.6703822
   -115.9861296   66.6691138
   -115.9686072   66.6643339
   -115.9671462   66.6631017
   -115.9495713   66.6582851
   -115.9481620   66.6570896
   -115.9305340   66.6522358
   -115.9291775   66.6510784
   -115.9114991   66.6461874
   -115.9101931   66.6450666
   -115.8924618   66.6401377
   -115.8912085   66.6390557
   -115.8734270   66.6340890
   -115.8722231   66.6330434
   -115.8543908   66.6280388
   -115.8532393   66.6270328
   -115.8353555   66.6219896
   -115.8342547   66.6210221
   -115.8163199   66.6159396
   -115.8152699   66.6150110
   -115.7972837   66.6098895
   -115.7962843   66.6090005
   -115.7782485   66.6038398
   -115.7772995   66.6029903
   -115.7592123   66.5977889
   -115.7583137   66.5969796
   -115.7401782   66.5917387
   -115.7393296   66.5909697
   -115.7211423   66.5856875
   -115.7203446   66.5849601
   -115.7021064   66.5796361
   -115.7013595   66.5789508
   -115.6830715   66.5735854
   -115.6823743   66.5729416
   -115.4165847   66.4888445
   -115.1698753   66.4103610
   -115.1690150   66.4105285
   -115.1508988   66.4043233
   -115.1499694   66.4045053
   -115.1319216   66.3982862
   -115.1309260   66.3984824
   -115.1129454   66.3922484
   -115.1118819   66.3924592
   -115.0939683   66.3862102
   -115.0928364   66.3864360
   -115.0749927   66.3801725
   -115.0737930   66.3804133
   -115.0560166   66.3741344
   -115.0547472   66.3743908
   -115.0370403   66.3680966
   -115.0357037   66.3683683
   -115.0180642   66.3620583
   -115.0166594   66.3623456
   -114.9990882   66.3560199
   -114.9976136   66.3563234
   -114.9801112   66.3499815
   -114.9785701   66.3503007
   -114.9611359   66.3439428
   -114.9595251   66.3442786
   -114.9421595   66.3379045
   -114.9404808   66.3382568
   -114.9231829   66.3318657
   -114.9214361   66.3322346
   -114.9042070   66.3258267
   -114.9023910   66.3262128
   -114.8852310   66.3197882
   -114.8833465   66.3201915
   -114.8662544   66.3137486
   -114.8643012   66.3141693
   -114.8472791   66.3077097
   -114.8452567   66.3081482
   -114.8283034   66.3016701
   -114.8262118   66.3021266
   -114.8093277   66.2956306
   -114.8071665   66.2961054
   -114.7903519   66.2895914
   -114.7881218   66.2900847
   -114.7713764   66.2835515
   -114.7690762   66.2840637
   -114.7523998   66.2775117
   -114.7500324   66.2780425
   -114.7334249   66.2714715
   -114.7309861   66.2720220
   -114.7144491   66.2654316
   -114.7119418   66.2660015
   -114.6954729   66.2593914
   -114.6928969   66.2599810
   -114.6764975   66.2533508
   -114.6738505   66.2539610
   -114.6575212   66.2473103
   -114.6548061   66.2479404
   -114.6385466   66.2412693
   -114.6357597   66.2419207
   -114.6195712   66.2352288
   -114.6167151   66.2359010
   -114.6005960   66.2291876
   -114.5976699   66.2298813
   -114.5816208   66.2231463
   -114.5786233   66.2238621
   -114.5626456   66.2171053
   -114.5595785   66.2178429
   -114.5436698   66.2110633
   -114.5405328   66.2118232
   -114.5246952   66.2050219
   -114.5214873   66.2058047
   -114.5057201   66.1989797
   -114.5024416   66.1997856
   -114.4867445   66.1929377
   -114.4833955   66.1937671
   -114.4677695   66.1868959
   -114.4643499   66.1877491
   -114.4487947   66.1808533
   -114.4453035   66.1817308
   -114.4298192   66.1748108
   -114.4262579   66.1757126
   -114.4108451   66.1687676
   -114.4072118   66.1696946
   -114.3918705   66.1627245
   -114.3881655   66.1636770
   -114.3728959   66.1566816
   -114.3691195   66.1576600
   -114.3539214   66.1506380
   -114.3500727   66.1516428
   -114.3349469   66.1445948
   -114.3310273   66.1456260
   -114.3159719   66.1385504
   -114.3119806   66.1396088
   -114.2969982   66.1325060
   -114.2929337   66.1335922
   -114.2776377   66.1262774
   -114.2742894   66.1271274
   -114.2588640   66.1197572
   -114.2555035   66.1205954
   -114.2400904   66.1132376
   -114.2367187   66.1140636
   -114.2213175   66.1067170
   -114.2179327   66.1075317
   -114.2025437   66.1001972
   -114.1991479   66.1009999
   -114.1837703   66.0936769
   -114.1803624   66.0944680
   -114.1649975   66.0871562
   -114.1615764   66.0879362
   -114.1462237   66.0806363
   -114.1427916   66.0814046
   -114.1274504   66.0741158
   -114.1240056   66.0748729
   -114.1086774   66.0675956
   -114.1052207   66.0683414
   -114.0899039   66.0610750
   -114.0864352   66.0618096
   -114.0711306   66.0545544
   -114.0676491   66.0552780
   -114.0523577   66.0480341
   -114.0488642   66.0487466
   -114.0335842   66.0415133
   -114.0300781   66.0422151
   -114.0148107   66.0349932
   -114.0112932   66.0356838
   -113.9960380   66.0284722
   -113.9925076   66.0291522
   -113.9772646   66.0219513
   -113.9737214   66.0226208
   -113.9584911   66.0154311
   -113.9549365   66.0160896
   -113.9397185   66.0089100
   -113.9361503   66.0095582
   -113.9209449   66.0023896
   -113.9173653   66.0030271
   -113.9021717   65.9958687
   -113.8985791   65.9964958
   -113.8833989   65.9893480
   -113.8797942   65.9899648
   -113.8646255   65.9828270
   -113.8610085   65.9834334
   -113.8458523   65.9763060
   -113.8422222   65.9769022
   -113.8270796   65.9697853
   -113.8234372   65.9703712
   -113.8083062   65.9632641
   -113.8046509   65.9638400
   -113.7895329   65.9567436
   -113.7858659   65.9573092
   -113.7707603   65.9502222
   -113.7670802   65.9507779
   -113.7519870   65.9437010
   -113.7482938   65.9442468
   -113.7332137   65.9371803
   -113.7295089   65.9377160
   -113.7144412   65.9306589
   -113.7107225   65.9311850
   -113.6956677   65.9241382
   -113.6919375   65.9246542
   -113.6768946   65.9176169
   -113.6731517   65.9181232
   -113.6581221   65.9110954
   -113.6543653   65.9115922
   -113.6393487   65.9045746
   -113.6355803   65.9050615
   -113.6205756   65.8980533
   -113.6167938   65.8985306
   -113.6018030   65.8915322
   -113.5980088   65.8919999
   -113.5830297   65.8850108
   -113.5792223   65.8854690
   -113.5642565   65.8784899
   -113.5604373   65.8789385
   -113.5454841   65.8719683
   -113.5416515   65.8724075
   -113.5267108   65.8654468
   -113.5228650   65.8658767
   -113.5079376   65.8589258
   -113.5040800   65.8593462
   -113.4891652   65.8524042
   -113.4852934   65.8528154
   -113.4703918   65.8458831
   -113.4665084   65.8462850
   -113.4516188   65.8393616
   -113.4477225   65.8397541
   -113.4328464   65.8328399
   -113.4289359   65.8332234
   -113.4140731   65.8263188
   -113.4101509   65.8266930
   -113.3953001   65.8197972
   -113.3913643   65.8201623
   -113.3765275   65.8132759
   -113.3725793   65.8136319
   -113.3577544   65.8067542
   -113.3537934   65.8071012
   -113.3389814   65.8002326
   -113.3350067   65.8005705
   -113.3202089   65.7937113
   -113.3162217   65.7940402
   -113.3014357   65.7871895
   -113.2974351   65.7875096
   -113.2826626   65.7806683
   -113.2786500   65.7809793
   -113.2638903   65.7741465
   -113.2598634   65.7744488
   -113.2451170   65.7676252
   -113.2410783   65.7679185
   -113.2263440   65.7611034
   -113.2222924   65.7613879
   -113.2075717   65.7545815
   -113.2035057   65.7548574
   -113.1887984   65.7480602
   -113.1847206   65.7483272
   -113.1700255   65.7415384
   -113.1659339   65.7417967
   -113.1512530   65.7350170
   -113.1471489   65.7352665
   -113.1324799   65.7284951
   -113.1283629   65.7287360
   -113.1137070   65.7219732
   -113.1095761   65.7222055
   -113.0949346   65.7154518
   -113.0907911   65.7156754
   -113.0761615   65.7089298
   -113.0720043   65.7091449
   -113.0573884   65.7024084
   -113.0532193   65.7026149
   -113.0386162   65.6958864
   -113.0344333   65.6960844
   -113.0198431   65.6893644
   -113.0156465   65.6895540
   -113.0010700   65.6828430
   -112.9968615   65.6830240
   -112.9822978   65.6763209
   -112.9780746   65.6764936
   -112.9635246   65.6697994
   -112.9592896   65.6699636
   -112.9447517   65.6632774
   -112.9405028   65.6634332
   -112.9259793   65.6567559
   -112.9217177   65.6569033
   -112.9072063   65.6502338
   -112.9029317   65.6503729
   -112.8884334   65.6437118
   -112.8841448   65.6438425
   -112.8696610   65.6371902
   -112.8653598   65.6373126
   -112.8508880   65.6306681
   -112.8465729   65.6307823
   -112.8321149   65.6241465
   -112.8277879   65.6242524
   -112.8133428   65.6176244
   -112.8090019   65.6177221
   -112.7945698   65.6111022
   -112.7902149   65.6111918
   -112.7757967   65.6045807
   -112.7714299   65.6046619
   -112.7570246   65.5980585
   -112.7526430   65.5981316
   -112.7382514   65.5915368
   -112.7338580   65.5916018
   -112.7194785   65.5850147
   -112.7150719   65.5850715
   -112.7007064   65.5784925
   -112.6962849   65.5785413
   -112.6819332   65.5719708
   -112.6774999   65.5720115
   -112.6631603   65.5654486
   -112.6587130   65.5654812
   -112.6443880   65.5589269
   -112.6399280   65.5589515
   -112.6256151   65.5524047
   -112.6211409   65.5524213
   -112.6068420   65.5458830
   -112.6023560   65.5458915
   -112.5880699   65.5393607
   -112.5835699   65.5393613
   -112.5692970   65.5328385
   -112.5647828   65.5328311
   -112.5505239   65.5263167
   -112.5459979   65.5263014
   -112.5317518   65.5197945
   -112.5272108   65.5197712
   -112.5129787   65.5132727
   -112.5084258   65.5132415
   -112.5009791   65.5098423
   -112.4884876   65.5100848
   -112.4810179   65.5063026
   -112.4629657   65.5072971
   -112.4610508   65.5063321
   -112.4430182   65.5073316
   -112.4410832   65.5063609
   -112.4230699   65.5073658
   -112.4211156   65.5063901
   -112.4031216   65.5073997
   -112.4011485   65.5064192
   -112.3831733   65.5074337
   -112.3811814   65.5064484
   -112.3632250   65.5074676
   -112.3612143   65.5064775
   -112.3432767   65.5075014
   -112.3412467   65.5065065
   -112.3233284   65.5075355
   -112.3212791   65.5065358
   -112.3033787   65.5075694
   -112.3013120   65.5065658
   -112.2834308   65.5076034
   -112.2813449   65.5065950
   -112.2634825   65.5076372
   -112.2613773   65.5066241
   -112.2435342   65.5076711
   -112.2414097   65.5066535
   -112.2235859   65.5077048
   -112.2214426   65.5066828
   -112.2036376   65.5077385
   -112.2014755   65.5067122
   -112.1836893   65.5077722
   -112.1815084   65.5067416
   -112.1637410   65.5078059
   -112.1615408   65.5067708
   -112.1437918   65.5078397
   -112.1415732   65.5068009
   -112.1238444   65.5078738
   -112.1216061   65.5068303
   -112.1038961   65.5079073
   -112.1016390   65.5068598
   -112.0839478   65.5079409
   -112.0816714   65.5068891
   -112.0639995   65.5079746
   -112.0617038   65.5069187
   -112.0440512   65.5080081
   -112.0417367   65.5069483
   -112.0241029   65.5080416
   -112.0217696   65.5069779
   -112.0041546   65.5080751
   -112.0018025   65.5070075
   -111.9842054   65.5081086
   -111.9818349   65.5070375
   -111.9642580   65.5081426
   -111.9618672   65.5070671
   -111.9443092   65.5081760
   -111.9419001   65.5070970
   -111.9243604   65.5082092
   -111.9219330   65.5071267
   -111.9044121   65.5082425
   -111.9019654   65.5071562
   -111.8844638   65.5082760
   -111.8819978   65.5071860
   -111.8645155   65.5083093
   -111.8620307   65.5072158
   -111.8445662   65.5083427
   -111.8420636   65.5072461
   -111.8246189   65.5083764
   -111.8220965   65.5072759
   -111.8046706   65.5084096
   -111.8021289   65.5073055
   -111.7847223   65.5084430
   -111.7821613   65.5073354
   -111.7647740   65.5084762
   -111.7621942   65.5073653
   -111.7448257   65.5085094
   -111.7422271   65.5073952
   -111.7248774   65.5085426
   -111.7222595   65.5074249
   -111.7049291   65.5085759
   -111.7022929   65.5074553
   -111.6849798   65.5086096
   -111.6823248   65.5074858
   -111.6650325   65.5086432
   -111.6623577   65.5075158
   -111.6450842   65.5086762
   -111.6423906   65.5075457
   -111.6251359   65.5087093
   -111.6224230   65.5075755
   -111.6051876   65.5087425
   -111.6024554   65.5076056
   -111.5852388   65.5087756
   -111.5824883   65.5076358
   -111.5652900   65.5088084
   -111.5625212   65.5076659
   -111.5453417   65.5088414
   -111.5425536   65.5076957
   -111.5253924   65.5088746
   -111.5225860   65.5077264
   -111.5054451   65.5089080
   -111.5026189   65.5077565
   -111.4854968   65.5089410
   -111.4826518   65.5077866
   -111.4655485   65.5089739
   -111.4626846   65.5078168
   -111.4456002   65.5090068
   -111.4427170   65.5078467
   -111.4256519   65.5090399
   -111.4227494   65.5078770
   -111.4057036   65.5090727
   -111.4027823   65.5079072
   -111.3857552   65.5091056
   -111.3828152   65.5079374
   -111.3658059   65.5091385
   -111.3628481   65.5079681
   -111.3458586   65.5091718
   -111.3428805   65.5079982
   -111.3259103   65.5092047
   -111.3229129   65.5080285
   -111.3059620   65.5092375
   -111.3029458   65.5080587
   -111.2860137   65.5092703
   -111.2829787   65.5080890
   -111.2660654   65.5093031
   -111.2630111   65.5081192
   -111.2461171   65.5093360
   -111.2430435   65.5081495
   -111.2261673   65.5093688
   -111.2230764   65.5081805
   -111.2062195   65.5094017
   -111.2031093   65.5082109
   -111.1862712   65.5094345
   -111.1831422   65.5082413
   -111.1663229   65.5094671
   -111.1631746   65.5082715
   -111.1463746   65.5095000
   -111.1432070   65.5083019
   -111.1264263   65.5095326
   -111.1232399   65.5083323
   -111.1064780   65.5095653
   -111.1032728   65.5083627
   -111.0865297   65.5095979
   -111.0833052   65.5083930
   -111.0665803   65.5096307
   -111.0633376   65.5084240
   -111.0466331   65.5096637
   -111.0433704   65.5084545
   -111.0266848   65.5096963
   -111.0234033   65.5084850
   -111.0067365   65.5097289
   -111.0034362   65.5085155
   -110.9867882   65.5097614
   -110.9834686   65.5085458
   -110.9668398   65.5097941
   -110.9635010   65.5085764
   -110.9468915   65.5098267
   -110.9435339   65.5086069
   -110.9269432   65.5098592
   -110.9235668   65.5086375
   -110.9069938   65.5098918
   -110.9035992   65.5086684
   -110.8870466   65.5099248
   -110.8836316   65.5086990
   -110.8670978   65.5099573
   -110.8636645   65.5087298
   -110.8471490   65.5099896
   -110.8436974   65.5087604
   -110.8272007   65.5100220
   -110.8237303   65.5087910
   -110.8072524   65.5100545
   -110.8037627   65.5088214
   -110.7873041   65.5100870
   -110.7837951   65.5088521
   -110.7673558   65.5101194
   -110.7638280   65.5088828
   -110.7474063   65.5101519
   -110.7438609   65.5089140
   -110.7274592   65.5101847
   -110.7238933   65.5089445
   -110.7075109   65.5102172
   -110.7039257   65.5089752
   -110.6875626   65.5102496
   -110.6839586   65.5090059
   -110.6676143   65.5102819
   -110.6533203   65.5053687
   -110.6476429   65.5055173
   -110.6422024   65.5037295
   -110.6348190   65.4980867
   -110.6246063   65.4947531
   -110.6171796   65.4890737
   -110.6070103   65.4857767
   -110.5995402   65.4800607
   -110.5894143   65.4768004
   -110.5819007   65.4710476
   -110.5718183   65.4678238
   -110.5642612   65.4620339
   -110.5542224   65.4588471
   -110.5466229   65.4530211
   -110.5366263   65.4498709
   -110.5289836   65.4440080
   -110.5190292   65.4408943
   -110.5113442   65.4349950
   -110.5014332   65.4319182
   -110.4937049   65.4259818
   -110.4838370   65.4229421
   -110.4760645   65.4169676
   -110.4662411   65.4139656
   -110.4584262   65.4079546
   -110.4486449   65.4049895
   -110.4407869   65.3989412
   -110.4310497   65.3960135
   -110.4231489   65.3899277
   -110.4134523   65.3870367
   -110.4055097   65.3809143
   -110.3958560   65.3780607
   -110.3878695   65.3719000
   -110.3782600   65.3690844
   -110.3702313   65.3628868
   -110.3606637   65.3601085
   -110.3525922   65.3538732
   -110.3430673   65.3511327
   -110.3349531   65.3448596
   -110.3254710   65.3421569
   -110.3173140   65.3358460
   -110.3078746   65.3331811
   -110.2996739   65.3268315
   -110.2902784   65.3242050
   -110.2820357   65.3178180
   -110.2726821   65.3152292
   -110.2643976   65.3088045
   -110.2550857   65.3062536
   -110.2467587   65.2997906
   -110.2374892   65.2972780
   -110.2291197   65.2907768
   -110.2198927   65.2883026
   -110.2114808   65.2817628
   -110.2022962   65.2793271
   -110.1938409   65.2727480
   -110.1846998   65.2703513
   -110.1762029   65.2637342
   -110.1671023   65.2613757
   -110.1585639   65.2547203
   -110.1495065   65.2524007
   -110.1409253   65.2457057
   -110.1319089   65.2434245
   -110.1232874   65.2366917
   -110.1143123   65.2344494
   -110.1056477   65.2276767
   -110.0967158   65.2254738
   -110.0880098   65.2186626
   -110.0791190   65.2164988
   -110.0703711   65.2096482
   -110.0615223   65.2075238
   -110.0527324   65.2006337
   -110.0439254   65.1985489
   -110.0350938   65.1916192
   -110.0263286   65.1895741
   -110.0174543   65.1826038
   -110.0087319   65.1805989
   -109.9998165   65.1735893
   -109.9911350   65.1716242
   -109.9821780   65.1645745
   -109.9735382   65.1626494
   -109.9645404   65.1555599
   -109.9559412   65.1536749
   -109.9469020   65.1465450
   -109.9383441   65.1447004
   -109.9292627   65.1375293
   -109.9207473   65.1357256
   -109.9116250   65.1285144
   -109.9031501   65.1267513
   -109.8939867   65.1194993
   -109.8855530   65.1177771
   -109.8763484   65.1104840
   -109.8679564   65.1088031
   -109.8587104   65.1014683
   -109.8503583   65.0998283
   -109.8410723   65.0924529
   -109.8327609   65.0908544
   -109.8234333   65.0834367
   -109.8151630   65.0818797
   -109.8057967   65.0744216
   -109.7975656   65.0729060
   -109.7881586   65.0654058
   -109.7799681   65.0639323
   -109.7705206   65.0563900
   -109.7623706   65.0549588
   -109.7528827   65.0473741
   -109.7447730   65.0459853
   -109.7352440   65.0383574
   -109.7271756   65.0370116
   -109.7176068   65.0293414
   -109.7095779   65.0280383
   -109.6999691   65.0203251
   -109.6919802   65.0190652
   -109.6823314   65.0113088
   -109.6743824   65.0100921
   -109.6646946   65.0022924
   -109.6567845   65.0011193
   -109.6470563   64.9932752
   -109.6391868   64.9921461
   -109.6294193   64.9842585
   -109.6215888   64.9831735
   -109.6117819   64.9752416
   -109.6039907   64.9742011
   -109.5941445   64.9662245
   -109.5863930   64.9652288
   -109.5765075   64.9572069
   -109.5687940   64.9562561
   -109.5588695   64.9481889
   -109.5511959   64.9472836
   -109.5412329   64.9391715
   -109.5335975   64.9383118
   -109.5235959   64.9301539
   -109.5159991   64.9293400
   -109.5059598   64.9211361
   -109.4984005   64.9203685
   -109.4883229   64.9121181
   -109.4808018   64.9113971
   -109.4706861   64.9030999
   -109.4632030   64.9024260
   -109.4530488   64.8940809
   -109.4456036   64.8934545
   -109.4354125   64.8850625
   -109.4280045   64.8844837
   -109.4177760   64.8760438
   -109.4104054   64.8755132
   -109.4001397   64.8670248
   -109.3928062   64.8665429
   -109.3825034   64.8580055
   -109.3752068   64.8575728
   -109.3648667   64.8489856
   -109.3576077   64.8486023
   -109.3472319   64.8399660
   -109.3400081   64.8396327
   -109.3335402   64.8342366
   -109.3159934   64.8349357
   -109.3136139   64.8329478
   -109.2960819   64.8336626
   -109.2936878   64.8316593
   -109.2761711   64.8323900
   -109.2737615   64.8303709
   -109.2562601   64.8311174
   -109.2538353   64.8290825
   -109.2363493   64.8298448
   -109.2339085   64.8277936
   -109.2164384   64.8285717
   -109.2139829   64.8265050
   -109.1965280   64.8272991
   -109.1940567   64.8252160
   -109.1766165   64.8260262
   -109.1741305   64.8239275
   -109.1567057   64.8247536
   -109.1542043   64.8226389
   -109.1367947   64.8234812
   -109.1342781   64.8213503
   -109.1168839   64.8222087
   -109.1143519   64.8200617
   -109.0969729   64.8209364
   -109.0944257   64.8187730
   -109.0770626   64.8196639
   -109.0744995   64.8174838
   -109.0571511   64.8183911
   -109.0545728   64.8161947
   -109.0372402   64.8171183
   -109.0346471   64.8149059
   -109.0173293   64.8158460
   -109.0147209   64.8136171
   -108.9974179   64.8145737
   -108.9947947   64.8123287
   -108.9775070   64.8133011
   -108.9748686   64.8110395
   -108.9575965   64.8120292
   -108.9549423   64.8097506
   -108.9376851   64.8107562
   -108.9350162   64.8084613
   -108.9177742   64.8094844
   -108.9150900   64.8071728
   -108.8978633   64.8082119
   -108.8951639   64.8058835
   -108.8779523   64.8069402
   -108.8752371   64.8045945
   -108.8580420   64.8056672
   -108.8553115   64.8033045
   -108.8381305   64.8043951
   -108.8353853   64.8020159
   -108.8182196   64.8031227
   -108.8154592   64.8007265
   -108.7983086   64.8018511
   -108.7955329   64.7994378
   -108.7783977   64.8005787
   -108.7756068   64.7981483
   -108.7584867   64.7993072
   -108.7556806   64.7968595
   -108.7385763   64.7980348
   -108.7357545   64.7955695
   -108.7186648   64.7967629
   -108.7158283   64.7942807
   -108.6987539   64.7954907
   -108.6959017   64.7929906
   -108.6788429   64.7942188
   -108.6759759   64.7917017
   -108.6589321   64.7929466
   -108.6560498   64.7904120
   -108.6390210   64.7916752
   -108.6361236   64.7891231
   -108.6191106   64.7904031
   -108.6161976   64.7878328
   -108.5991991   64.7891314
   -108.5962714   64.7865438
   -108.5792882   64.7878593
   -108.5763453   64.7852540
   -108.5593772   64.7865881
   -108.5564191   64.7839649
   -108.5394663   64.7853162
   -108.5364925   64.7826746
   -108.5195553   64.7840445
   -108.5165667   64.7813855
   -108.4996448   64.7827725
   -108.4966407   64.7800950
   -108.4797333   64.7815010
   -108.4767145   64.7788058
   -108.4598224   64.7802292
   -108.4567884   64.7775158
   -108.4399114   64.7789581
   -108.4368622   64.7762265
   -108.4200005   64.7776864
   -108.4169361   64.7749364
   -108.4000894   64.7764154
   -108.3970100   64.7736471
   -108.3801790   64.7751437
   -108.3770839   64.7723564
   -108.3602675   64.7738724
   -108.3571573   64.7710666
   -108.3403566   64.7726002
   -108.3372316   64.7697763
   -108.3204455   64.7713294
   -108.3173055   64.7684869
   -108.3005346   64.7700578
   -108.2973794   64.7671966
   -108.2806240   64.7687871
   -108.2774533   64.7659065
   -108.2607126   64.7675152
   -108.2575272   64.7646161
   -108.2408015   64.7662445
   -108.2376010   64.7633265
   -108.2208906   64.7649731
   -108.2176750   64.7620360
   -108.2009795   64.7637025
   -108.1977488   64.7607463
   -108.1810686   64.7624312
   -108.1778223   64.7594554
   -108.1611580   64.7611601
   -108.1578962   64.7581646
   -108.1412460   64.7598888
   -108.1379700   64.7568748
   -108.1213351   64.7586176
   -108.1180440   64.7555842
   -108.1014240   64.7573472
   -108.0981178   64.7542943
   -108.0815130   64.7560761
   -108.0781918   64.7530036
   -108.0616019   64.7548058
   -108.0582656   64.7517136
   -108.0416914   64.7535346
   -108.0383396   64.7504222
   -108.0217799   64.7522640
   -108.0184135   64.7491322
   -108.0018689   64.7509930
   -107.9984870   64.7478409
   -107.9819579   64.7497224
   -107.9785613   64.7465507
   -107.9620469   64.7484514
   -107.9586353   64.7452597
   -107.9421358   64.7471814
   -107.9387092   64.7439695
   -107.9222252   64.7459105
   -107.9187832   64.7426779
   -107.9023137   64.7446402
   -107.8988571   64.7413876
   -107.8824027   64.7433694
   -107.8789310   64.7400965
   -107.8624916   64.7420996
   -107.8590049   64.7388061
   -107.8425806   64.7408289
   -107.8390785   64.7375144
   -107.8226699   64.7395585
   -107.8191528   64.7362234
   -107.8027585   64.7382876
   -107.7992268   64.7349320
   -107.7828474   64.7370179
   -107.7793007   64.7336415
   -107.7629364   64.7357474
   -107.7593747   64.7323500
   -107.7430252   64.7344778
   -107.7394486   64.7310594
   -107.7231142   64.7332074
   -107.7195226   64.7297678
   -107.7032035   64.7319379
   -107.6995966   64.7284766
   -107.6832921   64.7306672
   -107.6796706   64.7271849
   -107.6633809   64.7293978
   -107.6597441   64.7258937
   -107.6434699   64.7281270
   -107.6398185   64.7246019
   -107.6235588   64.7268577
   -107.6198924   64.7233110
   -107.6036478   64.7255876
   -107.5999664   64.7220192
   -107.5837370   64.7243184
   -107.5800404   64.7207276
   -107.5638256   64.7230480
   -107.5601144   64.7194356
   -107.5439144   64.7217789
   -107.5401884   64.7181445
   -107.5240034   64.7205090
   -107.5202624   64.7168525
   -107.5040922   64.7192400
   -107.5003363   64.7155612
   -107.4841811   64.7179702
   -107.4804100   64.7142687
   -107.4642704   64.7167007
   -107.4603542   64.7128488
   -107.4443712   64.7152434
   -107.4404081   64.7114119
   -107.4244724   64.7137867
   -107.4204632   64.7099758
   -107.4045737   64.7123300
   -107.4005180   64.7085388
   -107.3846748   64.7108742
   -107.3805719   64.7071015
   -107.3647760   64.7094177
   -107.3606266   64.7056641
   -107.3448775   64.7079623
   -107.3406806   64.7042259
   -107.3249783   64.7065058
   -107.3207353   64.7027881
   -107.3052492   64.7050263
   -107.3008041   64.7011629
   -107.2854484   64.7034820
   -107.2808738   64.6995382
   -107.2656472   64.7019371
   -107.2609425   64.6979141
   -107.2458462   64.7003908
   -107.2410119   64.6962915
   -107.2260460   64.6988449
   -107.2210805   64.6946691
   -107.2062447   64.6972969
   -107.2011498   64.6930485
   -107.1864447   64.6957489
   -107.1812183   64.6914275
   -107.1666439   64.6941995
   -107.1612875   64.6898086
   -107.1468436   64.6926498
   -107.1413558   64.6881897
   -107.1270429   64.6910983
   -107.1214248   64.6865719
   -107.1072424   64.6895465
   -107.1014930   64.6849551
   -107.0874427   64.6879940
   -107.0815619   64.6833390
   -107.0676418   64.6864405
   -107.0616304   64.6817245
   -107.0478424   64.6848856
   -107.0416997   64.6801099
   -107.0280421   64.6833307
   -107.0217676   64.6784968
   -107.0082422   64.6817743
   -107.0018362   64.6768842
   -106.9884420   64.6802173
   -106.9819040   64.6752723
   -106.9686420   64.6786588
   -106.9619724   64.6736618
   -106.9488428   64.6771007
   -106.9420405   64.6720519
   -106.9290424   64.6755412
   -106.9221080   64.6704433
   -106.9092435   64.6739803
   -106.9021763   64.6688349
   -106.8894436   64.6724193
   -106.8822437   64.6672280
   -106.8696443   64.6708567
   -106.8623118   64.6656215
   -106.8498445   64.6692936
   -106.8423791   64.6640158
   -106.8300451   64.6677289
   -106.8224471   64.6624115
   -106.8102463   64.6661646
   -106.8025143   64.6608076
   -106.7904465   64.6645983
   -106.7825821   64.6592053
   -106.7706480   64.6630317
   -106.7626491   64.6576030
   -106.7508487   64.6614639
   -106.7427167   64.6560024
   -106.7310498   64.6598957
   -106.7227836   64.6544020
   -106.7112502   64.6583258
   -106.7028516   64.6528036
   -106.6914520   64.6567555
   -106.6829189   64.6512047
   -106.6716534   64.6551841
   -106.6629863   64.6496071
   -106.6518540   64.6536121
   -106.6430528   64.6480110
   -106.6320561   64.6520386
   -106.6231201   64.6464151
   -106.6122572   64.6504652
   -106.6031865   64.6448207
   -106.5924589   64.6488900
   -106.5832537   64.6432268
   -106.5726598   64.6473145
   -106.5633199   64.6416342
   -106.5528621   64.6457373
   -106.5433869   64.6400420
   -106.5330640   64.6441601
   -106.5234531   64.6384507
   -106.5132651   64.6425813
   -106.5035199   64.6368609
   -106.4934676   64.6410020
   -106.4835863   64.6352716
   -106.4736693   64.6394222
   -106.4636522   64.6336836
   -106.4538715   64.6378406
   -106.4437188   64.6320960
   -106.4340729   64.6362588
   -106.4237846   64.6305099
   -106.4142757   64.6346752
   -106.4038511   64.6289241
   -106.3944781   64.6330915
   -106.3839167   64.6273391
   -106.3746798   64.6315063
   -106.3639830   64.6257558
   -106.3548828   64.6299205
   -106.3440485   64.6241727
   -106.3350850   64.6283337
   -106.3241151   64.6225915
   -106.3152877   64.6267463
   -106.3041810   64.6210100
   -106.2954896   64.6251574
   -106.2842470   64.6194304
   -106.2756929   64.6235679
   -106.2643122   64.6178510
   -106.2558959   64.6219772
   -106.2443781   64.6162726
   -106.2360980   64.6203861
   -106.2244431   64.6146957
   -106.2163016   64.6187932
   -106.2045089   64.6131192
   -106.1965043   64.6172004
   -106.1845737   64.6115442
   -106.1767075   64.6156059
   -106.1646393   64.6099695
   -106.1569100   64.6140111
   -106.1447040   64.6083964
   -106.1371139   64.6124144
   -106.1247695   64.6068236
   -106.1173173   64.6108177
   -106.1048341   64.6052518
   -106.0975200   64.6092195
   -106.0848994   64.6036815
   -106.0777241   64.6076206
   -106.0649642   64.6021118
   -106.0579273   64.6060213
   -106.0450286   64.6005434
   -106.0381310   64.6044202
   -106.0250936   64.5989752
   -106.0183340   64.6028187
   -106.0051578   64.5974087
   -105.9985384   64.6012154
   -105.9852228   64.5958426
   -105.9787424   64.5996121
   -105.9652873   64.5942776
   -105.9589456   64.5980074
   -105.9453526   64.5927136
   -105.9391502   64.5964018
   -105.9254165   64.5911504
   -105.9193540   64.5947952
   -105.9054811   64.5895886
   -105.8995583   64.5931880
   -105.8855449   64.5880272
   -105.8797618   64.5915793
   -105.8656093   64.5864673
   -105.8599667   64.5899699
   -105.8456729   64.5849080
   -105.8401712   64.5883592
   -105.8257372   64.5833494
   -105.8203750   64.5867483
   -105.8058006   64.5817925
   -105.8005796   64.5851357
   -105.7858648   64.5802358
   -105.7807840   64.5835224
   -105.7659281   64.5786811
   -105.7609893   64.5819080
   -105.7459921   64.5771263
   -105.7411933   64.5802932
   -105.7260552   64.5755733
   -105.7213989   64.5786764
   -105.7061191   64.5740207
   -105.7016039   64.5770595
   -105.6861820   64.5724690
   -105.6818082   64.5754412
   -105.6662457   64.5709188
   -105.6620133   64.5738224
   -105.6463086   64.5693690
   -105.6422183   64.5722017
   -105.6263721   64.5678210
   -105.6224241   64.5705811
   -105.6064356   64.5662734
   -105.6026286   64.5689597
   -105.5864987   64.5647268
   -105.5828347   64.5673360
   -105.5665621   64.5631812
   -105.5630403   64.5657122
   -105.5466245   64.5616363
   -105.5432451   64.5640871
   -105.5266877   64.5600929
   -105.5234509   64.5624613
   -105.5067499   64.5585501
   -105.5036564   64.5608338
   -105.4868129   64.5570090
   -105.4838628   64.5592062
   -105.4668750   64.5554681
   -105.4640679   64.5575771
   -105.4469379   64.5539286
   -105.4442745   64.5559470
   -105.4269998   64.5523901
   -105.4244803   64.5543160
   -105.4070625   64.5508526
   -105.4046865   64.5526843
   -105.3871242   64.5493158
   -105.3848924   64.5510509
   -105.3671868   64.5477797
   -105.3650984   64.5494169
   -105.3472484   64.5462458
   -105.3453054   64.5477817
   -105.3273108   64.5447117
   -105.3255110   64.5461462
   -105.3073722   64.5431795
   -105.3057183   64.5445084
   -105.2874345   64.5416478
   -105.2859245   64.5428710
   -105.2674957   64.5401176
   -105.2661314   64.5412317
   -105.2475583   64.5385876
   -105.2463377   64.5395922
   -105.2276200   64.5370584
   -105.2265444   64.5379507
   -105.2076819   64.5355313
   -105.2067519   64.5363089
   -105.1877428   64.5340046
   -105.1869581   64.5346658
   -105.1678046   64.5324791
   -105.1671659   64.5330214
   -105.1478658   64.5309549
   -105.1473727   64.5313769
   -105.0880486   64.5263872
   -105.0087842   64.5203408
   -105.0083319   64.5198068
   -104.9890302   64.5188304
   -104.9884084   64.5180954
   -104.9692117   64.5172440
   -104.9684841   64.5163828
   -104.9493928   64.5156568
   -104.9485607   64.5146706
   -104.9295743   64.5140712
   -104.9286364   64.5129583
   -104.9097553   64.5124847
   -104.9087130   64.5112463
   -104.8899369   64.5108989
   -104.8887892   64.5095336
   -104.8701184   64.5093128
   -104.8688664   64.5078212
   -104.8502993   64.5077274
   -104.8489422   64.5061082
   -104.8304809   64.5061416
   -104.8290188   64.5043950
   -104.8106622   64.5045570
   -104.8090946   64.5026817
   -104.7908432   64.5029715
   -104.7891713   64.5009686
   -104.7710241   64.5013868
   -104.7692471   64.4992549
   -104.7512056   64.4998017
   -104.7493238   64.4975410
   -104.7313869   64.4982178
   -104.7293997   64.4958269
   -104.7115678   64.4966331
   -104.7094764   64.4941130
   -104.6917491   64.4950491
   -104.6895528   64.4923985
   -104.6719304   64.4934659
   -104.6696287   64.4906838
   -104.6521112   64.4918818
   -104.6497054   64.4889694
   -104.6322920   64.4902984
   -104.6297815   64.4872542
   -104.6124734   64.4887147
   -104.6098582   64.4855388
   -104.5926549   64.4871323
   -104.5899343   64.4838227
   -104.5728353   64.4855487
   -104.5700111   64.4821073
   -104.5530165   64.4839662
   -104.5500872   64.4803908
   -104.5331977   64.4823840
   -104.5301644   64.4786754
   -104.5133784   64.4808017
   -104.5102412   64.4769588
   -104.4935591   64.4792194
   -104.4903179   64.4752424
   -104.4737402   64.4776380
   -104.4703942   64.4735249
   -104.4539213   64.4760568
   -104.4503927   64.4717114
   -104.4341231   64.4742303
   -104.4305190   64.4698780
   -104.4143255   64.4724038
   -104.4106456   64.4680455
   -104.3945277   64.4705777
   -104.3907721   64.4662133
   -104.3747296   64.4687501
   -104.3708989   64.4643814
   -104.3549316   64.4669223
   -104.3510255   64.4625497
   -104.3351340   64.4650941
   -104.3311522   64.4607180
   -104.3153365   64.4632661
   -104.3112789   64.4588870
   -104.2955385   64.4614374
   -104.2914051   64.4570557
   -104.2757410   64.4596088
   -104.2715311   64.4552250
   -104.2559435   64.4577800
   -104.2516577   64.4533947
   -104.2361455   64.4559505
   -104.2317842   64.4515646
   -104.2163482   64.4541207
   -104.2119108   64.4497345
   -104.1965511   64.4522912
   -104.1920373   64.4479043
   -104.1767528   64.4504607
   -104.1721642   64.4460753
   -104.1569549   64.4486309
   -104.1522903   64.4442462
   -104.1371576   64.4468003
   -104.1324163   64.4424165
   -104.1173602   64.4449702
   -104.1125422   64.4405878
   -104.0975624   64.4431393
   -104.0926686   64.4387592
   -104.0777652   64.4413081
   -104.0727950   64.4369305
   -104.0579678   64.4394772
   -104.0529214   64.4351022
   -104.0382910   64.4376248
   -104.0330652   64.4330962
   -104.0184914   64.4356656
   -104.0132090   64.4310896
   -103.9986915   64.4337060
   -103.9933528   64.4290833
   -103.9788919   64.4317471
   -103.9734962   64.4270769
   -103.9590923   64.4297881
   -103.9536395   64.4250705
   -103.9392919   64.4278285
   -103.9337836   64.4230649
   -103.9194924   64.4258697
   -103.9139271   64.4210588
   -103.8996932   64.4239107
   -103.8940709   64.4190524
   -103.8798928   64.4219510
   -103.8742147   64.4170465
   -103.8600928   64.4199917
   -103.8543585   64.4150407
   -103.8402937   64.4180321
   -103.8345019   64.4130337
   -103.8204937   64.4160729
   -103.8146451   64.4110280
   -103.8006938   64.4141135
   -103.7947888   64.4090223
   -103.7808941   64.4121540
   -103.7749327   64.4070160
   -103.7610943   64.4101940
   -103.7550764   64.4050101
   -103.7412948   64.4082349
   -103.7352202   64.4030044
   -103.7214951   64.4062752
   -103.7153640   64.4009982
   -103.7016948   64.4043153
   -103.6955077   64.3989926
   -103.6818954   64.4023556
   -103.6756514   64.3969867
   -103.6620961   64.4003971
   -103.6557944   64.3949808
   -103.6422958   64.3984371
   -103.6359381   64.3929753
   -103.6224959   64.3964774
   -103.6160818   64.3909698
   -103.6026962   64.3945176
   -103.5962256   64.3889637
   -103.5828965   64.3925573
   -103.5763694   64.3869581
   -103.5630970   64.3905979
   -103.5565131   64.3849527
   -103.5432973   64.3886380
   -103.5366565   64.3829464
   -103.5234970   64.3866780
   -103.5167996   64.3809412
   -103.5036976   64.3847180
   -103.4969434   64.3789357
   -103.4838981   64.3827584
   -103.4770871   64.3769305
   -103.4640985   64.3807984
   -103.4572308   64.3749246
   -103.4442983   64.3788381
   -103.4373749   64.3729198
   -103.4244988   64.3768785
   -103.4175183   64.3709145
   -103.4046996   64.3749187
   -103.3976621   64.3689087
   -103.3848994   64.3729583
   -103.3778053   64.3669033
   -103.3650995   64.3709984
   -103.3579485   64.3648984
   -103.3453004   64.3690379
   -103.3380922   64.3628926
   -103.3255006   64.3670778
   -103.3182359   64.3608877
   -103.3057007   64.3651176
   -103.2983796   64.3588827
   -103.2859011   64.3631572
   -103.2785233   64.3568772
   -103.2661014   64.3611964
   -103.2586670   64.3548722
   -103.2463020   64.3592364
   -103.2388107   64.3528674
   -103.2265024   64.3572759
   -103.2189540   64.3508616
   -103.2067022   64.3553154
   -103.1990974   64.3488573
   -103.1869028   64.3533553
   -103.1792408   64.3468526
   -103.1671036   64.3513951
   -103.1593845   64.3448473
   -103.1473034   64.3494342
   -103.1395282   64.3428427
   -103.1275036   64.3474736
   -103.1196718   64.3408381
   -103.1077045   64.3455127
   -103.0998155   64.3388328
   -103.0879048   64.3435521
   -103.0799587   64.3368279
   -103.0681050   64.3415915
   -103.0601018   64.3348237
   -103.0483054   64.3396306
   -103.0402455   64.3328187
   -103.0285058   64.3376693
   -103.0203892   64.3308142
   -103.0087064   64.3357088
   -103.0005328   64.3288099
   -102.9889068   64.3337477
   -102.9806764   64.3268050
   -102.9691067   64.3317865
   -102.9608203   64.3248011
   -102.9493074   64.3298259
   -102.9409637   64.3227969
   -102.9295082   64.3278651
   -102.9211070   64.3207918
   -102.9097081   64.3259039
   -102.9012500   64.3187880
   -102.8899083   64.3239427
   -102.8813936   64.3167840
   -102.8701093   64.3219811
   -102.8615372   64.3147792
   -102.8503097   64.3200200
   -102.8416808   64.3127754
   -102.8305099   64.3180587
   -102.8218244   64.3107715
   -102.8107103   64.3160972
   -102.8019680   64.3087671
   -102.7909109   64.3141352
   -102.7821112   64.3067629
   -102.7711115   64.3121742
   -102.7622542   64.3047595
   -102.7513119   64.3102126
   -102.7423978   64.3027552
   -102.7315119   64.3082507
   -102.7225416   64.3007518
   -102.7117127   64.3062895
   -102.7026849   64.2987483
   -102.6919136   64.3043280
   -102.6828285   64.2967442
   -102.6721136   64.3023660
   -102.6629721   64.2947408
   -102.6523139   64.3004042
   -102.6431156   64.2927375
   -102.6325149   64.2984419
   -102.6232587   64.2907331
   -102.6127153   64.2964802
   -102.6034017   64.2887302
   -102.5929156   64.2945181
   -102.5835452   64.2867271
   -102.5731161   64.2925559
   -102.5636888   64.2847233
   -102.5533167   64.2905932
   -102.5438322   64.2827203
   -102.5335175   64.2886314
   -102.5239757   64.2807174
   -102.5137179   64.2866690
   -102.5041193   64.2787138
   -102.4939181   64.2847064
   -102.4842630   64.2767112
   -102.4741189   64.2827444
   -102.4644058   64.2747081
   -102.4543198   64.2807822
   -102.4445488   64.2727051
   -102.4345199   64.2788194
   -102.4246923   64.2707025
   -102.4147203   64.2768567
   -102.4048357   64.2687000
   -102.3949213   64.2748936
   -102.3849792   64.2666968
   -102.3751220   64.2729310
   -102.3651226   64.2646945
   -102.3553223   64.2709681
   -102.3452660   64.2626923
   -102.3355228   64.2690050
   -102.3254091   64.2606889
   -102.3157230   64.2670418
   -102.3055519   64.2586872
   -102.2959240   64.2650783
   -102.2856953   64.2566852
   -102.2761250   64.2631154
   -102.2658388   64.2546825
   -102.2563252   64.2611519
   -102.2459823   64.2526808
   -102.2365256   64.2591893
   -102.2261256   64.2506791
   -102.2167267   64.2572253
   -102.2062690   64.2486767
   -102.1969274   64.2552620
   -102.1864124   64.2466751
   -102.1771278   64.2532983
   -102.1665553   64.2446733
   -102.1573284   64.2513345
   -102.1466981   64.2426715
   -102.1375293   64.2493701
   -102.1268415   64.2406702
   -102.1177302   64.2474065
   -102.1069848   64.2386690
   -102.0979308   64.2454424
   -102.0871281   64.2366671
   -102.0781311   64.2434781
   -102.0672714   64.2346661
   -102.0583322   64.2415134
   -102.0474147   64.2326653
   -102.0385333   64.2395494
   -102.0275015   64.2306179
   -102.0194575   64.2304850
   -102.0087315   64.2187767
   -102.0094667   64.2104698
   -102.0079743   64.2068261
   -102.0094347   64.1905614
   -102.0079262   64.1868621
   -102.0094028   64.1706529
   -102.0078783   64.1668981
   -102.0093706   64.1507444
   -102.0078303   64.1469336
   -102.0093379   64.1308359
   -102.0077825   64.1269710
   -102.0093055   64.1109274
   -102.0077348   64.1070070
   -102.0092733   64.0910189
   -102.0076873   64.0870429
   -102.0092407   64.0711104
   -102.0076394   64.0670779
   -102.0092078   64.0512019
   -102.0075920   64.0471148
   -102.0091750   64.0312935
   -102.0075449   64.0271513
   -102.0091423   64.0113850
   -102.0074977   64.0071878
   -102.0091094   63.9914765
   -102.0074506   63.9872237
   -102.0090766   63.9715680
   -102.0074033   63.9672587
   -102.0090430   63.9516595
   -102.0073562   63.9472956
   -102.0090099   63.9317515
   -102.0073095   63.9273321
   -102.0089768   63.9118430
   -102.0072628   63.9073686
   -102.0089435   63.8919336
   -102.0072163   63.8874035
   -102.0089101   63.8720261
   -102.0071697   63.8674405
   -102.0088766   63.8521176
   -102.0071231   63.8474764
   -102.0088432   63.8322091
   -102.0070768   63.8275124
   -102.0088094   63.8123006
   -102.0070307   63.8075489
   -102.0087757   63.7923921
   -102.0069841   63.7875843
   -102.0087413   63.7724836
   -102.0069378   63.7676213
   -102.0087075   63.7525751
   -102.0068919   63.7476572
   -102.0086734   63.7326667
   -102.0068459   63.7276932
   -102.0086395   63.7127582
   -102.0067999   63.7077287
   -102.0086046   63.6928497
   -102.0067539   63.6877661
   -102.0085705   63.6729412
   -102.0067083   63.6678021
   -102.0085361   63.6530327
   -102.0066626   63.6478380
   -102.0085018   63.6331242
   -102.0066172   63.6278740
   -102.0084672   63.6132158
   -102.0065715   63.6079094
   -102.0084321   63.5933073
   -102.0065261   63.5879469
   -102.0083974   63.5733988
   -102.0064808   63.5679828
   -102.0083628   63.5534903
   -102.0064357   63.5480188
   -102.0083278   63.5335818
   -102.0063905   63.5280547
   -102.0082931   63.5136728
   -102.0063457   63.5080897
   -102.0082581   63.4937653
   -102.0063008   63.4881271
   -102.0082228   63.4738569
   -102.0062559   63.4681636
   -102.0081877   63.4539484
   -102.0062112   63.4481996
   -102.0081524   63.4340399
   -102.0061662   63.4282345
   -102.0081167   63.4141314
   -102.0061215   63.4082715
   -102.0080811   63.3942229
   -102.0060771   63.3883079
   -102.0080457   63.3743144
   -102.0060327   63.3683444
   -102.0080100   63.3544060
   -102.0059883   63.3483803
   -102.0079745   63.3344975
   -102.0059438   63.3284153
   -102.0079381   63.3145890
   -102.0058994   63.3084522
   -102.0079024   63.2946805
   -102.0058554   63.2884882
   -102.0078664   63.2747720
   -102.0058115   63.2685246
   -102.0078304   63.2548635
   -102.0057672   63.2485601
   -102.0077937   63.2349550
   -102.0057232   63.2285970
   -102.0077577   63.2150466
   -102.0056794   63.2086330
   -102.0077214   63.1951381
   -102.0056357   63.1886689
   -102.0076852   63.1752296
   -102.0055923   63.1687054
   -102.0076486   63.1553211
   -102.0055483   63.1487408
   -102.0076119   63.1354116
   -102.0055053   63.1287778
   -102.0075756   63.1155041
   -102.0054619   63.1088137
   -102.0075390   63.0955962
   -102.0054186   63.0888497
   -102.0075024   63.0756877
   -102.0053751   63.0688846
   -102.0074650   63.0557792
   -102.0053319   63.0489221
   -102.0074282   63.0358707
   -102.0052888   63.0289585
   -102.0073911   63.0159622
   -102.0052458   63.0089945
   -102.0073542   62.9960537
   -102.0052030   62.9890304
   -102.0073170   62.9761453
   -102.0051598   62.9690654
   -102.0072795   62.9562368
   -102.0051171   62.9491028
   -102.0072420   62.9363283
   -102.0050743   62.9291393
   -102.0072048   62.9164198
   -102.0050318   62.9091752
   -102.0071673   62.8965113
   -102.0049889   62.8892101
   -102.0071294   62.8766029
   -102.0049464   62.8692471
   -102.0070918   62.8566944
   -102.0049040   62.8492831
   -102.0070543   62.8367859
   -102.0048619   62.8293195
   -102.0070164   62.8168774
   -102.0048196   62.8093559
   -102.0069787   62.7969689
   -102.0047772   62.7893909
   -102.0069402   62.7770604
   -102.0047349   62.7694278
   -102.0069026   62.7571509
   -102.0046935   62.7494638
   -102.0068648   62.7372435
   -102.0046517   62.7295002
   -102.0068267   62.7173350
   -102.0046098   62.7095367
   -102.0067885   62.6974265
   -102.0045678   62.6895716
   -102.0067497   62.6775185
   -102.0045259   62.6696086
   -102.0067115   62.6576101
   -102.0044843   62.6496445
   -102.0066730   62.6377016
   -102.0044428   62.6296805
   -102.0066347   62.6177931
   -102.0044012   62.6097159
   -102.0065955   62.5978846
   -102.0043595   62.5897533
   -102.0065570   62.5779761
   -102.0043182   62.5697893
   -102.0065182   62.5580676
   -102.0042770   62.5498252
   -102.0064796   62.5381592
   -102.0042359   62.5298612
   -102.0064406   62.5182507
   -102.0041946   62.5098966
   -102.0064013   62.4983422
   -102.0041533   62.4899341
   -102.0063622   62.4784337
   -102.0041124   62.4699700
   -102.0063233   62.4585252
   -102.0040715   62.4500059
   -102.0062841   62.4386168
   -102.0040304   62.4300408
   -102.0062445   62.4187083
   -102.0039895   62.4100778
   -102.0062051   62.3987998
   -102.0039490   62.3901143
   -102.0061661   62.3788903
   -102.0039089   62.3701507
   -102.0061268   62.3589828
   -102.0038683   62.3501866
   -102.0060875   62.3390744
   -102.0038277   62.3302215
   -102.0060473   62.3191659
   -102.0037871   62.3102585
   -102.0060078   62.2992574
   -102.0037469   62.2902950
   -102.0059679   62.2793489
   -102.0037066   62.2703314
   -102.0059283   62.2594404
   -102.0036662   62.2503663
   -102.0058878   62.2395320
   -102.0036259   62.2304033
   -102.0058480   62.2196240
   -102.0035859   62.2104392
   -102.0058081   62.1997155
   -102.0035459   62.1904752
   -102.0057680   62.1798070
   -102.0035062   62.1705116
   -102.0057279   62.1598985
   -102.0034660   62.1505470
   -102.0056871   62.1399901
   -102.0034260   62.1305840
   -102.0056470   62.1200816
   -102.0033864   62.1106199
   -102.0056066   62.1001731
   -102.0033468   62.0906559
   -102.0055663   62.0802646
   -102.0033074   62.0706923
   -102.0055257   62.0603561
   -102.0032676   62.0507277
   -102.0054848   62.0404477
   -102.0032280   62.0307647
   -102.0054441   62.0205392
   -102.0031886   62.0108006
   -102.0054038   62.0006296
   -102.0031499   61.9908365
   -102.0053632   61.9807222
   -102.0031106   61.9708719
   -102.0053220   61.9608137
   -102.0030711   61.9509094
   -102.0052810   61.9409053
   -102.0030321   61.9309454
   -102.0052402   61.9209968
   -102.0029931   61.9109813
   -102.0051991   61.9010883
   -102.0029542   61.8910172
   -102.0051582   61.8811798
   -102.0029151   61.8710521
   -102.0051164   61.8612714
   -102.0028762   61.8510896
   -102.0050753   61.8413629
   -102.0028373   61.8311260
   -102.0050340   61.8214544
   -102.0027987   61.8111620
   -102.0049926   61.8015464
   -102.0027599   61.7911968
   -102.0049508   61.7816379
   -102.0027211   61.7712338
   -102.0049093   61.7617295
   -102.0026828   61.7512703
   -102.0048679   61.7418210
   -102.0026443   61.7313067
   -102.0048262   61.7219125
   -102.0026060   61.7113426
   -102.0047846   61.7020040
   -102.0025675   61.6913775
   -102.0047423   61.6820955
   -102.0025290   61.6714145
   -102.0047006   61.6621871
   -102.0024909   61.6514505
   -102.0046586   61.6422786
   -102.0024530   61.6314869
   -102.0046171   61.6223690
   -102.0024151   61.6115222
   -102.0045747   61.6024616
   -102.0023770   61.5915592
   -102.0045328   61.5825532
   -102.0023391   61.5715952
   -102.0044905   61.5626447
   -102.0023013   61.5516311
   -102.0044485   61.5427362
   -102.0022636   61.5316675
   -102.0044062   61.5228277
   -102.0022256   61.5117029
   -102.0043635   61.5029192
   -102.0021878   61.4917399
   -102.0043210   61.4830108
   -102.0021502   61.4717758
   -102.0042787   61.4631023
   -102.0021127   61.4518118
   -102.0042361   61.4431938
   -102.0020751   61.4318466
   -102.0041931   61.4232853
   -102.0020376   61.4118841
   -102.0041504   61.4033769
   -102.0020002   61.3919206
   -102.0041077   61.3834689
   -102.0019629   61.3719565
   -102.0040651   61.3635604
   -102.0019258   61.3519924
   -102.0040222   61.3436519
   -102.0018885   61.3320273
   -102.0039789   61.3237435
   -102.0018512   61.3120648
   -102.0039359   61.3038350
   -102.0018141   61.2921012
   -102.0038930   61.2839265
   -102.0017772   61.2721372
   -102.0038499   61.2640180
   -102.0017403   61.2521731
   -102.0038071   61.2441084
   -102.0017038   61.2322079
   -102.0037635   61.2242011
   -102.0016668   61.2122449
   -102.0037204   61.2042926
   -102.0016302   61.1922814
   -102.0036770   61.1843841
   -102.0015935   61.1723178
   -102.0036338   61.1644756
   -102.0015567   61.1523526
   -102.0035897   61.1445672
   -102.0015200   61.1323897
   -102.0035464   61.1246587
   -102.0014835   61.1124256
   -102.0035027   61.1047502
   -102.0014473   61.0924620
   -102.0034593   61.0848417
   -102.0014108   61.0724984
   -102.0034155   61.0649333
   -102.0013744   61.0525333
   -102.0033714   61.0450248
   -102.0013379   61.0325703
   -102.0033275   61.0251163
   -102.0013018   61.0126062
   -102.0032838   61.0052078
   -102.0012657   60.9926422
   -102.0032398   60.9852994
   -102.0012296   60.9726775
   -102.0031953   60.9653914
   -102.0011932   60.9527150
   -102.0031514   60.9454829
   -102.0011573   60.9327509
   -102.0031072   60.9255744
   -102.0011215   60.9127869
   -102.0030632   60.9056660
   -102.0010857   60.8928228
   -102.0030189   60.8857575
   -102.0010499   60.8728581
   -102.0029746   60.8658479
   -102.0010143   60.8528956
   -102.0029304   60.8459405
   -102.0009787   60.8329316
   -102.0028861   60.8260321
   -102.0009431   60.8129675
   -102.0028416   60.8061236
   -102.0009075   60.7930023
   -102.0027967   60.7862151
   -102.0008717   60.7730394
   -102.0027520   60.7663066
   -102.0008365   60.7530758
   -102.0027076   60.7463982
   -102.0008010   60.7331122
   -102.0026628   60.7264897
   -102.0007657   60.7131481
   -102.0026182   60.7065812
   -102.0007304   60.6931829
   -102.0025728   60.6866727
   -102.0006949   60.6732200
   -102.0025281   60.6667643
   -102.0006599   60.6532564
   -102.0024832   60.6468558
   -102.0006247   60.6332928
   -102.0024384   60.6269473
   -102.0005896   60.6133276
   -102.0023927   60.6070388
   -102.0005544   60.5933647
   -102.0023478   60.5871304
   -102.0005195   60.5734006
   -102.0023026   60.5672219
   -102.0004848   60.5534370
   -102.0022574   60.5473139
   -102.0004499   60.5334734
   -102.0022123   60.5274054
   -102.0004151   60.5135082
   -102.0021664   60.5074970
   -102.0003801   60.4935453
   -102.0021215   60.4875873
   -102.0003460   60.4735812
   -102.0020762   60.4676800
   -102.0003116   60.4536171
   -102.0020308   60.4477715
   -102.0002771   60.4336536
   -102.0019853   60.4278631
   -102.0002424   60.4136888
   -102.0019393   60.4079546
   -102.0002077   60.3937259
   -102.0018936   60.3880461
   -102.0001735   60.3737618
   -102.0018481   60.3681376
   -102.0001392   60.3537978
   -102.0018022   60.3482292
   -102.0001049   60.3338330
   -102.0017561   60.3283207
   -102.0000703   60.3138706
   -102.0017102   60.3084122
   -102.0000362   60.2939065
   -102.0016644   60.2885037
   -102.0000022   60.2739424
   -102.0016184   60.2685953
   -101.9999682   60.2539784
   -102.0015725   60.2486868
   -101.9999341   60.2340131
   -102.0015258   60.2287783
   -101.9999000   60.2140507
   -102.0014799   60.2088698
   -101.9998660   60.1940871
   -102.0014337   60.1889614
   -101.9998323   60.1741230
   -102.0013876   60.1690529
   -101.9997984   60.1541578
   -102.0013407   60.1491444
   -101.9997645   60.1341949
   -102.0012945   60.1292359
   -101.9997309   60.1142313
   -102.0012485   60.1093263
   -101.9996977   60.0942677
   -102.0012021   60.0894195
   -101.9996643   60.0743036
   -102.0011557   60.0695110
   -101.9996307   60.0543384
   -102.0011086   60.0496026
   -101.9995970   60.0343755
   -102.0010621   60.0296941
   -101.9997781   60.0137279
   -102.0068708   60.0097797
   -102.0177232   59.9920509
   -102.0345026   59.9972997
   -102.0377131   59.9920527
   -102.0544923   59.9973061
   -102.0577027   59.9920565
   -102.0744823   59.9973105
   -102.0776922   59.9920594
   -102.0944718   59.9973153
   -102.0976823   59.9920617
   -102.1144612   59.9973212
   -102.1176721   59.9920648
   -102.1344511   59.9973269
   -102.1376623   59.9920671
   -102.1544407   59.9973316
   -102.1576523   59.9920694
   -102.1744302   59.9973374
   -102.1776421   59.9920726
   -102.1944197   59.9973431
   -102.1976318   59.9920757
   -102.2144091   59.9973482
   -102.2176213   59.9920778
   -102.2343992   59.9973530
   -102.2376111   59.9920810
   -102.2543887   59.9973587
   -102.2576013   59.9920833
   -102.2743782   59.9973645
   -102.2775913   59.9920863
   -102.2943682   59.9973696
   -102.2975811   59.9920894
   -102.3143576   59.9973752
   -102.3175713   59.9920910
   -102.3343472   59.9973808
   -102.3375608   59.9920948
   -102.3543372   59.9973852
   -102.3575501   59.9920978
   -102.3743267   59.9973908
   -102.3775403   59.9921001
   -102.3943162   59.9973967
   -102.3975303   59.9921031
   -102.4143056   59.9974015
   -102.4175203   59.9921046
   -102.4342952   59.9974072
   -102.4375101   59.9921078
   -102.4542852   59.9974130
   -102.4575003   59.9921108
   -102.4742747   59.9974179
   -102.4774898   59.9921139
   -102.4942641   59.9974231
   -102.4974792   59.9921161
   -102.5142542   59.9974287
   -102.5174693   59.9921191
   -102.5342437   59.9974336
   -102.5374593   59.9921214
   -102.5542332   59.9974394
   -102.5574492   59.9921246
   -102.5742227   59.9974451
   -102.5774393   59.9921269
   -102.5942121   59.9974509
   -102.5974288   59.9921299
   -102.6142022   59.9974551
   -102.6174182   59.9921329
   -102.6341917   59.9974608
   -102.6374083   59.9921352
   -102.6541812   59.9974666
   -102.6573983   59.9921382
   -102.6741712   59.9974717
   -102.6773882   59.9921413
   -102.6941606   59.9974773
   -102.6973783   59.9921428
   -102.7141502   59.9974830
   -102.7173683   59.9921458
   -102.7341402   59.9974881
   -102.7373578   59.9921496
   -102.7541297   59.9974923
   -102.7573472   59.9921519
   -102.7741192   59.9974989
   -102.7773373   59.9921549
   -102.7941086   59.9975038
   -102.7973273   59.9921564
   -102.8140982   59.9975095
   -102.8173172   59.9921595
   -102.8340882   59.9975153
   -102.8373073   59.9921625
   -102.8540777   59.9975202
   -102.8572973   59.9921647
   -102.8740671   59.9975261
   -102.8772867   59.9921679
   -102.8940572   59.9975310
   -102.8972763   59.9921707
   -102.9140467   59.9975359
   -102.9172663   59.9921730
   -102.9340362   59.9975418
   -102.9372562   59.9921761
   -102.9540257   59.9975475
   -102.9572463   59.9921784
   -102.9740151   59.9975534
   -102.9772363   59.9921806
   -102.9940052   59.9975583
   -102.9972262   59.9921837
   -103.0139947   59.9975639
   -103.0172158   59.9921868
   -103.0339842   59.9975692
   -103.0372053   59.9921896
   -103.0539742   59.9975742
   -103.0571953   59.9921925
   -103.0739636   59.9975791
   -103.0771852   59.9921942
   -103.0939532   59.9975856
   -103.0971753   59.9921972
   -103.1139432   59.9975907
   -103.1171653   59.9922001
   -103.1339327   59.9975956
   -103.1371552   59.9922025
   -103.1539221   59.9976022
   -103.1571448   59.9922056
   -103.1739117   59.9976063
   -103.1771343   59.9922076
   -103.1939012   59.9976122
   -103.1971242   59.9922108
   -103.2138912   59.9976181
   -103.2171143   59.9922137
   -103.2338807   59.9976230
   -103.2371043   59.9922159
   -103.2538701   59.9976289
   -103.2570942   59.9922183
   -103.2738602   59.9976345
   -103.2770838   59.9922221
   -103.2938497   59.9976388
   -103.2970733   59.9922241
   -103.3138392   59.9976447
   -103.3170632   59.9922273
   -103.3338287   59.9976504
   -103.3370533   59.9922295
   -103.3538181   59.9976563
   -103.3570433   59.9922317
   -103.3738082   59.9976612
   -103.3770333   59.9922346
   -103.3937977   59.9976661
   -103.3970232   59.9922370
   -103.4137872   59.9976728
   -103.4170128   59.9922408
   -103.4337771   59.9976772
   -103.4370023   59.9922427
   -103.4537667   59.9976819
   -103.4569922   59.9922452
   -103.4737562   59.9976887
   -103.4769823   59.9922481
   -103.4937462   59.9976938
   -103.4969723   59.9922510
   -103.5137357   59.9976987
   -103.5169622   59.9922534
   -103.5337251   59.9977054
   -103.5369523   59.9922556
   -103.5537147   59.9977101
   -103.5569418   59.9922586
   -103.5737042   59.9977154
   -103.5769312   59.9922616
   -103.5936942   59.9977213
   -103.5969213   59.9922645
   -103.6136837   59.9977262
   -103.6169113   59.9922667
   -103.6336731   59.9977321
   -103.6369012   59.9922690
   -103.6536632   59.9977378
   -103.6568913   59.9922720
   -103.6736527   59.9977427
   -103.6768813   59.9922742
   -103.6936422   59.9977487
   -103.6968708   59.9922779
   -103.7136316   59.9977529
   -103.7168602   59.9922794
   -103.7336212   59.9977595
   -103.7368503   59.9922823
   -103.7536112   59.9977646
   -103.7568403   59.9922852
   -103.7736007   59.9977695
   -103.7768302   59.9922876
   -103.7935902   59.9977763
   -103.7968203   59.9922905
   -103.8135801   59.9977813
   -103.8168103   59.9922926
   -103.8335697   59.9977861
   -103.8367997   59.9922958
   -103.8535592   59.9977922
   -103.8567893   59.9922986
   -103.8735492   59.9977973
   -103.8767793   59.9923015
   -103.8935387   59.9978022
   -103.8967692   59.9923038
   -103.9135281   59.9978089
   -103.9167593   59.9923060
   -103.9335177   59.9978137
   -103.9367494   59.9923082
   -103.9535072   59.9978197
   -103.9567387   59.9923121
   -103.9734972   59.9978249
   -103.9767284   59.9923148
   -103.9934866   59.9978298
   -103.9967184   59.9923162
   -104.0134762   59.9978356
   -104.0167084   59.9923191
   -104.0334662   59.9978407
   -104.0366982   59.9923222
   -104.0534557   59.9978465
   -104.0566884   59.9923244
   -104.0734452   59.9978525
   -104.0766784   59.9923273
   -104.0934346   59.9978574
   -104.0966678   59.9923297
   -104.1134242   59.9978633
   -104.1166574   59.9923324
   -104.1334142   59.9978684
   -104.1366474   59.9923353
   -104.1534037   59.9978734
   -104.1566373   59.9923377
   -104.1733932   59.9978802
   -104.1766274   59.9923406
   -104.1933831   59.9978853
   -104.1966174   59.9923427
   -104.2133727   59.9978900
   -104.2166073   59.9923450
   -104.2333622   59.9978968
   -104.2365969   59.9923488
   -104.2533522   59.9979013
   -104.2565864   59.9923515
   -104.2733416   59.9979062
   -104.2765763   59.9923530
   -104.2933312   59.9979128
   -104.2965664   59.9923559
   -104.3133207   59.9979178
   -104.3165564   59.9923581
   -104.3333102   59.9979238
   -104.3365464   59.9923609
   -104.3533002   59.9979289
   -104.3565363   59.9923640
   -104.3732896   59.9979347
   -104.3765259   59.9923662
   -104.3932792   59.9979398
   -104.3965154   59.9923689
   -104.4132692   59.9979449
   -104.4165053   59.9923720
   -104.4332587   59.9979507
   -104.4364954   59.9923742
   -104.4532482   59.9979567
   -104.4564854   59.9923770
   -104.4732376   59.9979617
   -104.4764753   59.9923785
   -104.4932272   59.9979683
   -104.4964654   59.9923814
   -104.5132172   59.9979734
   -104.5164549   59.9923851
   -104.5332067   59.9979777
   -104.5364443   59.9923873
   -104.5531961   59.9979845
   -104.5564344   59.9923894
   -104.5731862   59.9979895
   -104.5764244   59.9923922
   -104.5931757   59.9979945
   -104.5964143   59.9923946
   -104.6131652   59.9980013
   -104.6164044   59.9923974
   -104.6331552   59.9980064
   -104.6363939   59.9924011
   -104.6531446   59.9980107
   -104.6563833   59.9924025
   -104.6731342   59.9980173
   -104.6763734   59.9924054
   -104.6931237   59.9980223
   -104.6963634   59.9924075
   -104.7131132   59.9980284
   -104.7163534   59.9924103
   -104.7331032   59.9980335
   -104.7363433   59.9924134
   -104.7530926   59.9980393
   -104.7563334   59.9924147
   -104.7730822   59.9980451
   -104.7763229   59.9924184
   -104.7930722   59.9980496
   -104.7963123   59.9924213
   -104.8130617   59.9980554
   -104.8163024   59.9924234
   -104.8330511   59.9980614
   -104.8362924   59.9924255
   -104.8530407   59.9980662
   -104.8562823   59.9924278
   -104.8730302   59.9980731
   -104.8762724   59.9924306
   -104.8930202   59.9980782
   -104.8962624   59.9924335
   -104.9130097   59.9980832
   -104.9162518   59.9924366
   -104.9329991   59.9980894
   -104.9362414   59.9924385
   -104.9529892   59.9980944
   -104.9562314   59.9924413
   -104.9729787   59.9980994
   -104.9762213   59.9924436
   -104.9929682   59.9981062
   -104.9962114   59.9924465
   -105.0129577   59.9981112
   -105.0162014   59.9924486
   -105.0329471   59.9981172
   -105.0361914   59.9924506
   -105.0529372   59.9981223
   -105.0561808   59.9924545
   -105.0729267   59.9981274
   -105.0761704   59.9924564
   -105.0929162   59.9981334
   -105.0961604   59.9924593
   -105.1129061   59.9981386
   -105.1161503   59.9924614
   -105.1328957   59.9981442
   -105.1361404   59.9924636
   -105.1528852   59.9981503
   -105.1561304   59.9924664
   -105.1728752   59.9981555
   -105.1761203   59.9924694
   -105.1928647   59.9981613
   -105.1961099   59.9924724
   -105.2128541   59.9981666
   -105.2160994   59.9924742
   -105.2328437   59.9981715
   -105.2360893   59.9924765
   -105.2528332   59.9981784
   -105.2560794   59.9924793
   -105.2728232   59.9981835
   -105.2760694   59.9924821
   -105.2928127   59.9981886
   -105.2960593   59.9924844
   -105.3128021   59.9981954
   -105.3160489   59.9924873
   -105.3327922   59.9981997
   -105.3360384   59.9924899
   -105.3527817   59.9982048
   -105.3560284   59.9924920
   -105.3727712   59.9982109
   -105.3760183   59.9924950
   -105.3927606   59.9982167
   -105.3960084   59.9924963
   -105.4127502   59.9982226
   -105.4159984   59.9924991
   -105.4327402   59.9982278
   -105.4359883   59.9925020
   -105.4527297   59.9982336
   -105.4559779   59.9925050
   -105.4727192   59.9982390
   -105.4759674   59.9925077
   -105.4927091   59.9982442
   -105.4959573   59.9925098
   -105.5126987   59.9982499
   -105.5159474   59.9925119
   -105.5326882   59.9982559
   -105.5359374   59.9925147
   -105.5526782   59.9982612
   -105.5559273   59.9925177
   -105.5726677   59.9982670
   -105.5759174   59.9925198
   -105.5926571   59.9982731
   -105.5959069   59.9925226
   -105.6126467   59.9982772
   -105.6158964   59.9925247
   -105.6326362   59.9982842
   -105.6358864   59.9925275
   -105.6526262   59.9982894
   -105.6558764   59.9925303
   -105.6726156   59.9982944
   -105.6758664   59.9925315
   -105.6926052   59.9983003
   -105.6958564   59.9925345
   -105.7125952   59.9983064
   -105.7158465   59.9925373
   -105.7325847   59.9983114
   -105.7358360   59.9925402
   -105.7525742   59.9983168
   -105.7558254   59.9925430
   -105.7725636   59.9983226
   -105.7758155   59.9925443
   -105.7925532   59.9983286
   -105.7958055   59.9925470
   -105.8125432   59.9983338
   -105.8157954   59.9925500
   -105.8325327   59.9983397
   -105.8357855   59.9925521
   -105.8525222   59.9983458
   -105.8557755   59.9925548
   -105.8725121   59.9983510
   -105.8757649   59.9925578
   -105.8925017   59.9983560
   -105.8957545   59.9925597
   -105.9124912   59.9983621
   -105.9157445   59.9925625
   -105.9324812   59.9983674
   -105.9357344   59.9925654
   -105.9524706   59.9983732
   -105.9557245   59.9925667
   -105.9724602   59.9983792
   -105.9757145   59.9925694
   -105.9924497   59.9983843
   -105.9957040   59.9925724
   -106.0124392   59.9983897
   -106.0156934   59.9925751
   -106.0324292   59.9983957
   -106.0356835   59.9925779
   -106.0524186   59.9984008
   -106.0556735   59.9925791
   -106.0724082   59.9984067
   -106.0756634   59.9925820
   -106.0923982   59.9984128
   -106.0956535   59.9925848
   -106.1123877   59.9984179
   -106.1156435   59.9925869
   -106.1323772   59.9984240
   -106.1356329   59.9925907
   -106.1523666   59.9984292
   -106.1556225   59.9925917
   -106.1723562   59.9984352
   -106.1756125   59.9925945
   -106.1923462   59.9984404
   -106.1956024   59.9925974
   -106.2123357   59.9984463
   -106.2155925   59.9925994
   -106.2323251   59.9984524
   -106.2355825   59.9926014
   -106.2523152   59.9984575
   -106.2555724   59.9926042
   -106.2723047   59.9984634
   -106.2755620   59.9926072
   -106.2922942   59.9984689
   -106.2955515   59.9926098
   -106.3122842   59.9984741
   -106.3155415   59.9926125
   -106.3322736   59.9984792
   -106.3355314   59.9926138
   -106.3522632   59.9984860
   -106.3555215   59.9926166
   -106.3722527   59.9984911
   -106.3755115   59.9926186
   -106.3922422   59.9984973
   -106.3955014   59.9926215
   -106.4122322   59.9985033
   -106.4154910   59.9926252
   -106.4322216   59.9985077
   -106.4354805   59.9926262
   -106.4522112   59.9985137
   -106.4554704   59.9926291
   -106.4722012   59.9985198
   -106.4754605   59.9926318
   -106.4921907   59.9985249
   -106.4954505   59.9926338
   -106.5121801   59.9985310
   -106.5154404   59.9926359
   -106.5321697   59.9985368
   -106.5354305   59.9926379
   -106.5521592   59.9985430
   -106.5554200   59.9926415
   -106.5721492   59.9985475
   -106.5754094   59.9926442
   -106.5921387   59.9985535
   -106.5953995   59.9926462
   -106.6121281   59.9985596
   -106.6153895   59.9926481
   -106.6321182   59.9985647
   -106.6353795   59.9926509
   -106.6521077   59.9985699
   -106.6553694   59.9926530
   -106.6720972   59.9985769
   -106.6753590   59.9926566
   -106.6920872   59.9985814
   -106.6953485   59.9926592
   -106.7120766   59.9985865
   -106.7153384   59.9926605
   -106.7320662   59.9985934
   -106.7353285   59.9926632
   -106.7520557   59.9985985
   -106.7553185   59.9926652
   -106.7720452   59.9986047
   -106.7753084   59.9926681
   -106.7920351   59.9986108
   -106.7952985   59.9926700
   -106.8120247   59.9986157
   -106.8152880   59.9926728
   -106.8320142   59.9986212
   -106.8352774   59.9926755
   -106.8520042   59.9986273
   -106.8552675   59.9926782
   -106.8719937   59.9986325
   -106.8752575   59.9926802
   -106.8919831   59.9986386
   -106.8952474   59.9926822
   -106.9119727   59.9986444
   -106.9152375   59.9926842
   -106.9319622   59.9986507
   -106.9352275   59.9926869
   -106.9519522   59.9986560
   -106.9552170   59.9926905
   -106.9719417   59.9986604
   -106.9752064   59.9926925
   -106.9919311   59.9986674
   -106.9951965   59.9926944
   -107.0119212   59.9986725
   -107.0151865   59.9926970
   -107.0319107   59.9986777
   -107.0351764   59.9926991
   -107.0519002   59.9986847
   -107.0551665   59.9927019
   -107.0718902   59.9986900
   -107.0751565   59.9927045
   -107.0918796   59.9986951
   -107.0951460   59.9927067
   -107.1118692   59.9987013
   -107.1151355   59.9927093
   -107.1318587   59.9987065
   -107.1351255   59.9927112
   -107.1518482   59.9987127
   -107.1551155   59.9927140
   -107.1718381   59.9987188
   -107.1751055   59.9927159
   -107.1918277   59.9987238
   -107.1950955   59.9927178
   -107.2118172   59.9987300
   -107.2150855   59.9927207
   -107.2318072   59.9987362
   -107.2350750   59.9927243
   -107.2517967   59.9987406
   -107.2550645   59.9927260
   -107.2717861   59.9987468
   -107.2750545   59.9927279
   -107.2917757   59.9987518
   -107.2950445   59.9927300
   -107.3117652   59.9987589
   -107.3150345   59.9927326
   -107.3317552   59.9987642
   -107.3350245   59.9927353
   -107.3517447   59.9987694
   -107.3550140   59.9927383
   -107.3717341   59.9987757
   -107.3750035   59.9927400
   -107.3917242   59.9987809
   -107.3949935   59.9927427
   -107.4117137   59.9987861
   -107.4149835   59.9927447
   -107.4317031   59.9987932
   -107.4349736   59.9927474
   -107.4516931   59.9987985
   -107.4549636   59.9927492
   -107.4716826   59.9988035
   -107.4749535   59.9927513
   -107.4916721   59.9988106
   -107.4949431   59.9927549
   -107.5116616   59.9988150
   -107.5149326   59.9927566
   -107.5316511   59.9988213
   -107.5349225   59.9927594
   -107.5516411   59.9988274
   -107.5549126   59.9927613
   -107.5716306   59.9988325
   -107.5749026   59.9927632
   -107.5916201   59.9988387
   -107.5948926   59.9927658
   -107.6116101   59.9988441
   -107.6148825   59.9927686
   -107.6315996   59.9988501
   -107.6348721   59.9927714
   -107.6515891   59.9988556
   -107.6548616   59.9927731
   -107.6715786   59.9988606
   -107.6748515   59.9927751
   -107.6915681   59.9988678
   -107.6948416   59.9927778
   -107.7115581   59.9988731
   -107.7148316   59.9927804
   -107.7315476   59.9988783
   -107.7348215   59.9927816
   -107.7515371   59.9988853
   -107.7548116   59.9927843
   -107.7715271   59.9988906
   -107.7748011   59.9927878
   -107.7915166   59.9988951
   -107.7947905   59.9927897
   -107.8115061   59.9989022
   -107.8147806   59.9927923
   -107.8314956   59.9989074
   -107.8347706   59.9927934
   -107.8514851   59.9989135
   -107.8547605   59.9927961
   -107.8714751   59.9989197
   -107.8747506   59.9927988
   -107.8914646   59.9989249
   -107.8947406   59.9928007
   -107.9114541   59.9989312
   -107.9147300   59.9928044
   -107.9314441   59.9989367
   -107.9347196   59.9928060
   -107.9514336   59.9989417
   -107.9547096   59.9928079
   -107.9714231   59.9989480
   -107.9746996   59.9928105
   -107.9914131   59.9989534
   -107.9946895   59.9928132
   -108.0114026   59.9989594
   -108.0146796   59.9928143
   -108.0313921   59.9989656
   -108.0346691   59.9928178
   -108.0513816   59.9989701
   -108.0546585   59.9928196
   -108.0713711   59.9989772
   -108.0746486   59.9928223
   -108.0913611   59.9989826
   -108.0946386   59.9928249
   -108.1113506   59.9989878
   -108.1146285   59.9928260
   -108.1313401   59.9989948
   -108.1346186   59.9928287
   -108.1513301   59.9990002
   -108.1546086   59.9928313
   -108.1713196   59.9990054
   -108.1745980   59.9928342
   -108.1913091   59.9990119
   -108.1945876   59.9928367
   -108.2112986   59.9990170
   -108.2145776   59.9928377
   -108.2312881   59.9990232
   -108.2345675   59.9928404
   -108.2512781   59.9990295
   -108.2545576   59.9928430
   -108.2712676   59.9990347
   -108.2745476   59.9928449
   -108.2912571   59.9990410
   -108.2945376   59.9928466
   -108.3112471   59.9990463
   -108.3145270   59.9928503
   -108.3312366   59.9990516
   -108.3345166   59.9928519
   -108.3512261   59.9990580
   -108.3545066   59.9928545
   -108.3712161   59.9990634
   -108.3744965   59.9928573
   -108.3912056   59.9990694
   -108.3944866   59.9928583
   -108.4111951   59.9990756
   -108.4144766   59.9928608
   -108.4311846   59.9990809
   -108.4344665   59.9928628
   -108.4511741   59.9990881
   -108.4544561   59.9928664
   -108.4711641   59.9990927
   -108.4744456   59.9928688
   -108.4911536   59.9990979
   -108.4944356   59.9928698
   -108.5111431   59.9991050
   -108.5144256   59.9928725
   -108.5311331   59.9991105
   -108.5344156   59.9928750
   -108.5511226   59.9991157
   -108.5544056   59.9928770
   -108.5711121   59.9991229
   -108.5743956   59.9928787
   -108.5911016   59.9991280
   -108.5943851   59.9928815
   -108.6110911   59.9991336
   -108.6143746   59.9928839
   -108.6310811   59.9991390
   -108.6343646   59.9928866
   -108.6510706   59.9991451
   -108.6543546   59.9928884
   -108.6710601   59.9991515
   -108.6743446   59.9928901
   -108.6910501   59.9991568
   -108.6943346   59.9928928
   -108.7110396   59.9991629
   -108.7143241   59.9928956
   -108.7310291   59.9991685
   -108.7343136   59.9928979
   -108.7510191   59.9991740
   -108.7543036   59.9929006
   -108.7710086   59.9991800
   -108.7742936   59.9929016
   -108.7909981   59.9991863
   -108.7942836   59.9929041
   -108.8109876   59.9991916
   -108.8142736   59.9929060
   -108.8309771   59.9991988
   -108.8342636   59.9929086
   -108.8509671   59.9992043
   -108.8542531   59.9929113
   -108.8709566   59.9992086
   -108.8742426   59.9929130
   -108.8909461   59.9992159
   -108.8942326   59.9929156
   -108.9109361   59.9992213
   -108.9142226   59.9929181
   -108.9309256   59.9992266
   -108.9342126   59.9929199
   -108.9509151   59.9992330
   -108.9542026   59.9929217
   -108.9709046   59.9992390
   -108.9741926   59.9929235
   -108.9908941   59.9992454
   -108.9941821   59.9929270
   -109.0108841   59.9992501
   -109.0141716   59.9929295
   -109.0308736   59.9992562
   -109.0341616   59.9929313
   -109.0508631   59.9992626
   -109.0541516   59.9929329
   -109.0708531   59.9992680
   -109.0741416   59.9929356
   -109.0908426   59.9992741
   -109.0941317   59.9929374
   -109.1108321   59.9992805
   -109.1141217   59.9929399
   -109.1308221   59.9992860
   -109.1341111   59.9929426
   -109.1508116   59.9992912
   -109.1541007   59.9929442
   -109.1708011   59.9992977
   -109.1740907   59.9929468
   -109.1907906   59.9993030
   -109.1940806   59.9929486
   -109.2107801   59.9993103
   -109.2140707   59.9929512
   -109.2307701   59.9993157
   -109.2340607   59.9929528
   -109.2507596   59.9993209
   -109.2540507   59.9929546
   -109.2707491   59.9993273
   -109.2740401   59.9929582
   -109.2907391   59.9993329
   -109.2940297   59.9929605
   -109.3107286   59.9993382
   -109.3140197   59.9929623
   -109.3307181   59.9993446
   -109.3340096   59.9929640
   -109.3507076   59.9993507
   -109.3539997   59.9929658
   -109.3706971   59.9993571
   -109.3739897   59.9929683
   -109.3906871   59.9993626
   -109.3939791   59.9929719
   -109.4106766   59.9993680
   -109.4139687   59.9929726
   -109.4306661   59.9993743
   -109.4339587   59.9929751
   -109.4506561   59.9993798
   -109.4539486   59.9929777
   -109.4706456   59.9993860
   -109.4739387   59.9929794
   -109.4906351   59.9993925
   -109.4939287   59.9929820
   -109.5106251   59.9993979
   -109.5139186   59.9929837
   -109.5306146   59.9994040
   -109.5339082   59.9929864
   -109.5506041   59.9994097
   -109.5538977   59.9929887
   -109.5705936   59.9994150
   -109.5738877   59.9929904
   -109.5905831   59.9994215
   -109.5938776   59.9929930
   -109.6105731   59.9994279
   -109.6138677   59.9929947
   -109.6305626   59.9994331
   -109.6338577   59.9929964
   -109.6505521   59.9994396
   -109.6538476   59.9929990
   -109.6705421   59.9994459
   -109.6738372   59.9930024
   -109.6905316   59.9994505
   -109.6938267   59.9930031
   -109.7105211   59.9994568
   -109.7138166   59.9930057
   -109.7305106   59.9994630
   -109.7338067   59.9930074
   -109.7505001   59.9994695
   -109.7537967   59.9930099
   -109.7704901   59.9994751
   -109.7737866   59.9930124
   -109.7904796   59.9994812
   -109.7937767   59.9930133
   -109.8104691   59.9994876
   -109.8137662   59.9930167
   -109.8304591   59.9994924
   -109.8337556   59.9930191
   -109.8504486   59.9994986
   -109.8537457   59.9930208
   -109.8704381   59.9995051
   -109.8737357   59.9930233
   -109.8904281   59.9995106
   -109.8937257   59.9930249
   -109.9104176   59.9995158
   -109.9137157   59.9930267
   -109.9304071   59.9995232
   -109.9337057   59.9930291
   -109.9503966   59.9995286
   -109.9536952   59.9930318
   -109.9703860   59.9995343
   -109.9736847   59.9930333
   -109.9903761   59.9995406
   -109.9936747   59.9930358
   -110.0103656   59.9995460
   -110.0136647   59.9930374
   -110.0303551   59.9995525
   -110.0336547   59.9930400
   -110.0503451   59.9995589
   -110.0536447   59.9930425
   -110.0703345   59.9995642
   -110.0736342   59.9930442
   -110.0903241   59.9995699
   -110.0936237   59.9930466
   -110.1103136   59.9995761
   -110.1136137   59.9930483
   -110.1303031   59.9995827
   -110.1336037   59.9930507
   -110.1502931   59.9995882
   -110.1535937   59.9930532
   -110.1702825   59.9995944
   -110.1735837   59.9930540
   -110.1902721   59.9996009
   -110.1935737   59.9930565
   -110.2102621   59.9996065
   -110.2135632   59.9930599
   -110.2302516   59.9996110
   -110.2335527   59.9930614
   -110.2502410   59.9996184
   -110.2535427   59.9930630
   -110.2702311   59.9996239
   -110.2735327   59.9930655
   -110.2902206   59.9996293
   -110.2935227   59.9930672
   -110.3102101   59.9996367
   -110.3135127   59.9930696
   -110.3301996   59.9996421
   -110.3335027   59.9930713
   -110.3501890   59.9996486
   -110.3534922   59.9930739
   -110.3701791   59.9996542
   -110.3734817   59.9930761
   -110.3901686   59.9996596
   -110.3934717   59.9930778
   -110.4101581   59.9996662
   -110.4134617   59.9930803
   -110.4301481   59.9996726
   -110.4334517   59.9930827
   -110.4501375   59.9996780
   -110.4534417   59.9930834
   -110.4701271   59.9996845
   -110.4734317   59.9930860
   -110.4901166   59.9996908
   -110.4934212   59.9930886
   -110.5101061   59.9996965
   -110.5134107   59.9930908
   -110.5300960   59.9997021
   -110.5334007   59.9930923
   -110.5500856   59.9997074
   -110.5533907   59.9930940
   -110.5700751   59.9997149
   -110.5733807   59.9930964
   -110.5900651   59.9997205
   -110.5933707   59.9930989
   -110.6100546   59.9997259
   -110.6133607   59.9931005
   -110.6300440   59.9997334
   -110.6333502   59.9931031
   -110.6500336   59.9997379
   -110.6533397   59.9931045
   -110.6700231   59.9997445
   -110.6733297   59.9931069
   -110.6900131   59.9997510
   -110.6933198   59.9931094
   -110.7100026   59.9997564
   -110.7133098   59.9931110
   -110.7299920   59.9997630
   -110.7332997   59.9931125
   -110.7499821   59.9997694
   -110.7532893   59.9931160
   -110.7699716   59.9997740
   -110.7732788   59.9931173
   -110.7899611   59.9997806
   -110.7932687   59.9931198
   -110.8099510   59.9997871
   -110.8132588   59.9931213
   -110.8299406   59.9997924
   -110.8332488   59.9931229
   -110.8499301   59.9997990
   -110.8532388   59.9931253
   -110.8699196   59.9998045
   -110.8732287   59.9931269
   -110.8899091   59.9998120
   -110.8932183   59.9931303
   -110.9098990   59.9998168
   -110.9132078   59.9931316
   -110.9298886   59.9998221
   -110.9331977   59.9931333
   -110.9498781   59.9998297
   -110.9531878   59.9931356
   -110.9698681   59.9998353
   -110.9731778   59.9931380
   -110.9898576   59.9998407
   -110.9931677   59.9931397
   -111.0098470   59.9998483
   -111.0131578   59.9931411
   -111.0298366   59.9998536
   -111.0331473   59.9931437
   -111.0498261   59.9998594
   -111.0531367   59.9931459
   -111.0698161   59.9998660
   -111.0731268   59.9931483
   -111.0898055   59.9998714
   -111.0931168   59.9931490
   -111.1097951   59.9998780
   -111.1131067   59.9931514
   -111.1297851   59.9998845
   -111.1330968   59.9931538
   -111.1497746   59.9998900
   -111.1530868   59.9931553
   -111.1697641   59.9998966
   -111.1730763   59.9931587
   -111.1897540   59.9999014
   -111.1930657   59.9931600
   -111.2097436   59.9999077
   -111.2130558   59.9931615
   -111.2297331   59.9999144
   -111.2330458   59.9931639
   -111.2497226   59.9999198
   -111.2530358   59.9931655
   -111.2697121   59.9999274
   -111.2730258   59.9931679
   -111.2897020   59.9999331
   -111.2930158   59.9931693
   -111.3096916   59.9999385
   -111.3130053   59.9931719
   -111.3296811   59.9999452
   -111.3329948   59.9931740
   -111.3496711   59.9999509
   -111.3529848   59.9931764
   -111.3696605   59.9999563
   -111.3729748   59.9931771
   -111.3896501   59.9999639
   -111.3929648   59.9931794
   -111.4096396   59.9999693
   -111.4129548   59.9931809
   -111.4296291   59.9999760
   -111.4329443   59.9931843
   -111.4496191   59.9999818
   -111.4529338   59.9931865
   -111.4696085   59.9999873
   -111.4729238   59.9931871
   -111.4895981   59.9999939
   -111.4929138   59.9931895
   -111.5095881   60.0000005
   -111.5129038   59.9931918
   -111.5295776   60.0000060
   -111.5328938   59.9931933
   -111.5495671   60.0000127
   -111.5528838   59.9931956
   -111.5695570   60.0000183
   -111.5728733   59.9931981
   -111.5895466   60.0000238
   -111.5928628   59.9931994
   -111.6095361   60.0000306
   -111.6128528   59.9932017
   -111.6295256   60.0000360
   -111.6328428   59.9932032
   -111.6495151   60.0000437
   -111.6528328   59.9932056
   -111.6695050   60.0000494
   -111.6728228   59.9932070
   -111.6894946   60.0000548
   -111.6928128   59.9932085
   -111.7094841   60.0000624
   -111.7128023   59.9932118
   -111.7294741   60.0000673
   -111.7327918   59.9932139
   -111.7494635   60.0000728
   -111.7527818   59.9932145
   -111.7694531   60.0000804
   -111.7727718   59.9932168
   -111.7894426   60.0000859
   -111.7927618   59.9932183
   -111.8094321   60.0000926
   -111.8127518   59.9932207
   -111.8294221   60.0000993
   -111.8327418   59.9932230
   -111.8494115   60.0001048
   -111.8527313   59.9932245
   -111.8694011   60.0001106
   -111.8727208   59.9932266
   -111.8893911   60.0001163
   -111.8927108   59.9932290
   -111.9093806   60.0001228
   -111.9127008   59.9932304
   -111.9293701   60.0001295
   -111.9326908   59.9932327
   -111.9493600   60.0001352
   -111.9526808   59.9932341
   -111.9693496   60.0001416
   -111.9726708   59.9932356
   -111.9893391   60.0001484
   -111.9926603   59.9932389
   -112.0093286   60.0001531
   -112.0126498   59.9932402
   -112.0293180   60.0001608
   -112.0326398   59.9932415
   -112.0493081   60.0001664
   -112.0526298   59.9932438
   -112.0692976   60.0001720
   -112.0726198   59.9932453
   -112.0892871   60.0001797
   -112.0926098   59.9932475
   -112.1092771   60.0001854
   -112.1125993   59.9932508
   -112.1292665   60.0001901
   -112.1325888   59.9932512
   -112.1492561   60.0001978
   -112.1525788   59.9932534
   -112.1692456   60.0002033
   -112.1725688   59.9932549
   -112.1892351   60.0002101
   -112.1925588   59.9932571
   -112.2092251   60.0002158
   -112.2125488   59.9932594
   -112.2292145   60.0002223
   -112.2325389   59.9932599
   -112.2492040   60.0002291
   -112.2525284   59.9932632
   -112.2691940   60.0002340
   -112.2725178   59.9932653
   -112.2891835   60.0002405
   -112.2925079   59.9932667
   -112.3091730   60.0002473
   -112.3124979   59.9932680
   -112.3291630   60.0002530
   -112.3324878   59.9932703
   -112.3491525   60.0002595
   -112.3524779   59.9932717
   -112.3691420   60.0002663
   -112.3724679   59.9932739
   -112.3891315   60.0002718
   -112.3924573   59.9932764
   -112.4091210   60.0002787
   -112.4124469   59.9932775
   -112.4291110   60.0002845
   -112.4324369   59.9932797
   -112.4491005   60.0002900
   -112.4524268   59.9932812
   -112.4690900   60.0002978
   -112.4724169   59.9932834
   -112.4890800   60.0003036
   -112.4924069   59.9932856
   -112.5090695   60.0003091
   -112.5123969   59.9932860
   -112.5290590   60.0003159
   -112.5323863   59.9932894
   -112.5490485   60.0003216
   -112.5523759   59.9932905
   -112.5690380   60.0003284
   -112.5723659   59.9932927
   -112.5890280   60.0003342
   -112.5923559   59.9932940
   -112.6090175   60.0003407
   -112.6123459   59.9932954
   -112.6290070   60.0003475
   -112.6323359   59.9932976
   -112.6489970   60.0003533
   -112.6523259   59.9932999
   -112.6689865   60.0003599
   -112.6723154   59.9933023
   -112.6889760   60.0003659
   -112.6923049   59.9933033
   -112.7089660   60.0003716
   -112.7122949   59.9933056
   -112.7289555   60.0003782
   -112.7322849   59.9933069
   -112.7489450   60.0003850
   -112.7522749   59.9933091
   -112.7689345   60.0003906
   -112.7722649   59.9933105
   -112.7889240   60.0003985
   -112.7922544   59.9933128
   -112.8089140   60.0004034
   -112.8122439   59.9933148
   -112.8289035   60.0004090
   -112.8322339   59.9933161
   -112.8488930   60.0004159
   -112.8522239   59.9933183
   -112.8688830   60.0004226
   -112.8722139   59.9933196
   -112.8888725   60.0004282
   -112.8922039   59.9933209
   -112.9088620   60.0004351
   -112.9121939   59.9933231
   -112.9288515   60.0004416
   -112.9321834   59.9933255
   -112.9488410   60.0004477
   -112.9521729   59.9933275
   -112.9688310   60.0004535
   -112.9721629   59.9933287
   -112.9888205   60.0004600
   -112.9921529   59.9933300
   -113.0088100   60.0004670
   -113.0121429   59.9933322
   -113.0288000   60.0004728
   -113.0321329   59.9933344
   -113.0487895   60.0004794
   -113.0521229   59.9933357
   -113.0687790   60.0004863
   -113.0721124   59.9933380
   -113.0887690   60.0004912
   -113.0921019   59.9933399
   -113.1087585   60.0004978
   -113.1120919   59.9933412
   -113.1287480   60.0005047
   -113.1320819   59.9933434
   -113.1487375   60.0005104
   -113.1520719   59.9933437
   -113.1687270   60.0005173
   -113.1720619   59.9933459
   -113.1887170   60.0005241
   -113.1920519   59.9933480
   -113.2087065   60.0005297
   -113.2120414   59.9933504
   -113.2286960   60.0005358
   -113.2320309   59.9933524
   -113.2486860   60.0005426
   -113.2520209   59.9933535
   -113.2686755   60.0005482
   -113.2720109   59.9933548
   -113.2886650   60.0005552
   -113.2920009   59.9933570
   -113.3086545   60.0005618
   -113.3119909   59.9933582
   -113.3286440   60.0005687
   -113.3319804   59.9933614
   -113.3486340   60.0005737
   -113.3519699   59.9933624
   -113.3686235   60.0005803
   -113.3719599   59.9933637
   -113.3886130   60.0005873
   -113.3919499   59.9933658
   -113.4086030   60.0005932
   -113.4119399   59.9933679
   -113.4285925   60.0005998
   -113.4319299   59.9933682
   -113.4485820   60.0006068
   -113.4519199   59.9933703
   -113.4685715   60.0006124
   -113.4719094   59.9933727
   -113.4885610   60.0006185
   -113.4918989   59.9933746
   -113.5085510   60.0006254
   -113.5118889   59.9933767
   -113.5285405   60.0006311
   -113.5318789   59.9933770
   -113.5485300   60.0006380
   -113.5518689   59.9933791
   -113.5685200   60.0006449
   -113.5718589   59.9933812
   -113.5885095   60.0006506
   -113.5918489   59.9933824
   -113.6084990   60.0006576
   -113.6118384   59.9933856
   -113.6284890   60.0006636
   -113.6318279   59.9933865
   -113.6484785   60.0006692
   -113.6518179   59.9933877
   -113.6684680   60.0006762
   -113.6718079   59.9933899
   -113.6884575   60.0006829
   -113.6917980   59.9933911
   -113.7084470   60.0006899
   -113.7117880   59.9933922
   -113.7284370   60.0006958
   -113.7317779   59.9933943
   -113.7484265   60.0007025
   -113.7517675   59.9933966
   -113.7684160   60.0007086
   -113.7717570   59.9933984
   -113.7884060   60.0007146
   -113.7917470   59.9934005
   -113.8083955   60.0007203
   -113.8117370   59.9934007
   -113.8283850   60.0007282
   -113.8317270   59.9934028
   -113.8483745   60.0007340
   -113.8517170   59.9934040
   -113.8683640   60.0007410
   -113.8717070   59.9934061
   -113.8883540   60.0007479
   -113.8916965   59.9934092
   -113.9083435   60.0007527
   -113.9116860   59.9934092
   -113.9283330   60.0007598
   -113.9316760   59.9934113
   -113.9483230   60.0007667
   -113.9516660   59.9934133
   -113.9683125   60.0007724
   -113.9716560   59.9934145
   -113.9883020   60.0007795
   -113.9916460   59.9934156
   -114.0082920   60.0007864
   -114.0116355   59.9934187
   -114.0282815   60.0007913
   -114.0316250   59.9934197
   -114.0482710   60.0007983
   -114.0516150   59.9934217
   -114.0682605   60.0008050
   -114.0716050   59.9934229
   -114.0882500   60.0008121
   -114.0915950   59.9934239
   -114.1082400   60.0008180
   -114.1115850   59.9934260
   -114.1282295   60.0008238
   -114.1315750   59.9934271
   -114.1482190   60.0008319
   -114.1515645   59.9934303
   -114.1682090   60.0008369
   -114.1715540   59.9934321
   -114.1881985   60.0008427
   -114.1915440   59.9934322
   -114.2081880   60.0008508
   -114.2115340   59.9934343
   -114.2281775   60.0008565
   -114.2315240   59.9934354
   -114.2481670   60.0008636
   -114.2515140   59.9934374
   -114.2681570   60.0008706
   -114.2715040   59.9934384
   -114.2881465   60.0008763
   -114.2914935   59.9934407
   -114.3081360   60.0008826
   -114.3114899   59.9934455
   -114.3281260   60.0008895
   -114.3314697   59.9934518
   -114.3481155   60.0008953
   -114.3514907   59.9934580
   -114.3681050   60.0009024
   -114.3714924   59.9934642
   -114.3880950   60.0009094
   -114.3914332   59.9934705
   -114.4080845   60.0009152
   -114.4114932   59.9934767
   -114.4280740   60.0009223
   -114.4314090   59.9934829
   -114.4480635   60.0009272
   -114.4514910   59.9934892
   -114.4680530   60.0009353
   -114.4713838   59.9934954
   -114.4880430   60.0009413
   -114.4913719   59.9935016
   -114.5080325   60.0009471
   -114.5114933   59.9935079
   -114.5280220   60.0009553
   -114.5313477   59.9935141
   -114.5480120   60.0009613
   -114.5513354   59.9935203
   -114.5680015   60.0009671
   -114.5714926   59.9935266
   -114.5879910   60.0009743
   -114.5913106   59.9935328
   -114.6079805   60.0009801
   -114.6114932   59.9935391
   -114.6279700   60.0009873
   -114.6314926   59.9935453
   -114.6479600   60.0009943
   -114.6512741   59.9935515
   -114.6679495   60.0010001
   -114.6714954   59.9935578
   -114.6879390   60.0010073
   -114.6912500   59.9935639
   -114.7079290   60.0010134
   -114.7112375   59.9935702
   -114.7279185   60.0010193
   -114.7314923   59.9935765
   -114.7479080   60.0010264
   -114.7514938   59.9935827
   -114.7678980   60.0010335
   -114.7712011   59.9935889
   -114.7878875   60.0010393
   -114.7914943   59.9935952
   -114.8078770   60.0010465
   -114.8111769   59.9936013
   -114.8278665   60.0010523
   -114.8314941   59.9936077
   -114.8478560   60.0010596
   -114.8511517   59.9936138
   -114.8678460   60.0010657
   -114.8711399   59.9936200
   -114.8878355   60.0010715
   -114.8914938   59.9936264
   -114.9078250   60.0010797
   -114.9111157   59.9936325
   -114.9278150   60.0010858
   -114.9311034   59.9936387
   -114.9478045   60.0010917
   -114.9514956   59.9936451
   -114.9677940   60.0010999
   -114.9710793   59.9936512
   -114.9877835   60.0011048
   -114.9914930   59.9936575
   -115.0077730   60.0011120
   -115.0114923   59.9936638
   -115.0277630   60.0011191
   -115.0310423   59.9936699
   -115.0477525   60.0011250
   -115.0514947   59.9936762
   -115.0677420   60.0011322
   -115.0714939   59.9936825
   -115.0877320   60.0011393
   -115.0910063   59.9936886
   -115.1077215   60.0011452
   -115.1114935   59.9936949
   -115.1277110   60.0011516
   -115.1309812   59.9937010
   -115.1477010   60.0011577
   -115.1514919   59.9937074
   -115.1676905   60.0011645
   -115.1714929   59.9937136
   -115.1876800   60.0011718
   -115.1909452   59.9937197
   -115.2076695   60.0011777
   -115.2114952   59.9937261
   -115.2276590   60.0011860
   -115.2309207   59.9937322
   -115.2476490   60.0011921
   -115.2509088   59.9937384
   -115.2676385   60.0011970
   -115.2714917   59.9937448
   -115.2876280   60.0012053
   -115.2908842   59.9937509
   -115.3076180   60.0012115
   -115.3108719   59.9937571
   -115.3276075   60.0012174
   -115.3314930   59.9937635
   -115.3475970   60.0012257
   -115.3508478   59.9937696
   -115.3675865   60.0012316
   -115.3714903   59.9937760
   -115.3875760   60.0012379
   -115.3914915   59.9937822
   -115.4075660   60.0012451
   -115.4108108   59.9937882
   -115.4275555   60.0012510
   -115.4314915   59.9937947
   -115.4475450   60.0012583
   -115.4507868   59.9938007
   -115.4675350   60.0012645
   -115.4714897   59.9938072
   -115.4875245   60.0012714
   -115.4914927   59.9938134
   -115.5075140   60.0012787
   -115.5107504   59.9938194
   -115.5275040   60.0012840
   -115.5314880   59.9938259
   -115.5474935   60.0012909
   -115.5514889   59.9938321
   -115.5674830   60.0012982
   -115.5707140   59.9938381
   -115.5874725   60.0013042
   -115.5914909   59.9938446
   -115.6074620   60.0013126
   -115.6106895   59.9938506
   -115.6274520   60.0013187
   -115.6306776   59.9938568
   -115.6474415   60.0013247
   -115.6514870   59.9938633
   -115.6674310   60.0013321
   -115.6706526   59.9938693
   -115.6874210   60.0013383
   -115.6906407   59.9938755
   -115.7074105   60.0013443
   -115.7114879   59.9938820
   -115.7274000   60.0013526
   -115.7306167   59.9938879
   -115.7473895   60.0013586
   -115.7514876   59.9938945
   -115.7673790   60.0013659
   -115.7705922   59.9939004
   -115.7873690   60.0013722
   -115.7905804   59.9939066
   -115.8073585   60.0013782
   -115.8114857   59.9939132
   -115.8273480   60.0013856
   -115.8305558   59.9939191
   -115.8473380   60.0013918
   -115.8514836   59.9939256
   -115.8673275   60.0013988
   -115.8714864   59.9939319
   -115.8873170   60.0014062
   -115.8905195   59.9939378
   -115.9073070   60.0014124
   -115.9114843   59.9939443
   -115.9272965   60.0014194
   -115.9314823   59.9939506
   -115.9472860   60.0014259
   -115.9504827   59.9939565
   -115.9672755   60.0014319
   -115.9714840   59.9939630
   -115.9872650   60.0014404
   -115.9904586   59.9939690
   -116.0072550   60.0014466
   -116.0104468   59.9939752
   -116.0272445   60.0014526
   -116.0314824   59.9939817
   -116.0472340   60.0014610
   -116.0504224   59.9939876
   -116.0672240   60.0014664
   -116.0704100   59.9939939
   -116.0872135   60.0014723
   -116.0903978   59.9940001
   -116.0914802   59.9940004
   -116.1072030   60.0014798
   -116.1103860   59.9940063
   -116.1114791   59.9940067
   -116.1271925   60.0014868
   -116.1303738   59.9940126
   -116.1314796   59.9940129
   -116.1471820   60.0014942
   -116.1503616   59.9940188
   -116.1514806   59.9940192
   -116.1671720   60.0015005
   -116.1703498   59.9940250
   -116.1714795   59.9940254
   -116.1871615   60.0015076
   -116.1903376   59.9940313
   -116.1914773   59.9940316
   -116.2071510   60.0015141
   -116.2103252   59.9940375
   -116.2114762   59.9940379
   -116.2271410   60.0015203
   -116.2303134   59.9940437
   -116.2314750   59.9940441
   -116.2471305   60.0015274
   -116.2503008   59.9940500
   -116.2514776   59.9940503
   -116.2671200   60.0015349
   -116.2702890   59.9940562
   -116.2714765   59.9940566
   -116.2871095   60.0015409
   -116.2902768   59.9940624
   -116.2914770   59.9940628
   -116.3070990   60.0015494
   -116.3102650   59.9940687
   -116.3114758   59.9940690
   -116.3270890   60.0015557
   -116.3302528   59.9940749
   -116.3314740   59.9940753
   -116.3470785   60.0015609
   -116.3502400   59.9940811
   -116.3514745   59.9940815
   -116.3670680   60.0015694
   -116.3702282   59.9940873
   -116.3714733   59.9940877
   -116.3870580   60.0015757
   -116.3902165   59.9940936
   -116.3914721   59.9940940
   -116.4070475   60.0015817
   -116.4102043   59.9940998
   -116.4114725   59.9941002
   -116.4270370   60.0015892
   -116.4301921   59.9941060
   -116.4314734   59.9941064
   -116.4470269   60.0015966
   -116.4501803   59.9941123
   -116.4514722   59.9941127
   -116.4670164   60.0016026
   -116.4701681   59.9941185
   -116.4714699   59.9941189
   -116.4870059   60.0016092
   -116.4901557   59.9941247
   -116.4914687   59.9941251
   -116.5069954   60.0016163
   -116.5101435   59.9941310
   -116.5114691   59.9941314
   -116.5269850   60.0016238
   -116.5301313   59.9941372
   -116.5314699   59.9941376
   -116.5469749   60.0016302
   -116.5501196   59.9941434
   -116.5514687   59.9941438
   -116.5669644   60.0016373
   -116.5701074   59.9941497
   -116.5714690   59.9941501
   -116.5869539   60.0016448
   -116.5900956   59.9941559
   -116.5914678   59.9941563
   -116.6069440   60.0016511
   -116.6100834   59.9941621
   -116.6114659   59.9941625
   -116.6269334   60.0016574
   -116.6300707   59.9941683
   -116.6314663   59.9941688
   -116.6469229   60.0016649
   -116.6500589   59.9941746
   -116.6514650   59.9941750
   -116.6669124   60.0016710
   -116.6700467   59.9941808
   -116.6714653   59.9941813
   -116.6869019   60.0016796
   -116.6900349   59.9941870
   -116.6914640   59.9941875
   -116.7068920   60.0016859
   -116.7100228   59.9941933
   -116.7114648   59.9941937
   -116.7268814   60.0016921
   -116.7300106   59.9941995
   -116.7314624   59.9942000
   -116.7468709   60.0016986
   -116.7499982   59.9942057
   -116.7514611   59.9942062
   -116.7668609   60.0017060
   -116.7699865   59.9942120
   -116.7714598   59.9942124
   -116.7868504   60.0017121
   -116.7899743   59.9942182
   -116.7914601   59.9942187
   -116.8068400   60.0017197
   -116.8099621   59.9942244
   -116.8114608   59.9942249
   -116.8268299   60.0017272
   -116.8299504   59.9942307
   -116.8314595   59.9942311
   -116.8468194   60.0017333
   -116.8499382   59.9942369
   -116.8514597   59.9942374
   -116.8668089   60.0017408
   -116.8699264   59.9942431
   -116.8714558   59.9942436
   -116.8867985   60.0017471
   -116.8899133   59.9942494
   -116.8914580   59.9942498
   -116.9067879   60.0017547
   -116.9099015   59.9942556
   -116.9114567   59.9942561
   -116.9267779   60.0017611
   -116.9298898   59.9942618
   -116.9314553   59.9942623
   -116.9467674   60.0017683
   -116.9498776   59.9942680
   -116.9514555   59.9942685
   -116.9667569   60.0017759
   -116.9698659   59.9942743
   -116.9714541   59.9942748
   -116.9867470   60.0017823
   -116.9898537   59.9942805
   -116.9914547   59.9942810
   -117.0067364   60.0017896
   -117.0098415   59.9942867
   -117.0114523   59.9942872
   -117.0267259   60.0017962
   -117.0298292   59.9942930
   -117.0314509   59.9942935
   -117.0467154   60.0018023
   -117.0498170   59.9942992
   -117.0514511   59.9942997
   -117.0667049   60.0018099
   -117.0698053   59.9943054
   -117.0714497   59.9943059
   -117.0866950   60.0018174
   -117.0897931   59.9943117
   -117.0914503   59.9943122
   -117.1066844   60.0018236
   -117.1097810   59.9943179
   -117.1114504   59.9943184
   -117.1266739   60.0018312
   -117.1297692   59.9943241
   -117.1314490   59.9943247
   -117.1466639   60.0018387
   -117.1497575   59.9943304
   -117.1514450   59.9943309
   -117.1666535   60.0018439
   -117.1697444   59.9943366
   -117.1714471   59.9943371
   -117.1866429   60.0018516
   -117.1897326   59.9943428
   -117.1914457   59.9943434
   -117.2066329   60.0018591
   -117.2097209   59.9943491
   -117.2114442   59.9943496
   -117.2266224   60.0018653
   -117.2297087   59.9943553
   -117.2314443   59.9943558
   -117.2466119   60.0018729
   -117.2496970   59.9943615
   -117.2514428   59.9943621
   -117.2666015   60.0018802
   -117.2696844   59.9943677
   -117.2714449   59.9943683
   -117.2865909   60.0018879
   -117.2896727   59.9943740
   -117.2914409   59.9943745
   -117.3065809   60.0018934
   -117.3096604   59.9943802
   -117.3114394   59.9943808
   -117.3265704   60.0019007
   -117.3296482   59.9943864
   -117.3314394   59.9943870
   -117.3465599   60.0019083
   -117.3496365   59.9943927
   -117.3514379   59.9943932
   -117.3665500   60.0019148
   -117.3696244   59.9943989
   -117.3714384   59.9943995
   -117.3865394   60.0019211
   -117.3896122   59.9944051
   -117.3914384   59.9944057
   -117.4065289   60.0019298
   -117.4096005   59.9944114
   -117.4114344   59.9944119
   -117.4265184   60.0019351
   -117.4295878   59.9944176
   -117.4314344   59.9944182
   -117.4465080   60.0019427
   -117.4495756   59.9944238
   -117.4514348   59.9944244
   -117.4664979   60.0019504
   -117.4695639   59.9944301
   -117.4714333   59.9944306
   -117.4864874   60.0019566
   -117.4895518   59.9944363
   -117.4914332   59.9944369
   -117.5064769   60.0019643
   -117.5095401   59.9944425
   -117.5114317   59.9944431
   -117.5264669   60.0019719
   -117.5295284   59.9944488
   -117.5314301   59.9944493
   -117.5464565   60.0019781
   -117.5495158   59.9944550
   -117.5514296   59.9944556
   -117.5664459   60.0019849
   -117.5695035   59.9944612
   -117.5714280   59.9944618
   -117.5864359   60.0019925
   -117.5894918   59.9944674
   -117.5914264   59.9944680
   -117.6064254   60.0019987
   -117.6094797   59.9944737
   -117.6114263   59.9944743
   -117.6264149   60.0020064
   -117.6294679   59.9944799
   -117.6314247   59.9944805
   -117.6464045   60.0020138
   -117.6494554   59.9944861
   -117.6514266   59.9944868
   -117.6663939   60.0020216
   -117.6694437   59.9944924
   -117.6714250   59.9944930
   -117.6863839   60.0020281
   -117.6894320   59.9944986
   -117.6914209   59.9944992
   -117.7063734   60.0020334
   -117.7094193   59.9945048
   -117.7114208   59.9945055
   -117.7263630   60.0020422
   -117.7294072   59.9945111
   -117.7314212   59.9945117
   -117.7463529   60.0020488
   -117.7493955   59.9945173
   -117.7514195   59.9945179
   -117.7663424   60.0020551
   -117.7693833   59.9945235
   -117.7714194   59.9945242
   -117.7863319   60.0020639
   -117.7893716   59.9945298
   -117.7914177   59.9945304
   -117.8063214   60.0020702
   -117.8093595   59.9945360
   -117.8114175   59.9945366
   -117.8263110   60.0020780
   -117.8293474   59.9945422
   -117.8314154   59.9945429
   -117.8463009   60.0020847
   -117.8493351   59.9945485
   -117.8514138   59.9945491
   -117.8662904   60.0020910
   -117.8693230   59.9945547
   -117.8714135   59.9945553
   -117.8862799   60.0020988
   -117.8893113   59.9945609
   -117.8914119   59.9945616
   -117.9062699   60.0021064
   -117.9092996   59.9945671
   -117.9114102   59.9945678
   -117.9262595   60.0021127
   -117.9292871   59.9945734
   -117.9314119   59.9945740
   -117.9462489   60.0021206
   -117.9492754   59.9945796
   -117.9514102   59.9945803
   -117.9662389   60.0021283
   -117.9692637   59.9945858
   -117.9714061   59.9945865
   -117.9862284   60.0021336
   -117.9892510   59.9945921
   -117.9914058   59.9945927
   -118.0062180   60.0021414
   -118.0092389   59.9945983
   -118.0114061   59.9945990
   -118.0262074   60.0021478
   -118.0292268   59.9946045
   -118.0314058   59.9946052
   -118.0461969   60.0021567
   -118.0492151   59.9946108
   -118.0514041   59.9946114
   -118.0661869   60.0021633
   -118.0692034   59.9946170
   -118.0714024   59.9946177
   -118.0861764   60.0021696
   -118.0891913   59.9946232
   -118.0913997   59.9946239
   -118.1061660   60.0021776
   -118.1091787   59.9946295
   -118.1113999   59.9946301
   -118.1261559   60.0021843
   -118.1291670   59.9946357
   -118.1313981   59.9946364
   -118.1461454   60.0021906
   -118.1491549   59.9946419
   -118.1513978   59.9946426
   -118.1661349   60.0021995
   -118.1691432   59.9946481
   -118.1713960   59.9946489
   -118.1861244   60.0022059
   -118.1891311   59.9946544
   -118.1913957   59.9946551
   -118.2061140   60.0022137
   -118.2091190   59.9946606
   -118.2113959   59.9946613
   -118.2261039   60.0022216
   -118.2291073   59.9946668
   -118.2313917   59.9946676
   -118.2460934   60.0022269
   -118.2490946   59.9946731
   -118.2513913   59.9946738
   -118.2660829   60.0022348
   -118.2690830   59.9946793
   -118.2713895   59.9946800
   -118.2860730   60.0022425
   -118.2890709   59.9946855
   -118.2913897   59.9946863
   -118.3060624   60.0022490
   -118.3090588   59.9946918
   -118.3113893   59.9946925
   -118.3260519   60.0022568
   -118.3290471   59.9946980
   -118.3313875   59.9946987
   -118.3460419   60.0022646
   -118.3490354   59.9947042
   -118.3513857   59.9947050
   -118.3660314   60.0022710
   -118.3690233   59.9947105
   -118.3713829   59.9947112
   -118.3860209   60.0022779
   -118.3890107   59.9947167
   -118.3913830   59.9947174
   -118.4060104   60.0022843
   -118.4089986   59.9947229
   -118.4113825   59.9947237
   -118.4259999   60.0022934
   -118.4289869   59.9947292
   -118.4313807   59.9947299
   -118.4459899   60.0023000
   -118.4489753   59.9947354
   -118.4513788   59.9947361
   -118.4659794   60.0023064
   -118.4689632   59.9947416
   -118.4713784   59.9947424
   -118.4859689   60.0023155
   -118.4889511   59.9947478
   -118.4913784   59.9947486
   -118.5059589   60.0023222
   -118.5089395   59.9947541
   -118.5113742   59.9947548
   -118.5259484   60.0023276
   -118.5289268   59.9947603
   -118.5313737   59.9947611
   -118.5459379   60.0023367
   -118.5489151   59.9947665
   -118.5513719   59.9947673
   -118.5659274   60.0023431
   -118.5689027   59.9947728
   -118.5713732   59.9947735
   -118.5859169   60.0023512
   -118.5888910   59.9947790
   -118.5913714   59.9947798
   -118.6059069   60.0023590
   -118.6088793   59.9947852
   -118.6113695   59.9947860
   -118.6258964   60.0023654
   -118.6288673   59.9947915
   -118.6313689   59.9947922
   -118.6458859   60.0023733
   -118.6488556   59.9947977
   -118.6513647   59.9947985
   -118.6658759   60.0023802
   -118.6688430   59.9948039
   -118.6713647   59.9948047
   -118.6858654   60.0023867
   -118.6888309   59.9948102
   -118.6913641   59.9948109
   -118.7058549   60.0023947
   -118.7088192   59.9948164
   -118.7113622   59.9948172
   -118.7258449   60.0024013
   -118.7288076   59.9948226
   -118.7313603   59.9948234
   -118.7458344   60.0024089
   -118.7487955   59.9948289
   -118.7513597   59.9948297
   -118.7658239   60.0024169
   -118.7687835   59.9948351
   -118.7713573   59.9948359
   -118.7858099   60.0024207
   -118.7887708   59.9948413
   -118.7913567   59.9948421
   -118.8057858   60.0024226
   -118.8087592   59.9948475
   -118.8113548   59.9948484
   -118.8257667   60.0024246
   -118.8287475   59.9948538
   -118.8313528   59.9948546
   -118.8457477   60.0024265
   -118.8487351   59.9948600
   -118.8513541   59.9948608
   -118.8657233   60.0024285
   -118.8687234   59.9948662
   -118.8713521   59.9948671
   -118.8857043   60.0024304
   -118.8887118   59.9948725
   -118.8913501   59.9948733
   -118.9056853   60.0024324
   -118.9086997   59.9948787
   -118.9113471   59.9948795
   -118.9256631   60.0024344
   -118.9286875   59.9948849
   -118.9313452   59.9948858
   -118.9456441   60.0024363
   -118.9486751   59.9948912
   -118.9513464   59.9948920
   -118.9656219   60.0024383
   -118.9686634   59.9948974
   -118.9713444   59.9948982
   -118.9856007   60.0024402
   -118.9886518   59.9949036
   -118.9913424   59.9949045
   -119.0055818   60.0024422
   -119.0086397   59.9949099
   -119.0113416   59.9949107
   -119.0255599   60.0024442
   -119.0286281   59.9949161
   -119.0313396   59.9949169
   -119.0455410   60.0024461
   -119.0486161   59.9949223
   -119.0513372   59.9949232
   -119.0655214   60.0024481
   -119.0686034   59.9949286
   -119.0713365   59.9949294
   -119.0854996   60.0024500
   -119.0885918   59.9949348
   -119.0913344   59.9949356
   -119.1054806   60.0024520
   -119.1085797   59.9949410
   -119.1113337   59.9949419
   -119.1254566   60.0024539
   -119.1285677   59.9949472
   -119.1313335   59.9949481
   -119.1454374   60.0024559
   -119.1485561   59.9949535
   -119.1513315   59.9949543
   -119.1654185   60.0024579
   -119.1685440   59.9949597
   -119.1713307   59.9949606
   -119.1853945   60.0024598
   -119.1885324   59.9949659
   -119.1913263   59.9949668
   -119.2053775   60.0024618
   -119.2085202   59.9949722
   -119.2113243   59.9949730
   -119.2253586   60.0024637
   -119.2285078   59.9949784
   -119.2313253   59.9949793
   -119.2453343   60.0024657
   -119.2484961   59.9949846
   -119.2513232   59.9949855
   -119.2653154   60.0024677
   -119.2684845   59.9949909
   -119.2713212   59.9949917
   -119.2852965   60.0024696
   -119.2884725   59.9949971
   -119.2913203   59.9949980
   -119.3052726   60.0024716
   -119.3084609   59.9950033
   -119.3113182   59.9950042
   -119.3252538   60.0024735
   -119.3284484   59.9950096
   -119.3313170   59.9950105
   -119.3452336   60.0024755
   -119.3484362   59.9950158
   -119.3513149   59.9950167
   -119.3652147   60.0024774
   -119.3684246   59.9950220
   -119.3713128   59.9950229
   -119.3851937   60.0024794
   -119.3884126   59.9950283
   -119.3913119   59.9950292
   -119.4051720   60.0024814
   -119.4084006   59.9950345
   -119.4113116   59.9950354
   -119.4251528   60.0024833
   -119.4283890   59.9950407
   -119.4313095   59.9950416
   -119.4451318   60.0024853
   -119.4483769   59.9950469
   -119.4513063   59.9950479
   -119.4651120   60.0024872
   -119.4683647   59.9950532
   -119.4713042   59.9950541
   -119.4850932   60.0024892
   -119.4883527   59.9950594
   -119.4913032   59.9950603
   -119.5050694   60.0024912
   -119.5083407   59.9950656
   -119.5113029   59.9950666
   -119.5250502   60.0024931
   -119.5283291   59.9950719
   -119.5313008   59.9950728
   -119.5450314   60.0024951
   -119.5483171   59.9950781
   -119.5512998   59.9950790
   -119.5650076   60.0024970
   -119.5683055   59.9950843
   -119.5712976   59.9950853
   -119.5849889   60.0024990
   -119.5882939   59.9950906
   -119.5912933   59.9950915
   -119.6049719   60.0025009
   -119.6082809   59.9950968
   -119.6112941   59.9950977
   -119.6249478   60.0025029
   -119.6282693   59.9951030
   -119.6312919   59.9951040
   -119.6449290   60.0025049
   -119.6482577   59.9951093
   -119.6512897   59.9951102
   -119.6649103   60.0025068
   -119.6682457   59.9951155
   -119.6712887   59.9951164
   -119.6848887   60.0025088
   -119.6882337   59.9951217
   -119.6912883   59.9951227
   -119.7048675   60.0025107
   -119.7082216   59.9951280
   -119.7112873   59.9951289
   -119.7248459   60.0025127
   -119.7282101   59.9951342
   -119.7312829   59.9951351
   -119.7448290   60.0025146
   -119.7481979   59.9951404
   -119.7512807   59.9951414
   -119.7648081   60.0025166
   -119.7681859   59.9951466
   -119.7712796   59.9951476
   -119.7847865   60.0025186
   -119.7881739   59.9951529
   -119.7912792   59.9951538
   -119.8047675   60.0025205
   -119.8081623   59.9951591
   -119.8112770   59.9951601
   -119.8247466   60.0025225
   -119.8281503   59.9951653
   -119.8312759   59.9951663
   -119.8447251   60.0025244
   -119.8481387   59.9951716
   -119.8512736   59.9951725
   -119.8647064   60.0025264
   -119.8681267   59.9951778
   -119.8712703   59.9951788
   -119.8846846   60.0025284
   -119.8881141   59.9951840
   -119.8912699   59.9951850
   -119.9046655   60.0025303
   -119.9081025   59.9951903
   -119.9112676   59.9951912
   -119.9246468   60.0025323
   -119.9280905   59.9951965
   -119.9312665   59.9951975
   -119.9446233   60.0025342
   -119.9480789   59.9952027
   -119.9512642   59.9952037
   -119.9646046   60.0025362
   -119.9680670   59.9952090
   -119.9712637   59.9952100
   -119.9845856   60.0025381
   -119.9880550   59.9952152
   -119.9912626   59.9952162
   -120.0010468   60.0006034
   -120.0060149   60.0045811
   -120.0109809   59.9952223
   -120.0170304   59.9952242
   -120.0239998   60.0045838
   -120.0260048   60.0045841
   -120.0309699   59.9952286
   -120.0370251   59.9952305
   -120.0439893   60.0045868
   -120.0459947   60.0045871
   -120.0509586   59.9952348
   -120.0570196   59.9952367
   -120.0639788   60.0045898
   -120.0659849   60.0045901
   -120.0709471   59.9952410
   -120.0770151   59.9952429
   -120.0839691   60.0045928
   -120.0859740   60.0045931
   -120.0909358   59.9952473
   -120.0970095   59.9952492
   -120.1039575   60.0045958
   -120.1059647   60.0045961
   -120.1109248   59.9952535
   -120.1170042   59.9952554
   -120.1239481   60.0045988
   -120.1259546   60.0045991
   -120.1309138   59.9952597
   -120.1369989   59.9952616
   -120.1439388   60.0046018
   -120.1459437   60.0046021
   -120.1509025   59.9952660
   -120.1569934   59.9952679
   -120.1639272   60.0046048
   -120.1659347   60.0046051
   -120.1708910   59.9952722
   -120.1769888   59.9952741
   -120.1839174   60.0046078
   -120.1859246   60.0046081
   -120.1908800   59.9952784
   -120.1969835   59.9952803
   -120.2039081   60.0046108
   -120.2059137   60.0046111
   -120.2108687   59.9952846
   -120.2169780   59.9952866
   -120.2238965   60.0046138
   -120.2259044   60.0046141
   -120.2308577   59.9952909
   -120.2369726   59.9952928
   -120.2438871   60.0046168
   -120.2458938   60.0046171
   -120.2508459   59.9952971
   -120.2569678   59.9952990
   -120.2638763   60.0046198
   -120.2658837   60.0046201
   -120.2708349   59.9953033
   -120.2769625   59.9953053
   -120.2838658   60.0046228
   -120.2858744   60.0046231
   -120.2908239   59.9953096
   -120.2969572   59.9953115
   -120.3038565   60.0046258
   -120.3058635   60.0046261
   -120.3108126   59.9953158
   -120.3169516   59.9953177
   -120.3238449   60.0046288
   -120.3258542   60.0046291
   -120.3308016   59.9953220
   -120.3369463   59.9953240
   -120.3438355   60.0046318
   -120.3458444   60.0046321
   -120.3507901   59.9953283
   -120.3569417   59.9953302
   -120.3638258   60.0046348
   -120.3658335   60.0046351
   -120.3707788   59.9953345
   -120.3769361   59.9953364
   -120.3838142   60.0046378
   -120.3858242   60.0046381
   -120.3907678   59.9953407
   -120.3969308   59.9953427
   -120.4038049   60.0046408
   -120.4058141   60.0046411
   -120.4107569   59.9953470
   -120.4169254   59.9953489
   -120.4237955   60.0046438
   -120.4258032   60.0046441
   -120.4307455   59.9953532
   -120.4369198   59.9953551
   -120.4437839   60.0046468
   -120.4457941   60.0046471
   -120.4507340   59.9953594
   -120.4569152   59.9953614
   -120.4637742   60.0046498
   -120.4657832   60.0046501
   -120.4707227   59.9953657
   -120.4769096   59.9953676
   -120.4837638   60.0046528
   -120.4857731   60.0046531
   -120.4907117   59.9953719
   -120.4969043   59.9953738
   -120.5037533   60.0046558
   -120.5057638   60.0046561
   -120.5107007   59.9953781
   -120.5168989   59.9953801
   -120.5237439   60.0046588
   -120.5257529   60.0046591
   -120.5306894   59.9953844
   -120.5368933   59.9953863
   -120.5437335   60.0046618
   -120.5457431   60.0046621
   -120.5506779   59.9953906
   -120.5568887   59.9953925
   -120.5637226   60.0046648
   -120.5657338   60.0046651
   -120.5706669   59.9953968
   -120.5768834   59.9953988
   -120.5837132   60.0046678
   -120.5857229   60.0046681
   -120.5906556   59.9954030
   -120.5968778   59.9954050
   -120.6037028   60.0046708
   -120.6057128   60.0046711
   -120.6106446   59.9954093
   -120.6168724   59.9954112
   -120.6236923   60.0046738
   -120.6257030   60.0046741
   -120.6306328   59.9954155
   -120.6368675   59.9954175
   -120.6436815   60.0046768
   -120.6456929   60.0046771
   -120.6506218   59.9954217
   -120.6568621   59.9954237
   -120.6636722   60.0046798
   -120.6656828   60.0046801
   -120.6706108   59.9954280
   -120.6768568   59.9954299
   -120.6836617   60.0046828
   -120.6856727   60.0046831
   -120.6905995   59.9954342
   -120.6968511   59.9954362
   -120.7036513   60.0046858
   -120.7056626   60.0046861
   -120.7105885   59.9954404
   -120.7168458   59.9954424
   -120.7236419   60.0046888
   -120.7256527   60.0046891
   -120.7305770   59.9954467
   -120.7368411   59.9954486
   -120.7436310   60.0046918
   -120.7456426   60.0046921
   -120.7505656   59.9954529
   -120.7568355   59.9954549
   -120.7636206   60.0046948
   -120.7656325   60.0046951
   -120.7705546   59.9954591
   -120.7768301   59.9954611
   -120.7836112   60.0046978
   -120.7856224   60.0046981
   -120.7905437   59.9954654
   -120.7968247   59.9954673
   -120.8036007   60.0047008
   -120.8056123   60.0047011
   -120.8105323   59.9954716
   -120.8168191   59.9954736
   -120.8235903   60.0047038
   -120.8256025   60.0047041
   -120.8305208   59.9954778
   -120.8368144   59.9954798
   -120.8435795   60.0047068
   -120.8455924   60.0047071
   -120.8505095   59.9954841
   -120.8568087   59.9954860
   -120.8635691   60.0047098
   -120.8655823   60.0047101
   -120.8704985   59.9954903
   -120.8768034   59.9954923
   -120.8835597   60.0047128
   -120.8855722   60.0047131
   -120.8904875   59.9954965
   -120.8967979   59.9954985
   -120.9035492   60.0047158
   -120.9055623   60.0047161
   -120.9104756   59.9955027
   -120.9167930   59.9955047
   -120.9235384   60.0047188
   -120.9255522   60.0047191
   -120.9304647   59.9955090
   -120.9367876   59.9955110
   -120.9435291   60.0047218
   -120.9455421   60.0047221
   -120.9504537   59.9955152
   -120.9567822   59.9955172
   -120.9635186   60.0047248
   -120.9655320   60.0047251
   -120.9704423   59.9955214
   -120.9767766   59.9955234
   -120.9835082   60.0047278
   -120.9855219   60.0047281
   -120.9904313   59.9955277
   -120.9967711   59.9955297
   -121.0034988   60.0047308
   -121.0055113   60.0047311
   -121.0104195   59.9955339
   -121.0167662   59.9955359
   -121.0234869   60.0047338
   -121.0255020   60.0047341
   -121.0304085   59.9955401
   -121.0367608   59.9955421
   -121.0434775   60.0047368
   -121.0454919   60.0047371
   -121.0503975   59.9955464
   -121.0567554   59.9955484
   -121.0634682   60.0047398
   -121.0654809   60.0047401
   -121.0703861   59.9955526
   -121.0767497   59.9955546
   -121.0834566   60.0047428
   -121.0854716   60.0047431
   -121.0903752   59.9955588
   -121.0967443   59.9955608
   -121.1034473   60.0047458
   -121.1054618   60.0047461
   -121.1103637   59.9955651
   -121.1167395   59.9955671
   -121.1234375   60.0047488
   -121.1254509   60.0047491
   -121.1303523   59.9955713
   -121.1367339   59.9955733
   -121.1434260   60.0047518
   -121.1454416   60.0047521
   -121.1503413   59.9955775
   -121.1567284   59.9955795
   -121.1634167   60.0047548
   -121.1654315   60.0047551
   -121.1703303   59.9955838
   -121.1767230   59.9955858
   -121.1834073   60.0047578
   -121.1854208   60.0047581
   -121.1903184   59.9955900
   -121.1967180   59.9955920
   -121.2033954   60.0047608
   -121.2054115   60.0047611
   -121.2103075   59.9955962
   -121.2167126   59.9955982
   -121.2233860   60.0047638
   -121.2254006   60.0047641
   -121.2302961   59.9956025
   -121.2367069   59.9956045
   -121.2433756   60.0047668
   -121.2453905   60.0047671
   -121.2502851   59.9956087
   -121.2567014   59.9956107
   -121.2633652   60.0047698
   -121.2653812   60.0047701
   -121.2702741   59.9956149
   -121.2766960   59.9956169
   -121.2833558   60.0047728
   -121.2853706   60.0047731
   -121.2902622   59.9956211
   -121.2966910   59.9956232
   -121.3033450   60.0047758
   -121.3053604   60.0047761
   -121.3102512   59.9956274
   -121.3166855   59.9956294
   -121.3233345   60.0047788
   -121.3253511   60.0047791
   -121.3302403   59.9956336
   -121.3366801   59.9956356
   -121.3433252   60.0047818
   -121.3453402   60.0047821
   -121.3502289   59.9956398
   -121.3566744   59.9956418
   -121.3633148   60.0047848
   -121.3653301   60.0047851
   -121.3702179   59.9956461
   -121.3766689   59.9956481
   -121.3833043   60.0047878
   -121.3853203   60.0047881
   -121.3902060   59.9956523
   -121.3966639   59.9956543
   -121.4032935   60.0047908
   -121.4053102   60.0047911
   -121.4101950   59.9956585
   -121.4166584   59.9956605
   -121.4232831   60.0047938
   -121.4253009   60.0047941
   -121.4301841   59.9956648
   -121.4366530   59.9956668
   -121.4432737   60.0047968
   -121.4452899   60.0047971
   -121.4501727   59.9956710
   -121.4566473   59.9956730
   -121.4632633   60.0047998
   -121.4652801   60.0048001
   -121.4701612   59.9956772
   -121.4766425   59.9956792
   -121.4832525   60.0048028
   -121.4852708   60.0048031
   -121.4901502   59.9956835
   -121.4966370   59.9956855
   -121.5032431   60.0048058
   -121.5052599   60.0048061
   -121.5101388   59.9956897
   -121.5166313   59.9956917
   -121.5232327   60.0048088
   -121.5252497   60.0048091
   -121.5301278   59.9956959
   -121.5366258   59.9956979
   -121.5432222   60.0048118
   -121.5452404   60.0048121
   -121.5501168   59.9957022
   -121.5566203   59.9957042
   -121.5632129   60.0048148
   -121.5652298   60.0048151
   -121.5701049   59.9957084
   -121.5766153   59.9957104
   -121.5832021   60.0048178
   -121.5852197   60.0048181
   -121.5900939   59.9957146
   -121.5966098   59.9957166
   -121.6031917   60.0048208
   -121.6052096   60.0048211
   -121.6100826   59.9957208
   -121.6166040   59.9957229
   -121.6231813   60.0048238
   -121.6251994   60.0048241
   -121.6300716   59.9957271
   -121.6365986   59.9957291
   -121.6431719   60.0048268
   -121.6451893   60.0048271
   -121.6500606   59.9957333
   -121.6565931   59.9957353
   -121.6631614   60.0048298
   -121.6651795   60.0048301
   -121.6700487   59.9957395
   -121.6765880   59.9957416
   -121.6831507   60.0048328
   -121.6851694   60.0048331
   -121.6900377   59.9957458
   -121.6965825   59.9957478
   -121.7031413   60.0048358
   -121.7051592   60.0048361
   -121.7100267   59.9957520
   -121.7165770   59.9957540
   -121.7231309   60.0048388
   -121.7251491   60.0048391
   -121.7300153   59.9957582
   -121.7365712   59.9957603
   -121.7431205   60.0048418
   -121.7451393   60.0048421
   -121.7500038   59.9957645
   -121.7565664   59.9957665
   -121.7631107   60.0048448
   -121.7651284   60.0048451
   -121.7699924   59.9957707
   -121.7765606   59.9957727
   -121.7830992   60.0048478
   -121.7851191   60.0048481
   -121.7899814   59.9957769
   -121.7965552   59.9957790
   -121.8030899   60.0048508
   -121.8051089   60.0048511
   -121.8099704   59.9957832
   -121.8165497   59.9957852
   -121.8230805   60.0048538
   -121.8250980   60.0048541
   -121.8299590   59.9957894
   -121.8365439   59.9957914
   -121.8430690   60.0048568
   -121.8450890   60.0048571
   -121.8499475   59.9957956
   -121.8565390   59.9957977
   -121.8630593   60.0048598
   -121.8650789   60.0048601
   -121.8699365   59.9958019
   -121.8765335   59.9958039
   -121.8830499   60.0048628
   -121.8850679   60.0048631
   -121.8899251   59.9958081
   -121.8965277   59.9958101
   -121.9030385   60.0048658
   -121.9050586   60.0048661
   -121.9099142   59.9958143
   -121.9165222   59.9958164
   -121.9230291   60.0048688
   -121.9250485   60.0048691
   -121.9299031   59.9958206
   -121.9365167   59.9958226
   -121.9430198   60.0048718
   -121.9450378   60.0048721
   -121.9498912   59.9958268
   -121.9565116   59.9958288
   -121.9630079   60.0048748
   -121.9650285   60.0048751
   -121.9698803   59.9958330
   -121.9765061   59.9958351
   -121.9829985   60.0048778
   -121.9850176   60.0048781
   -121.9898689   59.9958392
   -121.9965002   59.9958413
   -122.0029870   60.0048808
   -122.0050083   60.0048811
   -122.0098579   59.9958455
   -122.0164947   59.9958475
   -122.0229777   60.0048838
   -122.0249985   60.0048841
   -122.0298464   59.9958517
   -122.0364899   59.9958538
   -122.0429680   60.0048868
   -122.0449875   60.0048871
   -122.0498350   59.9958579
   -122.0564840   59.9958600
   -122.0629565   60.0048898
   -122.0649782   60.0048901
   -122.0698240   59.9958642
   -122.0764785   59.9958662
   -122.0829471   60.0048928
   -122.0849681   60.0048931
   -122.0898130   59.9958704
   -122.0964730   59.9958725
   -122.1029378   60.0048958
   -122.1049571   60.0048961
   -122.1098016   59.9958766
   -122.1164672   59.9958787
   -122.1229263   60.0048988
   -122.1249481   60.0048991
   -122.1297901   59.9958829
   -122.1364623   59.9958849
   -122.1429166   60.0049018
   -122.1449372   60.0049021
   -122.1497787   59.9958891
   -122.1564565   59.9958912
   -122.1629062   60.0049048
   -122.1649270   60.0049051
   -122.1697677   59.9958953
   -122.1764509   59.9958974
   -122.1828957   60.0049078
   -122.1849177   60.0049081
   -122.1897567   59.9959016
   -122.1964454   59.9959036
   -122.2028864   60.0049108
   -122.2049068   60.0049111
   -122.2097453   59.9959078
   -122.2164396   59.9959099
   -122.2228760   60.0049138
   -122.2248970   60.0049141
   -122.2297337   59.9959140
   -122.2364346   59.9959161
   -122.2428652   60.0049168
   -122.2448876   60.0049171
   -122.2497227   59.9959203
   -122.2564291   59.9959223
   -122.2628558   60.0049198
   -122.2648767   60.0049201
   -122.2697113   59.9959265
   -122.2764233   59.9959286
   -122.2828455   60.0049228
   -122.2848666   60.0049231
   -122.2897003   59.9959327
   -122.2964177   59.9959348
   -122.3028350   60.0049258
   -122.3048567   60.0049261
   -122.3096885   59.9959389
   -122.3164125   59.9959410
   -122.3228243   60.0049288
   -122.3248466   60.0049291
   -122.3296774   59.9959452
   -122.3364070   59.9959473
   -122.3428149   60.0049318
   -122.3448365   60.0049321
   -122.3496664   59.9959514
   -122.3564014   59.9959535
   -122.3628045   60.0049348
   -122.3648264   60.0049351
   -122.3696550   59.9959576
   -122.3763955   59.9959597
   -122.3827941   60.0049378
   -122.3848162   60.0049381
   -122.3896440   59.9959639
   -122.3963900   59.9959660
   -122.4027848   60.0049408
   -122.4048064   60.0049411
   -122.4096325   59.9959701
   -122.4163850   59.9959722
   -122.4227739   60.0049438
   -122.4247963   60.0049441
   -122.4296211   59.9959763
   -122.4363792   59.9959784
   -122.4427636   60.0049468
   -122.4447861   60.0049471
   -122.4496101   59.9959826
   -122.4563736   59.9959847
   -122.4627542   60.0049498
   -122.4647760   60.0049501
   -122.4695990   59.9959888
   -122.4763680   59.9959909
   -122.4827438   60.0049528
   -122.4847659   60.0049531
   -122.4895877   59.9959950
   -122.4963622   59.9959971
   -122.5027334   60.0049558
   -122.5047560   60.0049561
   -122.5095761   59.9960013
   -122.5163572   59.9960034
   -122.5227226   60.0049588
   -122.5247459   60.0049591
   -122.5295648   59.9960075
   -122.5363513   59.9960096
   -122.5427122   60.0049618
   -122.5447358   60.0049621
   -122.5495537   59.9960137
   -122.5563458   59.9960158
   -122.5627029   60.0049648
   -122.5647256   60.0049651
   -122.5695427   59.9960200
   -122.5763402   59.9960221
   -122.5826924   60.0049678
   -122.5847158   60.0049681
   -122.5895308   59.9960262
   -122.5963349   59.9960283
   -122.6026817   60.0049708
   -122.6047056   60.0049711
   -122.6095198   59.9960324
   -122.6163294   59.9960345
   -122.6226723   60.0049738
   -122.6246955   60.0049741
   -122.6295088   59.9960387
   -122.6363237   59.9960408
   -122.6426619   60.0049768
   -122.6446854   60.0049771
   -122.6494974   59.9960449
   -122.6563179   59.9960470
   -122.6626515   60.0049798
   -122.6646752   60.0049801
   -122.6694864   59.9960511
   -122.6763123   59.9960532
   -122.6826422   60.0049828
   -122.6846646   60.0049831
   -122.6894744   59.9960573
   -122.6963070   59.9960595
   -122.7026303   60.0049858
   -122.7046553   60.0049861
   -122.7094634   59.9960636
   -122.7163014   59.9960657
   -122.7226210   60.0049888
   -122.7246451   60.0049891
   -122.7294524   59.9960698
   -122.7362958   59.9960719
   -122.7426117   60.0049918
   -122.7446342   60.0049921
   -122.7494410   59.9960760
   -122.7562899   59.9960782
   -122.7626002   60.0049948
   -122.7646249   60.0049951
   -122.7694300   59.9960823
   -122.7762843   59.9960844
   -122.7825909   60.0049978
   -122.7846150   60.0049981
   -122.7894185   59.9960885
   -122.7962793   59.9960906
   -122.8025811   60.0050008
   -122.8046041   60.0050011
   -122.8094070   59.9960947
   -122.8162734   59.9960969
   -122.8225697   60.0050038
   -122.8245948   60.0050041
   -122.8293960   59.9961010
   -122.8362678   59.9961031
   -122.8425603   60.0050068
   -122.8445846   60.0050071
   -122.8493850   59.9961072
   -122.8562622   59.9961093
   -122.8625510   60.0050098
   -122.8645739   60.0050101
   -122.8693731   59.9961134
   -122.8762569   59.9961156
   -122.8825392   60.0050128
   -122.8845646   60.0050131
   -122.8893621   59.9961197
   -122.8962513   59.9961218
   -122.9025298   60.0050158
   -122.9045537   60.0050161
   -122.9093507   59.9961259
   -122.9162454   59.9961280
   -122.9225195   60.0050188
   -122.9245435   60.0050191
   -122.9293396   59.9961321
   -122.9362397   59.9961343
   -122.9425090   60.0050218
   -122.9445342   60.0050221
   -122.9493286   59.9961384
   -122.9562341   59.9961405
   -122.9624997   60.0050248
   -122.9645236   60.0050251
   -122.9693167   59.9961446
   -122.9762288   59.9961467
   -122.9824890   60.0050278
   -122.9845134   60.0050281
   -122.9893056   59.9961508
   -122.9962231   59.9961530
   -123.0024785   60.0050308
   -123.0045041   60.0050311
   -123.0092947   59.9961570
   -123.0162175   59.9961592
   -123.0224692   60.0050338
   -123.0244931   60.0050341
   -123.0292832   59.9961633
   -123.0362116   59.9961654
   -123.0424588   60.0050368
   -123.0444830   60.0050371
   -123.0492722   59.9961695
   -123.0562059   59.9961717
   -123.0624484   60.0050398
   -123.0644732   60.0050401
   -123.0692603   59.9961757
   -123.0762006   59.9961779
   -123.0824377   60.0050428
   -123.0844630   60.0050431
   -123.0892493   59.9961820
   -123.0961949   59.9961841
   -123.1024272   60.0050458
   -123.1044537   60.0050461
   -123.1092383   59.9961882
   -123.1161893   59.9961904
   -123.1224179   60.0050488
   -123.1244427   60.0050491
   -123.1292268   59.9961944
   -123.1361834   59.9961966
   -123.1424076   60.0050518
   -123.1444329   60.0050521
   -123.1492153   59.9962007
   -123.1561783   59.9962028
   -123.1623967   60.0050548
   -123.1644236   60.0050551
   -123.1692043   59.9962069
   -123.1761727   59.9962091
   -123.1823874   60.0050578
   -123.1844126   60.0050581
   -123.1891928   59.9962131
   -123.1961667   59.9962153
   -123.2023771   60.0050608
   -123.2044024   60.0050611
   -123.2091818   59.9962194
   -123.2161610   59.9962215
   -123.2223666   60.0050638
   -123.2243931   60.0050641
   -123.2291708   59.9962256
   -123.2361554   59.9962278
   -123.2423573   60.0050668
   -123.2443825   60.0050671
   -123.2491589   59.9962318
   -123.2561501   59.9962340
   -123.2623466   60.0050698
   -123.2643723   60.0050701
   -123.2691478   59.9962381
   -123.2761443   59.9962402
   -123.2823361   60.0050728
   -123.2843622   60.0050731
   -123.2891364   59.9962443
   -123.2961384   59.9962465
   -123.3023258   60.0050758
   -123.3043520   60.0050761
   -123.3091254   59.9962505
   -123.3161327   59.9962527
   -123.3223165   60.0050788
   -123.3243419   60.0050791
   -123.3291143   59.9962568
   -123.3361270   59.9962589
   -123.3423060   60.0050818
   -123.3443321   60.0050821
   -123.3491024   59.9962630
   -123.3561217   59.9962652
   -123.3622953   60.0050848
   -123.3643219   60.0050851
   -123.3690914   59.9962692
   -123.3761160   59.9962714
   -123.3822860   60.0050878
   -123.3843117   60.0050881
   -123.3890803   59.9962754
   -123.3961103   59.9962776
   -123.4022756   60.0050908
   -123.4043016   60.0050911
   -123.4090689   59.9962817
   -123.4161044   59.9962839
   -123.4222652   60.0050938
   -123.4242918   60.0050941
   -123.4290574   59.9962879
   -123.4360993   59.9962901
   -123.4422555   60.0050968
   -123.4442808   60.0050971
   -123.4490459   59.9962941
   -123.4560933   59.9962963
   -123.4622441   60.0050998
   -123.4642715   60.0051001
   -123.4690349   59.9963004
   -123.4760876   59.9963026
   -123.4822347   60.0051028
   -123.4842613   60.0051031
   -123.4890239   59.9963066
   -123.4960819   59.9963088
   -123.5022254   60.0051058
   -123.5042503   60.0051061
   -123.5090124   59.9963128
   -123.5160759   59.9963150
   -123.5222140   60.0051088
   -123.5242413   60.0051091
   -123.5290009   59.9963191
   -123.5360708   59.9963213
   -123.5422043   60.0051118
   -123.5442312   60.0051121
   -123.5489899   59.9963253
   -123.5560652   59.9963275
   -123.5621949   60.0051148
   -123.5642202   60.0051151
   -123.5689784   59.9963315
   -123.5760591   59.9963337
   -123.5821835   60.0051178
   -123.5842109   60.0051181
   -123.5889674   59.9963378
   -123.5960534   59.9963400
   -123.6021742   60.0051208
   -123.6042007   60.0051211
   -123.6089564   59.9963440
   -123.6160478   59.9963462
   -123.6221648   60.0051238
   -123.6241900   60.0051241
   -123.6289444   59.9963502
   -123.6360423   59.9963524
   -123.6421530   60.0051268
   -123.6441807   60.0051271
   -123.6489334   59.9963565
   -123.6560366   59.9963587
   -123.6621437   60.0051298
   -123.6641698   60.0051301
   -123.6689220   59.9963627
   -123.6760305   59.9963649
   -123.6821323   60.0051328
   -123.6841604   60.0051331
   -123.6889110   59.9963689
   -123.6960249   59.9963711
   -123.7021229   60.0051358
   -123.7041506   60.0051361
   -123.7088994   59.9963751
   -123.7160198   59.9963774
   -123.7221132   60.0051388
   -123.7241396   60.0051391
   -123.7288880   59.9963814
   -123.7360137   59.9963836
   -123.7421018   60.0051418
   -123.7441303   60.0051421
   -123.7488769   59.9963876
   -123.7560080   59.9963898
   -123.7620925   60.0051448
   -123.7641201   60.0051451
   -123.7688659   59.9963938
   -123.7760023   59.9963961
   -123.7820832   60.0051478
   -123.7841091   60.0051481
   -123.7888544   59.9964001
   -123.7959962   59.9964023
   -123.8020717   60.0051508
   -123.8041001   60.0051511
   -123.8088429   59.9964063
   -123.8159911   59.9964085
   -123.8220620   60.0051538
   -123.8240891   60.0051541
   -123.8274357   59.9989853
   -123.8379012   59.9991758
   -123.8420517   60.0051568
   -123.8440790   60.0051571
   -123.8473250   59.9991747
   -123.8578887   59.9991734
   -123.8620413   60.0051598
   -123.8640697   60.0051601
   -123.8673187   59.9991723
   -123.8778766   59.9991711
   -123.8820320   60.0051628
   -123.8840587   60.0051631
   -123.8873114   59.9991700
   -123.8978640   59.9991688
   -123.9020216   60.0051658
   -123.9040488   60.0051661
   -123.9073045   59.9991676
   -123.9178518   59.9991664
   -123.9220108   60.0051687
   -123.9240395   60.0051691
   -123.9272982   59.9991653
   -123.9378397   59.9991641
   -123.9420015   60.0051717
   -123.9440285   60.0051721
   -123.9472910   59.9991630
   -123.9578271   59.9991617
   -123.9619912   60.0051747
   -123.9640184   60.0051751
   -123.9672843   59.9991606
   -123.9778146   59.9991594
   -123.9819808   60.0051777
   -123.9840093   60.0051781
   -123.9872777   59.9991583
   -123.9978028   59.9991570
   -124.0019710   60.0051807
   -124.0039984   60.0051811
   -124.0072705   59.9991559
   -124.0177902   59.9991547
   -124.0219607   60.0051837
   -124.0239882   60.0051841
   -124.0272638   59.9991536
   -124.0377778   59.9991523
   -124.0419503   60.0051867
   -124.0439781   60.0051871
   -124.0472569   59.9991512
   -124.0577652   59.9991500
   -124.0619400   60.0051897
   -124.0639679   60.0051901
   -124.0672502   59.9991489
   -124.0777531   59.9991476
   -124.0819307   60.0051927
   -124.0839580   60.0051931
   -124.0872433   59.9991465
   -124.0977409   59.9991453
   -124.1019199   60.0051957
   -124.1039479   60.0051961
   -124.1072364   59.9991442
   -124.1177283   59.9991429
   -124.1219095   60.0051987
   -124.1239377   60.0051991
   -124.1272297   59.9991418
   -124.1377163   59.9991406
   -124.1419002   60.0052017
   -124.1439275   60.0052021
   -124.1472231   59.9991395
   -124.1577038   59.9991382
   -124.1618898   60.0052047
   -124.1639174   60.0052051
   -124.1672162   59.9991371
   -124.1776912   59.9991359
   -124.1818795   60.0052077
   -124.1839075   60.0052081
   -124.1872093   59.9991348
   -124.1976791   59.9991336
   -124.2018687   60.0052107
   -124.2038974   60.0052110
   -124.2072024   59.9991324
   -124.2176665   59.9991312
   -124.2218584   60.0052137
   -124.2238872   60.0052140
   -124.2271957   59.9991301
   -124.2376544   59.9991289
   -124.2418491   60.0052167
   -124.2438771   60.0052170
   -124.2471890   59.9991277
   -124.2576420   59.9991265
   -124.2618387   60.0052197
   -124.2638672   60.0052200
   -124.2671819   59.9991254
   -124.2776297   59.9991242
   -124.2818279   60.0052227
   -124.2838571   60.0052230
   -124.2871752   59.9991230
   -124.2976172   59.9991218
   -124.3018186   60.0052257
   -124.3038467   60.0052260
   -124.3071681   59.9991207
   -124.3176048   59.9991195
   -124.3218082   60.0052287
   -124.3238366   60.0052290
   -124.3271612   59.9991184
   -124.3375922   59.9991171
   -124.3417979   60.0052317
   -124.3438264   60.0052320
   -124.3471545   59.9991160
   -124.3575802   59.9991148
   -124.3617886   60.0052347
   -124.3638165   60.0052350
   -124.3671476   59.9991137
   -124.3775680   59.9991124
   -124.3817778   60.0052377
   -124.3838064   60.0052380
   -124.3871407   59.9991113
   -124.3975555   59.9991101
   -124.4017675   60.0052407
   -124.4037962   60.0052410
   -124.4071341   59.9991090
   -124.4175434   59.9991077
   -124.4217582   60.0052437
   -124.4237852   60.0052440
   -124.4271269   59.9991066
   -124.4375305   59.9991054
   -124.4417468   60.0052467
   -124.4437759   60.0052470
   -124.4471205   59.9991043
   -124.4575185   59.9991030
   -124.4617374   60.0052497
   -124.4637660   60.0052500
   -124.4671136   59.9991019
   -124.4775067   59.9991007
   -124.4817277   60.0052527
   -124.4837550   60.0052530
   -124.4871064   59.9990996
   -124.4974938   59.9990984
   -124.5017163   60.0052557
   -124.5037457   60.0052560
   -124.5071001   59.9990972
   -124.5174818   59.9990960
   -124.5217070   60.0052587
   -124.5237355   60.0052590
   -124.5270934   59.9990949
   -124.5374697   59.9990937
   -124.5416977   60.0052617
   -124.5437248   60.0052620
   -124.5470860   59.9990925
   -124.5574571   59.9990913
   -124.5616859   60.0052647
   -124.5637155   60.0052650
   -124.5670796   59.9990902
   -124.5774451   59.9990890
   -124.5816766   60.0052677
   -124.5837045   60.0052680
   -124.5870725   59.9990878
   -124.5974325   59.9990866
   -124.6016663   60.0052707
   -124.6036943   60.0052710
   -124.6070658   59.9990855
   -124.6174201   59.9990843
   -124.6216559   60.0052737
   -124.6236850   60.0052740
   -124.6270594   59.9990831
   -124.6374081   59.9990819
   -124.6416466   60.0052767
   -124.6436743   60.0052770
   -124.6470520   59.9990808
   -124.6573959   59.9990796
   -124.6616359   60.0052797
   -124.6636641   60.0052800
   -124.6670454   59.9990784
   -124.6773835   59.9990772
   -124.6816255   60.0052827
   -124.6836548   60.0052830
   -124.6870390   59.9990761
   -124.6973715   59.9990749
   -124.7016162   60.0052857
   -124.7036438   60.0052860
   -124.7070318   59.9990738
   -124.7173590   59.9990725
   -124.7216058   60.0052887
   -124.7236336   60.0052890
   -124.7270252   59.9990714
   -124.7373466   59.9990702
   -124.7415955   60.0052917
   -124.7436246   60.0052920
   -124.7470186   59.9990691
   -124.7573349   59.9990678
   -124.7615858   60.0052947
   -124.7636136   60.0052950
   -124.7670114   59.9990667
   -124.7773220   59.9990655
   -124.7815744   60.0052977
   -124.7836043   60.0052980
   -124.7870051   59.9990644
   -124.7973100   59.9990632
   -124.8015651   60.0053007
   -124.8035933   60.0053010
   -124.8069979   59.9990620
   -124.8172975   59.9990608
   -124.8215547   60.0053037
   -124.8235834   60.0053040
   -124.8269910   59.9990597
   -124.8372854   59.9990585
   -124.8415440   60.0053067
   -124.8435741   60.0053070
   -124.8469846   59.9990573
   -124.8572734   59.9990561
   -124.8615347   60.0053097
   -124.8635631   60.0053100
   -124.8669775   59.9990550
   -124.8772609   59.9990538
   -124.8815243   60.0053127
   -124.8835529   60.0053130
   -124.8869708   59.9990526
   -124.8972485   59.9990514
   -124.9015140   60.0053157
   -124.9035436   60.0053160
   -124.9069645   59.9990503
   -124.9172365   59.9990491
   -124.9215046   60.0053187
   -124.9235329   60.0053190
   -124.9269570   59.9990479
   -124.9372243   59.9990467
   -124.9414939   60.0053217
   -124.9435227   60.0053220
   -124.9469504   59.9990456
   -124.9572120   59.9990444
   -124.9614836   60.0053247
   -124.9635126   60.0053250
   -124.9669435   59.9990432
   -124.9771995   59.9990420
   -124.9814733   60.0053277
   -124.9835024   60.0053280
   -124.9869369   59.9990409
   -124.9971875   59.9990397
   -125.0014639   60.0053307
   -125.0034922   60.0053310
   -125.0069302   59.9990385
   -125.0171751   59.9990373
   -125.0214536   60.0053337
   -125.0234824   60.0053340
   -125.0269231   59.9990362
   -125.0371630   59.9990350
   -125.0414429   60.0053367
   -125.0434722   60.0053370
   -125.0469165   59.9990338
   -125.0571510   59.9990326
   -125.0614336   60.0053397
   -125.0634620   60.0053400
   -125.0669098   59.9990315
   -125.0771386   59.9990303
   -125.0814232   60.0053427
   -125.0834518   60.0053430
   -125.0869030   59.9990292
   -125.0971262   59.9990280
   -125.1014129   60.0053457
   -125.1034416   60.0053460
   -125.1068963   59.9990268
   -125.1171142   59.9990256
   -125.1214036   60.0053487
   -125.1234310   60.0053490
   -125.1268889   59.9990245
   -125.1371016   59.9990233
   -125.1413918   60.0053517
   -125.1434216   60.0053520
   -125.1468826   59.9990221
   -125.1570897   59.9990209
   -125.1613825   60.0053547
   -125.1634114   60.0053550
   -125.1668759   59.9990198
   -125.1770777   59.9990186
   -125.1813732   60.0053577
   -125.1834004   60.0053580
   -125.1868688   59.9990174
   -125.1970649   59.9990162
   -125.2013618   60.0053607
   -125.2033914   60.0053610
   -125.2068622   59.9990151
   -125.2170532   59.9990139
   -125.2213521   60.0053637
   -125.2233812   60.0053640
   -125.2268555   59.9990127
   -125.2370413   59.9990115
   -125.2413428   60.0053667
   -125.2433702   60.0053670
   -125.2468484   59.9990104
   -125.2570284   59.9990092
   -125.2613314   60.0053697
   -125.2633609   60.0053700
   -125.2668421   59.9990080
   -125.2770165   59.9990068
   -125.2813221   60.0053727
   -125.2833507   60.0053730
   -125.2868354   59.9990057
   -125.2970045   59.9990045
   -125.3013128   60.0053757
   -125.3033400   60.0053760
   -125.3068280   59.9990033
   -125.3169920   59.9990021
   -125.3213010   60.0053787
   -125.3233307   60.0053790
   -125.3268217   59.9990010
   -125.3369800   59.9989998
   -125.3412917   60.0053817
   -125.3433196   60.0053820
   -125.3468145   59.9989986
   -125.3569672   59.9989974
   -125.3612804   60.0053847
   -125.3633103   60.0053850
   -125.3668082   59.9989963
   -125.3769553   59.9989951
   -125.3812711   60.0053877
   -125.3833001   60.0053880
   -125.3868015   59.9989939
   -125.3969433   59.9989928
   -125.4012618   60.0053907
   -125.4032894   60.0053910
   -125.4067941   59.9989916
   -125.4169308   59.9989904
   -125.4212500   60.0053937
   -125.4232801   60.0053940
   -125.4267878   59.9989892
   -125.4369189   59.9989881
   -125.4412407   60.0053967
   -125.4432699   60.0053970
   -125.4467812   59.9989869
   -125.4569069   59.9989857
   -125.4612314   60.0053997
   -125.4632589   60.0054000
   -125.4667740   59.9989846
   -125.4768941   59.9989834
   -125.4812200   60.0054027
   -125.4832499   60.0054030
   -125.4867674   59.9989822
   -125.4968825   59.9989810
   -125.5012103   60.0054057
   -125.5032388   60.0054060
   -125.5067603   59.9989799
   -125.5168701   59.9989787
   -125.5212000   60.0054087
   -125.5232286   60.0054090
   -125.5267537   59.9989775
   -125.5368578   59.9989763
   -125.5411897   60.0054117
   -125.5432193   60.0054120
   -125.5467473   59.9989752
   -125.5568458   59.9989740
   -125.5611804   60.0054147
   -125.5632083   60.0054150
   -125.5667402   59.9989728
   -125.5768334   59.9989716
   -125.5811701   60.0054177
   -125.5831984   60.0054180
   -125.5867333   59.9989705
   -125.5968214   59.9989693
   -125.6011593   60.0054207
   -125.6031891   60.0054210
   -125.6067270   59.9989681
   -125.6168095   59.9989669
   -125.6211500   60.0054237
   -125.6231781   60.0054240
   -125.6267198   59.9989658
   -125.6367971   59.9989646
   -125.6411397   60.0054267
   -125.6431679   60.0054270
   -125.6467132   59.9989634
   -125.6567848   59.9989622
   -125.6611293   60.0054297
   -125.6631585   60.0054300
   -125.6667069   59.9989611
   -125.6767729   59.9989599
   -125.6811200   60.0054327
   -125.6831478   60.0054330
   -125.6866995   59.9989587
   -125.6967608   59.9989575
   -125.7011093   60.0054357
   -125.7031376   60.0054360
   -125.7066929   59.9989564
   -125.7167485   59.9989552
   -125.7210990   60.0054387
   -125.7231275   60.0054390
   -125.7266860   59.9989540
   -125.7367361   59.9989529
   -125.7410887   60.0054417
   -125.7431173   60.0054420
   -125.7466794   59.9989517
   -125.7567242   59.9989505
   -125.7610794   60.0054447
   -125.7631074   60.0054450
   -125.7666725   59.9989493
   -125.7767122   59.9989482
   -125.7810686   60.0054477
   -125.7830972   60.0054480
   -125.7866657   59.9989470
   -125.7966998   59.9989458
   -125.8010583   60.0054507
   -125.8030870   60.0054510
   -125.8066590   59.9989446
   -125.8166879   59.9989435
   -125.8210490   60.0054537
   -125.8230768   60.0054540
   -125.8266524   59.9989423
   -125.8366756   59.9989411
   -125.8410387   60.0054567
   -125.8430667   60.0054570
   -125.8466456   59.9989400
   -125.8566632   59.9989388
   -125.8610284   60.0054597
   -125.8630568   60.0054600
   -125.8666387   59.9989376
   -125.8766513   59.9989364
   -125.8810176   60.0054627
   -125.8830466   60.0054630
   -125.8866319   59.9989353
   -125.8966389   59.9989341
   -125.9010073   60.0054657
   -125.9030364   60.0054660
   -125.9066253   59.9989329
   -125.9166270   59.9989317
   -125.9209980   60.0054687
   -125.9230262   60.0054690
   -125.9266186   59.9989306
   -125.9366148   59.9989294
   -125.9409877   60.0054717
   -125.9430161   60.0054720
   -125.9466118   59.9989282
   -125.9566024   59.9989270
   -125.9609774   60.0054747
   -125.9630062   60.0054750
   -125.9666049   59.9989259
   -125.9765908   59.9989247
   -125.9809677   60.0054777
   -125.9829960   60.0054780
   -125.9865983   59.9989235
   -125.9965786   59.9989223
   -126.0009573   60.0054807
   -126.0029858   60.0054810
   -126.0065915   59.9989212
   -126.0165662   59.9989200
   -126.0209471   60.0054837
   -126.0229756   60.0054840
   -126.0265849   59.9989188
   -126.0365543   59.9989177
   -126.0409378   60.0054867
   -126.0429657   60.0054870
   -126.0465780   59.9989165
   -126.0565424   59.9989153
   -126.0609270   60.0054897
   -126.0629555   60.0054900
   -126.0665711   59.9989141
   -126.0765300   59.9989130
   -126.0809167   60.0054927
   -126.0829453   60.0054930
   -126.0865645   59.9989118
   -126.0965181   59.9989106
   -126.1009074   60.0054957
   -126.1029343   60.0054960
   -126.1065574   59.9989094
   -126.1165054   59.9989083
   -126.1208961   60.0054987
   -126.1229250   60.0054990
   -126.1265511   59.9989071
   -126.1364935   59.9989059
   -126.1408868   60.0055017
   -126.1429151   60.0055020
   -126.1465442   59.9989047
   -126.1564819   59.9989036
   -126.1608771   60.0055047
   -126.1629040   60.0055050
   -126.1665371   59.9989024
   -126.1764692   59.9989012
   -126.1808658   60.0055077
   -126.1828947   60.0055080
   -126.1865308   59.9989000
   -126.1964573   59.9988989
   -126.2008565   60.0055107
   -126.2028845   60.0055110
   -126.2065242   59.9988977
   -126.2164454   59.9988965
   -126.2208472   60.0055137
   -126.2228735   60.0055140
   -126.2265171   59.9988954
   -126.2364327   59.9988942
   -126.2408358   60.0055167
   -126.2428645   60.0055170
   -126.2465105   59.9988930
   -126.2564212   59.9988918
   -126.2608261   60.0055197
   -126.2628534   60.0055200
   -126.2665034   59.9988907
   -126.2764088   59.9988895
   -126.2808158   60.0055227
   -126.2828432   60.0055230
   -126.2864968   59.9988883
   -126.2963966   59.9988871
   -126.3008055   60.0055257
   -126.3028339   60.0055260
   -126.3064905   59.9988860
   -126.3163848   59.9988848
   -126.3207962   60.0055287
   -126.3228231   60.0055290
   -126.3264831   59.9988836
   -126.3363727   59.9988825
   -126.3407855   60.0055317
   -126.3428129   60.0055320
   -126.3464765   59.9988813
   -126.3563605   59.9988801
   -126.3607752   60.0055347
   -126.3628036   60.0055350
   -126.3664702   59.9988789
   -126.3763487   59.9988778
   -126.3807659   60.0055377
   -126.3827926   60.0055380
   -126.3864631   59.9988766
   -126.3963363   59.9988754
   -126.4007556   60.0055407
   -126.4027823   60.0055410
   -126.4064565   59.9988742
   -126.4163241   59.9988731
   -126.4207452   60.0055437
   -126.4227733   60.0055440
   -126.4264499   59.9988719
   -126.4363126   59.9988707
   -126.4407356   60.0055467
   -126.4427623   60.0055470
   -126.4464428   59.9988695
   -126.4562999   59.9988684
   -126.4607242   60.0055497
   -126.4627529   60.0055500
   -126.4664364   59.9988672
   -126.4762881   59.9988660
   -126.4807149   60.0055527
   -126.4827419   60.0055530
   -126.4864294   59.9988648
   -126.4962757   59.9988637
   -126.5007047   60.0055557
   -126.5027317   60.0055560
   -126.5064228   59.9988625
   -126.5162635   59.9988613
   -126.5206943   60.0055587
   -126.5227227   60.0055590
   -126.5264162   59.9988601
   -126.5362520   59.9988590
   -126.5406846   60.0055617
   -126.5427116   60.0055620
   -126.5464091   59.9988578
   -126.5562397   59.9988566
   -126.5606744   60.0055647
   -126.5627014   60.0055650
   -126.5664025   59.9988554
   -126.5762275   59.9988543
   -126.5806640   60.0055677
   -126.5826921   60.0055680
   -126.5863962   59.9988531
   -126.5962157   59.9988519
   -126.6006547   60.0055707
   -126.6026814   60.0055710
   -126.6063888   59.9988508
   -126.6162037   59.9988496
   -126.6206440   60.0055737
   -126.6226711   60.0055740
   -126.6263822   59.9988484
   -126.6361915   59.9988473
   -126.6406337   60.0055767
   -126.6426610   60.0055770
   -126.6463754   59.9988461
   -126.6561792   59.9988449
   -126.6606234   60.0055797
   -126.6626507   60.0055800
   -126.6663688   59.9988437
   -126.6761673   59.9988426
   -126.6806141   60.0055827
   -126.6826405   60.0055830
   -126.6863622   59.9988414
   -126.6961552   59.9988402
   -126.7006038   60.0055857
   -126.7026307   60.0055860
   -126.7063551   59.9988390
   -126.7161432   59.9988379
   -126.7205931   60.0055887
   -126.7226205   60.0055890
   -126.7263485   59.9988367
   -126.7361314   59.9988355
   -126.7405838   60.0055917
   -126.7426102   60.0055920
   -126.7463419   59.9988343
   -126.7561192   59.9988332
   -126.7605735   60.0055947
   -126.7626001   60.0055950
   -126.7663351   59.9988320
   -126.7761069   59.9988308
   -126.7805632   60.0055977
   -126.7825899   60.0055980
   -126.7863286   59.9988296
   -126.7960951   59.9988285
   -126.8005539   60.0056007
   -126.8025800   60.0056010
   -126.8063217   59.9988273
   -126.8160833   59.9988261
   -126.8205432   60.0056037
   -126.8225698   60.0056040
   -126.8263149   59.9988249
   -126.8360710   59.9988238
   -126.8405329   60.0056067
   -126.8425596   60.0056070
   -126.8463083   59.9988226
   -126.8560591   59.9988214
   -126.8605236   60.0056097
   -126.8625485   60.0056100
   -126.8663012   59.9988202
   -126.8760465   59.9988191
   -126.8805123   60.0056127
   -126.8825395   60.0056130
   -126.8862946   59.9988179
   -126.8960350   59.9988167
   -126.9005026   60.0056157
   -126.9025293   60.0056160
   -126.9062880   59.9988155
   -126.9160232   59.9988144
   -126.9204933   60.0056187
   -126.9225182   60.0056190
   -126.9262810   59.9988132
   -126.9360106   59.9988120
   -126.9404820   60.0056217
   -126.9425089   60.0056220
   -126.9462747   59.9988108
   -126.9559988   59.9988097
   -126.9604727   60.0056247
   -126.9624986   60.0056250
   -126.9662681   59.9988085
   -126.9759866   59.9988074
   -126.9804624   60.0056277
   -126.9824888   60.0056280
   -126.9862610   59.9988061
   -126.9959747   59.9988050
   -127.0004517   60.0056307
   -127.0024786   60.0056310
   -127.0062544   59.9988038
   -127.0159629   59.9988027
   -127.0204425   60.0056337
   -127.0224675   60.0056340
   -127.0262473   59.9988015
   -127.0359503   59.9988003
   -127.0404311   60.0056367
   -127.0424582   60.0056370
   -127.0462410   59.9987991
   -127.0559385   59.9987980
   -127.0604219   60.0056397
   -127.0624480   60.0056400
   -127.0662345   59.9987968
   -127.0759267   59.9987956
   -127.0804126   60.0056427
   -127.0824372   60.0056430
   -127.0862271   59.9987944
   -127.0959144   59.9987933
   -127.1004009   60.0056457
   -127.1024279   60.0056460
   -127.1062208   59.9987921
   -127.1159026   59.9987909
   -127.1203916   60.0056487
   -127.1224177   60.0056490
   -127.1262142   59.9987897
   -127.1358908   59.9987886
   -127.1403823   60.0056517
   -127.1424066   60.0056520
   -127.1462072   59.9987874
   -127.1558782   59.9987862
   -127.1603710   60.0056547
   -127.1623976   60.0056550
   -127.1662006   59.9987850
   -127.1758668   59.9987839
   -127.1803613   60.0056577
   -127.1823873   60.0056580
   -127.1861940   59.9987827
   -127.1958550   59.9987815
   -127.2003520   60.0056607
   -127.2023763   60.0056610
   -127.2061869   59.9987803
   -127.2158424   59.9987792
   -127.2203407   60.0056637
   -127.2223669   60.0056640
   -127.2261806   59.9987780
   -127.2358306   59.9987768
   -127.2403314   60.0056667
   -127.2423559   60.0056670
   -127.2461736   59.9987756
   -127.2558183   59.9987745
   -127.2603212   60.0056697
   -127.2623460   60.0056700
   -127.2661667   59.9987733
   -127.2758066   59.9987722
   -127.2803104   60.0056727
   -127.2823366   60.0056730
   -127.2861604   59.9987709
   -127.2957948   59.9987698
   -127.3003011   60.0056757
   -127.3023256   60.0056760
   -127.3061534   59.9987686
   -127.3157825   59.9987675
   -127.3202909   60.0056787
   -127.3223153   60.0056790
   -127.3261468   59.9987662
   -127.3357704   59.9987651
   -127.3402806   60.0056817
   -127.3423060   60.0056820
   -127.3461405   59.9987639
   -127.3557586   59.9987628
   -127.3602713   60.0056847
   -127.3622953   60.0056850
   -127.3661331   59.9987615
   -127.3757467   59.9987604
   -127.3802606   60.0056877
   -127.3822850   60.0056880
   -127.3861266   59.9987592
   -127.3957347   59.9987581
   -127.4002503   60.0056907
   -127.4022748   60.0056910
   -127.4061198   59.9987569
   -127.4157224   59.9987557
   -127.4202400   60.0056937
   -127.4222646   60.0056940
   -127.4261132   59.9987545
   -127.4357106   59.9987534
   -127.4402308   60.0056967
   -127.4422547   60.0056970
   -127.4461064   59.9987522
   -127.4556989   59.9987510
   -127.4602200   60.0056997
   -127.4622445   60.0057000
   -127.4660996   59.9987498
   -127.4756866   59.9987487
   -127.4802098   60.0057027
   -127.4822343   60.0057030
   -127.4860930   59.9987475
   -127.4956749   59.9987463
   -127.5002005   60.0057057
   -127.5022241   60.0057060
   -127.5060865   59.9987451
   -127.5156628   59.9987440
   -127.5201902   60.0057087
   -127.5222139   60.0057090
   -127.5260797   59.9987428
   -127.5356506   59.9987416
   -127.5401799   60.0057117
   -127.5422040   60.0057120
   -127.5460728   59.9987404
   -127.5556389   59.9987393
   -127.5601692   60.0057147
   -127.5621946   60.0057150
   -127.5660665   59.9987381
   -127.5756271   59.9987370
   -127.5801599   60.0057177
   -127.5821835   60.0057180
   -127.5860595   59.9987357
   -127.5956148   59.9987346
   -127.6001497   60.0057207
   -127.6021733   60.0057210
   -127.6060529   59.9987334
   -127.6156028   59.9987323
   -127.6201393   60.0057237
   -127.6221631   60.0057240
   -127.6260462   59.9987310
   -127.6355905   59.9987299
   -127.6401291   60.0057267
   -127.6421532   60.0057270
   -127.6460393   59.9987287
   -127.6555791   59.9987276
   -127.6601194   60.0057297
   -127.6621430   60.0057300
   -127.6660327   59.9987263
   -127.6755671   59.9987252
   -127.6801091   60.0057327
   -127.6821328   60.0057330
   -127.6860260   59.9987240
   -127.6955549   59.9987229
   -127.7000988   60.0057357
   -127.7021226   60.0057360
   -127.7060194   59.9987216
   -127.7155431   59.9987205
   -127.7200895   60.0057387
   -127.7221127   60.0057390
   -127.7260126   59.9987193
   -127.7355314   59.9987182
   -127.7400788   60.0057417
   -127.7421025   60.0057420
   -127.7460058   59.9987169
   -127.7555192   59.9987158
   -127.7600686   60.0057447
   -127.7620922   60.0057450
   -127.7659992   59.9987146
   -127.7755074   59.9987135
   -127.7800593   60.0057477
   -127.7820811   60.0057480
   -127.7859922   59.9987123
   -127.7954949   59.9987111
   -127.8000480   60.0057507
   -127.8020718   60.0057510
   -127.8059859   59.9987099
   -127.8154832   59.9987088
   -127.8200387   60.0057537
   -127.8220619   60.0057540
   -127.8259791   59.9987076
   -127.8354718   59.9987064
   -127.8400291   60.0057567
   -127.8420508   60.0057570
   -127.8459720   59.9987052
   -127.8554593   59.9987041
   -127.8600178   60.0057597
   -127.8620415   60.0057600
   -127.8659657   59.9987029
   -127.8754476   59.9987018
   -127.8800085   60.0057627
   -127.8820312   60.0057630
   -127.8859592   59.9987005
   -127.8954358   59.9986994
   -127.8999992   60.0057657
   -127.9020201   60.0057660
   -127.9059522   59.9986982
   -127.9154233   59.9986971
   -127.9199879   60.0057687
   -127.9220111   60.0057690
   -127.9259456   59.9986958
   -127.9354119   59.9986947
   -127.9399783   60.0057717
   -127.9420000   60.0057720
   -127.9459386   59.9986935
   -127.9553997   59.9986924
   -127.9599680   60.0057747
   -127.9619898   60.0057750
   -127.9659320   59.9986911
   -127.9753877   59.9986900
   -127.9799577   60.0057777
   -127.9819804   60.0057780
   -127.9859257   59.9986888
   -127.9953760   59.9986877
   -127.9999484   60.0057807
   -128.0019697   60.0057810
   -128.0059184   59.9986864
   -128.0153641   59.9986853
   -128.0199378   60.0057837
   -128.0219595   60.0057840
   -128.0259119   59.9986841
   -128.0353521   59.9986830
   -128.0399275   60.0057867
   -128.0419501   60.0057870
   -128.0459056   59.9986817
   -128.0553404   59.9986806
   -128.0599182   60.0057897
   -128.0619390   60.0057900
   -128.0658986   59.9986794
   -128.0753282   59.9986783
   -128.0799079   60.0057927
   -128.0819288   60.0057930
   -128.0858920   59.9986770
   -128.0953162   59.9986759
   -128.0998976   60.0057957
   -128.1019198   60.0057960
   -128.1058854   59.9986747
   -128.1153048   59.9986736
   -128.1198879   60.0057987
   -128.1219087   60.0057990
   -128.1258784   59.9986723
   -128.1352924   59.9986712
   -128.1398767   60.0058017
   -128.1418993   60.0058020
   -128.1458721   59.9986700
   -128.1552806   59.9986689
   -128.1598674   60.0058047
   -128.1618882   60.0058050
   -128.1658651   59.9986677
   -128.1752685   59.9986665
   -128.1798572   60.0058077
   -128.1818780   60.0058080
   -128.1858586   59.9986653
   -128.1952565   59.9986642
   -128.1998468   60.0058107
   -128.2018690   60.0058110
   -128.2058520   59.9986630
   -128.2152451   59.9986619
   -128.2198372   60.0058137
   -128.2218579   60.0058140
   -128.2258450   59.9986606
   -128.2352329   59.9986595
   -128.2398269   60.0058167
   -128.2418476   60.0058170
   -128.2458384   59.9986583
   -128.2552209   59.9986572
   -128.2598166   60.0058197
   -128.2618383   60.0058200
   -128.2658322   59.9986559
   -128.2752092   59.9986548
   -128.2798073   60.0058227
   -128.2818275   60.0058230
   -128.2858248   59.9986536
   -128.2951974   59.9986525
   -128.2997967   60.0058257
   -128.3018173   60.0058260
   -128.3058183   59.9986512
   -128.3151854   59.9986501
   -128.3197864   60.0058287
   -128.3218071   60.0058290
   -128.3258115   59.9986489
   -128.3351733   59.9986478
   -128.3397762   60.0058317
   -128.3417968   60.0058320
   -128.3458050   59.9986465
   -128.3551616   59.9986454
   -128.3597669   60.0058347
   -128.3617866   60.0058350
   -128.3657985   59.9986442
   -128.3751496   59.9986431
   -128.3797566   60.0058377
   -128.3817767   60.0058380
   -128.3857914   59.9986418
   -128.3951378   59.9986407
   -128.3997459   60.0058407
   -128.4017665   60.0058410
   -128.4057849   59.9986395
   -128.4151261   59.9986384
   -128.4197367   60.0058437
   -128.4217562   60.0058440
   -128.4257784   59.9986371
   -128.4351141   59.9986360
   -128.4397264   60.0058467
   -128.4417460   60.0058470
   -128.4457716   59.9986348
   -128.4551020   59.9986337
   -128.4597161   60.0058497
   -128.4617358   60.0058500
   -128.4657651   59.9986324
   -128.4750903   59.9986313
   -128.4797069   60.0058527
   -128.4817258   60.0058530
   -128.4857583   59.9986301
   -128.4950787   59.9986290
   -128.4996962   60.0058557
   -128.5017156   60.0058560
   -128.5057515   59.9986277
   -128.5150665   59.9986267
   -128.5196859   60.0058587
   -128.5217054   60.0058590
   -128.5257450   59.9986254
   -128.5350548   59.9986243
   -128.5396766   60.0058617
   -128.5416943   60.0058620
   -128.5457380   59.9986231
   -128.5550424   59.9986220
   -128.5596654   60.0058647
   -128.5616853   60.0058650
   -128.5657314   59.9986207
   -128.5750311   59.9986196
   -128.5796557   60.0058677
   -128.5816750   60.0058680
   -128.5857249   59.9986184
   -128.5950194   59.9986173
   -128.5996464   60.0058707
   -128.6016639   60.0058710
   -128.6057179   59.9986160
   -128.6150070   59.9986149
   -128.6196352   60.0058737
   -128.6216546   60.0058740
   -128.6257116   59.9986137
   -128.6349953   59.9986126
   -128.6396259   60.0058767
   -128.6416443   60.0058770
   -128.6457051   59.9986113
   -128.6549834   59.9986102
   -128.6596156   60.0058797
   -128.6616344   60.0058800
   -128.6656980   59.9986090
   -128.6749716   59.9986079
   -128.6796050   60.0058827
   -128.6816242   60.0058830
   -128.6856915   59.9986066
   -128.6949599   59.9986055
   -128.6995957   60.0058857
   -128.7016131   60.0058860
   -128.7056845   59.9986043
   -128.7149475   59.9986032
   -128.7195844   60.0058887
   -128.7216037   60.0058890
   -128.7256783   59.9986019
   -128.7349358   59.9986008
   -128.7395752   60.0058917
   -128.7415935   60.0058920
   -128.7456718   59.9985996
   -128.7549241   59.9985985
   -128.7595659   60.0058947
   -128.7615827   60.0058950
   -128.7656644   59.9985972
   -128.7749121   59.9985961
   -128.7795542   60.0058977
   -128.7815733   60.0058980
   -128.7856582   59.9985949
   -128.7949005   59.9985938
   -128.7995450   60.0059007
   -128.8015631   60.0059010
   -128.8056517   59.9985925
   -128.8148888   59.9985915
   -128.8195357   60.0059037
   -128.8215520   60.0059040
   -128.8256447   59.9985902
   -128.8348764   59.9985891
   -128.8395244   60.0059067
   -128.8415430   60.0059070
   -128.8456381   59.9985878
   -128.8548651   59.9985868
   -128.8595148   60.0059097
   -128.8615327   60.0059100
   -128.8656316   59.9985855
   -128.8748535   59.9985844
   -128.8795055   60.0059127
   -128.8815216   60.0059130
   -128.8856246   59.9985831
   -128.8948411   59.9985821
   -128.8994943   60.0059157
   -128.9015122   60.0059160
   -128.9056183   59.9985808
   -128.9148294   59.9985797
   -128.9194850   60.0059187
   -128.9215011   60.0059190
   -128.9256114   59.9985785
   -128.9348173   59.9985774
   -128.9394748   60.0059217
   -128.9414912   60.0059220
   -128.9456045   59.9985761
   -128.9548058   59.9985750
   -128.9594641   60.0059247
   -128.9614818   60.0059250
   -128.9655983   59.9985738
   -128.9747941   59.9985727
   -128.9794548   60.0059277
   -128.9814707   60.0059280
   -128.9855913   59.9985714
   -128.9947820   59.9985703
   -128.9994446   60.0059307
   -129.0014605   60.0059310
   -129.0055848   59.9985691
   -129.0147701   59.9985680
   -129.0194343   60.0059337
   -129.0214511   60.0059340
   -129.0255785   59.9985667
   -129.0347584   59.9985656
   -129.0394250   60.0059367
   -129.0414403   60.0059370
   -129.0455712   59.9985644
   -129.0547467   59.9985633
   -129.0594144   60.0059397
   -129.0614301   60.0059400
   -129.0655647   59.9985620
   -129.0747348   59.9985609
   -129.0794041   60.0059427
   -129.0814199   60.0059430
   -129.0855580   59.9985597
   -129.0947227   59.9985586
   -129.0993939   60.0059457
   -129.1014096   60.0059460
   -129.1055515   59.9985573
   -129.1147110   59.9985562
   -129.1193846   60.0059487
   -129.1213997   60.0059490
   -129.1255447   59.9985550
   -129.1346995   59.9985539
   -129.1393739   60.0059517
   -129.1413895   60.0059520
   -129.1455379   59.9985526
   -129.1546874   59.9985516
   -129.1593637   60.0059547
   -129.1613792   60.0059550
   -129.1655314   59.9985503
   -129.1746758   59.9985492
   -129.1793544   60.0059577
   -129.1813689   60.0059580
   -129.1855250   59.9985479
   -129.1946639   59.9985469
   -129.1993441   60.0059607
   -129.2013587   60.0059610
   -129.2055182   59.9985456
   -129.2146518   59.9985445
   -129.2193339   60.0059637
   -129.2213488   60.0059640
   -129.2255114   59.9985432
   -129.2346403   59.9985422
   -129.2393232   60.0059667
   -129.2413394   60.0059670
   -129.2455051   59.9985409
   -129.2546287   59.9985398
   -129.2593140   60.0059697
   -129.2613283   60.0059700
   -129.2654982   59.9985385
   -129.2746166   59.9985375
   -129.2793037   60.0059727
   -129.2813180   60.0059730
   -129.2854917   59.9985362
   -129.2946047   59.9985351
   -129.2992934   60.0059757
   -129.3013078   60.0059760
   -129.3054850   59.9985339
   -129.3145926   59.9985328
   -129.3192832   60.0059787
   -129.3212979   60.0059790
   -129.3254781   59.9985315
   -129.3345814   59.9985304
   -129.3392736   60.0059817
   -129.3412876   60.0059820
   -129.3454716   59.9985292
   -129.3545695   59.9985281
   -129.3592633   60.0059847
   -129.3612774   60.0059850
   -129.3654649   59.9985268
   -129.3745574   59.9985257
   -129.3792531   60.0059877
   -129.3812671   60.0059880
   -129.3854584   59.9985245
   -129.3945458   59.9985234
   -129.3992438   60.0059907
   -129.4012572   60.0059910
   -129.4054516   59.9985221
   -129.4145343   59.9985210
   -129.4192331   60.0059937
   -129.4212470   60.0059940
   -129.4254449   59.9985198
   -129.4345222   59.9985187
   -129.4392229   60.0059967
   -129.4412367   60.0059970
   -129.4454384   59.9985174
   -129.4545106   59.9985164
   -129.4592136   60.0059997
   -129.4612256   60.0060000
   -129.4654315   59.9985151
   -129.4744983   59.9985140
   -129.4792024   60.0060027
   -129.4812162   60.0060030
   -129.4854252   59.9985127
   -129.4944867   59.9985117
   -129.4991931   60.0060057
   -129.5012063   60.0060060
   -129.5054184   59.9985104
   -129.5144754   59.9985093
   -129.5191835   60.0060087
   -129.5211952   60.0060090
   -129.5254114   59.9985080
   -129.5344631   59.9985070
   -129.5391722   60.0060117
   -129.5411858   60.0060120
   -129.5454052   59.9985057
   -129.5544515   59.9985046
   -129.5591630   60.0060147
   -129.5611756   60.0060150
   -129.5653987   59.9985033
   -129.5744399   59.9985023
   -129.5791537   60.0060177
   -129.5811644   60.0060180
   -129.5853918   59.9985010
   -129.5944276   59.9984999
   -129.5991425   60.0060207
   -129.6011554   60.0060210
   -129.6053852   59.9984986
   -129.6144164   59.9984976
   -129.6191328   60.0060237
   -129.6211451   60.0060240
   -129.6253787   59.9984963
   -129.6344048   59.9984952
   -129.6391236   60.0060267
   -129.6411340   60.0060270
   -129.6453718   59.9984939
   -129.6543925   59.9984929
   -129.6591123   60.0060297
   -129.6611246   60.0060300
   -129.6653655   59.9984916
   -129.6743809   59.9984905
   -129.6791031   60.0060327
   -129.6811135   60.0060330
   -129.6853586   59.9984893
   -129.6943688   59.9984882
   -129.6990928   60.0060357
   -129.7011036   60.0060360
   -129.7053518   59.9984869
   -129.7143574   59.9984858
   -129.7190822   60.0060387
   -129.7210942   60.0060390
   -129.7253455   59.9984846
   -129.7343458   59.9984835
   -129.7390729   60.0060417
   -129.7410831   60.0060420
   -129.7453386   59.9984822
   -129.7543337   59.9984812
   -129.7590627   60.0060447
   -129.7610728   60.0060450
   -129.7653321   59.9984799
   -129.7743219   59.9984788
   -129.7790524   60.0060477
   -129.7810638   60.0060480
   -129.7853255   59.9984775
   -129.7943107   59.9984765
   -129.7990428   60.0060507
   -129.8010526   60.0060510
   -129.8053186   59.9984752
   -129.8142984   59.9984741
   -129.8190315   60.0060537
   -129.8210433   60.0060540
   -129.8253123   59.9984728
   -129.8342868   59.9984718
   -129.8390223   60.0060567
   -129.8410321   60.0060570
   -129.8453054   59.9984705
   -129.8542748   59.9984694
   -129.8590121   60.0060597
   -129.8610219   60.0060600
   -129.8652989   59.9984681
   -129.8742629   59.9984671
   -129.8790018   60.0060627
   -129.8810128   60.0060630
   -129.8852923   59.9984658
   -129.8942518   59.9984647
   -129.8989921   60.0060657
   -129.9010017   60.0060660
   -129.9052854   59.9984634
   -129.9142397   59.9984624
   -129.9189819   60.0060687
   -129.9209914   60.0060690
   -129.9252790   59.9984611
   -129.9342279   59.9984600
   -129.9389716   60.0060717
   -129.9409821   60.0060720
   -129.9452727   59.9984587
   -129.9542163   59.9984577
   -129.9589624   60.0060747
   -129.9609709   60.0060750
   -129.9652658   59.9984564
   -129.9742043   59.9984553
   -129.9789522   60.0060777
   -129.9809610   60.0060780
   -129.9852590   59.9984540
   -129.9941929   59.9984530
   -129.9989415   60.0060807
   -130.0009516   60.0060810
   -130.0052527   59.9984517
   -130.0141813   59.9984506
   -130.0189322   60.0060837
   -130.0209405   60.0060840
   -130.0252458   59.9984493
   -130.0341693   59.9984483
   -130.0389220   60.0060867
   -130.0409302   60.0060870
   -130.0452394   59.9984470
   -130.0541575   59.9984459
   -130.0589118   60.0060897
   -130.0609203   60.0060900
   -130.0652323   59.9984446
   -130.0741458   59.9984436
   -130.0789012   60.0060927
   -130.0809100   60.0060930
   -130.0852258   59.9984423
   -130.0941343   59.9984413
   -130.0988919   60.0060957
   -130.1008997   60.0060960
   -130.1052194   59.9984400
   -130.1141225   59.9984389
   -130.1188816   60.0060987
   -130.1208895   60.0060990
   -130.1252127   59.9984376
   -130.1341104   59.9984366
   -130.1388714   60.0061017
   -130.1408792   60.0061020
   -130.1452062   59.9984353
   -130.1540989   59.9984342
   -130.1588622   60.0061047
   -130.1608693   60.0061050
   -130.1651994   59.9984329
   -130.1740875   59.9984319
   -130.1788515   60.0061077
   -130.1808591   60.0061080
   -130.1851927   59.9984306
   -130.1940755   59.9984295
   -130.1988413   60.0061107
   -130.2008488   60.0061110
   -130.2051863   59.9984282
   -130.2140639   59.9984272
   -130.2188320   60.0061137
   -130.2208376   60.0061140
   -130.2251794   59.9984259
   -130.2340517   59.9984248
   -130.2388208   60.0061167
   -130.2408282   60.0061170
   -130.2451731   59.9984235
   -130.2540401   59.9984225
   -130.2588116   60.0061197
   -130.2608183   60.0061200
   -130.2651663   59.9984212
   -130.2740289   59.9984201
   -130.2788019   60.0061227
   -130.2808072   60.0061230
   -130.2851594   59.9984188
   -130.2940167   59.9984178
   -130.2987907   60.0061257
   -130.3007978   60.0061260
   -130.3051532   59.9984165
   -130.3140052   59.9984154
   -130.3187814   60.0061287
   -130.3207875   60.0061290
   -130.3251467   59.9984141
   -130.3339934   59.9984131
   -130.3387712   60.0061317
   -130.3407776   60.0061320
   -130.3451397   59.9984118
   -130.3539818   59.9984107
   -130.3587606   60.0061347
   -130.3607673   60.0061350
   -130.3651332   59.9984094
   -130.3739702   59.9984084
   -130.3787513   60.0061377
   -130.3807570   60.0061380
   -130.3851268   59.9984071
   -130.3939585   59.9984061
   -130.3987410   60.0061407
   -130.4007468   60.0061410
   -130.4051201   59.9984047
   -130.4139465   59.9984037
   -130.4187308   60.0061437
   -130.4207365   60.0061440
   -130.4251137   59.9984024
   -130.4339349   59.9984014
   -130.4387216   60.0061467
   -130.4407257   60.0061470
   -130.4451064   59.9984000
   -130.4539231   59.9983990
   -130.4587100   60.0061497
   -130.4607164   60.0061500
   -130.4651002   59.9983977
   -130.4739116   59.9983967
   -130.4787007   60.0061527
   -130.4807061   60.0061530
   -130.4850937   59.9983954
   -130.4939000   59.9983943
   -130.4986915   60.0061557
   -130.5006949   60.0061560
   -130.5050868   59.9983930
   -130.5138878   59.9983920
   -130.5186803   60.0061587
   -130.5206855   60.0061590
   -130.5250806   59.9983907
   -130.5338763   59.9983896
   -130.5386710   60.0061617
   -130.5406756   60.0061620
   -130.5450738   59.9983883
   -130.5538652   59.9983873
   -130.5586614   60.0061647
   -130.5606644   60.0061650
   -130.5650669   59.9983860
   -130.5738530   59.9983849
   -130.5786502   60.0061676
   -130.5806551   60.0061680
   -130.5850607   59.9983836
   -130.5938414   59.9983826
   -130.5986409   60.0061706
   -130.6006439   60.0061710
   -130.6050538   59.9983813
   -130.6138294   59.9983802
   -130.6186307   60.0061736
   -130.6206340   60.0061740
   -130.6250470   59.9983789
   -130.6338181   59.9983779
   -130.6386200   60.0061766
   -130.6406246   60.0061769
   -130.6450408   59.9983766
   -130.6538066   59.9983755
   -130.6586108   60.0061796
   -130.6606134   60.0061799
   -130.6650339   59.9983742
   -130.6737946   59.9983732
   -130.6786006   60.0061826
   -130.6806031   60.0061829
   -130.6850275   59.9983719
   -130.6937829   59.9983709
   -130.6985903   60.0061856
   -130.7005937   60.0061859
   -130.7050212   59.9983695
   -130.7137713   59.9983685
   -130.7185811   60.0061886
   -130.7205829   60.0061889
   -130.7250140   59.9983672
   -130.7337598   59.9983662
   -130.7385705   60.0061916
   -130.7405726   60.0061919
   -130.7450075   59.9983648
   -130.7537480   59.9983638
   -130.7585602   60.0061946
   -130.7605624   60.0061949
   -130.7650009   59.9983625
   -130.7737361   59.9983615
   -130.7785500   60.0061976
   -130.7805521   60.0061979
   -130.7849944   59.9983601
   -130.7937245   59.9983591
   -130.7985408   60.0062006
   -130.8005418   60.0062009
   -130.8049880   59.9983578
   -130.8137128   59.9983568
   -130.8185305   60.0062036
   -130.8205319   60.0062039
   -130.8249810   59.9983554
   -130.8337013   59.9983544
   -130.8385199   60.0062066
   -130.8405216   60.0062069
   -130.8449745   59.9983531
   -130.8536897   59.9983521
   -130.8585107   60.0062096
   -130.8605113   60.0062099
   -130.8649681   59.9983508
   -130.8736780   59.9983497
   -130.8785004   60.0062126
   -130.8805011   60.0062129
   -130.8849614   59.9983484
   -130.8936661   59.9983474
   -130.8984902   60.0062156
   -130.9004911   60.0062159
   -130.9049546   59.9983461
   -130.9136548   59.9983450
   -130.9184796   60.0062186
   -130.9204818   60.0062189
   -130.9249484   59.9983437
   -130.9336432   59.9983427
   -130.9384703   60.0062216
   -130.9404706   60.0062219
   -130.9449416   59.9983414
   -130.9536313   59.9983403
   -130.9584601   60.0062246
   -130.9604603   60.0062249
   -130.9649351   59.9983390
   -130.9736196   59.9983380
   -130.9784499   60.0062276
   -130.9804500   60.0062279
   -130.9849285   59.9983367
   -130.9936076   59.9983356
   -130.9984397   60.0062306
   -131.0004401   60.0062309
   -131.0049217   59.9983343
   -131.0135965   59.9983333
   -131.0184300   60.0062336
   -131.0204298   60.0062339
   -131.0249153   59.9983320
   -131.0335848   59.9983310
   -131.0384198   60.0062366
   -131.0404195   60.0062369
   -131.0449086   59.9983296
   -131.0535729   59.9983286
   -131.0584096   60.0062396
   -131.0604092   60.0062399
   -131.0649022   59.9983273
   -131.0735614   59.9983263
   -131.0784004   60.0062426
   -131.0803989   60.0062429
   -131.0848958   59.9983249
   -131.0935497   59.9983239
   -131.0983901   60.0062456
   -131.1003890   60.0062459
   -131.1048887   59.9983226
   -131.1135382   59.9983216
   -131.1183795   60.0062486
   -131.1203787   60.0062489
   -131.1248823   59.9983202
   -131.1335267   59.9983192
   -131.1383703   60.0062516
   -131.1403675   60.0062519
   -131.1448755   59.9983179
   -131.1535145   59.9983169
   -131.1583591   60.0062546
   -131.1603582   60.0062549
   -131.1648692   59.9983155
   -131.1735030   59.9983145
   -131.1783498   60.0062576
   -131.1803482   60.0062579
   -131.1848624   59.9983132
   -131.1934919   59.9983122
   -131.1983402   60.0062606
   -131.2003370   60.0062609
   -131.2048556   59.9983108
   -131.2134798   59.9983098
   -131.2183290   60.0062636
   -131.2203277   60.0062639
   -131.2248494   59.9983085
   -131.2334683   59.9983075
   -131.2383197   60.0062666
   -131.2403174   60.0062669
   -131.2448430   59.9983062
   -131.2534568   59.9983051
   -131.2583105   60.0062696
   -131.2603062   60.0062699
   -131.2648361   59.9983038
   -131.2734447   59.9983028
   -131.2782993   60.0062726
   -131.2802972   60.0062729
   -131.2848295   59.9983015
   -131.2934337   59.9983004
   -131.2982897   60.0062756
   -131.3002869   60.0062759
   -131.3048231   59.9982991
   -131.3134222   59.9982981
   -131.3182804   60.0062786
   -131.3202757   60.0062789
   -131.3248163   59.9982968
   -131.3334101   59.9982958
   -131.3382692   60.0062816
   -131.3402663   60.0062819
   -131.3448100   59.9982944
   -131.3533986   59.9982934
   -131.3582600   60.0062846
   -131.3602551   60.0062849
   -131.3648032   59.9982921
   -131.3733866   59.9982911
   -131.3782498   60.0062876
   -131.3802452   60.0062879
   -131.3847964   59.9982897
   -131.3933754   59.9982887
   -131.3982392   60.0062906
   -131.4002358   60.0062909
   -131.4047902   59.9982874
   -131.4133639   59.9982864
   -131.4182299   60.0062936
   -131.4202246   60.0062939
   -131.4247834   59.9982850
   -131.4333520   59.9982840
   -131.4382197   60.0062966
   -131.4402143   60.0062969
   -131.4447770   59.9982827
   -131.4533403   59.9982817
   -131.4582095   60.0062996
   -131.4602053   60.0062999
   -131.4647704   59.9982803
   -131.4733293   59.9982793
   -131.4781998   60.0063026
   -131.4801941   60.0063029
   -131.4847635   59.9982780
   -131.4933172   59.9982770
   -131.4981887   60.0063056
   -131.5001847   60.0063059
   -131.5047573   59.9982756
   -131.5133057   59.9982746
   -131.5181794   60.0063086
   -131.5201735   60.0063089
   -131.5247505   59.9982733
   -131.5332938   59.9982723
   -131.5381692   60.0063116
   -131.5401632   60.0063119
   -131.5447441   59.9982709
   -131.5532821   59.9982699
   -131.5581590   60.0063146
   -131.5601542   60.0063149
   -131.5647375   59.9982686
   -131.5732711   59.9982676
   -131.5781493   60.0063176
   -131.5801430   60.0063179
   -131.5847307   59.9982662
   -131.5932592   59.9982652
   -131.5981392   60.0063206
   -131.6001327   60.0063209
   -131.6047243   59.9982639
   -131.6132475   59.9982629
   -131.6181289   60.0063236
   -131.6201233   60.0063239
   -131.6247181   59.9982616
   -131.6332361   59.9982606
   -131.6381197   60.0063266
   -131.6401121   60.0063269
   -131.6447112   59.9982592
   -131.6532242   59.9982582
   -131.6581095   60.0063296
   -131.6601021   60.0063299
   -131.6647045   59.9982569
   -131.6732130   59.9982559
   -131.6780988   60.0063326
   -131.6800928   60.0063329
   -131.6846982   59.9982545
   -131.6932015   59.9982535
   -131.6980896   60.0063356
   -131.7000816   60.0063359
   -131.7046914   59.9982522
   -131.7131896   59.9982512
   -131.7180794   60.0063386
   -131.7200712   60.0063389
   -131.7246850   59.9982498
   -131.7331780   59.9982488
   -131.7380692   60.0063416
   -131.7400613   60.0063419
   -131.7446780   59.9982475
   -131.7531665   59.9982465
   -131.7580586   60.0063446
   -131.7600510   60.0063449
   -131.7646716   59.9982451
   -131.7731550   59.9982441
   -131.7780494   60.0063476
   -131.7800407   60.0063479
   -131.7846652   59.9982428
   -131.7931434   59.9982418
   -131.7980391   60.0063506
   -131.8000304   60.0063509
   -131.8046586   59.9982404
   -131.8131315   59.9982394
   -131.8180290   60.0063536
   -131.8200201   60.0063539
   -131.8246522   59.9982381
   -131.8331201   59.9982371
   -131.8380197   60.0063566
   -131.8400102   60.0063569
   -131.8446454   59.9982357
   -131.8531089   59.9982347
   -131.8580091   60.0063596
   -131.8599999   60.0063599
   -131.8646388   59.9982334
   -131.8730970   59.9982324
   -131.8779989   60.0063626
   -131.8799896   60.0063629
   -131.8846324   59.9982310
   -131.8930855   59.9982300
   -131.8979897   60.0063656
   -131.8999784   60.0063659
   -131.9046256   59.9982287
   -131.9130735   59.9982277
   -131.9179785   60.0063686
   -131.9199690   60.0063689
   -131.9246194   59.9982263
   -131.9330621   59.9982253
   -131.9379692   60.0063716
   -131.9399590   60.0063719
   -131.9446126   59.9982240
   -131.9530510   59.9982230
   -131.9579596   60.0063746
   -131.9599478   60.0063749
   -131.9646058   59.9982216
   -131.9730390   59.9982207
   -131.9779484   60.0063776
   -131.9799384   60.0063779
   -131.9845996   59.9982193
   -131.9930275   59.9982183
   -131.9979392   60.0063806
   -131.9999281   60.0063809
   -132.0045932   59.9982170
   -132.0130159   59.9982160
   -132.0179290   60.0063836
   -132.0199182   60.0063839
   -132.0245862   59.9982146
   -132.0330045   59.9982136
   -132.0379184   60.0063866
   -132.0399079   60.0063869
   -132.0445798   59.9982123
   -132.0529931   59.9982113
   -132.0579091   60.0063896
   -132.0598976   60.0063899
   -132.0645735   59.9982099
   -132.0729815   59.9982089
   -132.0778989   60.0063926
   -132.0798873   60.0063929
   -132.0845668   59.9982076
   -132.0929696   59.9982066
   -132.0978887   60.0063956
   -132.0998770   60.0063959
   -132.1045605   59.9982052
   -132.1129582   59.9982042
   -132.1178795   60.0063986
   -132.1198661   60.0063989
   -132.1245533   59.9982029
   -132.1329466   59.9982019
   -132.1378679   60.0064016
   -132.1398568   60.0064019
   -132.1445470   59.9982005
   -132.1529351   59.9981995
   -132.1578587   60.0064046
   -132.1598464   60.0064049
   -132.1645407   59.9981982
   -132.1729237   59.9981972
   -132.1778495   60.0064076
   -132.1798352   60.0064079
   -132.1845339   59.9981958
   -132.1929117   59.9981948
   -132.1978383   60.0064106
   -132.1998258   60.0064109
   -132.2045277   59.9981935
   -132.2129002   59.9981925
   -132.2178291   60.0064136
   -132.2198159   60.0064139
   -132.2245209   59.9981911
   -132.2328893   59.9981901
   -132.2378194   60.0064166
   -132.2398046   60.0064169
   -132.2445141   59.9981888
   -132.2528773   59.9981878
   -132.2578083   60.0064196
   -132.2597953   60.0064199
   -132.2645079   59.9981864
   -132.2728658   59.9981855
   -132.2777990   60.0064226
   -132.2797840   60.0064229
   -132.2845012   59.9981841
   -132.2928540   59.9981831
   -132.2977889   60.0064256
   -132.2997741   60.0064259
   -132.3044944   59.9981817
   -132.3128428   59.9981808
   -132.3177782   60.0064286
   -132.3197647   60.0064289
   -132.3244882   59.9981794
   -132.3328314   59.9981784
   -132.3377690   60.0064316
   -132.3397535   60.0064319
   -132.3444814   59.9981770
   -132.3528196   59.9981761
   -132.3577588   60.0064346
   -132.3597431   60.0064349
   -132.3644751   59.9981747
   -132.3728080   59.9981737
   -132.3777486   60.0064376
   -132.3797338   60.0064379
   -132.3844689   59.9981723
   -132.3927966   59.9981714
   -132.3977393   60.0064406
   -132.3997229   60.0064409
   -132.4044617   59.9981700
   -132.4127852   59.9981690
   -132.4177288   60.0064436
   -132.4197126   60.0064439
   -132.4244553   59.9981677
   -132.4327736   59.9981667
   -132.4377185   60.0064466
   -132.4397032   60.0064469
   -132.4444491   59.9981653
   -132.4527622   59.9981643
   -132.4577093   60.0064496
   -132.4596920   60.0064499
   -132.4644423   59.9981630
   -132.4727503   59.9981620
   -132.4776992   60.0064526
   -132.4796816   60.0064529
   -132.4844360   59.9981606
   -132.4927388   59.9981596
   -132.4976889   60.0064556
   -132.4996717   60.0064559
   -132.5044289   59.9981583
   -132.5127274   59.9981573
   -132.5176784   60.0064586
   -132.5196614   60.0064589
   -132.5244226   59.9981559
   -132.5327160   59.9981549
   -132.5376691   60.0064616
   -132.5396510   60.0064619
   -132.5444163   59.9981536
   -132.5527044   59.9981526
   -132.5576589   60.0064646
   -132.5596408   60.0064649
   -132.5644096   59.9981512
   -132.5726926   59.9981503
   -132.5776487   60.0064676
   -132.5796308   60.0064679
   -132.5844029   59.9981489
   -132.5926815   59.9981479
   -132.5976381   60.0064706
   -132.5996214   60.0064709
   -132.6043967   59.9981465
   -132.6126701   59.9981456
   -132.6176289   60.0064736
   -132.6196102   60.0064739
   -132.6243899   59.9981442
   -132.6326582   59.9981432
   -132.6376187   60.0064766
   -132.6395999   60.0064769
   -132.6443836   59.9981418
   -132.6526467   59.9981409
   -132.6576085   60.0064796
   -132.6595896   60.0064799
   -132.6643770   59.9981395
   -132.6726349   59.9981385
   -132.6775983   60.0064826
   -132.6795796   60.0064829
   -132.6843702   59.9981371
   -132.6926239   59.9981362
   -132.6975887   60.0064856
   -132.6995693   60.0064859
   -132.7043639   59.9981348
   -132.7126124   59.9981338
   -132.7175785   60.0064886
   -132.7195590   60.0064889
   -132.7243573   59.9981324
   -132.7326006   59.9981315
   -132.7375683   60.0064916
   -132.7395486   60.0064919
   -132.7443509   59.9981301
   -132.7525892   59.9981291
   -132.7575591   60.0064946
   -132.7595383   60.0064949
   -132.7643446   59.9981277
   -132.7725776   59.9981268
   -132.7775488   60.0064976
   -132.7795284   60.0064979
   -132.7843375   59.9981254
   -132.7925663   59.9981244
   -132.7975383   60.0065006
   -132.7995181   60.0065009
   -132.8043312   59.9981231
   -132.8125549   59.9981221
   -132.8175291   60.0065036
   -132.8195077   60.0065039
   -132.8243249   59.9981207
   -132.8325433   59.9981197
   -132.8375188   60.0065066
   -132.8394974   60.0065069
   -132.8443183   59.9981184
   -132.8525315   59.9981174
   -132.8575087   60.0065096
   -132.8594875   60.0065099
   -132.8643115   59.9981160
   -132.8725206   59.9981150
   -132.8774990   60.0065126
   -132.8794762   60.0065129
   -132.8843048   59.9981137
   -132.8925086   59.9981127
   -132.8974879   60.0065156
   -132.8994668   60.0065159
   -132.9042986   59.9981113
   -132.9124973   59.9981104
   -132.9174787   60.0065186
   -132.9194565   60.0065189
   -132.9242923   59.9981090
   -132.9324859   59.9981080
   -132.9374694   60.0065216
   -132.9394452   60.0065219
   -132.9442855   59.9981066
   -132.9524739   59.9981057
   -132.9574583   60.0065246
   -132.9594362   60.0065249
   -132.9642789   59.9981043
   -132.9724630   59.9981033
   -132.9774487   60.0065276
   -132.9794259   60.0065279
   -132.9842726   59.9981019
   -132.9924516   59.9981010
   -132.9974394   60.0065306
   -132.9994146   60.0065309
   -133.0042658   59.9980996
   -133.0124397   59.9980986
   -133.0174283   60.0065336
   -133.0194053   60.0065339
   -133.0242596   59.9980972
   -133.0324283   59.9980963
   -133.0374190   60.0065366
   -133.0393940   60.0065369
   -133.0442529   59.9980949
   -133.0524165   59.9980939
   -133.0574089   60.0065396
   -133.0593840   60.0065399
   -133.0642461   59.9980925
   -133.0724055   59.9980916
   -133.0773983   60.0065426
   -133.0793747   60.0065429
   -133.0842400   59.9980902
   -133.0923941   59.9980892
   -133.0973890   60.0065456
   -133.0993634   60.0065459
   -133.1042332   59.9980878
   -133.1123822   59.9980869
   -133.1173779   60.0065486
   -133.1193540   60.0065489
   -133.1242270   59.9980855
   -133.1323708   59.9980845
   -133.1373687   60.0065516
   -133.1393441   60.0065519
   -133.1442203   59.9980831
   -133.1523599   59.9980822
   -133.1573590   60.0065546
   -133.1593328   60.0065549
   -133.1642136   59.9980808
   -133.1723480   59.9980798
   -133.1773479   60.0065576
   -133.1793234   60.0065579
   -133.1842074   59.9980785
   -133.1923366   59.9980775
   -133.1973387   60.0065606
   -133.1993131   60.0065609
   -133.2042011   59.9980761
   -133.2123252   59.9980752
   -133.2173294   60.0065636
   -133.2193018   60.0065639
   -133.2241943   59.9980738
   -133.2323133   59.9980728
   -133.2373183   60.0065666
   -133.2392928   60.0065669
   -133.2441877   59.9980714
   -133.2523024   59.9980705
   -133.2573087   60.0065696
   -133.2592815   60.0065699
   -133.2641810   59.9980691
   -133.2722906   59.9980681
   -133.2772985   60.0065726
   -133.2792712   60.0065729
   -133.2841747   59.9980667
   -133.2922791   59.9980658
   -133.2972883   60.0065756
   -133.2992618   60.0065759
   -133.3041685   59.9980644
   -133.3122678   59.9980634
   -133.3172791   60.0065786
   -133.3192505   60.0065789
   -133.3241618   59.9980620
   -133.3322560   59.9980611
   -133.3372689   60.0065816
   -133.3392406   60.0065819
   -133.3441550   59.9980597
   -133.3522450   59.9980587
   -133.3572583   60.0065846
   -133.3592312   60.0065849
   -133.3641489   59.9980573
   -133.3722336   59.9980564
   -133.3772491   60.0065876
   -133.3792199   60.0065879
   -133.3841421   59.9980550
   -133.3922218   59.9980540
   -133.3972389   60.0065906
   -133.3992096   60.0065909
   -133.4041358   59.9980526
   -133.4122104   59.9980517
   -133.4172287   60.0065936
   -133.4191997   60.0065939
   -133.4241288   59.9980503
   -133.4321991   59.9980493
   -133.4372182   60.0065966
   -133.4391893   60.0065969
   -133.4441225   59.9980479
   -133.4521877   59.9980470
   -133.4572090   60.0065996
   -133.4591789   60.0065999
   -133.4641162   59.9980456
   -133.4721762   59.9980446
   -133.4771987   60.0066026
   -133.4791686   60.0066029
   -133.4841096   59.9980432
   -133.4921645   59.9980423
   -133.4971886   60.0066056
   -133.4991583   60.0066059
   -133.5041033   59.9980409
   -133.5121531   59.9980399
   -133.5171794   60.0066086
   -133.5191483   60.0066089
   -133.5240966   59.9980385
   -133.5321421   59.9980376
   -133.5371687   60.0066116
   -133.5391380   60.0066119
   -133.5440900   59.9980362
   -133.5521303   59.9980353
   -133.5571586   60.0066146
   -133.5591276   60.0066149
   -133.5640837   59.9980339
   -133.5721190   59.9980329
   -133.5771494   60.0066176
   -133.5791164   60.0066179
   -133.5840770   59.9980315
   -133.5921071   59.9980306
   -133.5971383   60.0066206
   -133.5991070   60.0066209
   -133.6040708   59.9980292
   -133.6120958   59.9980282
   -133.6171290   60.0066236
   -133.6190970   60.0066239
   -133.6240641   59.9980268
   -133.6320849   59.9980259
   -133.6371194   60.0066266
   -133.6390857   60.0066269
   -133.6440574   59.9980245
   -133.6520730   59.9980235
   -133.6571083   60.0066296
   -133.6590763   60.0066299
   -133.6640512   59.9980221
   -133.6720617   59.9980212
   -133.6770990   60.0066326
   -133.6790660   60.0066329
   -133.6840449   59.9980198
   -133.6920502   59.9980188
   -133.6970888   60.0066356
   -133.6990561   60.0066359
   -133.7040379   59.9980174
   -133.7120390   59.9980165
   -133.7170783   60.0066386
   -133.7190457   60.0066389
   -133.7240316   59.9980151
   -133.7320276   59.9980141
   -133.7370691   60.0066416
   -133.7390353   60.0066419
   -133.7440253   59.9980127
   -133.7520162   59.9980118
   -133.7570589   60.0066446
   -133.7590250   60.0066449
   -133.7640187   59.9980104
   -133.7720044   59.9980094
   -133.7770487   60.0066476
   -133.7790147   60.0066479
   -133.7840124   59.9980080
   -133.7919931   59.9980071
   -133.7970395   60.0066506
   -133.7990038   60.0066509
   -133.8040053   59.9980057
   -133.8119817   59.9980047
   -133.8170280   60.0066536
   -133.8189944   60.0066539
   -133.8239991   59.9980033
   -133.8319704   59.9980024
   -133.8370187   60.0066566
   -133.8389840   60.0066569
   -133.8439928   59.9980010
   -133.8519591   59.9980001
   -133.8570095   60.0066596
   -133.8589728   60.0066599
   -133.8639862   59.9979986
   -133.8719472   59.9979977
   -133.8769984   60.0066626
   -133.8789634   60.0066629
   -133.8839800   59.9979963
   -133.8919359   59.9979954
   -133.8969892   60.0066656
   -133.8989534   60.0066659
   -133.9039733   59.9979939
   -133.9119250   59.9979930
   -133.9169795   60.0066686
   -133.9189421   60.0066689
   -133.9239666   59.9979916
   -133.9319132   59.9979907
   -133.9369684   60.0066716
   -133.9389327   60.0066719
   -133.9439604   59.9979893
   -133.9519013   59.9979883
   -133.9569591   60.0066746
   -133.9589213   60.0066749
   -133.9639531   59.9979869
   -133.9718895   59.9979860
   -133.9769490   60.0066776
   -133.9789109   60.0066779
   -133.9839469   59.9979846
   -133.9918781   59.9979836
   -133.9969388   60.0066806
   -133.9989019   60.0066809
   -134.0039402   59.9979822
   -134.0118673   59.9979813
   -134.0169291   60.0066836
   -134.0188907   60.0066839
   -134.0239336   59.9979799
   -134.0318555   59.9979789
   -134.0369190   60.0066866
   -134.0388803   60.0066869
   -134.0439273   59.9979775
   -134.0518441   59.9979766
   -134.0569088   60.0066896
   -134.0588709   60.0066899
   -134.0639211   59.9979752
   -134.0718328   59.9979742
   -134.0768996   60.0066926
   -134.0788600   60.0066929
   -134.0839140   59.9979728
   -134.0918215   59.9979719
   -134.0968890   60.0066956
   -134.0988496   60.0066959
   -134.1039077   59.9979705
   -134.1118101   59.9979695
   -134.1168788   60.0066986
   -134.1188402   60.0066989
   -134.1239015   59.9979681
   -134.1317988   59.9979672
   -134.1368696   60.0067016
   -134.1388289   60.0067019
   -134.1438949   59.9979658
   -134.1517871   59.9979648
   -134.1568595   60.0067046
   -134.1588186   60.0067049
   -134.1638886   59.9979634
   -134.1717757   59.9979625
   -134.1768493   60.0067076
   -134.1788087   60.0067079
   -134.1838816   59.9979611
   -134.1917645   59.9979602
   -134.1968387   60.0067106
   -134.1987983   60.0067109
   -134.2038753   59.9979587
   -134.2117531   59.9979578
   -134.2168295   60.0067136
   -134.2187879   60.0067139
   -134.2238691   59.9979564
   -134.2317417   59.9979555
   -134.2368193   60.0067166
   -134.2387776   60.0067169
   -134.2438625   59.9979540
   -134.2517300   59.9979531
   -134.2568092   60.0067196
   -134.2587672   60.0067199
   -134.2638562   59.9979517
   -134.2717186   59.9979508
   -134.2767990   60.0067226
   -134.2787582   60.0067229
   -134.2838496   59.9979493
   -134.2917078   59.9979484
   -134.2967894   60.0067256
   -134.2987469   60.0067259
   -134.3038430   59.9979470
   -134.3116961   59.9979461
   -134.3167792   60.0067286
   -134.3187365   60.0067289
   -134.3238367   59.9979446
   -134.3316847   59.9979437
   -134.3367690   60.0067316
   -134.3387262   60.0067319
   -134.3438301   59.9979423
   -134.3516730   59.9979414
   -134.3567589   60.0067346
   -134.3587162   60.0067349
   -134.3638234   59.9979400
   -134.3716622   59.9979390
   -134.3767493   60.0067376
   -134.3787059   60.0067379
   -134.3838171   59.9979376
   -134.3916508   59.9979367
   -134.3967391   60.0067406
   -134.3986955   60.0067409
   -134.4038106   59.9979353
   -134.4116391   59.9979343
   -134.4167289   60.0067436
   -134.4186852   60.0067439
   -134.4238043   59.9979329
   -134.4316278   59.9979320
   -134.4367197   60.0067466
   -134.4386748   60.0067469
   -134.4437981   59.9979306
   -134.4516164   59.9979296
   -134.4567095   60.0067496
   -134.4586649   60.0067499
   -134.4637911   59.9979282
   -134.4716052   59.9979273
   -134.4766990   60.0067526
   -134.4786545   60.0067529
   -134.4837848   59.9979259
   -134.4915939   59.9979250
   -134.4966898   60.0067556
   -134.4986441   60.0067559
   -134.5037786   59.9979235
   -134.5115825   59.9979226
   -134.5166796   60.0067586
   -134.5186338   60.0067589
   -134.5237720   59.9979212
   -134.5315708   59.9979203
   -134.5366695   60.0067616
   -134.5386234   60.0067619
   -134.5437658   59.9979188
   -134.5515595   59.9979179
   -134.5566602   60.0067646
   -134.5586125   60.0067649
   -134.5637587   59.9979165
   -134.5715482   59.9979156
   -134.5766487   60.0067676
   -134.5786031   60.0067679
   -134.5837525   59.9979141
   -134.5915369   59.9979132
   -134.5966395   60.0067706
   -134.5985927   60.0067709
   -134.6037463   59.9979118
   -134.6115257   59.9979109
   -134.6166303   60.0067736
   -134.6185814   60.0067739
   -134.6237396   59.9979094
   -134.6315139   59.9979085
   -134.6366192   60.0067766
   -134.6385724   60.0067769
   -134.6437330   59.9979071
   -134.6515031   59.9979062
   -134.6566096   60.0067796
   -134.6585620   60.0067799
   -134.6637267   59.9979047
   -134.6714918   59.9979038
   -134.6765906   60.0067656
   -134.6785617   60.0067640
   -134.6837201   59.9979024
   -134.6914800   59.9979015
   -134.6965682   60.0067490
   -134.6985637   60.0067474
   -134.7037140   59.9979000
   -134.7114688   59.9978991
   -134.7165477   60.0067324
   -134.7185639   60.0067307
   -134.7237073   59.9978977
   -134.7314571   59.9978968
   -134.7365263   60.0067158
   -134.7385653   60.0067141
   -134.7437006   59.9978954
   -134.7514462   59.9978944
   -134.7565045   60.0066992
   -134.7585673   60.0066975
   -134.7636945   59.9978930
   -134.7714349   59.9978921
   -134.7764840   60.0066826
   -134.7785675   60.0066808
   -134.7836878   59.9978907
   -134.7914232   59.9978898
   -134.7964617   60.0066660
   -134.7985695   60.0066642
   -134.8036817   59.9978883
   -134.8114119   59.9978874
   -134.8164412   60.0066494
   -134.8185705   60.0066476
   -134.8236755   59.9978860
   -134.8314006   59.9978851
   -134.8364208   60.0066328
   -134.8385711   60.0066310
   -134.8436684   59.9978836
   -134.8513894   59.9978827
   -134.8563981   60.0066161
   -134.8585731   60.0066143
   -134.8636622   59.9978813
   -134.8713781   59.9978804
   -134.8763777   60.0065995
   -134.8785742   60.0065977
   -134.8836560   59.9978789
   -134.8913668   59.9978780
   -134.8963572   60.0065829
   -134.8985744   60.0065811
   -134.9036494   59.9978766
   -134.9113551   59.9978757
   -134.9163350   60.0065663
   -134.9185768   60.0065645
   -134.9236427   59.9978742
   -134.9313443   59.9978733
   -134.9363142   60.0065497
   -134.9385770   60.0065478
   -134.9436361   59.9978719
   -134.9513327   59.9978710
   -134.9562929   60.0065331
   -134.9585780   60.0065312
   -134.9636299   59.9978695
   -134.9713213   59.9978686
   -134.9762715   60.0065165
   -134.9785801   60.0065146
   -134.9836237   59.9978672
   -134.9913100   59.9978663
   -134.9962511   60.0064999
   -134.9985803   60.0064979
   -135.0036171   59.9978648
   -135.0112984   59.9978639
   -135.0162298   60.0064833
   -135.0185817   60.0064813
   -135.0236104   59.9978625
   -135.0312875   59.9978616
   -135.0362081   60.0064667
   -135.0385838   60.0064647
   -135.0436043   59.9978601
   -135.0512763   59.9978592
   -135.0561877   60.0064501
   -135.0585840   60.0064481
   -135.0635977   59.9978578
   -135.0712646   59.9978569
   -135.0761665   60.0064334
   -135.0785851   60.0064314
   -135.0835914   59.9978554
   -135.0912533   59.9978545
   -135.0961452   60.0064168
   -135.0985863   60.0064148
   -135.1035849   59.9978531
   -135.1112417   59.9978522
   -135.1161239   60.0064002
   -135.1185877   60.0063982
   -135.1235782   59.9978508
   -135.1312309   59.9978499
   -135.1361032   60.0063836
   -135.1385888   60.0063816
   -135.1435720   59.9978484
   -135.1512196   59.9978475
   -135.1560819   60.0063670
   -135.1585900   60.0063649
   -135.1635655   59.9978461
   -135.1712079   59.9978452
   -135.1760607   60.0063504
   -135.1785911   60.0063483
   -135.1835592   59.9978437
   -135.1911967   59.9978428
   -135.1960404   60.0063338
   -135.1985926   60.0063317
   -135.2035525   59.9978414
   -135.2111858   59.9978405
   -135.2160188   60.0063172
   -135.2185938   60.0063150
   -135.2235460   59.9978390
   -135.2311742   59.9978381
   -135.2359976   60.0063006
   -135.2385949   60.0062984
   -135.2435398   59.9978367
   -135.2511629   59.9978358
   -135.2559772   60.0062840
   -135.2585961   60.0062818
   -135.2635336   59.9978343
   -135.2711516   59.9978334
   -135.2759560   60.0062674
   -135.2785973   60.0062652
   -135.2835271   59.9978320
   -135.2911400   59.9978311
   -135.2959348   60.0062507
   -135.2985987   60.0062485
   -135.3035204   59.9978296
   -135.3111292   59.9978287
   -135.3159142   60.0062341
   -135.3185990   60.0062319
   -135.3235138   59.9978273
   -135.3311175   59.9978264
   -135.3358921   60.0062175
   -135.3386011   60.0062153
   -135.3435076   59.9978249
   -135.3511063   59.9978240
   -135.3558718   60.0062009
   -135.3586022   60.0061986
   -135.3635014   59.9978226
   -135.3710950   59.9978217
   -135.3758506   60.0061843
   -135.3786034   60.0061820
   -135.3834949   59.9978202
   -135.3910834   59.9978193
   -135.3958295   60.0061677
   -135.3986049   60.0061654
   -135.4034882   59.9978179
   -135.4110726   59.9978170
   -135.4158089   60.0061511
   -135.4186061   60.0061488
   -135.4234820   59.9978155
   -135.4310613   59.9978147
   -135.4357877   60.0061345
   -135.4386073   60.0061321
   -135.4434755   59.9978132
   -135.4510497   59.9978123
   -135.4557666   60.0061179
   -135.4586085   60.0061155
   -135.4634693   59.9978108
   -135.4710385   59.9978100
   -135.4757463   60.0061013
   -135.4786091   60.0060989
   -135.4834622   59.9978085
   -135.4910273   59.9978076
   -135.4957240   60.0060847
   -135.4986112   60.0060823
   -135.5034561   59.9978062
   -135.5110160   59.9978053
   -135.5157038   60.0060680
   -135.5186124   60.0060656
   -135.5234499   59.9978038
   -135.5310048   59.9978029
   -135.5356835   60.0060514
   -135.5386127   60.0060490
   -135.5434433   59.9978015
   -135.5509931   59.9978006
   -135.5556616   60.0060348
   -135.5586148   60.0060324
   -135.5634372   59.9977991
   -135.5709819   59.9977982
   -135.5756413   60.0060182
   -135.5786163   60.0060157
   -135.5834305   59.9977968
   -135.5909711   59.9977959
   -135.5956208   60.0060016
   -135.5986166   60.0059991
   -135.6034239   59.9977944
   -135.6109595   59.9977935
   -135.6155989   60.0059850
   -135.6186187   60.0059825
   -135.6234178   59.9977921
   -135.6309482   59.9977912
   -135.6355786   60.0059684
   -135.6386199   60.0059659
   -135.6434116   59.9977897
   -135.6509370   59.9977888
   -135.6555584   60.0059518
   -135.6586202   60.0059492
   -135.6634050   59.9977874
   -135.6709254   59.9977865
   -135.6755365   60.0059352
   -135.6786227   60.0059326
   -135.6833984   59.9977850
   -135.6909146   59.9977841
   -135.6955160   60.0059186
   -135.6986230   60.0059160
   -135.7033918   59.9977827
   -135.7109030   59.9977818
   -135.7154950   60.0059020
   -135.7186242   60.0058993
   -135.7233856   59.9977803
   -135.7308917   59.9977794
   -135.7354740   60.0058853
   -135.7386263   60.0058827
   -135.7433795   59.9977780
   -135.7508805   59.9977771
   -135.7554538   60.0058687
   -135.7586270   60.0058661
   -135.7633724   59.9977756
   -135.7708694   59.9977748
   -135.7754325   60.0058521
   -135.7786282   60.0058495
   -135.7833662   59.9977733
   -135.7908581   59.9977724
   -135.7954115   60.0058355
   -135.7986304   60.0058328
   -135.8033601   59.9977709
   -135.8108469   59.9977701
   -135.8153913   60.0058189
   -135.8186307   60.0058162
   -135.8233536   59.9977686
   -135.8308353   59.9977677
   -135.8353703   60.0058023
   -135.8386320   60.0057996
   -135.8433474   59.9977662
   -135.8508241   59.9977654
   -135.8553493   60.0057857
   -135.8586335   60.0057830
   -135.8633404   59.9977639
   -135.8708130   59.9977630
   -135.8753281   60.0057691
   -135.8786348   60.0057663
   -135.8833342   59.9977615
   -135.8908018   59.9977607
   -135.8953079   60.0057525
   -135.8986360   60.0057497
   -135.9033280   59.9977592
   -135.9107905   59.9977583
   -135.9152869   60.0057359
   -135.9186373   60.0057331
   -135.9233215   59.9977569
   -135.9307789   59.9977560
   -135.9352660   60.0057192
   -135.9386385   60.0057164
   -135.9433153   59.9977545
   -135.9507676   59.9977536
   -135.9552450   60.0057026
   -135.9586410   60.0056998
   -135.9633087   59.9977522
   -135.9707569   59.9977513
   -135.9752246   60.0056860
   -135.9786414   60.0056832
   -135.9833022   59.9977498
   -135.9907453   59.9977489
   -135.9952037   60.0056694
   -135.9986426   60.0056666
   -136.0032960   59.9977475
   -136.0107341   59.9977466
   -136.0151828   60.0056528
   -136.0186448   60.0056499
   -136.0232899   59.9977451
   -136.0307229   59.9977442
   -136.0351627   60.0056362
   -136.0386455   60.0056333
   -136.0432828   59.9977428
   -136.0507118   59.9977419
   -136.0551415   60.0056196
   -136.0586468   60.0056167
   -136.0632766   59.9977404
   -136.0707005   59.9977396
   -136.0751206   60.0056030
   -136.0786481   60.0056000
   -136.0832702   59.9977381
   -136.0906890   59.9977372
   -136.0950997   60.0055864
   -136.0986493   60.0055834
   -136.1032640   59.9977357
   -136.1106778   59.9977349
   -136.1150796   60.0055698
   -136.1186506   60.0055668
   -136.1232578   59.9977334
   -136.1306665   59.9977325
   -136.1350587   60.0055532
   -136.1386522   60.0055502
   -136.1432508   59.9977310
   -136.1506555   59.9977302
   -136.1550376   60.0055365
   -136.1586535   60.0055335
   -136.1632446   59.9977287
   -136.1706443   59.9977278
   -136.1750176   60.0055199
   -136.1786548   60.0055169
   -136.1832385   59.9977263
   -136.1906330   59.9977255
   -136.1949967   60.0055033
   -136.1986561   60.0055003
   -136.2032320   59.9977240
   -136.2106214   59.9977231
   -136.2149759   60.0054867
   -136.2186574   60.0054837
   -136.2232258   59.9977216
   -136.2306103   59.9977208
   -136.2349558   60.0054701
   -136.2386582   60.0054670
   -136.2432188   59.9977193
   -136.2505991   59.9977184
   -136.2549339   60.0054535
   -136.2586603   60.0054504
   -136.2632127   59.9977169
   -136.2705879   59.9977161
   -136.2749139   60.0054369
   -136.2786616   60.0054338
   -136.2832065   59.9977146
   -136.2905768   59.9977137
   -136.2948939   60.0054203
   -136.2986621   60.0054171
   -136.3032000   59.9977123
   -136.3105651   59.9977114
   -136.3148723   60.0054037
   -136.3186645   60.0054005
   -136.3231933   59.9977099
   -136.3305545   59.9977090
   -136.3348520   60.0053871
   -136.3386659   60.0053839
   -136.3431872   59.9977076
   -136.3505433   59.9977067
   -136.3548320   60.0053704
   -136.3586664   60.0053673
   -136.3631807   59.9977052
   -136.3705317   59.9977043
   -136.3748104   60.0053538
   -136.3786685   60.0053506
   -136.3831746   59.9977029
   -136.3905205   59.9977020
   -136.3947904   60.0053372
   -136.3986690   60.0053340
   -136.4031680   59.9977005
   -136.4105089   59.9976997
   -136.4147696   60.0053206
   -136.4186706   60.0053174
   -136.4231614   59.9976982
   -136.4304982   59.9976973
   -136.4347486   60.0053040
   -136.4386728   60.0053007
   -136.4431553   59.9976958
   -136.4504870   59.9976950
   -136.4547287   60.0052874
   -136.4586733   60.0052841
   -136.4631487   59.9976935
   -136.4704754   59.9976926
   -136.4747071   60.0052708
   -136.4786755   60.0052675
   -136.4831426   59.9976911
   -136.4904643   59.9976903
   -136.4946872   60.0052542
   -136.4986769   60.0052509
   -136.5031365   59.9976888
   -136.5104531   59.9976879
   -136.5146672   60.0052376
   -136.5186776   60.0052342
   -136.5231294   59.9976864
   -136.5304420   59.9976856
   -136.5346454   60.0052210
   -136.5386798   60.0052176
   -136.5431233   59.9976841
   -136.5504308   59.9976832
   -136.5546255   60.0052044
   -136.5586812   60.0052010
   -136.5631172   59.9976817
   -136.5704197   59.9976809
   -136.5746056   60.0051877
   -136.5786817   60.0051844
   -136.5831107   59.9976794
   -136.5904081   59.9976785
   -136.5945841   60.0051711
   -136.5986842   60.0051677
   -136.6031040   59.9976770
   -136.6103974   59.9976762
   -136.6145639   60.0051545
   -136.6186847   60.0051511
   -136.6230975   59.9976747
   -136.6303859   59.9976738
   -136.6345432   60.0051379
   -136.6386861   60.0051345
   -136.6430914   59.9976723
   -136.6503747   59.9976715
   -136.6545225   60.0051213
   -136.6586883   60.0051178
   -136.6630853   59.9976700
   -136.6703635   59.9976691
   -136.6745026   60.0051047
   -136.6786889   60.0051012
   -136.6830788   59.9976677
   -136.6903520   59.9976668
   -136.6944820   60.0050881
   -136.6986905   60.0050846
   -136.7030721   59.9976653
   -136.7103413   59.9976645
   -136.7144611   60.0050715
   -136.7186927   60.0050680
   -136.7230660   59.9976630
   -136.7303301   59.9976621
   -136.7344412   60.0050549
   -136.7386933   60.0050513
   -136.7430595   59.9976606
   -136.7503186   59.9976598
   -136.7544205   60.0050383
   -136.7586947   60.0050347
   -136.7630534   59.9976583
   -136.7703074   59.9976574
   -136.7743999   60.0050216
   -136.7786961   60.0050181
   -136.7830469   59.9976559
   -136.7902958   59.9976551
   -136.7943792   60.0050050
   -136.7986977   60.0050014
   -136.8030403   59.9976536
   -136.8102852   59.9976527
   -136.8143592   60.0049884
   -136.8186991   60.0049848
   -136.8230341   59.9976512
   -136.8302740   59.9976504
   -136.8343386   60.0049718
   -136.8387005   60.0049682
   -136.8430277   59.9976489
   -136.8502625   59.9976480
   -136.8543179   60.0049552
   -136.8587019   60.0049516
   -136.8630216   59.9976465
   -136.8702513   59.9976457
   -136.8742981   60.0049386
   -136.8787035   60.0049349
   -136.8830149   59.9976442
   -136.8902406   59.9976433
   -136.8942773   60.0049220
   -136.8987050   60.0049183
   -136.9030084   59.9976418
   -136.9102291   59.9976410
   -136.9142567   60.0049054
   -136.9187064   60.0049017
   -136.9230023   59.9976395
   -136.9302180   59.9976386
   -136.9342368   60.0048888
   -136.9387078   60.0048851
   -136.9429962   59.9976371
   -136.9502068   59.9976363
   -136.9542163   60.0048722
   -136.9587093   60.0048684
   -136.9629897   59.9976348
   -136.9701953   59.9976339
   -136.9741957   60.0048556
   -136.9787109   60.0048518
   -136.9829831   59.9976324
   -136.9901846   59.9976316
   -136.9941757   60.0048389
   -136.9987115   60.0048352
   -137.0029766   59.9976301
   -137.0101731   59.9976292
   -137.0141544   60.0048223
   -137.0187138   60.0048185
   -137.0229705   59.9976277
   -137.0301619   59.9976269
   -137.0341346   60.0048057
   -137.0387152   60.0048019
   -137.0429644   59.9976254
   -137.0501508   59.9976246
   -137.0541140   60.0047891
   -137.0587167   60.0047853
   -137.0629579   59.9976231
   -137.0701392   59.9976222
   -137.0740935   60.0047725
   -137.0787183   60.0047687
   -137.0829513   59.9976207
   -137.0901286   59.9976199
   -137.0940735   60.0047559
   -137.0987198   60.0047520
   -137.1029451   59.9976184
   -137.1101174   59.9976175
   -137.1140530   60.0047393
   -137.1187212   60.0047354
   -137.1229387   59.9976160
   -137.1301059   59.9976152
   -137.1340325   60.0047227
   -137.1387227   60.0047188
   -137.1429326   59.9976137
   -137.1500948   59.9976128
   -137.1540127   60.0047061
   -137.1587236   60.0047021
   -137.1629256   59.9976113
   -137.1700838   59.9976105
   -137.1739913   60.0046895
   -137.1787258   60.0046855
   -137.1829195   59.9976090
   -137.1900726   59.9976081
   -137.1939715   60.0046728
   -137.1987273   60.0046689
   -137.2029134   59.9976066
   -137.2100615   59.9976058
   -137.2139518   60.0046562
   -137.2187280   60.0046523
   -137.2229069   59.9976043
   -137.2300500   59.9976034
   -137.2339306   60.0046396
   -137.2387302   60.0046356
   -137.2429008   59.9976019
   -137.2500388   59.9976011
   -137.2539108   60.0046230
   -137.2587319   60.0046190
   -137.2628942   59.9975996
   -137.2700282   59.9975987
   -137.2738909   60.0046064
   -137.2787326   60.0046024
   -137.2828877   59.9975972
   -137.2900167   59.9975964
   -137.2938697   60.0045898
   -137.2987349   60.0045858
   -137.3028816   59.9975949
   -137.3100056   59.9975940
   -137.3138500   60.0045732
   -137.3187364   60.0045691
   -137.3228755   59.9975925
   -137.3299944   59.9975917
   -137.3338303   60.0045566
   -137.3387371   60.0045525
   -137.3428691   59.9975902
   -137.3499829   59.9975894
   -137.3538091   60.0045400
   -137.3587395   60.0045359
   -137.3628624   59.9975878
   -137.3699723   59.9975870
   -137.3737893   60.0045234
   -137.3787403   60.0045192
   -137.3828560   59.9975855
   -137.3899608   59.9975847
   -137.3937688   60.0045067
   -137.3987418   60.0045026
   -137.4028499   59.9975831
   -137.4099497   59.9975823
   -137.4137484   60.0044901
   -137.4187441   60.0044860
   -137.4228438   59.9975808
   -137.4299385   59.9975800
   -137.4337287   60.0044735
   -137.4387450   60.0044694
   -137.4428368   59.9975784
   -137.4499276   59.9975776
   -137.4537082   60.0044569
   -137.4587465   60.0044527
   -137.4628307   59.9975761
   -137.4699164   59.9975753
   -137.4736878   60.0044403
   -137.4787488   60.0044361
   -137.4828246   59.9975738
   -137.4899053   59.9975729
   -137.4936681   60.0044237
   -137.4987495   60.0044195
   -137.5028182   59.9975714
   -137.5098938   59.9975706
   -137.5136477   60.0044071
   -137.5187511   60.0044028
   -137.5228121   59.9975691
   -137.5298827   59.9975682
   -137.5336274   60.0043905
   -137.5387527   60.0043862
   -137.5428051   59.9975667
   -137.5498717   59.9975659
   -137.5536068   60.0043739
   -137.5587543   60.0043696
   -137.5627990   59.9975644
   -137.5698606   59.9975635
   -137.5735872   60.0043573
   -137.5787558   60.0043530
   -137.5827929   59.9975620
   -137.5898495   59.9975612
   -137.5935669   60.0043406
   -137.5987574   60.0043363
   -137.6027865   59.9975597
   -137.6098380   59.9975588
   -137.6135465   60.0043240
   -137.6187589   60.0043197
   -137.6227804   59.9975573
   -137.6298269   59.9975565
   -137.6335262   60.0043074
   -137.6387613   60.0043031
   -137.6427738   59.9975550
   -137.6498163   59.9975541
   -137.6535064   60.0042908
   -137.6587622   60.0042864
   -137.6627673   59.9975526
   -137.6698048   59.9975518
   -137.6734861   60.0042742
   -137.6787637   60.0042698
   -137.6827612   59.9975503
   -137.6897937   59.9975495
   -137.6934658   60.0042576
   -137.6987660   60.0042532
   -137.7027552   59.9975479
   -137.7097826   59.9975471
   -137.7134462   60.0042410
   -137.7187670   60.0042366
   -137.7227482   59.9975456
   -137.7297716   59.9975448
   -137.7334257   60.0042244
   -137.7387685   60.0042199
   -137.7427421   59.9975432
   -137.7497605   59.9975424
   -137.7534054   60.0042078
   -137.7587701   60.0042033
   -137.7627357   59.9975409
   -137.7697490   59.9975401
   -137.7733851   60.0041912
   -137.7787717   60.0041867
   -137.7827296   59.9975385
   -137.7897379   59.9975377
   -137.7933655   60.0041745
   -137.7987733   60.0041701
   -137.8027235   59.9975362
   -137.8097268   59.9975354
   -137.8133453   60.0041579
   -137.8187750   60.0041534
   -137.8227165   59.9975338
   -137.8297159   59.9975330
   -137.8333249   60.0041413
   -137.8387766   60.0041368
   -137.8427104   59.9975315
   -137.8497048   59.9975307
   -137.8533053   60.0041247
   -137.8587782   60.0041202
   -137.8627044   59.9975292
   -137.8696936   59.9975283
   -137.8732851   60.0041081
   -137.8787797   60.0041035
   -137.8826980   59.9975268
   -137.8896822   59.9975260
   -137.8932648   60.0040915
   -137.8987813   60.0040869
   -137.9026919   59.9975245
   -137.9096711   59.9975236
   -137.9132452   60.0040749
   -137.9187823   60.0040703
   -137.9226849   59.9975221
   -137.9296601   59.9975213
   -137.9332242   60.0040583
   -137.9387846   60.0040537
   -137.9426788   59.9975198
   -137.9496491   59.9975189
   -137.9532047   60.0040417
   -137.9587863   60.0040370
   -137.9626728   59.9975174
   -137.9696380   59.9975166
   -137.9731851   60.0040251
   -137.9787871   60.0040204
   -137.9826664   59.9975151
   -137.9896265   59.9975143
   -137.9931643   60.0040085
   -137.9987896   60.0040038
   -138.0026597   59.9975127
   -138.0096159   59.9975119
   -138.0131446   60.0039918
   -138.0187912   60.0039871
   -138.0226536   59.9975104
   -138.0296048   59.9975096
   -138.0331251   60.0039752
   -138.0387921   60.0039705
   -138.0426472   59.9975080
   -138.0495934   59.9975072
   -138.0531042   60.0039586
   -138.0587944   60.0039539
   -138.0626412   59.9975057
   -138.0695823   59.9975049
   -138.0730847   60.0039420
   -138.0787961   60.0039373
   -138.0826351   59.9975033
   -138.0895712   59.9975025
   -138.0930652   60.0039254
   -138.0987971   60.0039206
   -138.1026281   59.9975010
   -138.1095603   59.9975002
   -138.1130443   60.0039088
   -138.1187994   60.0039040
   -138.1226221   59.9974986
   -138.1295492   59.9974978
   -138.1330248   60.0038922
   -138.1388003   60.0038874
   -138.1426157   59.9974963
   -138.1495377   59.9974955
   -138.1530040   60.0038756
   -138.1588027   60.0038707
   -138.1626096   59.9974939
   -138.1695266   59.9974931
   -138.1729845   60.0038590
   -138.1788044   60.0038541
   -138.1826036   59.9974916
   -138.1895156   59.9974908
   -138.1929650   60.0038423
   -138.1988054   60.0038375
   -138.2025966   59.9974892
   -138.2095046   59.9974884
   -138.2129441   60.0038257
   -138.2188077   60.0038209
   -138.2225905   59.9974869
   -138.2294936   59.9974861
   -138.2329247   60.0038091
   -138.2388094   60.0038042
   -138.2425845   59.9974846
   -138.2494825   59.9974837
   -138.2529052   60.0037925
   -138.2588103   60.0037876
   -138.2625781   59.9974822
   -138.2694710   59.9974814
   -138.2728844   60.0037759
   -138.2788128   60.0037710
   -138.2825715   59.9974799
   -138.2894605   59.9974790
   -138.2928649   60.0037593
   -138.2988137   60.0037544
   -138.3025651   59.9974775
   -138.3094491   59.9974767
   -138.3128448   60.0037427
   -138.3188154   60.0037377
   -138.3225590   59.9974752
   -138.3294380   59.9974744
   -138.3328247   60.0037261
   -138.3388178   60.0037211
   -138.3425530   59.9974728
   -138.3494269   59.9974720
   -138.3528053   60.0037095
   -138.3588188   60.0037045
   -138.3625466   59.9974705
   -138.3694155   59.9974697
   -138.3727851   60.0036929
   -138.3788205   60.0036878
   -138.3825399   59.9974681
   -138.3894049   59.9974673
   -138.3927651   60.0036762
   -138.3988229   60.0036712
   -138.4025339   59.9974658
   -138.4093939   59.9974650
   -138.4127456   60.0036596
   -138.4188239   60.0036546
   -138.4225275   59.9974634
   -138.4293824   59.9974626
   -138.4327255   60.0036430
   -138.4388256   60.0036380
   -138.4425215   59.9974611
   -138.4493714   59.9974603
   -138.4527055   60.0036264
   -138.4588280   60.0036213
   -138.4625154   59.9974587
   -138.4693603   59.9974579
   -138.4726861   60.0036098
   -138.4788290   60.0036047
   -138.4825085   59.9974564
   -138.4893494   59.9974556
   -138.4926660   60.0035932
   -138.4988308   60.0035881
   -138.5025024   59.9974540
   -138.5093384   59.9974532
   -138.5126460   60.0035766
   -138.5188324   60.0035714
   -138.5224960   59.9974517
   -138.5293269   59.9974509
   -138.5326259   60.0035600
   -138.5388342   60.0035548
   -138.5424900   59.9974493
   -138.5493159   59.9974485
   -138.5526065   60.0035434
   -138.5588359   60.0035382
   -138.5624839   59.9974470
   -138.5693048   59.9974462
   -138.5725866   60.0035268
   -138.5788376   60.0035216
   -138.5824770   59.9974446
   -138.5892939   59.9974438
   -138.5925665   60.0035101
   -138.5988394   60.0035049
   -138.6024709   59.9974423
   -138.6092829   59.9974415
   -138.6125471   60.0034935
   -138.6188411   60.0034883
   -138.6224649   59.9974400
   -138.6292718   59.9974392
   -138.6325272   60.0034769
   -138.6388428   60.0034717
   -138.6424585   59.9974376
   -138.6492604   59.9974368
   -138.6525071   60.0034603
   -138.6588446   60.0034550
   -138.6624519   59.9974353
   -138.6692499   59.9974345
   -138.6724877   60.0034437
   -138.6788457   60.0034384
   -138.6824455   59.9974329
   -138.6892385   59.9974321
   -138.6924671   60.0034271
   -138.6988481   60.0034218
   -138.7024395   59.9974306
   -138.7092274   59.9974298
   -138.7124478   60.0034105
   -138.7188498   60.0034052
   -138.7224335   59.9974282
   -138.7292164   59.9974274
   -138.7324279   60.0033939
   -138.7388515   60.0033885
   -138.7424271   59.9974259
   -138.7492050   59.9974251
   -138.7524079   60.0033773
   -138.7588533   60.0033719
   -138.7624205   59.9974235
   -138.7691944   59.9974227
   -138.7723885   60.0033607
   -138.7788551   60.0033553
   -138.7824145   59.9974212
   -138.7891834   59.9974204
   -138.7923687   60.0033440
   -138.7988568   60.0033387
   -138.8024081   59.9974188
   -138.8091720   59.9974180
   -138.8123487   60.0033274
   -138.8188586   60.0033220
   -138.8224021   59.9974165
   -138.8291609   59.9974157
   -138.8323294   60.0033108
   -138.8388604   60.0033054
   -138.8423960   59.9974141
   -138.8491499   59.9974133
   -138.8523095   60.0032942
   -138.8588622   60.0032888
   -138.8623891   59.9974118
   -138.8691390   59.9974110
   -138.8722895   60.0032776
   -138.8788640   60.0032721
   -138.8823831   59.9974094
   -138.8891280   59.9974086
   -138.8922702   60.0032610
   -138.8988651   60.0032555
   -138.9023767   59.9974071
   -138.9091166   59.9974063
   -138.9122497   60.0032444
   -138.9188675   60.0032389
   -138.9223707   59.9974047
   -138.9291056   59.9974039
   -138.9322304   60.0032278
   -138.9388693   60.0032223
   -138.9423641   59.9974024
   -138.9490951   59.9974016
   -138.9522111   60.0032112
   -138.9588704   60.0032056
   -138.9623577   59.9974000
   -138.9690837   59.9973993
   -138.9721907   60.0031946
   -138.9788729   60.0031890
   -138.9823517   59.9973977
   -138.9890726   59.9973969
   -138.9921714   60.0031779
   -138.9988747   60.0031724
   -139.0023457   59.9973953
   -139.0090616   59.9973946
   -139.0121521   60.0031613
   -139.0188758   60.0031557
   -139.0223393   59.9973930
   -139.0290502   59.9973922
   -139.0321317   60.0031447
   -139.0388783   60.0031391
   -139.0423327   59.9973907
   -139.0490449   59.9973996
   -139.0521124   60.0031281
   -139.0588794   60.0031225
   -139.1090924   59.9195908
   -139.3820528   60.1018759
   -139.3867730   60.1035253
END
END
