north-america-canada-nunavut
1
   -53.6145339   62.4721853
   -55.4922322   61.9375459
   -55.8467996   61.9529785
   -57.2561320   61.9844936
   -57.5091828   61.9913904
   -59.3108480   61.8901612
   -59.6952904   61.9140447
   -59.9476673   61.9522214
   -60.0033266   61.9600657
   -61.0023600   61.7399476
   -61.1751650   61.7109979
   -62.1269668   61.4238321
   -62.1917679   61.4161233
   -62.2703367   61.4099529
   -62.4762698   61.3951318
   -63.0103650   61.2363850
   -63.2969354   61.0545265
   -63.9111138   60.7519206
   -64.0235089   60.7039748
   -64.0710390   60.6827594
   -64.1198222   60.6599151
   -64.4188567   60.4090700
   -64.4532839   60.3758305
   -64.4624874   60.3680579
   -64.4828705   60.3532138
   -64.4985868   60.3463396
   -64.5147930   60.3417865
   -64.5195968   60.3411536
   -64.5310987   60.3378337
   -64.5366238   60.3370840
   -64.5533540   60.3321200
   -64.5645625   60.3268007
   -64.5699496   60.3267266
   -64.5874352   60.3240845
   -64.6009976   60.3197003
   -64.6042174   60.3192751
   -64.6382064   60.3095121
   -64.6576013   60.3077062
   -64.6697757   60.3078044
   -64.6790002   60.3251141
   -64.6938653   60.3427603
   -64.7101235   60.3527726
   -64.7260797   60.3549236
   -64.7276555   60.3558091
   -64.7421457   60.3572188
   -64.7451993   60.3587788
   -64.7582001   60.3595794
   -64.7627550   60.3616859
   -64.7742475   60.3620034
   -64.7884390   60.3679152
   -64.8050916   60.3739326
   -64.8246812   60.3754780
   -64.8481005   60.3719834
   -64.8699904   60.3692508
   -64.8736148   60.3683262
   -64.8926125   60.3661731
   -64.8992015   60.3647275
   -64.9256985   60.3619237
   -64.9810023   60.3611611
   -65.0419364   60.3714729
   -65.0618548   60.3753611
   -65.0817654   60.3797275
   -65.1156508   60.3860251
   -65.1680360   60.3991753
   -65.2068921   60.4101156
   -65.2475127   60.4226817
   -65.2899848   60.4368997
   -65.3029521   60.4418745
   -65.4947773   60.5328903
   -65.5927859   60.5848626
   -65.6382971   60.6096533
   -65.6849087   60.6356816
   -65.7824727   60.6914321
   -65.8318180   60.6824916
   -65.9614094   60.6744081
   -66.0107047   60.6717539
   -66.0537198   60.6699852
   -66.0754132   60.6693644
   -66.1161131   60.6686878
   -66.1578282   60.6606362
   -66.3137561   60.6325864
   -66.3489487   60.6258612
   -66.5158152   60.5659341
   -66.7003610   59.9900474
   -66.7327727   59.9611442
   -67.1157157   59.6112690
   -67.2817261   59.4358678
   -67.3124124   59.4208612
   -67.3675395   59.3951316
   -67.3860481   59.3867799
   -67.4230679   59.3706920
   -67.4603946   59.3552924
   -67.4977964   59.3406761
   -67.5219710   59.3316766
   -67.5662556   59.3310066
   -67.5896689   59.3310127
   -67.8554514   59.4125771
   -68.0706688   59.4476683
   -68.3224247   59.4692707
   -68.3682650   59.4729900
   -68.4080348   59.4768388
   -68.4278978   59.4791778
   -68.4673734   59.4846605
   -68.4870916   59.4878189
   -68.5262786   59.4949360
   -68.5458522   59.4989138
   -68.5847506   59.5076652
   -68.6430279   59.5214972
   -68.6624246   59.5264786
   -68.6887809   59.5337389
   -68.9375147   59.7154994
   -68.9467050   59.7392432
   -68.9536536   59.7580861
   -68.9666778   59.7957280
   -68.9785788   59.8334333
   -68.9893207   59.8710922
   -69.0160833   59.9730672
   -69.0195357   60.0009126
   -69.0221222   60.0189842
   -69.0308667   60.0744844
   -69.0347817   60.1023857
   -69.0691177   60.3814615
   -68.9738102   60.5409736
   -68.9644816   60.5571486
   -68.9465968   60.5898905
   -68.9380147   60.6065089
   -68.9216639   60.6400612
   -68.8659729   60.7614178
   -68.8498424   60.7989029
   -68.8396129   60.8246055
   -68.8324765   60.8481243
   -68.8220185   60.8859995
   -68.8171596   60.9052306
   -68.8095355   60.9373553
   -68.7036131   61.3602142
   -68.8328677   61.4482603
   -68.8485808   61.4587189
   -68.8801571   61.4790055
   -68.9119631   61.4984736
   -68.9440879   61.5171777
   -68.9764539   61.5350714
   -69.0546459   61.5766004
   -69.1279707   61.5999172
   -69.3121505   61.6556523
   -69.3473446   61.6656311
   -69.3828189   61.6748019
   -69.4186469   61.6831826
   -69.4547153   61.6907470
   -69.4729247   61.6942403
   -69.6007184   61.7172490
   -69.6366906   61.7231522
   -69.6724938   61.7282821
   -69.7115399   61.7290220
   -69.7321567   61.7296472
   -69.7735164   61.7316022
   -69.7994954   61.7333245
   -69.8346576   61.7506795
   -69.8622010   61.7510581
   -70.0938963   61.7516590
   -70.1325217   61.7510778
   -70.1518060   61.7504454
   -70.2330327   61.7467285
   -70.2527594   61.7461103
   -70.2920663   61.7456107
   -70.3116870   61.7457280
   -70.3508235   61.7466955
   -70.3704187   61.7475486
   -70.4094643   61.7499856
   -70.5354113   61.7600954
   -70.6238835   61.7671265
   -70.6624081   61.7720384
   -70.6911748   61.7741286
   -70.7306786   61.7779221
   -70.7700256   61.7827237
   -70.8484801   61.7941168
   -70.8875011   61.8007650
   -70.9263978   61.8084268
   -70.9651430   61.8170983
   -71.0037698   61.8265312
   -71.0230375   61.8315810
   -71.0614436   61.8424332
   -71.0996931   61.8542926
   -71.1377859   61.8671593
   -71.1568123   61.8739842
   -71.1946319   61.8883475
   -71.2323331   61.9037324
   -71.2698777   61.9201246
   -71.2968021   61.9325789
   -71.3280967   61.9548170
   -71.3513027   61.9699851
   -71.3725319   61.9842357
   -71.4093950   61.9991624
   -71.4272115   62.0073647
   -71.4624874   62.0243546
   -71.4972552   62.0421083
   -71.5315919   62.0606657
   -71.5656402   62.0797107
   -71.5993187   62.0993202
   -71.6325208   62.1197111
   -71.6652161   62.1408635
   -71.6974948   62.1628373
   -71.7292674   62.1855722
   -71.7605635   62.2090885
   -71.7913831   62.2333862
   -71.8120877   62.2504055
   -71.8375349   62.2699595
   -71.8995238   62.3191795
   -71.9099635   62.3276669
   -72.0257205   62.3786134
   -72.0438268   62.3869543
   -72.0796837   62.4042359
   -72.1151816   62.4223738
   -72.1502178   62.4413167
   -72.1848100   62.4610726
   -72.2019712   62.4712736
   -72.2359387   62.4922723
   -72.2694627   62.5140828
   -72.2860892   62.5253129
   -72.3189882   62.5483673
   -72.3432688   62.5661496
   -72.3701536   62.5774913
   -72.4046204   62.5953023
   -72.4395279   62.6143506
   -72.4568377   62.6241846
   -72.4909798   62.6443642
   -72.5246426   62.6653170
   -72.5413126   62.6760962
   -72.5741584   62.6981473
   -72.5904642   62.7095073
   -72.6135743   62.7261277
   -72.6392353   62.7434821
   -72.6715525   62.7663583
   -72.6960884   62.7845204
   -72.7242561   62.7945870
   -72.7622515   62.8090722
   -72.8044901   62.8264136
   -72.8385929   62.8377175
   -72.8770877   62.8514685
   -72.8961710   62.8586782
   -72.9338126   62.8736909
   -72.9709162   62.8895581
   -72.9892855   62.8978214
   -73.0255049   62.9149370
   -73.0434459   62.9238325
   -73.0788118   62.9422098
   -73.0963246   62.9517374
   -73.1308176   62.9713652
   -73.1479208   62.9815361
   -73.1815796   63.0024366
   -73.2146966   63.0241960
   -73.2472701   63.0468155
   -73.3717209   63.1368323
   -73.4049441   63.0946295
   -73.4398461   63.0493317
   -73.4727252   63.0056512
   -73.5039625   62.9630820
   -73.7729252   62.5861813
   -73.7869599   62.5685069
   -73.8015240   62.5520831
   -73.8166199   62.5369077
   -73.8322402   62.5229875
   -73.8483931   62.5103151
   -73.8650754   62.4988933
   -73.8822873   62.4887220
   -73.9000288   62.4798012
   -73.9182998   62.4721309
   -73.9371004   62.4657111
   -73.9564305   62.4605419
   -73.9676434   62.4583293
   -74.1135460   62.4250336
   -74.1334710   62.4212691
   -74.4179656   62.3816614
   -74.4386252   62.3796316
   -74.4596089   62.3783672
   -74.4809167   62.3778682
   -74.5108634   62.3777363
   -74.5247065   62.3753835
   -74.5668450   62.3809460
   -74.5865606   62.3842913
   -74.6061290   62.3883102
   -74.6255817   62.3930089
   -74.6537969   62.4011873
   -74.7797853   62.4384448
   -74.7989393   62.4447694
   -74.8179767   62.4517418
   -74.8368985   62.4593624
   -74.8557110   62.4676344
   -74.8743803   62.4765421
   -74.8929402   62.4861013
   -74.9113837   62.4963086
   -74.9297116   62.5071649
   -74.9479309   62.5186747
   -74.9660020   62.5308123
   -74.9839738   62.5436100
   -75.0018206   62.5570504
   -75.0195684   62.5711533
   -75.0371667   62.5858781
   -75.0546570   62.6012589
   -75.0720351   62.6172926
   -75.0892876   62.6339670
   -75.1064435   62.6513106
   -75.1234461   62.6692657
   -75.1403420   62.6878803
   -75.1571223   62.7071454
   -75.1738093   62.7270881
   -75.1903272   62.7476164
   -75.2067511   62.7688224
   -75.2230608   62.7906817
   -75.2392433   62.8131764
   -75.2553350   62.8363582
   -75.2712645   62.8601235
   -75.2870902   62.8845580
   -75.3028065   62.9096542
   -75.3183944   62.9353819
   -75.3338954   62.9618106
   -75.5208146   63.2908433
   -75.6181181   63.2050038
   -75.6601861   63.1786770
   -75.6825511   63.1651631
   -75.7270326   63.1392745
   -75.7713852   63.1147879
   -75.8154109   63.0918132
   -75.8592925   63.0702549
   -75.9028546   63.0501991
   -75.9246100   63.0406920
   -75.9678697   63.0228073
   -76.0108460   63.0064033
   -76.0536694   62.9914313
   -76.0961869   62.9779451
   -76.1385406   62.9658996
   -76.1805932   62.9553339
   -76.2224776   62.9462146
   -76.2640967   62.9385640
   -76.2890228   62.9346950
   -76.3267717   62.9255385
   -76.3476927   62.9210132
   -76.4310982   62.9046541
   -76.4518841   62.9009741
   -76.4725773   62.8977098
   -76.4932634   62.8948484
   -76.5138482   62.8924034
   -76.5343711   62.8903694
   -76.5548027   62.8887490
   -76.5752196   62.8875365
   -76.5955452   62.8867371
   -76.6158050   62.8863492
   -76.6359747   62.8863727
   -76.6561275   62.8868084
   -76.6761901   62.8876550
   -76.6961869   62.8889131
   -76.7161180   62.8905828
   -76.7359598   62.8926614
   -76.7557872   62.8951576
   -76.8443447   62.9078800
   -76.8939944   62.9148762
   -76.9137199   62.9179820
   -76.9333560   62.9214974
   -76.9529261   62.9254263
   -76.9725858   62.9298066
   -76.9923464   62.9313819
   -77.0122517   62.9333892
   -77.0320598   62.9358079
   -77.0518049   62.9386416
   -77.0714606   62.9418860
   -77.0910964   62.9455532
   -77.1106427   62.9496306
   -77.1370677   62.9558779
   -77.1563296   62.9488227
   -77.1725760   62.9412471
   -77.1943013   62.9316878
   -77.2159280   62.9227456
   -77.2374561   62.9144203
   -77.2588639   62.9067200
   -77.2802205   62.8996203
   -77.3014500   62.8931471
   -77.3225837   62.8872901
   -77.3435995   62.8820549
   -77.3645554   62.8774277
   -77.3853934   62.8734218
   -77.4156711   62.8687521
   -77.5193548   62.6205823
   -77.5316888   62.5974538
   -77.5453161   62.5776183
   -77.5602406   62.5610676
   -77.5764683   62.5477963
   -77.5939924   62.5378108
   -77.6056843   62.5336481
   -77.6123233   62.5298790
   -77.6237377   62.5258608
   -77.6306606   62.5219454
   -77.6417883   62.5180736
   -77.6489934   62.5140143
   -77.6678983   62.5075152
   -77.6850255   62.5048899
   -77.6914256   62.5024061
   -77.7059841   62.4952424
   -77.7089067   62.4943826
   -77.7241905   62.4869775
   -77.7434923   62.4814883
   -77.7495557   62.4808262
   -77.7632636   62.4772012
   -77.8114331   62.4727923
   -77.8252955   62.4711679
   -77.8355514   62.4712571
   -77.8454260   62.4677819
   -77.8651537   62.4633834
   -77.9192408   62.4520877
   -77.9245003   62.4505713
   -77.9445526   62.4469708
   -77.9511011   62.4464542
   -78.1070576   62.4235447
   -78.1278627   62.4218788
   -78.1492506   62.4216439
   -78.1834825   62.4235219
   -78.6963985   62.4365551
   -78.6944271   62.3190379
   -78.6895905   62.1539800
   -78.6870515   62.1272572
   -78.6844629   62.0874124
   -78.6836684   62.0673417
   -78.6830868   62.0270783
   -78.6832975   62.0068696
   -78.6847225   61.9662115
   -78.6859392   61.9457488
   -78.6893698   61.9047213
   -78.6915921   61.8840597
   -78.6959995   61.8500415
   -78.6965489   61.8225407
   -78.6973489   61.8021581
   -78.6998811   61.7612760
   -78.7036559   61.7201759
   -78.7256982   61.5269224
   -78.6930943   61.5095161
   -78.6725075   61.4988636
   -78.6316046   61.4787132
   -78.6111681   61.4691556
   -78.5705216   61.4511695
   -78.5301079   61.4346531
   -78.5099215   61.4269197
   -78.4698015   61.4125841
   -78.4298438   61.3996907
   -78.3900882   61.3882543
   -78.3549893   61.3793593
   -78.3525632   61.3724325
   -78.3243772   61.2872847
   -78.3001671   61.2087977
   -78.2800189   61.1372503
   -78.2638679   61.0724185
   -78.2517417   61.0144036
   -78.2266061   60.8555756
   -78.2242555   60.8137370
   -78.2215493   60.7987246
   -78.2159652   60.7803264
   -78.2077090   60.7601641
   -78.1683971   60.6782344
   -78.1523987   60.6385823
   -78.1368745   60.5936209
   -78.1217923   60.5432548
   -78.1071914   60.4876186
   -78.0930242   60.4265273
   -78.0837657   60.3816474
   -78.2077774   60.1517790
   -78.2234384   60.1216115
   -78.2389407   60.0906041
   -78.2601066   60.0462340
   -78.2900531   60.0289975
   -78.3084733   60.0179307
   -78.3429502   59.9962869
   -78.3662903   59.9785884
   -78.5735567   59.8162862
   -78.6136995   59.8029510
   -78.6946747   59.7752136
   -78.6834988   59.7194283
   -78.6755427   59.6767367
   -78.6678795   59.6326121
   -78.6667205   59.5956063
   -78.6657361   59.5447137
   -78.6654118   59.4955125
   -78.6657455   59.4478973
   -78.6667373   59.4018684
   -78.6682930   59.3599630
   -78.5669520   58.8988418
   -78.5464873   58.7763443
   -78.5439065   58.7645595
   -78.5380643   58.7429142
   -78.5337568   58.7199206
   -78.5321030   58.7054526
   -78.5283493   58.6979498
   -78.5201924   58.6785358
   -78.5130973   58.6581344
   -78.5098784   58.6467231
   -78.5056090   58.6380986
   -78.4973734   58.6187657
   -78.4900471   58.5985702
   -78.4836376   58.5775313
   -78.4781423   58.5556422
   -78.4735613   58.5329029
   -78.4698945   58.5093135
   -78.4671420   58.4848739
   -78.4653038   58.4595841
   -78.4643798   58.4334442
   -78.4643701   58.4064540
   -78.4652741   58.3786310
   -78.4670939   58.3499238
   -78.4698253   58.3204013
   -78.4805871   58.2307318
   -78.4851317   58.1985410
   -78.4904569   58.1655092
   -78.4965815   58.1315257
   -78.5034856   58.0967034
   -78.5111661   58.0610506
   -78.5196546   58.0244251
   -78.5325976   57.9729413
   -78.3682100   57.9306584
   -78.3513109   57.9265641
   -78.2405927   57.9013932
   -78.2212475   57.8966463
   -78.1828750   57.8861801
   -78.1637782   57.8804405
   -78.1259361   57.8679996
   -78.0885054   57.8542618
   -78.0512987   57.8394828
   -78.0143916   57.8238963
   -77.9960391   57.8155960
   -77.9596697   57.7980414
   -77.9237015   57.7791959
   -77.8880556   57.7590168
   -77.8528395   57.7375648
   -77.8179443   57.7147738
   -77.7844545   57.6914070
   -77.7615060   57.6662500
   -77.7358681   57.6365143
   -77.7109490   57.6058750
   -77.6987292   57.5901768
   -77.6723232   57.5614856
   -77.6593624   57.5467967
   -77.6339586   57.5167675
   -77.6215154   57.5014272
   -77.5982214   57.4714968
   -77.5768406   57.4397735
   -77.5659909   57.4229626
   -77.5448728   57.3887599
   -77.5244852   57.3537083
   -77.5048833   57.3179028
   -77.4873797   57.2839412
   -77.4745925   57.2438163
   -77.4700173   57.2287995
   -77.4464941   57.2150204
   -77.4089615   57.1919477
   -77.3724755   57.1681932
   -77.3371544   57.1438356
   -77.3028490   57.1187723
   -77.2696858   57.0930945
   -77.2534605   57.0799682
   -77.2403113   57.0686960
   -77.2250454   57.0548210
   -77.1954310   57.0267005
   -77.1669609   56.9980187
   -77.1480612   56.9779340
   -77.1334358   56.9507368
   -77.1139225   56.9118788
   -77.0959646   56.8730317
   -77.0875810   56.8536412
   -77.0459605   56.7527159
   -77.0396357   56.7280911
   -77.0349578   56.7080748
   -77.0268041   56.6681588
   -77.0201103   56.6283842
   -77.0146957   56.5887336
   -76.9985435   56.4368804
   -77.0049053   56.4089954
   -77.0098850   56.3895883
   -77.0152387   56.3704011
   -77.0209922   56.3513419
   -77.0271277   56.3324731
   -77.0336350   56.3138224
   -77.0409645   56.2942470
   -77.0546213   56.2747075
   -77.0668758   56.2580715
   -77.0794346   56.2417983
   -77.0922957   56.2258912
   -77.1315500   56.1790219
   -77.1448626   56.1636618
   -77.1584512   56.1487146
   -77.1723854   56.1341042
   -77.1865951   56.1199046
   -77.2011166   56.1060786
   -77.2159478   56.0926287
   -77.2310916   56.0795526
   -77.2465082   56.0668839
   -77.2622749   56.0545594
   -77.2783006   56.0426504
   -77.2946681   56.0310949
   -77.3279854   56.0087884
   -77.3449473   55.9979538
   -77.3549831   55.9921720
   -77.3723964   55.9832376
   -77.3900322   55.9746996
   -77.4079047   55.9665504
   -77.4260546   55.9587723
   -77.4444307   55.9513875
   -77.4630500   55.9443890
   -77.4818937   55.9377832
   -77.5010179   55.9315510
   -77.5203667   55.9257109
   -77.5399385   55.9202627
   -77.5597936   55.9151899
   -77.5798720   55.9105083
   -77.6081279   55.9047047
   -77.6354524   55.8890492
   -77.6869505   55.8611956
   -77.7042991   55.8521404
   -77.7395891   55.8350489
   -77.7655860   55.8235919
   -77.7927190   55.8149298
   -77.9060002   55.7814974
   -77.9442617   55.7715725
   -78.0704867   55.7426353
   -78.1021495   55.7398781
   -78.1534873   55.7365811
   -78.1962693   55.7349400
   -78.2178982   55.7346572
   -78.2525088   55.7349869
   -78.2764074   55.7194178
   -78.2934800   55.7088011
   -78.3280051   55.6884905
   -78.3454931   55.6787761
   -78.3807980   55.6602964
   -78.3986636   55.6515045
   -78.4347967   55.6348296
   -78.4714659   55.6193661
   -78.5065520   55.6059066
   -78.5280217   55.5913518
   -78.5605548   55.5651655
   -78.6262315   55.5146490
   -78.6428361   55.5025389
   -78.6763870   55.4794256
   -78.6933562   55.4684068
   -78.7617697   55.4260748
   -78.7790519   55.4159934
   -78.8119084   55.3980542
   -78.8154903   55.3397434
   -78.8196966   55.2905988
   -78.8248140   55.2441385
   -78.8308377   55.2004107
   -78.8377680   55.1594075
   -78.8456098   55.1211017
   -78.8543563   55.0855274
   -78.8640095   55.0526725
   -78.8745783   55.0225104
   -78.8860491   54.9950807
   -78.8984309   54.9703611
   -78.9117190   54.9483609
   -78.9259144   54.9290777
   -78.9410201   54.9125079
   -78.9570318   54.8986563
   -78.9739536   54.8875194
   -79.0059486   54.8714775
   -79.0247315   54.8656522
   -79.0326729   54.8645135
   -79.0438391   54.8610551
   -79.0518027   54.8599060
   -79.0629528   54.8564572
   -79.0709263   54.8552995
   -79.0820603   54.8518600
   -79.0900531   54.8506925
   -79.1011736   54.8472616
   -79.1091828   54.8460847
   -79.1202825   54.8426647
   -79.1283065   54.8414787
   -79.1393961   54.8380661
   -79.1931440   54.8299449
   -79.1979146   54.8287082
   -79.2111153   54.8271760
   -79.2174356   54.8256276
   -79.2290891   54.8243868
   -79.2367331   54.8217264
   -79.2480158   54.8192047
   -79.2556610   54.8164616
   -79.2658702   54.8142622
   -79.2745978   54.8112036
   -79.2837184   54.8093124
   -79.2935318   54.8059554
   -79.3015623   54.8043551
   -79.3124734   54.8007136
   -79.3194089   54.7993875
   -79.3314105   54.7954824
   -79.3372500   54.7944130
   -79.3503563   54.7902581
   -79.3550850   54.7894304
   -79.3882500   54.7798358
   -79.4026458   54.7775487
   -79.4075924   54.7761169
   -79.4208154   54.7741169
   -79.4269442   54.7724066
   -79.4389909   54.7706727
   -79.4462972   54.7687067
   -79.4571570   54.7672200
   -79.4656473   54.7650169
   -79.4753314   54.7637567
   -79.4850075   54.7613350
   -79.4934953   54.7602858
   -79.5043620   54.7576625
   -79.5116679   54.7568052
   -79.5297466   54.7525952
   -79.5475970   54.7463216
   -79.5652054   54.7380187
   -79.5821636   54.7290923
   -79.5967920   54.7176566
   -79.6114025   54.7041389
   -79.6254725   54.6889507
   -79.6390159   54.6720784
   -79.6520333   54.6535202
   -79.6645260   54.6332726
   -79.6883902   54.5893087
   -79.6912850   54.5834548
   -79.7048862   54.5589663
   -79.7202260   54.5339781
   -79.7373136   54.5084775
   -79.7561135   54.4825158
   -79.7766622   54.4560415
   -79.7989472   54.4290719
   -79.8229684   54.4016069
   -79.8577524   54.3627994
   -79.8305979   54.3375902
   -79.8082467   54.3151028
   -79.7510881   54.2572237
   -79.5471832   54.0390059
   -79.5330383   54.0229461
   -79.5191967   54.0062896
   -79.5056416   53.9890159
   -79.4923889   53.9711450
   -79.4794396   53.9526787
   -79.4667766   53.9335925
   -79.4544010   53.9139413
   -79.4422246   53.8938858
   -79.4274854   53.8679945
   -79.4300164   53.8553787
   -79.3173986   53.5087896
   -79.3116306   53.4894220
   -79.3062932   53.4697663
   -79.3017285   53.4512164
   -79.3073930   53.4182845
   -79.3111889   53.3998813
   -79.3154139   53.3815329
   -79.3556930   53.2232262
   -79.3267010   53.1004370
   -79.3224200   53.0804158
   -79.3185394   53.0601996
   -79.3150533   53.0397553
   -79.3119783   53.0191833
   -79.3083177   52.9893488
   -79.2876740   52.9647004
   -79.2750403   52.9487464
   -79.2627800   52.9325992
   -79.2509122   52.9162846
   -79.2394173   52.8997760
   -79.2283021   52.8830826
   -79.2156569   52.8630582
   -79.1958173   52.8325841
   -79.1854348   52.8155102
   -79.1754574   52.7982859
   -79.1658532   52.7808567
   -79.1532309   52.7563884
   -79.1326099   52.7528333
   -79.1002140   52.7465021
   -79.0689499   52.7396199
   -79.0388175   52.7321865
   -79.0157886   52.7258462
   -78.9699913   52.7127599
   -78.9442936   52.7045413
   -78.9195750   52.6957239
   -78.9092545   52.6916287
   -78.8471119   52.6683449
   -78.8234079   52.6589815
   -78.8009189   52.6488899
   -78.7797103   52.6380995
   -78.7597284   52.6265832
   -78.7517902   52.6214002
   -78.7212074   52.6027547
   -78.7023950   52.5905687
   -78.6850342   52.5775771
   -78.6690909   52.5637544
   -78.6545905   52.5491220
   -78.6415229   52.5336708
   -78.6298856   52.5173977
   -78.6189605   52.5007261
   -78.6094257   52.4832458
   -78.6013393   52.4649511
   -78.5977946   52.4547499
   -78.5975518   52.4469758
   -78.5984004   52.4282204
   -78.6006880   52.4096030
   -78.6045671   52.3905812
   -78.6076782   52.3725990
   -78.6122956   52.3542053
   -78.6183249   52.3359469
   -78.6257658   52.3178241
   -78.6346186   52.2998367
   -78.6417964   52.2888822
   -78.6550227   52.2737140
   -78.6694681   52.2590662
   -78.6851358   52.2449358
   -78.7012013   52.2309829
   -78.7177630   52.2172384
   -78.7275839   52.2098842
   -78.7394620   52.2041843
   -78.7593242   52.1958277
   -78.7795624   52.1878291
   -78.7907818   52.1839616
   -78.7930955   52.1732665
   -78.7989439   52.1511461
   -78.8056717   52.1298792
   -78.8132715   52.1094881
   -78.8217507   52.0899515
   -78.8311098   52.0712700
   -78.8413398   52.0534611
   -78.8524496   52.0365083
   -78.8641579   52.0201347
   -78.8765489   52.0044477
   -78.8898295   51.9896268
   -78.9040004   51.9756721
   -78.9190492   51.9625954
   -78.9349882   51.9503855
   -78.9518186   51.9390424
   -78.9695250   51.9285761
   -79.0064445   51.9091072
   -79.0256506   51.9001050
   -79.0457030   51.8919352
   -79.0559859   51.8883249
   -79.0750141   51.8806759
   -79.0940914   51.8720438
   -79.1169966   51.8605319
   -79.1539800   51.7923951
   -79.1731963   51.7550040
   -79.1845300   51.7538613
   -79.2065526   51.7524582
   -79.2281450   51.7519157
   -79.2712287   51.7521105
   -79.3467937   51.7495062
   -79.3742265   51.7471228
   -79.4072686   51.7424899
   -79.4387922   51.7389692
   -79.4560315   51.7363020
   -79.4733434   51.7328841
   -79.4975811   51.7267819
   -79.5226731   51.7143090
   -79.5779388   51.6828429
   -79.5966177   51.6734173
   -79.6159458   51.6646126
   -79.6359155   51.6564326
   -79.6565372   51.6488736
   -79.6777801   51.6419465
   -79.6996746   51.6356408
   -79.7222235   51.6299567
   -79.7646592   51.6206996
   -79.8096976   51.6145597
   -79.8341300   51.6118822
   -79.8591148   51.6097809
   -79.8847275   51.6082496
   -79.9101024   51.6073216
   -79.9379858   51.6236505
   -79.9553879   51.6345842
   -79.9726566   51.6459820
   -79.9897917   51.6578437
   -80.0068126   51.6701833
   -80.0236615   51.6829585
   -80.0403963   51.6962122
   -80.0569975   51.7099299
   -80.0737621   51.7243774
   -80.0903118   51.7370682
   -80.1056586   51.7493238
   -80.1196114   51.7757146
   -80.1365440   51.8106631
   -80.1521949   51.8463472
   -80.1665627   51.8827670
   -80.1796385   51.9198990
   -80.1914223   51.9577407
   -80.2019227   51.9963194
   -80.2111386   52.0356356
   -80.2522939   52.2344788
   -80.4983829   52.2350758
   -80.5197087   52.2355389
   -80.5408180   52.2364119
   -80.5617641   52.2376969
   -80.6032838   52.2410158
   -80.6238379   52.2431441
   -80.6441573   52.2456841
   -80.6643484   52.2486494
   -80.6842845   52.2520217
   -80.7040896   52.2558217
   -80.7236424   52.2600263
   -80.7430617   52.2646609
   -80.7622404   52.2697003
   -80.7812563   52.2751645
   -80.8000593   52.2810393
   -80.8374707   52.2933071
   -80.8559407   52.2998613
   -80.8742700   52.3068550
   -80.8923532   52.3142479
   -80.9106798   52.3222618
   -80.9365847   52.3297324
   -81.0815116   52.3708480
   -81.1003395   52.3766712
   -81.1189738   52.3829596
   -81.1373781   52.3897010
   -81.1555882   52.3969085
   -81.1849471   52.4095358
   -81.2092059   52.4302226
   -81.2247419   52.4430851
   -81.2467582   52.4600785
   -81.2665112   52.4784258
   -81.2759136   52.4860624
   -81.3462618   52.5403833
   -81.4122106   52.5815073
   -81.4296618   52.5917838
   -81.4471817   52.6012997
   -81.4647754   52.6100580
   -81.4824378   52.6180560
   -81.5064997   52.6278782
   -81.5250632   52.6363843
   -81.9848850   52.8548655
   -82.0025145   52.8645876
   -82.0595465   52.9023348
   -82.0830587   52.9140324
   -82.0883194   52.9162650
   -82.1061005   52.9258022
   -82.1227191   52.9368354
   -82.1381858   52.9493719
   -82.1524908   52.9634035
   -82.1656434   52.9789394
   -82.1696982   52.9857019
   -82.1765268   53.0039946
   -82.1813298   53.0211407
   -82.1849272   53.0382410
   -82.1874899   53.0573280
   -82.1887298   53.0797760
   -82.1807839   53.1053763
   -82.1740517   53.1243991
   -82.1659339   53.1432171
   -82.1564163   53.1618630
   -82.1322310   53.2030323
   -82.1201851   53.2280380
   -82.0897490   53.2923143
   -82.0798694   53.3108909
   -82.0689392   53.3293489
   -82.0569855   53.3476424
   -82.0082343   53.4207400
   -81.9949787   53.4388861
   -81.9808426   53.4568804
   -81.9657810   53.4747804
   -81.9498389   53.4925327
   -81.9168262   53.5279083
   -81.8993754   53.5454902
   -81.8811075   53.5629196
   -81.8619470   53.5802684
   -81.8419680   53.5974695
   -81.8164131   53.6183128
   -81.7717939   53.6676601
   -81.7552737   53.6853715
   -81.7381870   53.7029607
   -81.7204572   53.7205067
   -81.6766308   53.7622506
   -81.6581854   53.7804331
   -81.6398193   53.7991499
   -81.6214454   53.8184887
   -81.6030610   53.8384544
   -81.5784924   53.8661722
   -81.5742481   53.8720803
   -81.6073088   53.9426207
   -81.6880448   54.1093841
   -81.7041252   54.1446630
   -81.7191754   54.1805739
   -81.7331559   54.2170238
   -81.7397595   54.2354890
   -81.7521657   54.2728230
   -81.7579738   54.2917074
   -81.7688003   54.3299110
   -81.7762036   54.3589925
   -81.7713416   54.3951698
   -81.7648962   54.4344166
   -81.7572870   54.4734068
   -81.7445182   54.5315931
   -81.7349323   54.5701473
   -81.7241824   54.6084447
   -81.7122686   54.6464854
   -81.6991908   54.6842694
   -81.6849491   54.7217967
   -81.6773787   54.7404955
   -81.6614044   54.7776061
   -81.6442528   54.8144916
   -81.6352246   54.8328700
   -81.3695840   55.3548777
   -81.2370435   55.6119232
   -81.2826803   55.7289667
   -81.6924730   56.4890815
   -81.7089041   56.5191125
   -81.9992258   57.0420847
   -82.0190806   57.0687507
   -82.0848644   57.1584802
   -82.1177692   57.2039469
   -82.1503933   57.2498901
   -82.1829634   57.2966257
   -82.1993066   57.3204061
   -82.2316258   57.3680871
   -82.2562508   57.4050329
   -82.2837270   57.4190896
   -82.3206552   57.4383353
   -82.3576354   57.4579976
   -82.4129974   57.4881644
   -82.4498319   57.5087247
   -82.5049753   57.5402387
   -82.5416832   57.5617084
   -82.5965890   57.5945583
   -82.6331514   57.6169268
   -82.6878383   57.6511233
   -82.7242367   57.6743785
   -82.7787431   57.7099465
   -82.8149761   57.7340869
   -82.8692642   57.7710027
   -82.9235033   57.8087857
   -82.9773892   57.8472201
   -83.3345793   58.1059670
   -83.3930470   58.1489317
   -83.4321045   58.1781427
   -83.4809433   58.2152448
   -83.5195707   58.2450427
   -83.5583373   58.2753506
   -83.5967871   58.3058099
   -83.6353762   58.3367800
   -83.6741089   58.3682683
   -83.7125162   58.3998916
   -83.7510615   58.4320292
   -83.7897603   58.4646983
   -83.8473881   58.5140980
   -83.9053027   58.5646498
   -83.9628688   58.6157991
   -84.0013309   58.6504758
   -84.0354495   58.6815811
   -84.0991775   58.6859448
   -84.1388541   58.6889612
   -84.1781725   58.6921753
   -84.2163202   58.6955097
   -84.9422534   58.9188105
   -84.9991834   58.9366826
   -85.0561554   58.9551091
   -85.0940699   58.9676733
   -85.1508420   58.9869392
   -85.2074944   59.0067097
   -85.2451958   59.0201699
   -85.3018095   59.0408397
   -85.3579811   59.0618943
   -85.3954694   59.0762506
   -85.4328665   59.0908159
   -85.4704483   59.1056994
   -85.5076155   59.1206630
   -85.5448908   59.1359152
   -85.5820748   59.1513755
   -85.6378083   59.1750096
   -85.6934599   59.1991639
   -85.7304308   59.2155191
   -85.7858447   59.2404972
   -85.8228824   59.2575039
   -85.8595817   59.2746028
   -85.8963509   59.2919831
   -85.9491710   59.3173909
   -86.2831675   59.5686454
   -86.4672461   59.6377008
   -86.5040374   59.6516739
   -86.5410441   59.6659597
   -86.5776476   59.6803195
   -86.6144644   59.6949949
   -86.6508801   59.7097412
   -86.6875070   59.7248063
   -86.7237348   59.7399392
   -86.7601710   59.7553938
   -86.7962109   59.7709133
   -86.8324582   59.7867578
   -86.8683102   59.8026638
   -86.9043676   59.8188980
   -86.9400317   59.8351905
   -86.9758994   59.8518144
   -87.0113028   59.8684593
   -87.0470525   59.8855069
   -87.0823405   59.9025726
   -87.1178289   59.9199759
   -87.1529287   59.9374280
   -87.2110994   59.9668869
   -87.2635679   59.9803101
   -87.3217461   59.9956871
   -87.5878064   60.0675775
   -87.6316160   60.0792155
   -88.2584325   60.2428650
   -88.3134252   60.2575396
   -88.3681891   60.2726276
   -88.3934045   60.2797213
   -88.3973913   60.2783839
   -88.4614746   60.2572935
   -88.5040227   60.2436227
   -88.5677995   60.2236300
   -88.6102517   60.2106558
   -88.6740152   60.1916716
   -88.7161572   60.1794574
   -88.7584276   60.1674739
   -88.8217369   60.1500285
   -88.8639103   60.1387439
   -88.9059672   60.1277593
   -88.9690038   60.1117999
   -89.0109946   60.1015068
   -89.0528705   60.0915120
   -89.1156344   60.0770386
   -89.1574114   60.0677440
   -89.2201468   60.0542975
   -89.2616287   60.0457446
   -89.3264139   60.0329327
   -89.3936329   60.0222524
   -89.4359295   60.0158940
   -89.4783158   60.0098028
   -89.5417866   60.0011186
   -89.6052971   59.9930450
   -89.6682624   59.9856748
   -89.7102808   59.9811103
   -89.7731746   59.9748103
   -89.8150168   59.9709751
   -89.8776829   59.9657660
   -89.9193123   59.9626630
   -89.9817136   59.9585485
   -90.0231674   59.9561740
   -90.0647311   59.9540821
   -90.1059344   59.9522953
   -90.1472118   59.9507939
   -90.2089966   59.9490880
   -90.2500978   59.9483158
   -90.3116183   59.9477038
   -90.7820924   59.9463722
   -90.9105155   60.0193791
   -91.2032498   60.0837910
   -91.2621760   60.0939752
   -92.0864420   60.2098023
   -92.3085025   60.2399828
   -92.4189655   60.2471236
   -92.4903645   60.2510513
   -92.5892139   60.2493825
   -93.3335252   60.0080171
   -93.3471338   60.0060443
   -93.3853459   59.9953934
   -93.4788165   59.9586595
   -93.5892509   59.9043767
   -93.5915965   59.9026738
   -93.7882417   59.7453917
   -93.8231427   59.7183054
   -93.8581647   59.6922262
   -93.8757289   59.6795584
   -93.9077754   59.6571672
   -93.9470180   59.6361148
   -93.9806087   59.6189839
   -94.0062067   59.6076922
   -94.0429670   59.5922556
   -94.0758287   59.5790460
   -94.0937893   59.5706041
   -94.1145838   59.5762609
   -94.1726423   59.5928515
   -94.2281848   59.6095513
   -94.2812278   59.6263620
   -94.3320334   59.6433681
   -94.3802904   59.6604657
   -94.4262653   59.6777491
   -94.4697739   59.6951503
   -94.5108354   59.7126747
   -94.5495703   59.7303746
   -94.5858312   59.7481831
   -94.6197431   59.7661610
   -94.6512213   59.7842650
   -94.6802765   59.8024990
   -94.7069581   59.8208948
   -94.7189445   59.8300480
   -94.7572644   59.8578417
   -94.7819279   59.8763437
   -94.8033125   59.8950307
   -94.8119155   59.9039967
   -94.8233176   59.9138106
   -94.8319094   59.9229462
   -94.8433529   59.9325792
   -94.8519034   59.9419532
   -94.8634744   59.9513504
   -94.8718974   59.9610825
   -94.8837854   59.9701068
   -94.8918917   59.9805763
   -94.9118830   59.9933095
   -94.9163005   59.9932295
   -94.9318695   60.0002009
   -94.9413135   59.9954741
   -94.9518530   60.0002002
   -94.9613031   59.9954697
   -94.9718360   60.0002004
   -94.9812936   59.9954653
   -94.9918195   60.0002002
   -95.0012831   59.9954610
   -95.0118030   60.0001995
   -95.0212722   59.9954564
   -95.0317865   60.0002000
   -95.0412626   59.9954520
   -95.0517700   60.0001993
   -95.0612526   59.9954474
   -95.0717535   60.0001991
   -95.0812422   59.9954430
   -95.0917370   60.0001991
   -95.1012326   59.9954386
   -95.1117206   60.0001989
   -95.1212221   59.9954343
   -95.1317041   60.0001982
   -95.1412112   59.9954297
   -95.1516876   60.0001987
   -95.1612016   59.9954253
   -95.1716711   60.0001980
   -95.1811916   59.9954207
   -95.1916546   60.0001979
   -95.2011812   59.9954163
   -95.2116381   60.0001978
   -95.2211716   59.9954118
   -95.2316211   60.0001974
   -95.2411616   59.9954072
   -95.2516046   60.0001973
   -95.2611511   59.9954029
   -95.2715881   60.0001966
   -95.2811402   59.9953983
   -95.2915716   60.0001971
   -95.3011306   59.9953938
   -95.3115551   60.0001964
   -95.3211206   59.9953892
   -95.3315386   60.0001963
   -95.3411102   59.9953848
   -95.3515221   60.0001962
   -95.3611006   59.9953804
   -95.3715056   60.0001961
   -95.3810906   59.9953758
   -95.3914891   60.0001955
   -95.4010797   59.9953716
   -95.4114726   60.0001959
   -95.4210696   59.9953670
   -95.4314561   60.0001953
   -95.4410596   59.9953624
   -95.4514397   60.0001951
   -95.4610492   59.9953579
   -95.4714232   60.0001951
   -95.4810396   59.9953535
   -95.4914067   60.0001950
   -95.5010296   59.9953489
   -95.5113902   60.0001943
   -95.5210192   59.9953445
   -95.5313732   60.0001946
   -95.5410091   59.9953403
   -95.5513567   60.0001944
   -95.5609986   59.9953354
   -95.5713402   60.0001938
   -95.5809887   59.9953308
   -95.5913237   60.0001937
   -95.6009783   59.9953264
   -95.6113072   60.0001937
   -95.6209687   59.9953219
   -95.6312907   60.0001935
   -95.6409587   59.9953173
   -95.6512742   60.0001929
   -95.6609483   59.9953128
   -95.6712577   60.0001934
   -95.6809382   59.9953087
   -95.6912412   60.0001928
   -95.7009277   59.9953038
   -95.7112247   60.0001927
   -95.7209173   59.9952993
   -95.7312082   60.0001927
   -95.7409077   59.9952949
   -95.7511917   60.0001926
   -95.7608977   59.9952902
   -95.7711752   60.0001919
   -95.7808873   59.9952858
   -95.7911583   60.0001922
   -95.8008772   59.9952816
   -95.8111418   60.0001921
   -95.8208667   59.9952767
   -95.8311253   60.0001915
   -95.8408563   59.9952722
   -95.8511088   60.0001920
   -95.8608467   59.9952678
   -95.8710923   60.0001914
   -95.8808367   59.9952631
   -95.8910758   60.0001913
   -95.9008267   59.9952585
   -95.9110593   60.0001907
   -95.9208163   59.9952540
   -95.9310428   60.0001912
   -95.9408062   59.9952498
   -95.9510263   60.0001906
   -95.9607957   59.9952449
   -95.9710098   60.0001905
   -95.9807853   59.9952405
   -95.9909933   60.0001905
   -96.0007757   59.9952360
   -96.0109768   60.0001904
   -96.0207657   59.9952313
   -96.0309603   60.0001898
   -96.0407553   59.9952268
   -96.0509438   60.0001904
   -96.0607457   59.9952224
   -96.0709273   60.0001898
   -96.0807352   59.9952180
   -96.0909103   60.0001894
   -96.1007244   59.9952132
   -96.1108939   60.0001900
   -96.1207147   59.9952087
   -96.1308774   60.0001894
   -96.1407047   59.9952041
   -96.1508609   60.0001893
   -96.1606944   59.9951996
   -96.1708444   60.0001894
   -96.1806847   59.9951951
   -96.1908279   60.0001893
   -96.2006748   59.9951904
   -96.2108114   60.0001887
   -96.2206643   59.9951860
   -96.2307949   60.0001886
   -96.2406534   59.9951813
   -96.2507784   60.0001887
   -96.2606438   59.9951768
   -96.2707619   60.0001886
   -96.2806338   59.9951721
   -96.2907454   60.0001880
   -96.3006234   59.9951676
   -96.3107289   60.0001886
   -96.3206138   59.9951631
   -96.3307124   60.0001880
   -96.3406038   59.9951584
   -96.3506954   60.0001877
   -96.3605929   59.9951542
   -96.3706789   60.0001883
   -96.3805828   59.9951494
   -96.3906624   60.0001877
   -96.4005728   59.9951447
   -96.4106459   60.0001876
   -96.4205624   59.9951402
   -96.4306294   60.0001877
   -96.4405528   59.9951357
   -96.4506130   60.0001877
   -96.4605428   59.9951310
   -96.4705965   60.0001871
   -96.4805319   59.9951267
   -96.4905800   60.0001877
   -96.5005218   59.9951220
   -96.5105635   60.0001871
   -96.5205118   59.9951173
   -96.5305470   60.0001871
   -96.5405018   59.9951126
   -96.5505305   60.0001865
   -96.5604914   59.9951080
   -96.5705140   60.0001871
   -96.5804818   59.9951035
   -96.5904975   60.0001866
   -96.6004718   59.9950988
   -96.6104810   60.0001865
   -96.6204610   59.9950945
   -96.6304645   60.0001866
   -96.6404508   59.9950898
   -96.6504475   60.0001863
   -96.6604408   59.9950850
   -96.6704310   60.0001863
   -96.6804305   59.9950805
   -96.6904145   60.0001864
   -96.7004208   59.9950760
   -96.7103980   60.0001864
   -96.7204108   59.9950712
   -96.7303815   60.0001858
   -96.7404005   59.9950667
   -96.7503650   60.0001864
   -96.7603903   59.9950624
   -96.7703485   60.0001859
   -96.7803798   59.9950574
   -96.7903321   60.0001859
   -96.8003695   59.9950529
   -96.8103156   60.0001860
   -96.8203599   59.9950484
   -96.8302991   60.0001860
   -96.8403499   59.9950436
   -96.8502826   60.0001854
   -96.8603399   59.9950389
   -96.8702661   60.0001854
   -96.8803295   59.9950343
   -96.8902496   60.0001855
   -96.9003194   59.9950300
   -96.9102326   60.0001853
   -96.9203089   59.9950250
   -96.9302161   60.0001853
   -96.9402985   59.9950205
   -96.9501996   60.0001854
   -96.9602889   59.9950159
   -96.9701831   60.0001854
   -96.9802789   59.9950112
   -96.9901666   60.0001849
   -97.0002685   59.9950066
   -97.0101501   60.0001855
   -97.0202589   59.9950020
   -97.0301336   60.0001850
   -97.0402484   59.9949976
   -97.0501171   60.0001850
   -97.0602375   59.9949927
   -97.0701006   60.0001851
   -97.0802279   59.9949881
   -97.0900841   60.0001851
   -97.1002179   59.9949834
   -97.1100677   60.0001846
   -97.1202076   59.9949788
   -97.1300512   60.0001853
   -97.1401979   59.9949742
   -97.1500347   60.0001848
   -97.1601874   59.9949697
   -97.1700182   60.0001848
   -97.1801769   59.9949647
   -97.1900017   60.0001843
   -97.2001666   59.9949601
   -97.2099847   60.0001847
   -97.2201569   59.9949555
   -97.2299682   60.0001847
   -97.2401469   59.9949508
   -97.2499517   60.0001842
   -97.2601366   59.9949462
   -97.2699352   60.0001849
   -97.2801269   59.9949416
   -97.2899187   60.0001844
   -97.3001164   59.9949371
   -97.3099022   60.0001844
   -97.3201056   59.9949322
   -97.3298857   60.0001846
   -97.3400959   59.9949276
   -97.3498692   60.0001846
   -97.3600859   59.9949228
   -97.3698527   60.0001842
   -97.3800756   59.9949182
   -97.3898362   60.0001848
   -97.4000659   59.9949136
   -97.4098197   60.0001844
   -97.4200560   59.9949088
   -97.4298032   60.0001844
   -97.4400451   59.9949045
   -97.4497868   60.0001846
   -97.4600350   59.9948996
   -97.4697698   60.0001844
   -97.4800250   59.9948948
   -97.4897533   60.0001844
   -97.5000150   59.9948900
   -97.5097368   60.0001839
   -97.5200046   59.9948854
   -97.5297203   60.0001846
   -97.5399950   59.9948808
   -97.5497038   60.0001842
   -97.5599850   59.9948760
   -97.5696873   60.0001842
   -97.5799741   59.9948716
   -97.5896708   60.0001844
   -97.5999640   59.9948667
   -97.6096543   60.0001845
   -97.6199540   59.9948619
   -97.6296378   60.0001840
   -97.6399437   59.9948573
   -97.6496213   60.0001848
   -97.6599340   59.9948526
   -97.6696048   60.0001843
   -97.6799240   59.9948478
   -97.6895883   60.0001844
   -97.6999137   59.9948432
   -97.7095718   60.0001846
   -97.7199035   59.9948388
   -97.7295553   60.0001847
   -97.7398930   59.9948337
   -97.7495388   60.0001842
   -97.7598827   59.9948291
   -97.7695219   60.0001847
   -97.7798730   59.9948244
   -97.7895054   60.0001848
   -97.7998630   59.9948196
   -97.8094889   60.0001843
   -97.8198527   59.9948149
   -97.8294724   60.0001851
   -97.8398425   59.9948106
   -97.8494559   60.0001846
   -97.8598320   59.9948054
   -97.8694394   60.0001847
   -97.8798220   59.9948006
   -97.8894229   60.0001843
   -97.8998117   59.9947959
   -97.9094064   60.0001851
   -97.9198020   59.9947913
   -97.9293899   60.0001846
   -97.9397920   59.9947865
   -97.9493734   60.0001847
   -97.9597817   59.9947818
   -97.9693569   60.0001849
   -97.9797715   59.9947774
   -97.9893404   60.0001851
   -97.9997610   59.9947722
   -98.0093239   60.0001847
   -98.0197507   59.9947676
   -98.0293069   60.0001851
   -98.0397411   59.9947629
   -98.0492904   60.0001853
   -98.0597311   59.9947580
   -98.0692739   60.0001848
   -98.0797207   59.9947534
   -98.0892574   60.0001856
   -98.0997111   59.9947487
   -98.1092410   60.0001852
   -98.1197006   59.9947441
   -98.1292245   60.0001854
   -98.1396898   59.9947391
   -98.1492080   60.0001856
   -98.1596801   59.9947344
   -98.1691915   60.0001857
   -98.1796701   59.9947296
   -98.1891750   60.0001853
   -98.1996601   59.9947247
   -98.2091585   60.0001855
   -98.2196498   59.9947200
   -98.2291420   60.0001857
   -98.2396401   59.9947153
   -98.2491255   60.0001858
   -98.2596296   59.9947107
   -98.2691090   60.0001855
   -98.2796188   59.9947057
   -98.2890925   60.0001863
   -98.2996091   59.9947010
   -98.3090760   60.0001859
   -98.3195991   59.9946961
   -98.3290590   60.0001857
   -98.3395888   59.9946914
   -98.3490425   60.0001866
   -98.3595791   59.9946867
   -98.3690260   60.0001862
   -98.3795691   59.9946818
   -98.3890095   60.0001863
   -98.3995583   59.9946773
   -98.4089930   60.0001866
   -98.4195481   59.9946723
   -98.4289766   60.0001868
   -98.4395381   59.9946674
   -98.4489601   60.0001864
   -98.4595278   59.9946627
   -98.4689436   60.0001872
   -98.4795181   59.9946580
   -98.4889271   60.0001869
   -98.4995081   59.9946531
   -98.5089106   60.0001870
   -98.5194976   59.9946484
   -98.5288941   60.0001867
   -98.5394868   59.9946434
   -98.5488779   60.0001877
   -98.5594771   59.9946393
   -98.5688611   60.0001875
   -98.5794671   59.9946344
   -98.5888441   60.0001874
   -98.5994568   59.9946297
   -98.6088276   60.0001883
   -98.6194472   59.9946249
   -98.6288111   60.0001879
   -98.6394372   59.9946200
   -98.6487946   60.0001881
   -98.6594264   59.9946155
   -98.6687781   60.0001884
   -98.6794162   59.9946105
   -98.6887616   60.0001886
   -98.6994062   59.9946055
   -98.7087451   60.0001883
   -98.7193959   59.9946008
   -98.7287286   60.0001891
   -98.7393862   59.9945960
   -98.7487121   60.0001888
   -98.7593762   59.9945911
   -98.7686957   60.0001890
   -98.7793659   59.9945863
   -98.7886792   60.0001893
   -98.7993557   59.9945818
   -98.8086627   60.0001896
   -98.8193452   59.9945766
   -98.8286462   60.0001892
   -98.8393352   59.9945716
   -98.8486297   60.0001894
   -98.8593249   59.9945668
   -98.8686132   60.0001898
   -98.8793152   59.9945621
   -98.8885962   60.0001897
   -98.8993052   59.9945572
   -98.9085797   60.0001899
   -98.9192949   59.9945523
   -98.9285632   60.0001902
   -98.9392847   59.9945479
   -98.9485467   60.0001905
   -98.9592742   59.9945426
   -98.9685302   60.0001902
   -98.9792639   59.9945378
   -98.9885137   60.0001911
   -98.9992542   59.9945330
   -99.0084972   60.0001908
   -99.0192442   59.9945280
   -99.0284807   60.0001910
   -99.0392339   59.9945232
   -99.0484642   60.0001914
   -99.0592242   59.9945184
   -99.0684477   60.0001916
   -99.0792137   59.9945137
   -99.0884313   60.0001913
   -99.0992029   59.9945086
   -99.1084148   60.0001923
   -99.1191932   59.9945038
   -99.1283983   60.0001920
   -99.1391832   59.9944988
   -99.1483813   60.0001919
   -99.1591732   59.9944939
   -99.1683648   60.0001922
   -99.1791630   59.9944890
   -99.1883483   60.0001925
   -99.1991527   59.9944845
   -99.2083318   60.0001929
   -99.2191423   59.9944792
   -99.2283153   60.0001926
   -99.2391320   59.9944744
   -99.2482988   60.0001935
   -99.2591223   59.9944695
   -99.2682823   60.0001932
   -99.2791123   59.9944645
   -99.2882658   60.0001935
   -99.2991020   59.9944597
   -99.3082493   60.0001939
   -99.3190923   59.9944549
   -99.3282328   60.0001942
   -99.3390818   59.9944501
   -99.3482163   60.0001939
   -99.3590710   59.9944449
   -99.3681998   60.0001949
   -99.3790613   59.9944401
   -99.3881833   60.0001946
   -99.3990513   59.9944351
   -99.4081664   60.0001946
   -99.4190410   59.9944303
   -99.4281499   60.0001956
   -99.4390313   59.9944254
   -99.4481334   60.0001953
   -99.4590213   59.9944204
   -99.4681169   60.0001956
   -99.4790108   59.9944156
   -99.4881004   60.0001954
   -99.4990000   59.9944104
   -99.5080839   60.0001964
   -99.5189903   59.9944056
   -99.5280674   60.0001961
   -99.5389803   59.9944006
   -99.5480509   60.0001965
   -99.5589700   59.9943956
   -99.5680344   60.0001969
   -99.5789603   59.9943908
   -99.5880179   60.0001972
   -99.5989503   59.9943857
   -99.6080014   60.0001969
   -99.6189395   59.9943811
   -99.6279849   60.0001980
   -99.6389293   59.9943759
   -99.6479684   60.0001978
   -99.6589193   59.9943709
   -99.6679519   60.0001981
   -99.6789091   59.9943660
   -99.6879354   60.0001985
   -99.6988993   59.9943611
   -99.7079184   60.0001986
   -99.7188893   59.9943561
   -99.7279020   60.0001989
   -99.7388791   59.9943512
   -99.7478855   60.0001993
   -99.7588688   59.9943466
   -99.7678690   60.0001998
   -99.7788583   59.9943411
   -99.7878525   60.0001995
   -99.7988484   59.9943361
   -99.8078360   60.0001999
   -99.8188381   59.9943311
   -99.8278195   60.0002003
   -99.8388284   59.9943263
   -99.8478030   60.0002007
   -99.8588184   59.9943212
   -99.8677865   60.0002005
   -99.8788076   59.9943165
   -99.8877700   60.0002016
   -99.8987974   59.9943113
   -99.9077535   60.0002014
   -99.9187874   59.9943062
   -99.9277370   60.0002018
   -99.9387771   59.9943012
   -99.9477205   60.0002022
   -99.9587674   59.9942964
   -99.9677035   60.0002023
   -99.9787574   59.9942913
   -99.9876870   60.0002027
   -99.9987471   59.9942863
   -100.0076705   60.0002032
   -100.0187369   59.9942817
   -100.0276540   60.0002036
   -100.0387264   59.9942762
   -100.0476376   60.0002034
   -100.0587161   59.9942713
   -100.0676211   60.0002045
   -100.0787064   59.9942663
   -100.0876046   60.0002043
   -100.0986964   59.9942612
   -100.1075881   60.0002047
   -100.1186864   59.9942561
   -100.1275716   60.0002045
   -100.1386761   59.9942511
   -100.1475551   60.0002056
   -100.1586659   59.9942464
   -100.1675386   60.0002055
   -100.1786554   59.9942410
   -100.1875221   60.0002060
   -100.1986452   59.9942360
   -100.2075056   60.0002065
   -100.2186354   59.9942311
   -100.2274891   60.0002069
   -100.2386254   59.9942259
   -100.2474726   60.0002067
   -100.2586152   59.9942209
   -100.2674556   60.0002075
   -100.2786054   59.9942160
   -100.2874391   60.0002079
   -100.2985949   59.9942111
   -100.3074226   60.0002078
   -100.3185842   59.9942058
   -100.3274061   60.0002090
   -100.3385744   59.9942008
   -100.3473896   60.0002088
   -100.3585644   59.9941957
   -100.3673732   60.0002093
   -100.3785542   59.9941906
   -100.3873567   60.0002098
   -100.3985445   59.9941857
   -100.4073402   60.0002103
   -100.4185345   59.9941805
   -100.4273237   60.0002101
   -100.4385240   59.9941756
   -100.4473072   60.0002107
   -100.4585132   59.9941702
   -100.4672907   60.0002112
   -100.4785035   59.9941652
   -100.4872742   60.0002117
   -100.4984935   59.9941600
   -100.5072577   60.0002116
   -100.5184832   59.9941550
   -100.5272407   60.0002124
   -100.5384735   59.9941501
   -100.5472242   60.0002129
   -100.5584630   59.9941451
   -100.5672077   60.0002128
   -100.5784522   59.9941398
   -100.5871912   60.0002140
   -100.5984425   59.9941347
   -100.6071747   60.0002139
   -100.6184325   59.9941295
   -100.6271582   60.0002144
   -100.6384222   59.9941244
   -100.6471417   60.0002150
   -100.6584125   59.9941195
   -100.6671252   60.0002155
   -100.6784025   59.9941142
   -100.6871088   60.0002154
   -100.6983918   59.9941095
   -100.7070923   60.0002166
   -100.7183815   59.9941040
   -100.7270758   60.0002165
   -100.7383715   59.9940989
   -100.7470593   60.0002171
   -100.7583615   59.9940936
   -100.7670428   60.0002170
   -100.7783513   59.9940886
   -100.7870263   60.0002182
   -100.7983415   59.9940835
   -100.8070098   60.0002181
   -100.8183315   59.9940783
   -100.8269928   60.0002183
   -100.8383208   59.9940735
   -100.8469763   60.0002196
   -100.8583105   59.9940680
   -100.8669598   60.0002195
   -100.8783005   59.9940628
   -100.8869433   60.0002201
   -100.8982903   59.9940577
   -100.9069268   60.0002207
   -100.9182805   59.9940527
   -100.9269103   60.0002212
   -100.9382705   59.9940474
   -100.9468938   60.0002212
   -100.9582603   59.9940423
   -100.9668773   60.0002224
   -100.9782501   59.9940375
   -100.9868608   60.0002224
   -100.9982396   59.9940319
   -101.0068444   60.0002230
   -101.0182293   59.9940267
   -101.0268279   60.0002236
   -101.0382196   59.9940217
   -101.0468114   60.0002242
   -101.0582096   59.9940164
   -101.0667949   60.0002242
   -101.0781996   59.9940111
   -101.0867779   60.0002244
   -101.0981893   59.9940060
   -101.1067614   60.0002257
   -101.1181791   59.9940012
   -101.1267449   60.0002257
   -101.1381686   59.9939956
   -101.1467284   60.0002263
   -101.1581583   59.9939904
   -101.1667119   60.0002270
   -101.1781486   59.9939853
   -101.1866954   60.0002276
   -101.1981386   59.9939799
   -101.2066789   60.0002276
   -101.2181284   59.9939748
   -101.2266624   60.0002289
   -101.2381181   59.9939699
   -101.2466459   60.0002290
   -101.2581076   59.9939643
   -101.2666294   60.0002296
   -101.2780974   59.9939591
   -101.2866129   60.0002303
   -101.2980876   59.9939540
   -101.3065964   60.0002309
   -101.3180776   59.9939486
   -101.3265800   60.0002309
   -101.3380674   59.9939435
   -101.3465635   60.0002322
   -101.3580576   59.9939383
   -101.3665470   60.0002322
   -101.3780471   59.9939333
   -101.3865300   60.0002326
   -101.3980364   59.9939278
   -101.4065135   60.0002339
   -101.4180266   59.9939226
   -101.4264970   60.0002339
   -101.4380166   59.9939173
   -101.4464805   60.0002346
   -101.4580066   59.9939119
   -101.4664640   60.0002346
   -101.4779964   59.9939067
   -101.4864475   60.0002360
   -101.4979866   59.9939015
   -101.5064310   60.0002360
   -101.5179761   59.9938965
   -101.5264145   60.0002368
   -101.5379654   59.9938908
   -101.5463980   60.0002375
   -101.5579557   59.9938857
   -101.5663815   60.0002382
   -101.5779457   59.9938803
   -101.5863650   60.0002382
   -101.5979354   59.9938751
   -101.6063485   60.0002396
   -101.6179257   59.9938698
   -101.6263320   60.0002397
   -101.6379157   59.9938645
   -101.6463151   60.0002400
   -101.6579049   59.9938596
   -101.6662986   60.0002415
   -101.6778947   59.9938539
   -101.6862821   60.0002415
   -101.6978847   59.9938486
   -101.7062656   60.0002423
   -101.7178745   59.9938433
   -101.7262491   60.0002430
   -101.7378647   59.9938381
   -101.7462326   60.0002437
   -101.7578547   59.9938327
   -101.7662161   60.0002438
   -101.7778447   59.9938273
   -101.7861996   60.0002445
   -101.7978340   59.9938223
   -101.8061831   60.0002454
   -101.8178237   59.9938167
   -101.8261666   60.0002462
   -101.8378137   59.9938112
   -101.8461501   60.0002462
   -101.8578035   59.9938060
   -101.8661336   60.0002477
   -101.8777937   59.9938007
   -101.8861171   60.0002478
   -101.8977837   59.9937953
   -101.9061006   60.0002485
   -101.9177730   59.9937902
   -101.9260841   60.0002495
   -101.9377627   59.9937846
   -101.9460672   60.0002498
   -101.9577527   59.9937792
   -101.9660507   60.0002506
   -101.9777425   59.9937739
   -101.9977280   60.0093868
   -101.9997781   60.0137279
   -102.0010621   60.0296941
   -101.9995970   60.0343755
   -102.0011086   60.0496026
   -101.9996307   60.0543384
   -102.0011557   60.0695110
   -101.9996643   60.0743036
   -102.0012021   60.0894195
   -101.9996977   60.0942677
   -102.0012485   60.1093263
   -101.9997309   60.1142313
   -102.0012945   60.1292359
   -101.9997645   60.1341949
   -102.0013407   60.1491444
   -101.9997984   60.1541578
   -102.0013876   60.1690529
   -101.9998323   60.1741230
   -102.0014337   60.1889614
   -101.9998660   60.1940871
   -102.0014799   60.2088698
   -101.9999000   60.2140507
   -102.0015258   60.2287783
   -101.9999341   60.2340131
   -102.0015725   60.2486868
   -101.9999682   60.2539784
   -102.0016184   60.2685953
   -102.0000022   60.2739424
   -102.0016644   60.2885037
   -102.0000362   60.2939065
   -102.0017102   60.3084122
   -102.0000703   60.3138706
   -102.0017561   60.3283207
   -102.0001049   60.3338330
   -102.0018022   60.3482292
   -102.0001392   60.3537978
   -102.0018481   60.3681376
   -102.0001735   60.3737618
   -102.0018936   60.3880461
   -102.0002077   60.3937259
   -102.0019393   60.4079546
   -102.0002424   60.4136888
   -102.0019853   60.4278631
   -102.0002771   60.4336536
   -102.0020308   60.4477715
   -102.0003116   60.4536171
   -102.0020762   60.4676800
   -102.0003460   60.4735812
   -102.0021215   60.4875873
   -102.0003801   60.4935453
   -102.0021664   60.5074970
   -102.0004151   60.5135082
   -102.0022123   60.5274054
   -102.0004499   60.5334734
   -102.0022574   60.5473139
   -102.0004848   60.5534370
   -102.0023026   60.5672219
   -102.0005195   60.5734006
   -102.0023478   60.5871304
   -102.0005544   60.5933647
   -102.0023927   60.6070388
   -102.0005896   60.6133276
   -102.0024384   60.6269473
   -102.0006247   60.6332928
   -102.0024832   60.6468558
   -102.0006599   60.6532564
   -102.0025281   60.6667643
   -102.0006949   60.6732200
   -102.0025728   60.6866727
   -102.0007304   60.6931829
   -102.0026182   60.7065812
   -102.0007657   60.7131481
   -102.0026628   60.7264897
   -102.0008010   60.7331122
   -102.0027076   60.7463982
   -102.0008365   60.7530758
   -102.0027520   60.7663066
   -102.0008717   60.7730394
   -102.0027967   60.7862151
   -102.0009075   60.7930023
   -102.0028416   60.8061236
   -102.0009431   60.8129675
   -102.0028861   60.8260321
   -102.0009787   60.8329316
   -102.0029304   60.8459405
   -102.0010143   60.8528956
   -102.0029746   60.8658479
   -102.0010499   60.8728581
   -102.0030189   60.8857575
   -102.0010857   60.8928228
   -102.0030632   60.9056660
   -102.0011215   60.9127869
   -102.0031072   60.9255744
   -102.0011573   60.9327509
   -102.0031514   60.9454829
   -102.0011932   60.9527150
   -102.0031953   60.9653914
   -102.0012296   60.9726775
   -102.0032398   60.9852994
   -102.0012657   60.9926422
   -102.0032838   61.0052078
   -102.0013018   61.0126062
   -102.0033275   61.0251163
   -102.0013379   61.0325703
   -102.0033714   61.0450248
   -102.0013744   61.0525333
   -102.0034155   61.0649333
   -102.0014108   61.0724984
   -102.0034593   61.0848417
   -102.0014473   61.0924620
   -102.0035027   61.1047502
   -102.0014835   61.1124256
   -102.0035464   61.1246587
   -102.0015200   61.1323897
   -102.0035897   61.1445672
   -102.0015567   61.1523526
   -102.0036338   61.1644756
   -102.0015935   61.1723178
   -102.0036770   61.1843841
   -102.0016302   61.1922814
   -102.0037204   61.2042926
   -102.0016668   61.2122449
   -102.0037635   61.2242011
   -102.0017038   61.2322079
   -102.0038071   61.2441084
   -102.0017403   61.2521731
   -102.0038499   61.2640180
   -102.0017772   61.2721372
   -102.0038930   61.2839265
   -102.0018141   61.2921012
   -102.0039359   61.3038350
   -102.0018512   61.3120648
   -102.0039789   61.3237435
   -102.0018885   61.3320273
   -102.0040222   61.3436519
   -102.0019258   61.3519924
   -102.0040651   61.3635604
   -102.0019629   61.3719565
   -102.0041077   61.3834689
   -102.0020002   61.3919206
   -102.0041504   61.4033769
   -102.0020376   61.4118841
   -102.0041931   61.4232853
   -102.0020751   61.4318466
   -102.0042361   61.4431938
   -102.0021127   61.4518118
   -102.0042787   61.4631023
   -102.0021502   61.4717758
   -102.0043210   61.4830108
   -102.0021878   61.4917399
   -102.0043635   61.5029192
   -102.0022256   61.5117029
   -102.0044062   61.5228277
   -102.0022636   61.5316675
   -102.0044485   61.5427362
   -102.0023013   61.5516311
   -102.0044905   61.5626447
   -102.0023391   61.5715952
   -102.0045328   61.5825532
   -102.0023770   61.5915592
   -102.0045747   61.6024616
   -102.0024151   61.6115222
   -102.0046171   61.6223690
   -102.0024530   61.6314869
   -102.0046586   61.6422786
   -102.0024909   61.6514505
   -102.0047006   61.6621871
   -102.0025290   61.6714145
   -102.0047423   61.6820955
   -102.0025675   61.6913775
   -102.0047846   61.7020040
   -102.0026060   61.7113426
   -102.0048262   61.7219125
   -102.0026443   61.7313067
   -102.0048679   61.7418210
   -102.0026828   61.7512703
   -102.0049093   61.7617295
   -102.0027211   61.7712338
   -102.0049508   61.7816379
   -102.0027599   61.7911968
   -102.0049926   61.8015464
   -102.0027987   61.8111620
   -102.0050340   61.8214544
   -102.0028373   61.8311260
   -102.0050753   61.8413629
   -102.0028762   61.8510896
   -102.0051164   61.8612714
   -102.0029151   61.8710521
   -102.0051582   61.8811798
   -102.0029542   61.8910172
   -102.0051991   61.9010883
   -102.0029931   61.9109813
   -102.0052402   61.9209968
   -102.0030321   61.9309454
   -102.0052810   61.9409053
   -102.0030711   61.9509094
   -102.0053220   61.9608137
   -102.0031106   61.9708719
   -102.0053632   61.9807222
   -102.0031499   61.9908365
   -102.0054038   62.0006296
   -102.0031886   62.0108006
   -102.0054441   62.0205392
   -102.0032280   62.0307647
   -102.0054848   62.0404477
   -102.0032676   62.0507277
   -102.0055257   62.0603561
   -102.0033074   62.0706923
   -102.0055663   62.0802646
   -102.0033468   62.0906559
   -102.0056066   62.1001731
   -102.0033864   62.1106199
   -102.0056470   62.1200816
   -102.0034260   62.1305840
   -102.0056871   62.1399901
   -102.0034660   62.1505470
   -102.0057279   62.1598985
   -102.0035062   62.1705116
   -102.0057680   62.1798070
   -102.0035459   62.1904752
   -102.0058081   62.1997155
   -102.0035859   62.2104392
   -102.0058480   62.2196240
   -102.0036259   62.2304033
   -102.0058878   62.2395320
   -102.0036662   62.2503663
   -102.0059283   62.2594404
   -102.0037066   62.2703314
   -102.0059679   62.2793489
   -102.0037469   62.2902950
   -102.0060078   62.2992574
   -102.0037871   62.3102585
   -102.0060473   62.3191659
   -102.0038277   62.3302215
   -102.0060875   62.3390744
   -102.0038683   62.3501866
   -102.0061268   62.3589828
   -102.0039089   62.3701507
   -102.0061661   62.3788903
   -102.0039490   62.3901143
   -102.0062051   62.3987998
   -102.0039895   62.4100778
   -102.0062445   62.4187083
   -102.0040304   62.4300408
   -102.0062841   62.4386168
   -102.0040715   62.4500059
   -102.0063233   62.4585252
   -102.0041124   62.4699700
   -102.0063622   62.4784337
   -102.0041533   62.4899341
   -102.0064013   62.4983422
   -102.0041946   62.5098966
   -102.0064406   62.5182507
   -102.0042359   62.5298612
   -102.0064796   62.5381592
   -102.0042770   62.5498252
   -102.0065182   62.5580676
   -102.0043182   62.5697893
   -102.0065570   62.5779761
   -102.0043595   62.5897533
   -102.0065955   62.5978846
   -102.0044012   62.6097159
   -102.0066347   62.6177931
   -102.0044428   62.6296805
   -102.0066730   62.6377016
   -102.0044843   62.6496445
   -102.0067115   62.6576101
   -102.0045259   62.6696086
   -102.0067497   62.6775185
   -102.0045678   62.6895716
   -102.0067885   62.6974265
   -102.0046098   62.7095367
   -102.0068267   62.7173350
   -102.0046517   62.7295002
   -102.0068648   62.7372435
   -102.0046935   62.7494638
   -102.0069026   62.7571509
   -102.0047349   62.7694278
   -102.0069402   62.7770604
   -102.0047772   62.7893909
   -102.0069787   62.7969689
   -102.0048196   62.8093559
   -102.0070164   62.8168774
   -102.0048619   62.8293195
   -102.0070543   62.8367859
   -102.0049040   62.8492831
   -102.0070918   62.8566944
   -102.0049464   62.8692471
   -102.0071294   62.8766029
   -102.0049889   62.8892101
   -102.0071673   62.8965113
   -102.0050318   62.9091752
   -102.0072048   62.9164198
   -102.0050743   62.9291393
   -102.0072420   62.9363283
   -102.0051171   62.9491028
   -102.0072795   62.9562368
   -102.0051598   62.9690654
   -102.0073170   62.9761453
   -102.0052030   62.9890304
   -102.0073542   62.9960537
   -102.0052458   63.0089945
   -102.0073911   63.0159622
   -102.0052888   63.0289585
   -102.0074282   63.0358707
   -102.0053319   63.0489221
   -102.0074650   63.0557792
   -102.0053751   63.0688846
   -102.0075024   63.0756877
   -102.0054186   63.0888497
   -102.0075390   63.0955962
   -102.0054619   63.1088137
   -102.0075756   63.1155041
   -102.0055053   63.1287778
   -102.0076119   63.1354116
   -102.0055483   63.1487408
   -102.0076486   63.1553211
   -102.0055923   63.1687054
   -102.0076852   63.1752296
   -102.0056357   63.1886689
   -102.0077214   63.1951381
   -102.0056794   63.2086330
   -102.0077577   63.2150466
   -102.0057232   63.2285970
   -102.0077937   63.2349550
   -102.0057672   63.2485601
   -102.0078304   63.2548635
   -102.0058115   63.2685246
   -102.0078664   63.2747720
   -102.0058554   63.2884882
   -102.0079024   63.2946805
   -102.0058994   63.3084522
   -102.0079381   63.3145890
   -102.0059438   63.3284153
   -102.0079745   63.3344975
   -102.0059883   63.3483803
   -102.0080100   63.3544060
   -102.0060327   63.3683444
   -102.0080457   63.3743144
   -102.0060771   63.3883079
   -102.0080811   63.3942229
   -102.0061215   63.4082715
   -102.0081167   63.4141314
   -102.0061662   63.4282345
   -102.0081524   63.4340399
   -102.0062112   63.4481996
   -102.0081877   63.4539484
   -102.0062559   63.4681636
   -102.0082228   63.4738569
   -102.0063008   63.4881271
   -102.0082581   63.4937653
   -102.0063457   63.5080897
   -102.0082931   63.5136728
   -102.0063905   63.5280547
   -102.0083278   63.5335818
   -102.0064357   63.5480188
   -102.0083628   63.5534903
   -102.0064808   63.5679828
   -102.0083974   63.5733988
   -102.0065261   63.5879469
   -102.0084321   63.5933073
   -102.0065715   63.6079094
   -102.0084672   63.6132158
   -102.0066172   63.6278740
   -102.0085018   63.6331242
   -102.0066626   63.6478380
   -102.0085361   63.6530327
   -102.0067083   63.6678021
   -102.0085705   63.6729412
   -102.0067539   63.6877661
   -102.0086046   63.6928497
   -102.0067999   63.7077287
   -102.0086395   63.7127582
   -102.0068459   63.7276932
   -102.0086734   63.7326667
   -102.0068919   63.7476572
   -102.0087075   63.7525751
   -102.0069378   63.7676213
   -102.0087413   63.7724836
   -102.0069841   63.7875843
   -102.0087757   63.7923921
   -102.0070307   63.8075489
   -102.0088094   63.8123006
   -102.0070768   63.8275124
   -102.0088432   63.8322091
   -102.0071231   63.8474764
   -102.0088766   63.8521176
   -102.0071697   63.8674405
   -102.0089101   63.8720261
   -102.0072163   63.8874035
   -102.0089435   63.8919336
   -102.0072628   63.9073686
   -102.0089768   63.9118430
   -102.0073095   63.9273321
   -102.0090099   63.9317515
   -102.0073562   63.9472956
   -102.0090430   63.9516595
   -102.0074033   63.9672587
   -102.0090766   63.9715680
   -102.0074506   63.9872237
   -102.0091094   63.9914765
   -102.0074977   64.0071878
   -102.0091423   64.0113850
   -102.0075449   64.0271513
   -102.0091750   64.0312935
   -102.0075920   64.0471148
   -102.0092078   64.0512019
   -102.0076394   64.0670779
   -102.0092407   64.0711104
   -102.0076873   64.0870429
   -102.0092733   64.0910189
   -102.0077348   64.1070070
   -102.0093055   64.1109274
   -102.0077825   64.1269710
   -102.0093379   64.1308359
   -102.0078303   64.1469336
   -102.0093706   64.1507444
   -102.0078783   64.1668981
   -102.0094028   64.1706529
   -102.0079262   64.1868621
   -102.0094347   64.1905614
   -102.0079743   64.2068261
   -102.0094667   64.2104698
   -102.0087315   64.2187767
   -102.0194575   64.2304850
   -102.0275015   64.2306179
   -102.0385333   64.2395494
   -102.0474147   64.2326653
   -102.0583322   64.2415134
   -102.0672714   64.2346661
   -102.0781311   64.2434781
   -102.0871281   64.2366671
   -102.0979308   64.2454424
   -102.1069848   64.2386690
   -102.1177302   64.2474065
   -102.1268415   64.2406702
   -102.1375293   64.2493701
   -102.1466981   64.2426715
   -102.1573284   64.2513345
   -102.1665553   64.2446733
   -102.1771278   64.2532983
   -102.1864124   64.2466751
   -102.1969274   64.2552620
   -102.2062690   64.2486767
   -102.2167267   64.2572253
   -102.2261256   64.2506791
   -102.2365256   64.2591893
   -102.2459823   64.2526808
   -102.2563252   64.2611519
   -102.2658388   64.2546825
   -102.2761250   64.2631154
   -102.2856953   64.2566852
   -102.2959240   64.2650783
   -102.3055519   64.2586872
   -102.3157230   64.2670418
   -102.3254091   64.2606889
   -102.3355228   64.2690050
   -102.3452660   64.2626923
   -102.3553223   64.2709681
   -102.3651226   64.2646945
   -102.3751220   64.2729310
   -102.3849792   64.2666968
   -102.3949213   64.2748936
   -102.4048357   64.2687000
   -102.4147203   64.2768567
   -102.4246923   64.2707025
   -102.4345199   64.2788194
   -102.4445488   64.2727051
   -102.4543198   64.2807822
   -102.4644058   64.2747081
   -102.4741189   64.2827444
   -102.4842630   64.2767112
   -102.4939181   64.2847064
   -102.5041193   64.2787138
   -102.5137179   64.2866690
   -102.5239757   64.2807174
   -102.5335175   64.2886314
   -102.5438322   64.2827203
   -102.5533167   64.2905932
   -102.5636888   64.2847233
   -102.5731161   64.2925559
   -102.5835452   64.2867271
   -102.5929156   64.2945181
   -102.6034017   64.2887302
   -102.6127153   64.2964802
   -102.6232587   64.2907331
   -102.6325149   64.2984419
   -102.6431156   64.2927375
   -102.6523139   64.3004042
   -102.6629721   64.2947408
   -102.6721136   64.3023660
   -102.6828285   64.2967442
   -102.6919136   64.3043280
   -102.7026849   64.2987483
   -102.7117127   64.3062895
   -102.7225416   64.3007518
   -102.7315119   64.3082507
   -102.7423978   64.3027552
   -102.7513119   64.3102126
   -102.7622542   64.3047595
   -102.7711115   64.3121742
   -102.7821112   64.3067629
   -102.7909109   64.3141352
   -102.8019680   64.3087671
   -102.8107103   64.3160972
   -102.8218244   64.3107715
   -102.8305099   64.3180587
   -102.8416808   64.3127754
   -102.8503097   64.3200200
   -102.8615372   64.3147792
   -102.8701093   64.3219811
   -102.8813936   64.3167840
   -102.8899083   64.3239427
   -102.9012500   64.3187880
   -102.9097081   64.3259039
   -102.9211070   64.3207918
   -102.9295082   64.3278651
   -102.9409637   64.3227969
   -102.9493074   64.3298259
   -102.9608203   64.3248011
   -102.9691067   64.3317865
   -102.9806764   64.3268050
   -102.9889068   64.3337477
   -103.0005328   64.3288099
   -103.0087064   64.3357088
   -103.0203892   64.3308142
   -103.0285058   64.3376693
   -103.0402455   64.3328187
   -103.0483054   64.3396306
   -103.0601018   64.3348237
   -103.0681050   64.3415915
   -103.0799587   64.3368279
   -103.0879048   64.3435521
   -103.0998155   64.3388328
   -103.1077045   64.3455127
   -103.1196718   64.3408381
   -103.1275036   64.3474736
   -103.1395282   64.3428427
   -103.1473034   64.3494342
   -103.1593845   64.3448473
   -103.1671036   64.3513951
   -103.1792408   64.3468526
   -103.1869028   64.3533553
   -103.1990974   64.3488573
   -103.2067022   64.3553154
   -103.2189540   64.3508616
   -103.2265024   64.3572759
   -103.2388107   64.3528674
   -103.2463020   64.3592364
   -103.2586670   64.3548722
   -103.2661014   64.3611964
   -103.2785233   64.3568772
   -103.2859011   64.3631572
   -103.2983796   64.3588827
   -103.3057007   64.3651176
   -103.3182359   64.3608877
   -103.3255006   64.3670778
   -103.3380922   64.3628926
   -103.3453004   64.3690379
   -103.3579485   64.3648984
   -103.3650995   64.3709984
   -103.3778053   64.3669033
   -103.3848994   64.3729583
   -103.3976621   64.3689087
   -103.4046996   64.3749187
   -103.4175183   64.3709145
   -103.4244988   64.3768785
   -103.4373749   64.3729198
   -103.4442983   64.3788381
   -103.4572308   64.3749246
   -103.4640985   64.3807984
   -103.4770871   64.3769305
   -103.4838981   64.3827584
   -103.4969434   64.3789357
   -103.5036976   64.3847180
   -103.5167996   64.3809412
   -103.5234970   64.3866780
   -103.5366565   64.3829464
   -103.5432973   64.3886380
   -103.5565131   64.3849527
   -103.5630970   64.3905979
   -103.5763694   64.3869581
   -103.5828965   64.3925573
   -103.5962256   64.3889637
   -103.6026962   64.3945176
   -103.6160818   64.3909698
   -103.6224959   64.3964774
   -103.6359381   64.3929753
   -103.6422958   64.3984371
   -103.6557944   64.3949808
   -103.6620961   64.4003971
   -103.6756514   64.3969867
   -103.6818954   64.4023556
   -103.6955077   64.3989926
   -103.7016948   64.4043153
   -103.7153640   64.4009982
   -103.7214951   64.4062752
   -103.7352202   64.4030044
   -103.7412948   64.4082349
   -103.7550764   64.4050101
   -103.7610943   64.4101940
   -103.7749327   64.4070160
   -103.7808941   64.4121540
   -103.7947888   64.4090223
   -103.8006938   64.4141135
   -103.8146451   64.4110280
   -103.8204937   64.4160729
   -103.8345019   64.4130337
   -103.8402937   64.4180321
   -103.8543585   64.4150407
   -103.8600928   64.4199917
   -103.8742147   64.4170465
   -103.8798928   64.4219510
   -103.8940709   64.4190524
   -103.8996932   64.4239107
   -103.9139271   64.4210588
   -103.9194924   64.4258697
   -103.9337836   64.4230649
   -103.9392919   64.4278285
   -103.9536395   64.4250705
   -103.9590923   64.4297881
   -103.9734962   64.4270769
   -103.9788919   64.4317471
   -103.9933528   64.4290833
   -103.9986915   64.4337060
   -104.0132090   64.4310896
   -104.0184914   64.4356656
   -104.0330652   64.4330962
   -104.0382910   64.4376248
   -104.0529214   64.4351022
   -104.0579678   64.4394772
   -104.0727950   64.4369305
   -104.0777652   64.4413081
   -104.0926686   64.4387592
   -104.0975624   64.4431393
   -104.1125422   64.4405878
   -104.1173602   64.4449702
   -104.1324163   64.4424165
   -104.1371576   64.4468003
   -104.1522903   64.4442462
   -104.1569549   64.4486309
   -104.1721642   64.4460753
   -104.1767528   64.4504607
   -104.1920373   64.4479043
   -104.1965511   64.4522912
   -104.2119108   64.4497345
   -104.2163482   64.4541207
   -104.2317842   64.4515646
   -104.2361455   64.4559505
   -104.2516577   64.4533947
   -104.2559435   64.4577800
   -104.2715311   64.4552250
   -104.2757410   64.4596088
   -104.2914051   64.4570557
   -104.2955385   64.4614374
   -104.3112789   64.4588870
   -104.3153365   64.4632661
   -104.3311522   64.4607180
   -104.3351340   64.4650941
   -104.3510255   64.4625497
   -104.3549316   64.4669223
   -104.3708989   64.4643814
   -104.3747296   64.4687501
   -104.3907721   64.4662133
   -104.3945277   64.4705777
   -104.4106456   64.4680455
   -104.4143255   64.4724038
   -104.4305190   64.4698780
   -104.4341231   64.4742303
   -104.4503927   64.4717114
   -104.4539213   64.4760568
   -104.4703942   64.4735249
   -104.4737402   64.4776380
   -104.4903179   64.4752424
   -104.4935591   64.4792194
   -104.5102412   64.4769588
   -104.5133784   64.4808017
   -104.5301644   64.4786754
   -104.5331977   64.4823840
   -104.5500872   64.4803908
   -104.5530165   64.4839662
   -104.5700111   64.4821073
   -104.5728353   64.4855487
   -104.5899343   64.4838227
   -104.5926549   64.4871323
   -104.6098582   64.4855388
   -104.6124734   64.4887147
   -104.6297815   64.4872542
   -104.6322920   64.4902984
   -104.6497054   64.4889694
   -104.6521112   64.4918818
   -104.6696287   64.4906838
   -104.6719304   64.4934659
   -104.6895528   64.4923985
   -104.6917491   64.4950491
   -104.7094764   64.4941130
   -104.7115678   64.4966331
   -104.7293997   64.4958269
   -104.7313869   64.4982178
   -104.7493238   64.4975410
   -104.7512056   64.4998017
   -104.7692471   64.4992549
   -104.7710241   64.5013868
   -104.7891713   64.5009686
   -104.7908432   64.5029715
   -104.8090946   64.5026817
   -104.8106622   64.5045570
   -104.8290188   64.5043950
   -104.8304809   64.5061416
   -104.8489422   64.5061082
   -104.8502993   64.5077274
   -104.8688664   64.5078212
   -104.8701184   64.5093128
   -104.8887892   64.5095336
   -104.8899369   64.5108989
   -104.9087130   64.5112463
   -104.9097553   64.5124847
   -104.9286364   64.5129583
   -104.9295743   64.5140712
   -104.9485607   64.5146706
   -104.9493928   64.5156568
   -104.9684841   64.5163828
   -104.9692117   64.5172440
   -104.9884084   64.5180954
   -104.9890302   64.5188304
   -105.0083319   64.5198068
   -105.0087842   64.5203408
   -105.0880486   64.5263872
   -105.1473727   64.5313769
   -105.1478658   64.5309549
   -105.1671659   64.5330214
   -105.1678046   64.5324791
   -105.1869581   64.5346658
   -105.1877428   64.5340046
   -105.2067519   64.5363089
   -105.2076819   64.5355313
   -105.2265444   64.5379507
   -105.2276200   64.5370584
   -105.2463377   64.5395922
   -105.2475583   64.5385876
   -105.2661314   64.5412317
   -105.2674957   64.5401176
   -105.2859245   64.5428710
   -105.2874345   64.5416478
   -105.3057183   64.5445084
   -105.3073722   64.5431795
   -105.3255110   64.5461462
   -105.3273108   64.5447117
   -105.3453054   64.5477817
   -105.3472484   64.5462458
   -105.3650984   64.5494169
   -105.3671868   64.5477797
   -105.3848924   64.5510509
   -105.3871242   64.5493158
   -105.4046865   64.5526843
   -105.4070625   64.5508526
   -105.4244803   64.5543160
   -105.4269998   64.5523901
   -105.4442745   64.5559470
   -105.4469379   64.5539286
   -105.4640679   64.5575771
   -105.4668750   64.5554681
   -105.4838628   64.5592062
   -105.4868129   64.5570090
   -105.5036564   64.5608338
   -105.5067499   64.5585501
   -105.5234509   64.5624613
   -105.5266877   64.5600929
   -105.5432451   64.5640871
   -105.5466245   64.5616363
   -105.5630403   64.5657122
   -105.5665621   64.5631812
   -105.5828347   64.5673360
   -105.5864987   64.5647268
   -105.6026286   64.5689597
   -105.6064356   64.5662734
   -105.6224241   64.5705811
   -105.6263721   64.5678210
   -105.6422183   64.5722017
   -105.6463086   64.5693690
   -105.6620133   64.5738224
   -105.6662457   64.5709188
   -105.6818082   64.5754412
   -105.6861820   64.5724690
   -105.7016039   64.5770595
   -105.7061191   64.5740207
   -105.7213989   64.5786764
   -105.7260552   64.5755733
   -105.7411933   64.5802932
   -105.7459921   64.5771263
   -105.7609893   64.5819080
   -105.7659281   64.5786811
   -105.7807840   64.5835224
   -105.7858648   64.5802358
   -105.8005796   64.5851357
   -105.8058006   64.5817925
   -105.8203750   64.5867483
   -105.8257372   64.5833494
   -105.8401712   64.5883592
   -105.8456729   64.5849080
   -105.8599667   64.5899699
   -105.8656093   64.5864673
   -105.8797618   64.5915793
   -105.8855449   64.5880272
   -105.8995583   64.5931880
   -105.9054811   64.5895886
   -105.9193540   64.5947952
   -105.9254165   64.5911504
   -105.9391502   64.5964018
   -105.9453526   64.5927136
   -105.9589456   64.5980074
   -105.9652873   64.5942776
   -105.9787424   64.5996121
   -105.9852228   64.5958426
   -105.9985384   64.6012154
   -106.0051578   64.5974087
   -106.0183340   64.6028187
   -106.0250936   64.5989752
   -106.0381310   64.6044202
   -106.0450286   64.6005434
   -106.0579273   64.6060213
   -106.0649642   64.6021118
   -106.0777241   64.6076206
   -106.0848994   64.6036815
   -106.0975200   64.6092195
   -106.1048341   64.6052518
   -106.1173173   64.6108177
   -106.1247695   64.6068236
   -106.1371139   64.6124144
   -106.1447040   64.6083964
   -106.1569100   64.6140111
   -106.1646393   64.6099695
   -106.1767075   64.6156059
   -106.1845737   64.6115442
   -106.1965043   64.6172004
   -106.2045089   64.6131192
   -106.2163016   64.6187932
   -106.2244431   64.6146957
   -106.2360980   64.6203861
   -106.2443781   64.6162726
   -106.2558959   64.6219772
   -106.2643122   64.6178510
   -106.2756929   64.6235679
   -106.2842470   64.6194304
   -106.2954896   64.6251574
   -106.3041810   64.6210100
   -106.3152877   64.6267463
   -106.3241151   64.6225915
   -106.3350850   64.6283337
   -106.3440485   64.6241727
   -106.3548828   64.6299205
   -106.3639830   64.6257558
   -106.3746798   64.6315063
   -106.3839167   64.6273391
   -106.3944781   64.6330915
   -106.4038511   64.6289241
   -106.4142757   64.6346752
   -106.4237846   64.6305099
   -106.4340729   64.6362588
   -106.4437188   64.6320960
   -106.4538715   64.6378406
   -106.4636522   64.6336836
   -106.4736693   64.6394222
   -106.4835863   64.6352716
   -106.4934676   64.6410020
   -106.5035199   64.6368609
   -106.5132651   64.6425813
   -106.5234531   64.6384507
   -106.5330640   64.6441601
   -106.5433869   64.6400420
   -106.5528621   64.6457373
   -106.5633199   64.6416342
   -106.5726598   64.6473145
   -106.5832537   64.6432268
   -106.5924589   64.6488900
   -106.6031865   64.6448207
   -106.6122572   64.6504652
   -106.6231201   64.6464151
   -106.6320561   64.6520386
   -106.6430528   64.6480110
   -106.6518540   64.6536121
   -106.6629863   64.6496071
   -106.6716534   64.6551841
   -106.6829189   64.6512047
   -106.6914520   64.6567555
   -106.7028516   64.6528036
   -106.7112502   64.6583258
   -106.7227836   64.6544020
   -106.7310498   64.6598957
   -106.7427167   64.6560024
   -106.7508487   64.6614639
   -106.7626491   64.6576030
   -106.7706480   64.6630317
   -106.7825821   64.6592053
   -106.7904465   64.6645983
   -106.8025143   64.6608076
   -106.8102463   64.6661646
   -106.8224471   64.6624115
   -106.8300451   64.6677289
   -106.8423791   64.6640158
   -106.8498445   64.6692936
   -106.8623118   64.6656215
   -106.8696443   64.6708567
   -106.8822437   64.6672280
   -106.8894436   64.6724193
   -106.9021763   64.6688349
   -106.9092435   64.6739803
   -106.9221080   64.6704433
   -106.9290424   64.6755412
   -106.9420405   64.6720519
   -106.9488428   64.6771007
   -106.9619724   64.6736618
   -106.9686420   64.6786588
   -106.9819040   64.6752723
   -106.9884420   64.6802173
   -107.0018362   64.6768842
   -107.0082422   64.6817743
   -107.0217676   64.6784968
   -107.0280421   64.6833307
   -107.0416997   64.6801099
   -107.0478424   64.6848856
   -107.0616304   64.6817245
   -107.0676418   64.6864405
   -107.0815619   64.6833390
   -107.0874427   64.6879940
   -107.1014930   64.6849551
   -107.1072424   64.6895465
   -107.1214248   64.6865719
   -107.1270429   64.6910983
   -107.1413558   64.6881897
   -107.1468436   64.6926498
   -107.1612875   64.6898086
   -107.1666439   64.6941995
   -107.1812183   64.6914275
   -107.1864447   64.6957489
   -107.2011498   64.6930485
   -107.2062447   64.6972969
   -107.2210805   64.6946691
   -107.2260460   64.6988449
   -107.2410119   64.6962915
   -107.2458462   64.7003908
   -107.2609425   64.6979141
   -107.2656472   64.7019371
   -107.2808738   64.6995382
   -107.2854484   64.7034820
   -107.3008041   64.7011629
   -107.3052492   64.7050263
   -107.3207353   64.7027881
   -107.3249783   64.7065058
   -107.3406806   64.7042259
   -107.3448775   64.7079623
   -107.3606266   64.7056641
   -107.3647760   64.7094177
   -107.3805719   64.7071015
   -107.3846748   64.7108742
   -107.4005180   64.7085388
   -107.4045737   64.7123300
   -107.4204632   64.7099758
   -107.4244724   64.7137867
   -107.4404081   64.7114119
   -107.4443712   64.7152434
   -107.4603542   64.7128488
   -107.4642704   64.7167007
   -107.4804100   64.7142687
   -107.4841811   64.7179702
   -107.5003363   64.7155612
   -107.5040922   64.7192400
   -107.5202624   64.7168525
   -107.5240034   64.7205090
   -107.5401884   64.7181445
   -107.5439144   64.7217789
   -107.5601144   64.7194356
   -107.5638256   64.7230480
   -107.5800404   64.7207276
   -107.5837370   64.7243184
   -107.5999664   64.7220192
   -107.6036478   64.7255876
   -107.6198924   64.7233110
   -107.6235588   64.7268577
   -107.6398185   64.7246019
   -107.6434699   64.7281270
   -107.6597441   64.7258937
   -107.6633809   64.7293978
   -107.6796706   64.7271849
   -107.6832921   64.7306672
   -107.6995966   64.7284766
   -107.7032035   64.7319379
   -107.7195226   64.7297678
   -107.7231142   64.7332074
   -107.7394486   64.7310594
   -107.7430252   64.7344778
   -107.7593747   64.7323500
   -107.7629364   64.7357474
   -107.7793007   64.7336415
   -107.7828474   64.7370179
   -107.7992268   64.7349320
   -107.8027585   64.7382876
   -107.8191528   64.7362234
   -107.8226699   64.7395585
   -107.8390785   64.7375144
   -107.8425806   64.7408289
   -107.8590049   64.7388061
   -107.8624916   64.7420996
   -107.8789310   64.7400965
   -107.8824027   64.7433694
   -107.8988571   64.7413876
   -107.9023137   64.7446402
   -107.9187832   64.7426779
   -107.9222252   64.7459105
   -107.9387092   64.7439695
   -107.9421358   64.7471814
   -107.9586353   64.7452597
   -107.9620469   64.7484514
   -107.9785613   64.7465507
   -107.9819579   64.7497224
   -107.9984870   64.7478409
   -108.0018689   64.7509930
   -108.0184135   64.7491322
   -108.0217799   64.7522640
   -108.0383396   64.7504222
   -108.0416914   64.7535346
   -108.0582656   64.7517136
   -108.0616019   64.7548058
   -108.0781918   64.7530036
   -108.0815130   64.7560761
   -108.0981178   64.7542943
   -108.1014240   64.7573472
   -108.1180440   64.7555842
   -108.1213351   64.7586176
   -108.1379700   64.7568748
   -108.1412460   64.7598888
   -108.1578962   64.7581646
   -108.1611580   64.7611601
   -108.1778223   64.7594554
   -108.1810686   64.7624312
   -108.1977488   64.7607463
   -108.2009795   64.7637025
   -108.2176750   64.7620360
   -108.2208906   64.7649731
   -108.2376010   64.7633265
   -108.2408015   64.7662445
   -108.2575272   64.7646161
   -108.2607126   64.7675152
   -108.2774533   64.7659065
   -108.2806240   64.7687871
   -108.2973794   64.7671966
   -108.3005346   64.7700578
   -108.3173055   64.7684869
   -108.3204455   64.7713294
   -108.3372316   64.7697763
   -108.3403566   64.7726002
   -108.3571573   64.7710666
   -108.3602675   64.7738724
   -108.3770839   64.7723564
   -108.3801790   64.7751437
   -108.3970100   64.7736471
   -108.4000894   64.7764154
   -108.4169361   64.7749364
   -108.4200005   64.7776864
   -108.4368622   64.7762265
   -108.4399114   64.7789581
   -108.4567884   64.7775158
   -108.4598224   64.7802292
   -108.4767145   64.7788058
   -108.4797333   64.7815010
   -108.4966407   64.7800950
   -108.4996448   64.7827725
   -108.5165667   64.7813855
   -108.5195553   64.7840445
   -108.5364925   64.7826746
   -108.5394663   64.7853162
   -108.5564191   64.7839649
   -108.5593772   64.7865881
   -108.5763453   64.7852540
   -108.5792882   64.7878593
   -108.5962714   64.7865438
   -108.5991991   64.7891314
   -108.6161976   64.7878328
   -108.6191106   64.7904031
   -108.6361236   64.7891231
   -108.6390210   64.7916752
   -108.6560498   64.7904120
   -108.6589321   64.7929466
   -108.6759759   64.7917017
   -108.6788429   64.7942188
   -108.6959017   64.7929906
   -108.6987539   64.7954907
   -108.7158283   64.7942807
   -108.7186648   64.7967629
   -108.7357545   64.7955695
   -108.7385763   64.7980348
   -108.7556806   64.7968595
   -108.7584867   64.7993072
   -108.7756068   64.7981483
   -108.7783977   64.8005787
   -108.7955329   64.7994378
   -108.7983086   64.8018511
   -108.8154592   64.8007265
   -108.8182196   64.8031227
   -108.8353853   64.8020159
   -108.8381305   64.8043951
   -108.8553115   64.8033045
   -108.8580420   64.8056672
   -108.8752371   64.8045945
   -108.8779523   64.8069402
   -108.8951639   64.8058835
   -108.8978633   64.8082119
   -108.9150900   64.8071728
   -108.9177742   64.8094844
   -108.9350162   64.8084613
   -108.9376851   64.8107562
   -108.9549423   64.8097506
   -108.9575965   64.8120292
   -108.9748686   64.8110395
   -108.9775070   64.8133011
   -108.9947947   64.8123287
   -108.9974179   64.8145737
   -109.0147209   64.8136171
   -109.0173293   64.8158460
   -109.0346471   64.8149059
   -109.0372402   64.8171183
   -109.0545728   64.8161947
   -109.0571511   64.8183911
   -109.0744995   64.8174838
   -109.0770626   64.8196639
   -109.0944257   64.8187730
   -109.0969729   64.8209364
   -109.1143519   64.8200617
   -109.1168839   64.8222087
   -109.1342781   64.8213503
   -109.1367947   64.8234812
   -109.1542043   64.8226389
   -109.1567057   64.8247536
   -109.1741305   64.8239275
   -109.1766165   64.8260262
   -109.1940567   64.8252160
   -109.1965280   64.8272991
   -109.2139829   64.8265050
   -109.2164384   64.8285717
   -109.2339085   64.8277936
   -109.2363493   64.8298448
   -109.2538353   64.8290825
   -109.2562601   64.8311174
   -109.2737615   64.8303709
   -109.2761711   64.8323900
   -109.2936878   64.8316593
   -109.2960819   64.8336626
   -109.3136139   64.8329478
   -109.3159934   64.8349357
   -109.3335402   64.8342366
   -109.3400081   64.8396327
   -109.3472319   64.8399660
   -109.3576077   64.8486023
   -109.3648667   64.8489856
   -109.3752068   64.8575728
   -109.3825034   64.8580055
   -109.3928062   64.8665429
   -109.4001397   64.8670248
   -109.4104054   64.8755132
   -109.4177760   64.8760438
   -109.4280045   64.8844837
   -109.4354125   64.8850625
   -109.4456036   64.8934545
   -109.4530488   64.8940809
   -109.4632030   64.9024260
   -109.4706861   64.9030999
   -109.4808018   64.9113971
   -109.4883229   64.9121181
   -109.4984005   64.9203685
   -109.5059598   64.9211361
   -109.5159991   64.9293400
   -109.5235959   64.9301539
   -109.5335975   64.9383118
   -109.5412329   64.9391715
   -109.5511959   64.9472836
   -109.5588695   64.9481889
   -109.5687940   64.9562561
   -109.5765075   64.9572069
   -109.5863930   64.9652288
   -109.5941445   64.9662245
   -109.6039907   64.9742011
   -109.6117819   64.9752416
   -109.6215888   64.9831735
   -109.6294193   64.9842585
   -109.6391868   64.9921461
   -109.6470563   64.9932752
   -109.6567845   65.0011193
   -109.6646946   65.0022924
   -109.6743824   65.0100921
   -109.6823314   65.0113088
   -109.6919802   65.0190652
   -109.6999691   65.0203251
   -109.7095779   65.0280383
   -109.7176068   65.0293414
   -109.7271756   65.0370116
   -109.7352440   65.0383574
   -109.7447730   65.0459853
   -109.7528827   65.0473741
   -109.7623706   65.0549588
   -109.7705206   65.0563900
   -109.7799681   65.0639323
   -109.7881586   65.0654058
   -109.7975656   65.0729060
   -109.8057967   65.0744216
   -109.8151630   65.0818797
   -109.8234333   65.0834367
   -109.8327609   65.0908544
   -109.8410723   65.0924529
   -109.8503583   65.0998283
   -109.8587104   65.1014683
   -109.8679564   65.1088031
   -109.8763484   65.1104840
   -109.8855530   65.1177771
   -109.8939867   65.1194993
   -109.9031501   65.1267513
   -109.9116250   65.1285144
   -109.9207473   65.1357256
   -109.9292627   65.1375293
   -109.9383441   65.1447004
   -109.9469020   65.1465450
   -109.9559412   65.1536749
   -109.9645404   65.1555599
   -109.9735382   65.1626494
   -109.9821780   65.1645745
   -109.9911350   65.1716242
   -109.9998165   65.1735893
   -110.0087319   65.1805989
   -110.0174543   65.1826038
   -110.0263286   65.1895741
   -110.0350938   65.1916192
   -110.0439254   65.1985489
   -110.0527324   65.2006337
   -110.0615223   65.2075238
   -110.0703711   65.2096482
   -110.0791190   65.2164988
   -110.0880098   65.2186626
   -110.0967158   65.2254738
   -110.1056477   65.2276767
   -110.1143123   65.2344494
   -110.1232874   65.2366917
   -110.1319089   65.2434245
   -110.1409253   65.2457057
   -110.1495065   65.2524007
   -110.1585639   65.2547203
   -110.1671023   65.2613757
   -110.1762029   65.2637342
   -110.1846998   65.2703513
   -110.1938409   65.2727480
   -110.2022962   65.2793271
   -110.2114808   65.2817628
   -110.2198927   65.2883026
   -110.2291197   65.2907768
   -110.2374892   65.2972780
   -110.2467587   65.2997906
   -110.2550857   65.3062536
   -110.2643976   65.3088045
   -110.2726821   65.3152292
   -110.2820357   65.3178180
   -110.2902784   65.3242050
   -110.2996739   65.3268315
   -110.3078746   65.3331811
   -110.3173140   65.3358460
   -110.3254710   65.3421569
   -110.3349531   65.3448596
   -110.3430673   65.3511327
   -110.3525922   65.3538732
   -110.3606637   65.3601085
   -110.3702313   65.3628868
   -110.3782600   65.3690844
   -110.3878695   65.3719000
   -110.3958560   65.3780607
   -110.4055097   65.3809143
   -110.4134523   65.3870367
   -110.4231489   65.3899277
   -110.4310497   65.3960135
   -110.4407869   65.3989412
   -110.4486449   65.4049895
   -110.4584262   65.4079546
   -110.4662411   65.4139656
   -110.4760645   65.4169676
   -110.4838370   65.4229421
   -110.4937049   65.4259818
   -110.5014332   65.4319182
   -110.5113442   65.4349950
   -110.5190292   65.4408943
   -110.5289836   65.4440080
   -110.5366263   65.4498709
   -110.5466229   65.4530211
   -110.5542224   65.4588471
   -110.5642612   65.4620339
   -110.5718183   65.4678238
   -110.5819007   65.4710476
   -110.5894143   65.4768004
   -110.5995402   65.4800607
   -110.6070103   65.4857767
   -110.6171796   65.4890737
   -110.6246063   65.4947531
   -110.6348190   65.4980867
   -110.6422024   65.5037295
   -110.6476429   65.5055173
   -110.6533203   65.5053687
   -110.6676143   65.5102819
   -110.6839586   65.5090059
   -110.6875626   65.5102496
   -110.7039257   65.5089752
   -110.7075109   65.5102172
   -110.7238933   65.5089445
   -110.7274592   65.5101847
   -110.7438609   65.5089140
   -110.7474063   65.5101519
   -110.7638280   65.5088828
   -110.7673558   65.5101194
   -110.7837951   65.5088521
   -110.7873041   65.5100870
   -110.8037627   65.5088214
   -110.8072524   65.5100545
   -110.8237303   65.5087910
   -110.8272007   65.5100220
   -110.8436974   65.5087604
   -110.8471490   65.5099896
   -110.8636645   65.5087298
   -110.8670978   65.5099573
   -110.8836316   65.5086990
   -110.8870466   65.5099248
   -110.9035992   65.5086684
   -110.9069938   65.5098918
   -110.9235668   65.5086375
   -110.9269432   65.5098592
   -110.9435339   65.5086069
   -110.9468915   65.5098267
   -110.9635010   65.5085764
   -110.9668398   65.5097941
   -110.9834686   65.5085458
   -110.9867882   65.5097614
   -111.0034362   65.5085155
   -111.0067365   65.5097289
   -111.0234033   65.5084850
   -111.0266848   65.5096963
   -111.0433704   65.5084545
   -111.0466331   65.5096637
   -111.0633376   65.5084240
   -111.0665803   65.5096307
   -111.0833052   65.5083930
   -111.0865297   65.5095979
   -111.1032728   65.5083627
   -111.1064780   65.5095653
   -111.1232399   65.5083323
   -111.1264263   65.5095326
   -111.1432070   65.5083019
   -111.1463746   65.5095000
   -111.1631746   65.5082715
   -111.1663229   65.5094671
   -111.1831422   65.5082413
   -111.1862712   65.5094345
   -111.2031093   65.5082109
   -111.2062195   65.5094017
   -111.2230764   65.5081805
   -111.2261673   65.5093688
   -111.2430435   65.5081495
   -111.2461171   65.5093360
   -111.2630111   65.5081192
   -111.2660654   65.5093031
   -111.2829787   65.5080890
   -111.2860137   65.5092703
   -111.3029458   65.5080587
   -111.3059620   65.5092375
   -111.3229129   65.5080285
   -111.3259103   65.5092047
   -111.3428805   65.5079982
   -111.3458586   65.5091718
   -111.3628481   65.5079681
   -111.3658059   65.5091385
   -111.3828152   65.5079374
   -111.3857552   65.5091056
   -111.4027823   65.5079072
   -111.4057036   65.5090727
   -111.4227494   65.5078770
   -111.4256519   65.5090399
   -111.4427170   65.5078467
   -111.4456002   65.5090068
   -111.4626846   65.5078168
   -111.4655485   65.5089739
   -111.4826518   65.5077866
   -111.4854968   65.5089410
   -111.5026189   65.5077565
   -111.5054451   65.5089080
   -111.5225860   65.5077264
   -111.5253924   65.5088746
   -111.5425536   65.5076957
   -111.5453417   65.5088414
   -111.5625212   65.5076659
   -111.5652900   65.5088084
   -111.5824883   65.5076358
   -111.5852388   65.5087756
   -111.6024554   65.5076056
   -111.6051876   65.5087425
   -111.6224230   65.5075755
   -111.6251359   65.5087093
   -111.6423906   65.5075457
   -111.6450842   65.5086762
   -111.6623577   65.5075158
   -111.6650325   65.5086432
   -111.6823248   65.5074858
   -111.6849798   65.5086096
   -111.7022929   65.5074553
   -111.7049291   65.5085759
   -111.7222595   65.5074249
   -111.7248774   65.5085426
   -111.7422271   65.5073952
   -111.7448257   65.5085094
   -111.7621942   65.5073653
   -111.7647740   65.5084762
   -111.7821613   65.5073354
   -111.7847223   65.5084430
   -111.8021289   65.5073055
   -111.8046706   65.5084096
   -111.8220965   65.5072759
   -111.8246189   65.5083764
   -111.8420636   65.5072461
   -111.8445662   65.5083427
   -111.8620307   65.5072158
   -111.8645155   65.5083093
   -111.8819978   65.5071860
   -111.8844638   65.5082760
   -111.9019654   65.5071562
   -111.9044121   65.5082425
   -111.9219330   65.5071267
   -111.9243604   65.5082092
   -111.9419001   65.5070970
   -111.9443092   65.5081760
   -111.9618672   65.5070671
   -111.9642580   65.5081426
   -111.9818349   65.5070375
   -111.9842054   65.5081086
   -112.0018025   65.5070075
   -112.0041546   65.5080751
   -112.0217696   65.5069779
   -112.0241029   65.5080416
   -112.0417367   65.5069483
   -112.0440512   65.5080081
   -112.0617038   65.5069187
   -112.0639995   65.5079746
   -112.0816714   65.5068891
   -112.0839478   65.5079409
   -112.1016390   65.5068598
   -112.1038961   65.5079073
   -112.1216061   65.5068303
   -112.1238444   65.5078738
   -112.1415732   65.5068009
   -112.1437918   65.5078397
   -112.1615408   65.5067708
   -112.1637410   65.5078059
   -112.1815084   65.5067416
   -112.1836893   65.5077722
   -112.2014755   65.5067122
   -112.2036376   65.5077385
   -112.2214426   65.5066828
   -112.2235859   65.5077048
   -112.2414097   65.5066535
   -112.2435342   65.5076711
   -112.2613773   65.5066241
   -112.2634825   65.5076372
   -112.2813449   65.5065950
   -112.2834308   65.5076034
   -112.3013120   65.5065658
   -112.3033787   65.5075694
   -112.3212791   65.5065358
   -112.3233284   65.5075355
   -112.3412467   65.5065065
   -112.3432767   65.5075014
   -112.3612143   65.5064775
   -112.3632250   65.5074676
   -112.3811814   65.5064484
   -112.3831733   65.5074337
   -112.4011485   65.5064192
   -112.4031216   65.5073997
   -112.4211156   65.5063901
   -112.4230699   65.5073658
   -112.4410832   65.5063609
   -112.4430182   65.5073316
   -112.4610508   65.5063321
   -112.4629657   65.5072971
   -112.4810179   65.5063026
   -112.4884876   65.5100848
   -112.5009791   65.5098423
   -112.5084258   65.5132415
   -112.5129787   65.5132727
   -112.5272108   65.5197712
   -112.5317518   65.5197945
   -112.5459979   65.5263014
   -112.5505239   65.5263167
   -112.5647828   65.5328311
   -112.5692970   65.5328385
   -112.5835699   65.5393613
   -112.5880699   65.5393607
   -112.6023560   65.5458915
   -112.6068420   65.5458830
   -112.6211409   65.5524213
   -112.6256151   65.5524047
   -112.6399280   65.5589515
   -112.6443880   65.5589269
   -112.6587130   65.5654812
   -112.6631603   65.5654486
   -112.6774999   65.5720115
   -112.6819332   65.5719708
   -112.6962849   65.5785413
   -112.7007064   65.5784925
   -112.7150719   65.5850715
   -112.7194785   65.5850147
   -112.7338580   65.5916018
   -112.7382514   65.5915368
   -112.7526430   65.5981316
   -112.7570246   65.5980585
   -112.7714299   65.6046619
   -112.7757967   65.6045807
   -112.7902149   65.6111918
   -112.7945698   65.6111022
   -112.8090019   65.6177221
   -112.8133428   65.6176244
   -112.8277879   65.6242524
   -112.8321149   65.6241465
   -112.8465729   65.6307823
   -112.8508880   65.6306681
   -112.8653598   65.6373126
   -112.8696610   65.6371902
   -112.8841448   65.6438425
   -112.8884334   65.6437118
   -112.9029317   65.6503729
   -112.9072063   65.6502338
   -112.9217177   65.6569033
   -112.9259793   65.6567559
   -112.9405028   65.6634332
   -112.9447517   65.6632774
   -112.9592896   65.6699636
   -112.9635246   65.6697994
   -112.9780746   65.6764936
   -112.9822978   65.6763209
   -112.9968615   65.6830240
   -113.0010700   65.6828430
   -113.0156465   65.6895540
   -113.0198431   65.6893644
   -113.0344333   65.6960844
   -113.0386162   65.6958864
   -113.0532193   65.7026149
   -113.0573884   65.7024084
   -113.0720043   65.7091449
   -113.0761615   65.7089298
   -113.0907911   65.7156754
   -113.0949346   65.7154518
   -113.1095761   65.7222055
   -113.1137070   65.7219732
   -113.1283629   65.7287360
   -113.1324799   65.7284951
   -113.1471489   65.7352665
   -113.1512530   65.7350170
   -113.1659339   65.7417967
   -113.1700255   65.7415384
   -113.1847206   65.7483272
   -113.1887984   65.7480602
   -113.2035057   65.7548574
   -113.2075717   65.7545815
   -113.2222924   65.7613879
   -113.2263440   65.7611034
   -113.2410783   65.7679185
   -113.2451170   65.7676252
   -113.2598634   65.7744488
   -113.2638903   65.7741465
   -113.2786500   65.7809793
   -113.2826626   65.7806683
   -113.2974351   65.7875096
   -113.3014357   65.7871895
   -113.3162217   65.7940402
   -113.3202089   65.7937113
   -113.3350067   65.8005705
   -113.3389814   65.8002326
   -113.3537934   65.8071012
   -113.3577544   65.8067542
   -113.3725793   65.8136319
   -113.3765275   65.8132759
   -113.3913643   65.8201623
   -113.3953001   65.8197972
   -113.4101509   65.8266930
   -113.4140731   65.8263188
   -113.4289359   65.8332234
   -113.4328464   65.8328399
   -113.4477225   65.8397541
   -113.4516188   65.8393616
   -113.4665084   65.8462850
   -113.4703918   65.8458831
   -113.4852934   65.8528154
   -113.4891652   65.8524042
   -113.5040800   65.8593462
   -113.5079376   65.8589258
   -113.5228650   65.8658767
   -113.5267108   65.8654468
   -113.5416515   65.8724075
   -113.5454841   65.8719683
   -113.5604373   65.8789385
   -113.5642565   65.8784899
   -113.5792223   65.8854690
   -113.5830297   65.8850108
   -113.5980088   65.8919999
   -113.6018030   65.8915322
   -113.6167938   65.8985306
   -113.6205756   65.8980533
   -113.6355803   65.9050615
   -113.6393487   65.9045746
   -113.6543653   65.9115922
   -113.6581221   65.9110954
   -113.6731517   65.9181232
   -113.6768946   65.9176169
   -113.6919375   65.9246542
   -113.6956677   65.9241382
   -113.7107225   65.9311850
   -113.7144412   65.9306589
   -113.7295089   65.9377160
   -113.7332137   65.9371803
   -113.7482938   65.9442468
   -113.7519870   65.9437010
   -113.7670802   65.9507779
   -113.7707603   65.9502222
   -113.7858659   65.9573092
   -113.7895329   65.9567436
   -113.8046509   65.9638400
   -113.8083062   65.9632641
   -113.8234372   65.9703712
   -113.8270796   65.9697853
   -113.8422222   65.9769022
   -113.8458523   65.9763060
   -113.8610085   65.9834334
   -113.8646255   65.9828270
   -113.8797942   65.9899648
   -113.8833989   65.9893480
   -113.8985791   65.9964958
   -113.9021717   65.9958687
   -113.9173653   66.0030271
   -113.9209449   66.0023896
   -113.9361503   66.0095582
   -113.9397185   66.0089100
   -113.9549365   66.0160896
   -113.9584911   66.0154311
   -113.9737214   66.0226208
   -113.9772646   66.0219513
   -113.9925076   66.0291522
   -113.9960380   66.0284722
   -114.0112932   66.0356838
   -114.0148107   66.0349932
   -114.0300781   66.0422151
   -114.0335842   66.0415133
   -114.0488642   66.0487466
   -114.0523577   66.0480341
   -114.0676491   66.0552780
   -114.0711306   66.0545544
   -114.0864352   66.0618096
   -114.0899039   66.0610750
   -114.1052207   66.0683414
   -114.1086774   66.0675956
   -114.1240056   66.0748729
   -114.1274504   66.0741158
   -114.1427916   66.0814046
   -114.1462237   66.0806363
   -114.1615764   66.0879362
   -114.1649975   66.0871562
   -114.1803624   66.0944680
   -114.1837703   66.0936769
   -114.1991479   66.1009999
   -114.2025437   66.1001972
   -114.2179327   66.1075317
   -114.2213175   66.1067170
   -114.2367187   66.1140636
   -114.2400904   66.1132376
   -114.2555035   66.1205954
   -114.2588640   66.1197572
   -114.2742894   66.1271274
   -114.2776377   66.1262774
   -114.2929337   66.1335922
   -114.2969982   66.1325060
   -114.3119806   66.1396088
   -114.3159719   66.1385504
   -114.3310273   66.1456260
   -114.3349469   66.1445948
   -114.3500727   66.1516428
   -114.3539214   66.1506380
   -114.3691195   66.1576600
   -114.3728959   66.1566816
   -114.3881655   66.1636770
   -114.3918705   66.1627245
   -114.4072118   66.1696946
   -114.4108451   66.1687676
   -114.4262579   66.1757126
   -114.4298192   66.1748108
   -114.4453035   66.1817308
   -114.4487947   66.1808533
   -114.4643499   66.1877491
   -114.4677695   66.1868959
   -114.4833955   66.1937671
   -114.4867445   66.1929377
   -114.5024416   66.1997856
   -114.5057201   66.1989797
   -114.5214873   66.2058047
   -114.5246952   66.2050219
   -114.5405328   66.2118232
   -114.5436698   66.2110633
   -114.5595785   66.2178429
   -114.5626456   66.2171053
   -114.5786233   66.2238621
   -114.5816208   66.2231463
   -114.5976699   66.2298813
   -114.6005960   66.2291876
   -114.6167151   66.2359010
   -114.6195712   66.2352288
   -114.6357597   66.2419207
   -114.6385466   66.2412693
   -114.6548061   66.2479404
   -114.6575212   66.2473103
   -114.6738505   66.2539610
   -114.6764975   66.2533508
   -114.6928969   66.2599810
   -114.6954729   66.2593914
   -114.7119418   66.2660015
   -114.7144491   66.2654316
   -114.7309861   66.2720220
   -114.7334249   66.2714715
   -114.7500324   66.2780425
   -114.7523998   66.2775117
   -114.7690762   66.2840637
   -114.7713764   66.2835515
   -114.7881218   66.2900847
   -114.7903519   66.2895914
   -114.8071665   66.2961054
   -114.8093277   66.2956306
   -114.8262118   66.3021266
   -114.8283034   66.3016701
   -114.8452567   66.3081482
   -114.8472791   66.3077097
   -114.8643012   66.3141693
   -114.8662544   66.3137486
   -114.8833465   66.3201915
   -114.8852310   66.3197882
   -114.9023910   66.3262128
   -114.9042070   66.3258267
   -114.9214361   66.3322346
   -114.9231829   66.3318657
   -114.9404808   66.3382568
   -114.9421595   66.3379045
   -114.9595251   66.3442786
   -114.9611359   66.3439428
   -114.9785701   66.3503007
   -114.9801112   66.3499815
   -114.9976136   66.3563234
   -114.9990882   66.3560199
   -115.0166594   66.3623456
   -115.0180642   66.3620583
   -115.0357037   66.3683683
   -115.0370403   66.3680966
   -115.0547472   66.3743908
   -115.0560166   66.3741344
   -115.0737930   66.3804133
   -115.0749927   66.3801725
   -115.0928364   66.3864360
   -115.0939683   66.3862102
   -115.1118819   66.3924592
   -115.1129454   66.3922484
   -115.1309260   66.3984824
   -115.1319216   66.3982862
   -115.1499694   66.4045053
   -115.1508988   66.4043233
   -115.1690150   66.4105285
   -115.1698753   66.4103610
   -115.4165847   66.4888445
   -115.6823743   66.5729416
   -115.6830715   66.5735854
   -115.7013595   66.5789508
   -115.7021064   66.5796361
   -115.7203446   66.5849601
   -115.7211423   66.5856875
   -115.7393296   66.5909697
   -115.7401782   66.5917387
   -115.7583137   66.5969796
   -115.7592123   66.5977889
   -115.7772995   66.6029903
   -115.7782485   66.6038398
   -115.7962843   66.6090005
   -115.7972837   66.6098895
   -115.8152699   66.6150110
   -115.8163199   66.6159396
   -115.8342547   66.6210221
   -115.8353555   66.6219896
   -115.8532393   66.6270328
   -115.8543908   66.6280388
   -115.8722231   66.6330434
   -115.8734270   66.6340890
   -115.8912085   66.6390557
   -115.8924618   66.6401377
   -115.9101931   66.6450666
   -115.9114991   66.6461874
   -115.9291775   66.6510784
   -115.9305340   66.6522358
   -115.9481620   66.6570896
   -115.9495713   66.6582851
   -115.9671462   66.6631017
   -115.9686072   66.6643339
   -115.9861296   66.6691138
   -115.9876420   66.6703822
   -116.0051149   66.6751263
   -116.0066796   66.6764310
   -116.0240997   66.6811392
   -116.0257147   66.6824781
   -116.0430840   66.6871516
   -116.0447517   66.6885266
   -116.0620681   66.6931643
   -116.0637886   66.6945747
   -116.0810520   66.6991773
   -116.0828237   66.7006217
   -116.1000352   66.7051899
   -116.1018607   66.7066701
   -116.1190201   66.7112039
   -116.1208967   66.7127170
   -116.1380040   66.7172170
   -116.1399340   66.7187646
   -116.1569879   66.7232304
   -116.1589711   66.7248121
   -116.1759716   66.7292442
   -116.1780064   66.7308583
   -116.1949554   66.7352578
   -116.1970438   66.7369055
   -116.2139382   66.7412714
   -116.2160799   66.7429521
   -116.2329229   66.7472860
   -116.2351173   66.7489990
   -116.2519072   66.7533006
   -116.2541541   66.7550453
   -116.2708909   66.7593150
   -116.2731904   66.7610911
   -116.2898745   66.7653292
   -116.2922280   66.7671376
   -116.3088579   66.7713440
   -116.3112637   66.7731829
   -116.3278405   66.7773580
   -116.3303020   66.7792298
   -116.3468249   66.7833739
   -116.3493388   66.7852757
   -116.3658083   66.7893888
   -116.3683754   66.7913208
   -116.3847917   66.7954036
   -116.3874131   66.7973667
   -116.4037749   66.8014191
   -116.4064490   66.8034114
   -116.4227573   66.8074337
   -116.4254876   66.8094577
   -116.4417415   66.8134502
   -116.4438775   66.8150256
   -116.4608125   66.8191867
   -116.4629251   66.8207549
   -116.4798827   66.8249232
   -116.4819716   66.8264836
   -116.4989530   66.8306591
   -116.5010201   66.8322132
   -116.5185481   66.8365250
   -116.5201319   66.8377185
   -116.5377295   66.8420796
   -116.5392445   66.8432240
   -116.5569110   66.8476344
   -116.5583571   66.8487293
   -116.5760932   66.8531894
   -116.5774699   66.8542342
   -116.5952747   66.8587444
   -116.5965815   66.8597386
   -116.6144561   66.8642991
   -116.6156952   66.8652438
   -116.6336375   66.8698542
   -116.6348078   66.8707487
   -116.6528187   66.8754098
   -116.6539198   66.8762533
   -116.6720007   66.8809653
   -116.6730327   66.8817577
   -116.6911830   66.8865211
   -116.6921457   66.8872619
   -116.7103632   66.8920758
   -116.7112574   66.8927656
   -116.9597190   66.9643067
   -117.2271871   67.0417799
   -117.2283751   67.0416792
   -117.2462919   67.0473124
   -117.2475643   67.0472068
   -117.2653967   67.0528448
   -117.2667535   67.0527346
   -117.2845013   67.0583771
   -117.2859435   67.0582625
   -117.3036041   67.0639089
   -117.3051329   67.0637901
   -117.3227101   67.0694407
   -117.3243220   67.0693183
   -117.3418151   67.0749725
   -117.3435110   67.0748467
   -117.3609201   67.0805042
   -117.3627008   67.0803751
   -117.3800251   67.0860357
   -117.3818899   67.0859039
   -117.3991302   67.0915671
   -117.4010788   67.0914327
   -117.4182339   67.0970978
   -117.4202678   67.0969611
   -117.4373393   67.1026289
   -117.4394566   67.1024903
   -117.4564446   67.1081598
   -117.4586473   67.1080194
   -117.4755500   67.1136900
   -117.4778349   67.1135485
   -117.4946553   67.1192207
   -117.4970236   67.1190780
   -117.5137606   67.1247511
   -117.5162122   67.1246077
   -117.5328647   67.1302810
   -117.5354018   67.1301370
   -117.5519711   67.1358111
   -117.5545905   67.1356671
   -117.5710757   67.1413412
   -117.5737790   67.1411972
   -117.5901812   67.1468711
   -117.5929675   67.1467275
   -117.6092868   67.1524009
   -117.6121559   67.1522579
   -117.6283924   67.1579305
   -117.6313452   67.1577884
   -117.6474968   67.1634595
   -117.6505338   67.1633187
   -117.6666036   67.1689888
   -117.6697221   67.1688496
   -117.6857092   67.1745179
   -117.6889103   67.1743806
   -117.7048140   67.1800470
   -117.7081005   67.1799116
   -117.7239200   67.1855754
   -117.7272876   67.1854425
   -117.7430258   67.1911041
   -117.7464757   67.1909739
   -117.7621305   67.1966323
   -117.7656640   67.1965050
   -117.7812375   67.2021607
   -117.7848520   67.2020367
   -117.8003435   67.2076891
   -117.8040409   67.2075685
   -117.8194493   67.2132172
   -117.8232290   67.2131005
   -117.8385545   67.2187453
   -117.8424170   67.2186327
   -117.8576606   67.2242732
   -117.8616049   67.2241649
   -117.8767655   67.2298005
   -117.8807929   67.2296968
   -117.8958727   67.2353281
   -117.8999816   67.2352293
   -117.9149790   67.2408556
   -117.9191695   67.2407620
   -117.9340851   67.2463829
   -117.9383572   67.2462949
   -117.9531905   67.2519102
   -117.9575449   67.2518278
   -117.9722968   67.2574373
   -117.9767345   67.2573609
   -117.9914021   67.2629632
   -117.9959212   67.2628932
   -118.0105096   67.2684901
   -118.0151088   67.2684265
   -118.0296160   67.2740167
   -118.0342963   67.2739600
   -118.0487225   67.2795433
   -118.0534838   67.2794936
   -118.0678289   67.2850697
   -118.0726722   67.2850274
   -118.0869346   67.2905959
   -118.0918597   67.2905613
   -118.1060400   67.2961216
   -118.1110473   67.2960948
   -118.1251477   67.3016476
   -118.1302346   67.3016290
   -118.1442544   67.3071735
   -118.1494228   67.3071633
   -118.1633611   67.3126992
   -118.1686102   67.3126978
   -118.1824679   67.3182248
   -118.1877974   67.3182323
   -118.2015745   67.3237503
   -118.2069846   67.3237670
   -118.2206792   67.3292751
   -118.2261730   67.3293014
   -118.2397873   67.3347999
   -118.2453598   67.3348358
   -118.2588943   67.3403249
   -118.2645470   67.3403709
   -118.2780012   67.3458499
   -118.2837341   67.3459061
   -118.2971082   67.3513747
   -118.3029211   67.3514415
   -118.3162152   67.3568995
   -118.3221089   67.3569769
   -118.3353221   67.3624239
   -118.3412960   67.3625126
   -118.3544271   67.3679479
   -118.3604830   67.3680479
   -118.3735354   67.3734722
   -118.3796699   67.3735837
   -118.3926425   67.3789964
   -118.3988567   67.3791197
   -118.4117497   67.3845205
   -118.4180444   67.3846558
   -118.4308570   67.3900443
   -118.4372312   67.3901921
   -118.4499643   67.3955682
   -118.4564180   67.3957284
   -118.4690702   67.4010913
   -118.4756048   67.4012645
   -118.4881778   67.4066148
   -118.4947934   67.4068012
   -118.5072853   67.4121377
   -118.5139789   67.4123374
   -118.5263928   67.4176610
   -118.5331654   67.4178743
   -118.5455002   67.4231842
   -118.5523520   67.4234113
   -118.5646077   67.4287073
   -118.5715385   67.4289484
   -118.5837140   67.4342297
   -118.5907260   67.4344851
   -118.6028226   67.4397524
   -118.6099125   67.4400226
   -118.6219293   67.4452750
   -118.6290989   67.4455601
   -118.6410370   67.4507976
   -118.6482852   67.4510977
   -118.6601446   67.4563200
   -118.6674716   67.4566354
   -118.6792523   67.4618424
   -118.6866587   67.4621733
   -118.6983589   67.4673639
   -118.7058452   67.4677109
   -118.7174678   67.4728860
   -118.7250315   67.4732490
   -118.7365755   67.4784079
   -118.7442187   67.4787873
   -118.7556826   67.4839292
   -118.7634045   67.4843251
   -118.7747905   67.4894509
   -118.7825907   67.4898637
   -118.7938984   67.4949725
   -118.8017768   67.4954022
   -118.8130051   67.5004933
   -118.8209630   67.5009404
   -118.8321142   67.5060148
   -118.8401490   67.5064793
   -118.8512223   67.5115360
   -118.8593358   67.5120183
   -118.8703302   67.5170570
   -118.8785219   67.5175575
   -118.8894375   67.5225779
   -118.8977078   67.5230966
   -118.9085456   67.5280988
   -118.9168937   67.5286359
   -118.9276525   67.5336189
   -118.9360805   67.5341749
   -118.9467619   67.5391395
   -118.9552664   67.5397145
   -118.9658701   67.5446601
   -118.9744522   67.5452542
   -118.9849784   67.5501805
   -118.9936391   67.5507940
   -119.0033074   67.5553343
   -119.0129142   67.5560180
   -119.0224494   67.5605462
   -119.0321914   67.5612425
   -119.0415922   67.5657579
   -119.0514679   67.5664671
   -119.0607351   67.5709697
   -119.0707442   67.5716918
   -119.0798767   67.5761808
   -119.0900207   67.5769160
   -119.0990206   67.5813925
   -119.1092978   67.5821409
   -119.1181636   67.5866039
   -119.1285742   67.5873659
   -119.1373065   67.5918153
   -119.1478505   67.5925909
   -119.1564494   67.5970267
   -119.1671267   67.5978160
   -119.1755923   67.6022379
   -119.1864029   67.6030412
   -119.1947353   67.6074491
   -119.2056798   67.6082665
   -119.2138784   67.6126600
   -119.2249561   67.6134920
   -119.2330212   67.6178708
   -119.2442322   67.6187176
   -119.2521624   67.6230810
   -119.2635093   67.6239428
   -119.2713066   67.6282913
   -119.2827851   67.6291680
   -119.2904498   67.6335017
   -119.3020612   67.6343940
   -119.3095929   67.6387122
   -119.3213372   67.6396200
   -119.3287361   67.6439225
   -119.3406131   67.6448461
   -119.3478793   67.6491327
   -119.3598890   67.6500724
   -119.3670226   67.6543428
   -119.3791656   67.6552988
   -119.3861659   67.6595525
   -119.3984416   67.6605255
   -119.4053093   67.6647623
   -119.4177173   67.6657522
   -119.4244517   67.6699713
   -119.4369932   67.6709786
   -119.4435960   67.6751808
   -119.4562688   67.6762056
   -119.4627392   67.6803899
   -119.4755451   67.6814331
   -119.4818821   67.6855987
   -119.4948209   67.6866606
   -119.5010256   67.6908075
   -119.5140971   67.6918883
   -119.5201694   67.6960157
   -119.5333717   67.6971155
   -119.5393130   67.7012242
   -119.5526478   67.7023435
   -119.5584568   67.7064322
   -119.5719233   67.7075719
   -119.5776006   67.7116402
   -119.5911985   67.7128004
   -119.5967445   67.7168479
   -119.6104737   67.7180291
   -119.6158876   67.7220548
   -119.6299365   67.7232739
   -119.6350667   67.7271275
   -119.6491816   67.7283575
   -119.6542452   67.7321999
   -119.6684267   67.7334411
   -119.6734236   67.7372724
   -119.6876717   67.7385249
   -119.6926020   67.7423443
   -119.7069157   67.7436081
   -119.7117798   67.7474165
   -119.7261608   67.7486920
   -119.7309583   67.7524887
   -119.7454058   67.7537760
   -119.7501369   67.7575608
   -119.7646501   67.7588599
   -119.7693154   67.7626331
   -119.7838954   67.7639439
   -119.7884934   67.7677040
   -119.8031398   67.7690271
   -119.8076727   67.7727759
   -119.8223847   67.7741114
   -119.8268513   67.7778476
   -119.8416289   67.7791957
   -119.8460299   67.7829195
   -119.8608736   67.7842800
   -119.8652086   67.7879911
   -119.8801184   67.7893646
   -119.8843873   67.7930626
   -119.8993638   67.7944493
   -119.9035662   67.7981335
   -119.9186072   67.7995335
   -119.9227449   67.8032050
   -119.9378517   67.8046181
   -119.9419235   67.8082759
   -119.9570964   67.8097034
   -119.9611010   67.8133463
   -119.9763412   67.8147881
   -119.9802804   67.8184172
   -119.9955857   67.8198734
   -119.9994594   67.8234878
   -120.0148295   67.8249579
   -120.0186383   67.8285585
   -120.0340741   67.8300434
   -120.0378173   67.8336290
   -120.0533186   67.8351290
   -120.0569963   67.8386994
   -120.0725625   67.8402147
   -120.0761752   67.8437699
   -120.0918067   67.8453004
   -120.0953543   67.8488400
   -120.1110516   67.8503865
   -120.1145335   67.8539095
   -120.1302954   67.8554721
   -120.1337121   67.8589787
   -120.1495393   67.8605579
   -120.1528917   67.8640488
   -120.1687833   67.8656442
   -120.1720706   67.8691179
   -120.1880275   67.8707312
   -120.1912493   67.8741871
   -120.2072717   67.8758181
   -120.2104286   67.8792562
   -120.2265157   67.8809051
   -120.2296080   67.8843251
   -120.2457590   67.8859915
   -120.2487875   67.8893938
   -120.2650031   67.8910789
   -120.2679669   67.8944623
   -120.2842471   67.8961665
   -120.2871465   67.8995306
   -120.3034904   67.9012543
   -120.3063260   67.9045991
   -120.3227344   67.9063421
   -120.3255052   67.9096659
   -120.3419779   67.9114294
   -120.3446853   67.9147336
   -120.3612217   67.9165179
   -120.3638651   67.9198010
   -120.3804648   67.9216066
   -120.3830448   67.9248685
   -120.3997081   67.9266953
   -120.4022245   67.9299350
   -120.4189516   67.9317850
   -120.4214038   67.9350015
   -120.4381954   67.9368747
   -120.4405840   67.9400674
   -120.4574377   67.9419639
   -120.4597640   67.9451338
   -120.4766808   67.9470537
   -120.4789442   67.9501994
   -120.4959240   67.9521442
   -120.4981241   67.9552641
   -120.5151672   67.9572347
   -120.5173048   67.9603291
   -120.5344100   67.9623258
   -120.5364853   67.9653938
   -120.5536522   67.9674164
   -120.5556659   67.9704580
   -120.5728951   67.9725084
   -120.5748466   67.9755218
   -120.5921378   67.9776007
   -120.5940274   67.9805851
   -120.6113798   67.9826935
   -120.6132081   67.9856486
   -120.6306220   67.9877863
   -120.6323889   67.9907105
   -120.6498645   67.9928806
   -120.6515696   67.9957720
   -120.6691063   67.9979742
   -120.6789035   68.0150073
   -120.6807573   68.0289521
   -120.6786376   68.0357964
   -120.6807323   68.0489008
   -120.6786794   68.0555996
   -120.6807081   68.0688489
   -120.6787199   68.0754027
   -120.6806844   68.0887990
   -120.6787599   68.0952058
   -120.6806620   68.1087477
   -120.6787992   68.1150089
   -120.6806402   68.1286951
   -120.6788372   68.1348119
   -120.6806190   68.1486448
   -120.6788751   68.1546149
   -120.6805988   68.1685934
   -120.6789122   68.1744180
   -120.6805792   68.1885412
   -120.6789483   68.1942210
   -120.6805598   68.2084914
   -120.6789843   68.2140240
   -120.6805414   68.2284399
   -120.6790197   68.2338270
   -120.6805235   68.2483872
   -120.6790540   68.2536299
   -120.6805059   68.2683369
   -120.6790883   68.2734329
   -120.6804891   68.2882854
   -120.6791222   68.2932359
   -120.6804728   68.3082338
   -120.6791556   68.3130388
   -120.6804569   68.3281814
   -120.6791882   68.3328417
   -120.6804410   68.3481317
   -120.6792208   68.3526447
   -120.6804260   68.3680802
   -120.6792529   68.3724476
   -120.6804112   68.3880271
   -120.6792838   68.3922519
   -120.6803961   68.4079770
   -120.6793151   68.4120538
   -120.6803823   68.4279254
   -120.6793462   68.4318573
   -120.6803687   68.4478728
   -120.6793766   68.4516601
   -120.6803549   68.4678232
   -120.6794071   68.4714630
   -120.6803420   68.4877716
   -120.6794372   68.4912659
   -120.6803293   68.5077200
   -120.6794671   68.5110688
   -120.6803169   68.5276667
   -120.6794963   68.5308716
   -120.6803044   68.5476167
   -120.6795256   68.5506745
   -120.6802926   68.5675655
   -120.6795548   68.5704773
   -120.6802808   68.5875127
   -120.6795832   68.5902801
   -120.6802690   68.6074627
   -120.6796118   68.6100830
   -120.6802579   68.6274111
   -120.6796403   68.6298858
   -120.6802470   68.6473576
   -120.6796680   68.6496886
   -120.6802358   68.6673077
   -120.6796960   68.6694914
   -120.6802254   68.6872561
   -120.6797238   68.6892942
   -120.6802150   68.7072030
   -120.6797510   68.7090971
   -120.6802044   68.7271537
   -120.6797784   68.7288999
   -120.6801104   68.9266376
   -120.6800237   69.2833677
   -120.6804340   69.2856983
   -120.6800234   69.3031699
   -120.6804513   69.3056435
   -120.6800229   69.3229725
   -120.6804685   69.3255936
   -120.6800234   69.3427752
   -120.6804856   69.3455418
   -120.6800241   69.3625774
   -120.6805018   69.3654874
   -120.6800246   69.3823796
   -120.6805181   69.3854377
   -120.6800261   69.4021818
   -120.6805341   69.4053854
   -120.6800278   69.4219841
   -120.6805493   69.4253304
   -120.6800294   69.4417863
   -120.6805646   69.4452808
   -120.6800318   69.4615885
   -120.6805797   69.4652290
   -120.6800344   69.4813908
   -120.6805941   69.4851745
   -120.6800369   69.5011930
   -120.6806084   69.5051250
   -120.6800402   69.5209953
   -120.6804385   69.5300755
   -120.4558292   69.9801279
   -120.3764475   70.1475117
   -120.2868005   70.3438503
   -120.2114477   70.5137923
   -120.0613329   70.5190226
   -120.0197430   70.5210207
   -119.9965629   70.5224500
   -119.9865228   70.5240383
   -119.8458968   70.5473826
   -119.7967850   70.5628883
   -119.7262243   70.5862917
   -119.5303654   70.5230228
   -119.5076009   70.5041023
   -119.4671057   70.4754793
   -119.4308711   70.4508239
   -119.3982165   70.4293768
   -119.3626294   70.4081972
   -119.3432797   70.3970197
   -119.3044538   70.3750370
   -119.2849784   70.3642652
   -119.2461587   70.3434975
   -119.2266571   70.3334177
   -119.1453118   70.2923535
   -119.1078455   70.2741249
   -119.0890230   70.2653100
   -119.0514653   70.2484029
   -119.0137744   70.2323438
   -118.9948878   70.2246367
   -118.8625436   70.1723824
   -118.8435657   70.1651627
   -118.8056731   70.1514467
   -118.7866702   70.1449173
   -118.7276004   70.1253424
   -118.5659780   70.0740824
   -118.5479914   70.0685236
   -118.4129838   70.0284100
   -118.3764062   70.0168590
   -118.3581517   70.0107494
   -118.3219286   69.9979348
   -118.2904062   69.9860009
   -118.2670985   69.9491339
   -118.2425268   69.9121934
   -118.2180871   69.8772855
   -118.1902781   69.8485093
   -118.1585033   69.8171515
   -118.1424852   69.8019308
   -118.1103514   69.7725602
   -118.0941702   69.7583490
   -118.0258376   69.6999487
   -117.9943683   69.6742122
   -117.9784424   69.6617642
   -117.9463869   69.6378494
   -117.9139984   69.6151914
   -117.8891255   69.6008878
   -117.8536082   69.5821881
   -117.8178336   69.5648231
   -117.7921317   69.5532887
   -117.7747948   69.5440460
   -117.7265348   69.5216887
   -117.7027874   69.5065279
   -117.6669192   69.4851755
   -117.6244438   69.4614567
   -117.6055539   69.4514157
   -117.5866367   69.4418654
   -117.5676245   69.4327721
   -117.5485790   69.4241660
   -117.5294790   69.4160370
   -117.5103294   69.4083871
   -117.4911290   69.4012158
   -117.4718942   69.3945287
   -117.4525633   69.3883050
   -117.4332034   69.3825667
   -117.4137928   69.3773069
   -117.3943269   69.3725242
   -117.3748271   69.3682236
   -117.3235857   69.3579780
   -117.3091674   69.3548509
   -117.2242317   69.3240373
   -117.2084878   69.3187297
   -117.1220301   69.4672886
   -117.0974030   69.5059948
   -117.0734412   69.5399397
   -117.0501865   69.5690623
   -117.0276214   69.5933867
   -117.0057535   69.6129049
   -116.9845682   69.6276293
   -116.9721208   69.6336559
   -116.9526453   69.6393531
   -116.9343712   69.6407389
   -116.9289130   69.6398046
   -116.9165357   69.6405303
   -116.9130036   69.6397320
   -116.8809043   69.6399745
   -116.8594838   69.6391104
   -116.8580621   69.6397868
   -116.8407189   69.6397672
   -116.8238789   69.6406270
   -116.8219419   69.6398321
   -116.8067929   69.6412988
   -116.8031666   69.6399740
   -116.7897047   69.6418936
   -116.7843929   69.6401927
   -116.7726163   69.6424114
   -116.7656208   69.6404873
   -116.7469330   69.6448656
   -116.7438623   69.6471831
   -116.7283413   69.6537018
   -116.7232424   69.6580317
   -116.7299885   69.6724976
   -116.7410005   69.6826949
   -116.7441917   69.6881535
   -116.7614718   69.6977512
   -116.7632531   69.6976661
   -116.7791352   69.7065918
   -116.7811152   69.7065137
   -116.7968010   69.7154309
   -116.7989748   69.7153628
   -116.8144660   69.7242685
   -116.8168354   69.7242134
   -116.8321334   69.7331045
   -116.8346936   69.7330655
   -116.8498007   69.7419396
   -116.8525526   69.7419195
   -116.8674681   69.7507724
   -116.8704102   69.7507738
   -116.8851376   69.7596042
   -116.8882664   69.7596300
   -116.9028070   69.7684353
   -116.9061234   69.7684880
   -116.9204764   69.7772640
   -116.9239786   69.7773463
   -116.9381477   69.7860925
   -116.9418353   69.7862068
   -116.9558184   69.7949187
   -116.9596893   69.7950676
   -116.9734909   69.8037448
   -116.9775439   69.8039305
   -116.9911636   69.8125693
   -116.9953965   69.8127940
   -117.0088358   69.8213925
   -117.0132503   69.8216587
   -117.0265102   69.8302148
   -117.0311018   69.8305244
   -117.0441844   69.8390364
   -117.0489542   69.8393918
   -117.0618584   69.8478559
   -117.0668049   69.8482591
   -117.0795333   69.8566754
   -117.0846564   69.8571286
   -117.0972084   69.8654929
   -117.1025061   69.8659978
   -117.1148852   69.8743105
   -117.1203567   69.8748692
   -117.1370306   69.8861498
   -117.1490253   69.9061762
   -117.1419499   69.9217703
   -117.1279827   69.9537606
   -117.1148796   69.9826383
   -117.1063118   69.9863782
   -117.0973033   69.9931695
   -117.0875928   69.9967329
   -117.0773420   70.0048928
   -117.0574106   70.0095707
   -117.0490256   70.0068108
   -117.0374965   70.0095392
   -117.0290618   70.0067680
   -117.0175820   70.0095071
   -117.0090991   70.0067257
   -116.9976691   70.0094759
   -116.9891347   70.0066831
   -116.9777546   70.0094437
   -116.9691725   70.0066410
   -116.9578417   70.0094124
   -116.9492087   70.0065984
   -116.9379280   70.0093800
   -116.9292460   70.0065557
   -116.9180135   70.0093485
   -116.9092825   70.0065141
   -116.8981007   70.0093168
   -116.8893187   70.0064716
   -116.8781862   70.0092847
   -116.8693565   70.0064298
   -116.8582733   70.0092529
   -116.8493922   70.0063872
   -116.8383588   70.0092207
   -116.8294294   70.0063456
   -116.8184459   70.0091888
   -116.8094656   70.0063033
   -116.7985322   70.0091563
   -116.7895034   70.0062611
   -116.7786178   70.0091242
   -116.7695391   70.0062192
   -116.7587049   70.0090919
   -116.7495764   70.0061773
   -116.7387899   70.0090599
   -116.7296126   70.0061357
   -116.7188770   70.0090271
   -116.7096504   70.0060937
   -116.6989633   70.0089950
   -116.6896861   70.0060515
   -116.6790489   70.0089621
   -116.6697234   70.0060103
   -116.6591359   70.0089301
   -116.6497596   70.0059684
   -116.6392215   70.0088971
   -116.6297973   70.0059271
   -116.6193086   70.0088650
   -116.6098331   70.0058852
   -116.5993949   70.0088317
   -116.5898703   70.0058436
   -116.5794805   70.0087994
   -116.5699065   70.0058025
   -116.5595675   70.0087663
   -116.5499443   70.0057608
   -116.5396531   70.0087339
   -116.5299800   70.0057196
   -116.5197402   70.0087007
   -116.5100173   70.0056783
   -116.4998265   70.0086680
   -116.4900542   70.0056370
   -116.4799116   70.0086353
   -116.4700905   70.0055961
   -116.4599986   70.0086019
   -116.4501277   70.0055546
   -116.4400842   70.0085693
   -116.4301635   70.0055140
   -116.4201713   70.0085358
   -116.4102012   70.0054728
   -116.4002576   70.0085028
   -116.3902375   70.0054316
   -116.3803432   70.0084691
   -116.3702747   70.0053908
   -116.3604302   70.0084363
   -116.3503104   70.0053499
   -116.3405158   70.0084025
   -116.3303482   70.0053094
   -116.3206029   70.0083696
   -116.3103844   70.0052684
   -116.3006892   70.0083355
   -116.2904216   70.0052274
   -116.2807748   70.0083024
   -116.2704574   70.0051872
   -116.2608618   70.0082684
   -116.2504951   70.0051464
   -116.2409474   70.0082352
   -116.2305314   70.0051062
   -116.2210340   70.0082013
   -116.2105686   70.0050654
   -116.2011203   70.0081674
   -116.1906044   70.0050249
   -116.1812059   70.0081335
   -116.1706421   70.0049849
   -116.1612929   70.0080998
   -116.1506783   70.0049444
   -116.1413786   70.0080658
   -116.1307155   70.0049043
   -116.1214656   70.0080319
   -116.1107520   70.0048644
   -116.1015519   70.0079980
   -116.0907883   70.0048241
   -116.0816375   70.0079635
   -116.0708260   70.0047843
   -116.0617246   70.0079298
   -116.0508618   70.0047440
   -116.0418102   70.0078951
   -116.0308990   70.0047046
   -116.0218972   70.0078612
   -116.0109353   70.0046645
   -116.0019835   70.0078262
   -115.9909730   70.0046245
   -115.9820692   70.0077922
   -115.9710088   70.0045850
   -115.9621562   70.0077573
   -115.9510459   70.0045453
   -115.9422418   70.0077232
   -115.9310822   70.0045061
   -115.9223283   70.0076883
   -115.9111199   70.0044663
   -115.9024140   70.0076537
   -115.8911557   70.0044271
   -115.8825010   70.0076188
   -115.8711929   70.0043876
   -115.8625873   70.0075838
   -115.8512292   70.0043481
   -115.8426730   70.0075489
   -115.8312669   70.0043092
   -115.8227600   70.0075140
   -115.8113027   70.0042697
   -115.8028456   70.0074788
   -115.7913399   70.0042311
   -115.7829326   70.0074438
   -115.7713762   70.0041919
   -115.7630190   70.0074083
   -115.7514138   70.0041526
   -115.7431046   70.0073732
   -115.7314497   70.0041140
   -115.7231916   70.0073377
   -115.7114868   70.0040751
   -115.7032773   70.0073024
   -115.6915238   70.0040369
   -115.6833643   70.0072674
   -115.6715601   70.0039981
   -115.6634501   70.0072314
   -115.6515973   70.0039590
   -115.6435358   70.0071958
   -115.6316331   70.0039211
   -115.6236228   70.0071600
   -115.6116708   70.0038824
   -115.6037084   70.0071244
   -115.5917071   70.0038444
   -115.5837954   70.0070884
   -115.5717442   70.0038057
   -115.5638817   70.0070523
   -115.5517801   70.0037675
   -115.5439674   70.0070162
   -115.5318177   70.0037297
   -115.5240544   70.0069802
   -115.5118541   70.0036915
   -115.5041401   70.0069440
   -115.4918912   70.0036536
   -115.4842271   70.0069077
   -115.4719270   70.0036158
   -115.4643134   70.0068711
   -115.4519647   70.0035777
   -115.4443991   70.0068348
   -115.4320010   70.0035404
   -115.4244861   70.0067982
   -115.4120382   70.0035023
   -115.4045713   70.0067619
   -115.3920740   70.0034653
   -115.3846582   70.0067248
   -115.3721116   70.0034275
   -115.3647446   70.0066883
   -115.3521480   70.0033899
   -115.3448303   70.0066511
   -115.3321856   70.0033529
   -115.3249172   70.0066146
   -115.3122215   70.0033154
   -115.3050030   70.0065771
   -115.2922586   70.0032788
   -115.2850899   70.0065404
   -115.2722956   70.0032417
   -115.2651763   70.0065031
   -115.2523320   70.0032046
   -115.2452620   70.0064658
   -115.2323691   70.0031678
   -115.2253489   70.0064284
   -115.2124049   70.0031312
   -115.2054346   70.0063909
   -115.1924425   70.0030947
   -115.1855216   70.0063534
   -115.1724789   70.0030580
   -115.1656079   70.0063155
   -115.1525160   70.0030210
   -115.1456937   70.0062778
   -115.1325519   70.0029853
   -115.1257806   70.0062399
   -115.1125895   70.0029486
   -115.1058658   70.0062024
   -115.0926259   70.0029128
   -115.0859528   70.0061639
   -115.0726630   70.0028763
   -115.0660391   70.0061259
   -115.0526989   70.0028403
   -115.0461249   70.0060873
   -115.0327365   70.0028047
   -115.0262118   70.0060494
   -115.0127729   70.0027686
   -115.0062976   70.0060106
   -114.9928099   70.0027331
   -114.9863845   70.0059724
   -114.9728458   70.0026975
   -114.9664702   70.0059334
   -114.9528834   70.0026623
   -114.9465572   70.0058951
   -114.9329198   70.0026267
   -114.9266435   70.0058556
   -114.9129569   70.0025910
   -114.9067293   70.0058171
   -114.8929934   70.0025565
   -114.8868162   70.0057781
   -114.8730298   70.0025213
   -114.8669020   70.0057390
   -114.8530674   70.0024865
   -114.8469884   70.0057001
   -114.8331033   70.0024512
   -114.8270747   70.0056599
   -114.8131403   70.0024165
   -114.8071605   70.0056210
   -114.7931768   70.0023822
   -114.7872474   70.0055809
   -114.7732143   70.0023473
   -114.7673332   70.0055418
   -114.7532503   70.0023131
   -114.7474201   70.0055013
   -114.7332873   70.0022788
   -114.7275065   70.0054617
   -114.7133237   70.0022444
   -114.7075923   70.0054213
   -114.6933613   70.0022106
   -114.6876792   70.0053816
   -114.6733972   70.0021762
   -114.6677650   70.0053408
   -114.6534343   70.0021430
   -114.6478519   70.0053008
   -114.6334707   70.0021090
   -114.6279382   70.0052596
   -114.6135082   70.0020751
   -114.6080240   70.0052196
   -114.5935442   70.0020418
   -114.5881109   70.0051781
   -114.5735812   70.0020085
   -114.5681967   70.0051379
   -114.5536177   70.0019755
   -114.5482831   70.0050966
   -114.5336552   70.0019420
   -114.5283695   70.0050554
   -114.5136912   70.0019088
   -114.5084553   70.0050140
   -114.4937282   70.0018763
   -114.4885422   70.0049727
   -114.4737652   70.0018436
   -114.4686280   70.0049318
   -114.4538016   70.0018113
   -114.4487149   70.0048896
   -114.4338387   70.0017785
   -114.4288012   70.0048479
   -114.4138746   70.0017462
   -114.4088870   70.0048057
   -114.3939121   70.0017143
   -114.3889739   70.0047641
   -114.3739486   70.0016820
   -114.3690598   70.0047215
   -114.3539856   70.0016502
   -114.3491466   70.0046794
   -114.3340216   70.0016185
   -114.3292330   70.0046363
   -114.3140591   70.0015865
   -114.3093188   70.0045944
   -114.2940956   70.0015553
   -114.2894052   70.0045514
   -114.2741326   70.0015234
   -114.2694911   70.0045085
   -114.2541686   70.0014930
   -114.2495779   70.0044653
   -114.2342061   70.0014614
   -114.2296643   70.0044220
   -114.2142426   70.0014304
   -114.2097501   70.0043788
   -114.1942796   70.0013996
   -114.1898370   70.0043351
   -114.1743155   70.0013693
   -114.1699229   70.0042916
   -114.1543530   70.0013388
   -114.1500097   70.0042478
   -114.1343895   70.0013085
   -114.1300961   70.0042036
   -114.1144265   70.0012777
   -114.1101820   70.0041595
   -114.0944630   70.0012487
   -114.0902688   70.0041157
   -114.0744995   70.0012185
   -114.0703547   70.0040709
   -114.0545370   70.0011891
   -114.0504416   70.0040268
   -114.0345730   70.0011592
   -114.0305269   70.0039818
   -114.0146100   70.0011302
   -114.0106138   70.0039369
   -113.9946465   70.0011010
   -113.9907002   70.0038916
   -113.9746840   70.0010714
   -113.9707860   70.0038466
   -113.9547200   70.0010430
   -113.9508729   70.0038008
   -113.9347569   70.0010142
   -113.9309588   70.0037554
   -113.9147935   70.0009862
   -113.9110456   70.0037095
   -113.8948309   70.0009573
   -113.8911320   70.0036635
   -113.8748669   70.0009290
   -113.8712179   70.0036172
   -113.8549039   70.0009014
   -113.8513047   70.0035709
   -113.8349404   70.0008736
   -113.8313906   70.0035245
   -113.8149779   70.0008460
   -113.8114775   70.0034778
   -113.7950139   70.0008185
   -113.7915639   70.0034305
   -113.7750509   70.0007910
   -113.7716498   70.0033837
   -113.7550874   70.0007646
   -113.7517366   70.0033363
   -113.7351249   70.0007371
   -113.7318220   70.0032895
   -113.7151609   70.0007106
   -113.7119089   70.0032410
   -113.6951978   70.0006843
   -113.6919952   70.0031935
   -113.6752348   70.0006578
   -113.6720812   70.0031457
   -113.6552714   70.0006323
   -113.6521680   70.0030974
   -113.6353083   70.0006057
   -113.6322539   70.0030489
   -113.6153444   70.0005811
   -113.6123408   70.0030001
   -113.5953818   70.0005550
   -113.5924272   70.0029511
   -113.5754183   70.0005298
   -113.5725131   70.0029022
   -113.5554553   70.0005046
   -113.5525999   70.0028525
   -113.5354913   70.0004803
   -113.5326858   70.0028032
   -113.5155288   70.0004556
   -113.5127727   70.0027534
   -113.4955653   70.0004313
   -113.4928591   70.0027033
   -113.4756023   70.0004065
   -113.4729445   70.0026535
   -113.4556383   70.0003832
   -113.4530314   70.0026024
   -113.4356758   70.0003592
   -113.4331173   70.0025526
   -113.4157123   70.0003360
   -113.4132041   70.0025011
   -113.3957492   70.0003125
   -113.3932905   70.0024500
   -113.3757853   70.0002896
   -113.3733765   70.0023983
   -113.3558227   70.0002672
   -113.3534633   70.0023472
   -113.3358593   70.0002443
   -113.3335493   70.0022950
   -113.3158962   70.0002223
   -113.3136361   70.0022430
   -113.2959323   70.0002004
   -113.2937225   70.0021900
   -113.2759697   70.0001784
   -113.2738084   70.0021381
   -113.2560067   70.0001572
   -113.2538953   70.0020852
   -113.2360427   70.0001360
   -113.2339812   70.0020319
   -113.2160797   70.0001154
   -113.2140676   70.0019789
   -113.1961162   70.0000944
   -113.1941536   70.0019249
   -113.1761537   70.0000742
   -113.1742404   70.0018714
   -113.1561897   70.0000537
   -113.1543268   70.0018161
   -113.1362267   70.0000340
   -113.1344128   70.0017624
   -113.1162632   70.0000146
   -113.1144996   70.0017070
   -113.0963006   69.9999951
   -113.0945856   70.0016527
   -113.0763367   69.9999762
   -113.0746724   70.0015963
   -113.0563736   69.9999577
   -113.0547588   70.0015410
   -113.0364102   69.9999390
   -113.0348448   70.0014848
   -113.0164476   69.9999211
   -113.0149316   70.0014290
   -112.9964837   69.9999029
   -112.9950176   70.0013717
   -112.9765206   69.9998862
   -112.9751045   70.0013152
   -112.9565572   69.9998686
   -112.9551909   70.0012573
   -112.9365946   69.9998515
   -112.9352769   70.0012006
   -112.9153688   69.9997427
   -112.9134343   69.9974602
   -112.8954942   69.9896094
   -112.8890945   69.9819020
   -112.8891755   69.9765743
   -112.8865726   69.9618989
   -112.8871329   69.9578912
   -112.8844618   69.9443485
   -112.8850655   69.9392119
   -112.8823747   69.9267953
   -112.8829741   69.9205319
   -112.8803111   69.9092365
   -112.8808597   69.9018557
   -112.8782704   69.8916779
   -112.8787237   69.8831815
   -112.8737062   69.8647816
   -112.8671193   69.8541529
   -112.8544329   69.8517582
   -112.8392131   69.8531400
   -112.8350835   69.8523077
   -112.8192511   69.8536198
   -112.8157348   69.8528645
   -112.7992891   69.8540923
   -112.7963869   69.8534290
   -112.7793271   69.8545570
   -112.7770389   69.8540014
   -112.7593647   69.8550137
   -112.7576916   69.8545826
   -112.6994784   69.8563860
   -112.6609358   69.8571458
   -112.6595523   69.8576313
   -112.6415788   69.8575599
   -112.6395891   69.8582503
   -112.6222218   69.8579764
   -112.6196263   69.8588665
   -112.6028651   69.8583958
   -112.5996636   69.8594800
   -112.5835090   69.8588179
   -112.5797009   69.8600904
   -112.5641525   69.8592430
   -112.5597376   69.8606977
   -112.5447964   69.8596715
   -112.5397745   69.8613013
   -112.5254409   69.8601035
   -112.5064110   69.8661810
   -112.5040978   69.8678965
   -112.4875481   69.8751477
   -112.4690227   69.8899479
   -112.4542171   69.9072704
   -112.4608574   69.9187130
   -112.4670502   69.9261803
   -112.4778402   69.9453660
   -112.4836841   69.9647631
   -112.4854448   69.9746716
   -112.4748345   69.9894585
   -112.4549707   70.0013021
   -112.4350798   70.0055418
   -112.4311983   70.0019735
   -112.4151725   70.0055471
   -112.4112722   70.0019913
   -112.3952653   70.0055516
   -112.3913469   70.0020088
   -112.3753580   70.0055570
   -112.3714209   70.0020264
   -112.3554507   70.0055616
   -112.3514952   70.0020434
   -112.3355431   70.0055667
   -112.3315699   70.0020618
   -112.3156362   70.0055724
   -112.3116438   70.0020787
   -112.2957290   70.0055775
   -112.2917180   70.0020959
   -112.2758217   70.0055833
   -112.2717920   70.0021132
   -112.2559145   70.0055882
   -112.2518667   70.0021302
   -112.2360072   70.0055941
   -112.2319406   70.0021474
   -112.2161000   70.0055992
   -112.2120149   70.0021639
   -112.1961923   70.0056047
   -112.1920896   70.0021819
   -112.1762854   70.0056108
   -112.1721636   70.0021984
   -112.1563782   70.0056163
   -112.1522383   70.0022156
   -112.1364709   70.0056222
   -112.1323122   70.0022320
   -112.1165637   70.0056279
   -112.1123869   70.0022491
   -112.0966564   70.0056339
   -112.0924609   70.0022654
   -112.0767488   70.0056397
   -112.0725351   70.0022826
   -112.0568419   70.0056464
   -112.0526090   70.0022993
   -112.0369347   70.0056520
   -112.0326833   70.0023154
   -112.0170274   70.0056579
   -112.0127581   70.0023322
   -111.9971202   70.0056641
   -111.9928320   70.0023483
   -111.9772129   70.0056701
   -111.9729067   70.0023650
   -111.9573052   70.0056766
   -111.9529806   70.0023816
   -111.9373984   70.0056830
   -111.9330554   70.0023982
   -111.9174912   70.0056894
   -111.9131293   70.0024141
   -111.8975839   70.0056956
   -111.8932036   70.0024303
   -111.8776767   70.0057015
   -111.8732783   70.0024464
   -111.8577694   70.0057084
   -111.8533517   70.0024622
   -111.8378622   70.0057147
   -111.8334265   70.0024787
   -111.8179544   70.0057214
   -111.8135004   70.0024949
   -111.7980476   70.0057281
   -111.7935752   70.0025113
   -111.7781404   70.0057349
   -111.7736490   70.0025269
   -111.7582331   70.0057413
   -111.7537233   70.0025428
   -111.7383259   70.0057475
   -111.7337981   70.0025586
   -111.7184186   70.0057546
   -111.7138720   70.0025745
   -111.6985109   70.0057611
   -111.6939468   70.0025908
   -111.6786041   70.0057686
   -111.6740206   70.0026067
   -111.6586969   70.0057750
   -111.6540954   70.0026223
   -111.6387896   70.0057822
   -111.6341688   70.0026378
   -111.6188824   70.0057889
   -111.6142436   70.0026538
   -111.5989751   70.0057960
   -111.5943174   70.0026691
   -111.5790679   70.0058027
   -111.5743918   70.0026847
   -111.5591601   70.0058094
   -111.5544666   70.0027007
   -111.5392534   70.0058171
   -111.5345404   70.0027164
   -111.5193461   70.0058238
   -111.5146152   70.0027318
   -111.4994389   70.0058312
   -111.4946891   70.0027474
   -111.4795316   70.0058379
   -111.4747639   70.0027627
   -111.4596244   70.0058454
   -111.4548372   70.0027779
   -111.4397166   70.0058525
   -111.4349115   70.0027938
   -111.4198099   70.0058596
   -111.4149864   70.0028091
   -111.3999027   70.0058672
   -111.3950602   70.0028245
   -111.3799954   70.0058741
   -111.3751350   70.0028397
   -111.3600882   70.0058818
   -111.3552088   70.0028551
   -111.3401809   70.0058887
   -111.3352837   70.0028702
   -111.3202737   70.0058964
   -111.3153575   70.0028856
   -111.3003659   70.0059034
   -111.2954324   70.0029012
   -111.2804592   70.0059115
   -111.2755061   70.0029165
   -111.2605519   70.0059186
   -111.2555805   70.0029312
   -111.2406447   70.0059258
   -111.2356548   70.0029463
   -111.2207374   70.0059336
   -111.2157286   70.0029615
   -111.2008302   70.0059407
   -111.1958035   70.0029765
   -111.1809224   70.0059487
   -111.1758773   70.0029922
   -111.1610157   70.0059562
   -111.1559522   70.0030071
   -111.1411084   70.0059641
   -111.1360259   70.0030222
   -111.1212012   70.0059713
   -111.1161002   70.0030368
   -111.1012939   70.0059787
   -111.0961751   70.0030520
   -111.0813867   70.0059865
   -111.0762489   70.0030666
   -111.0614794   70.0059940
   -111.0563238   70.0030818
   -111.0415716   70.0060019
   -111.0363976   70.0030970
   -111.0216649   70.0060098
   -111.0164720   70.0031119
   -111.0017577   70.0060178
   -110.9965457   70.0031268
   -110.9818505   70.0060252
   -110.9766200   70.0031412
   -110.9619432   70.0060328
   -110.9566950   70.0031563
   -110.9420360   70.0060407
   -110.9367687   70.0031708
   -110.9221281   70.0060484
   -110.9168436   70.0031864
   -110.9022215   70.0060567
   -110.8969173   70.0032008
   -110.8823142   70.0060644
   -110.8769923   70.0032159
   -110.8624070   70.0060724
   -110.8570660   70.0032303
   -110.8424997   70.0060801
   -110.8371409   70.0032452
   -110.8225925   70.0060882
   -110.8172146   70.0032596
   -110.8026846   70.0060960
   -110.7972885   70.0032745
   -110.7827780   70.0061040
   -110.7773634   70.0032894
   -110.7628707   70.0061122
   -110.7574371   70.0033038
   -110.7429635   70.0061199
   -110.7375121   70.0033186
   -110.7230562   70.0061281
   -110.7175858   70.0033329
   -110.7031490   70.0061359
   -110.6976608   70.0033478
   -110.6832418   70.0061441
   -110.6777344   70.0033620
   -110.6633339   70.0061521
   -110.6578088   70.0033771
   -110.6434273   70.0061601
   -110.6378837   70.0033915
   -110.6235200   70.0061685
   -110.6179574   70.0034061
   -110.6036128   70.0061762
   -110.5980324   70.0034205
   -110.5837055   70.0061846
   -110.5781056   70.0034347
   -110.5637983   70.0061925
   -110.5581806   70.0034495
   -110.5438904   70.0062010
   -110.5382542   70.0034642
   -110.5239838   70.0062093
   -110.5183292   70.0034789
   -110.5040765   70.0062176
   -110.4984029   70.0034930
   -110.4841693   70.0062256
   -110.4784772   70.0035073
   -110.4642621   70.0062334
   -110.4585522   70.0035216
   -110.4443548   70.0062419
   -110.4386259   70.0035360
   -110.4244476   70.0062498
   -110.4187009   70.0035503
   -110.4045396   70.0062585
   -110.3987745   70.0035653
   -110.3846331   70.0062667
   -110.3788495   70.0035795
   -110.3647258   70.0062753
   -110.3589227   70.0035936
   -110.3448186   70.0062834
   -110.3389970   70.0036079
   -110.3249113   70.0062913
   -110.3190720   70.0036221
   -110.3050041   70.0063000
   -110.2991457   70.0036364
   -110.2850961   70.0063081
   -110.2792207   70.0036511
   -110.2651896   70.0063170
   -110.2592943   70.0036654
   -110.2452824   70.0063250
   -110.2393694   70.0036796
   -110.2253751   70.0063337
   -110.2194430   70.0036938
   -110.2054679   70.0063417
   -110.1995173   70.0037076
   -110.1855606   70.0063499
   -110.1795919   70.0037219
   -110.1656534   70.0063586
   -110.1596655   70.0037361
   -110.1457454   70.0063668
   -110.1397405   70.0037507
   -110.1258389   70.0063759
   -110.1198141   70.0037649
   -110.1059317   70.0063839
   -110.0998892   70.0037790
   -110.0860244   70.0063927
   -110.0799628   70.0037932
   -110.0661172   70.0064008
   -110.0600379   70.0038072
   -110.0401017   70.0075591
   -110.0335570   70.0128017
   -110.0201457   70.0191946
   -110.0098381   70.0290224
   -110.0065716   70.2777504
   -110.0069516   70.2796492
   -110.0063220   70.2976281
   -110.0067120   70.2995925
   -110.0060729   70.3175105
   -110.0064719   70.3195359
   -110.0058236   70.3373882
   -110.0062319   70.3394771
   -110.0055741   70.3572701
   -110.0059915   70.3594226
   -110.0053249   70.3771500
   -110.0057512   70.3793660
   -110.0050757   70.3970276
   -110.0055108   70.3993072
   -110.0048265   70.4169100
   -110.0052702   70.4192527
   -110.0045777   70.4367877
   -110.0050302   70.4391961
   -110.0043291   70.4566697
   -110.0047895   70.4591394
   -110.0040802   70.4765495
   -110.0045483   70.4790806
   -110.0038310   70.4964271
   -110.0043079   70.4990261
   -110.0035827   70.5163096
   -110.0040670   70.5189695
   -110.0033342   70.5361873
   -110.0038265   70.5389129
   -110.0030860   70.5560693
   -110.0035850   70.5588540
   -110.0028371   70.5759473
   -110.0033443   70.5787996
   -110.0025892   70.5958295
   -110.0031031   70.5987429
   -110.0023408   70.6157092
   -110.0028618   70.6186863
   -110.0020927   70.6355869
   -110.0026206   70.6386274
   -110.0018443   70.6554689
   -110.0023790   70.6585730
   -110.0015964   70.6753469
   -110.0021380   70.6785164
   -110.0013488   70.6952291
   -110.0018961   70.6984575
   -110.0011002   70.7151089
   -110.0016543   70.7184031
   -110.0008525   70.7349865
   -110.0014132   70.7383465
   -110.0006050   70.7548686
   -110.0011714   70.7582898
   -110.0003573   70.7747466
   -110.0009296   70.7782308
   -110.0001096   70.7946288
   -110.0006877   70.7981765
   -109.9998620   70.8145062
   -110.0004462   70.8181199
   -109.9996149   70.8343885
   -110.0002042   70.8380632
   -109.9993673   70.8542683
   -109.9999617   70.8580042
   -109.9991195   70.8741463
   -109.9997199   70.8779499
   -109.9988725   70.8940285
   -109.9994777   70.8978933
   -109.9986253   70.9139059
   -109.9992358   70.9178366
   -109.9983785   70.9337882
   -109.9989932   70.9377776
   -109.9981307   70.9536680
   -109.9987506   70.9577234
   -109.9978838   70.9735460
   -109.9985086   70.9776667
   -109.9976371   70.9934283
   -109.9982657   70.9976077
   -109.9973897   71.0133057
   -109.9980235   71.0175534
   -109.9971431   71.0331884
   -109.9977808   71.0374968
   -109.9968964   71.0530659
   -109.9975386   71.0574401
   -109.9966499   71.0729482
   -109.9972955   71.0773810
   -109.9964026   71.0928281
   -109.9970526   71.0973268
   -109.9961560   71.1127054
   -109.9968102   71.1172702
   -109.9959097   71.1325882
   -109.9965672   71.1372135
   -109.9956633   71.1524657
   -109.9963244   71.1571544
   -109.9954166   71.1723480
   -109.9960812   71.1771002
   -109.9951701   71.1922279
   -109.9958381   71.1970436
   -109.9949238   71.2121052
   -109.9955954   71.2169869
   -109.9946778   71.2319881
   -109.9953519   71.2369278
   -109.9944311   71.2518655
   -109.9951090   71.2568736
   -109.9941851   71.2717478
   -109.9948656   71.2768170
   -109.9939391   71.2916252
   -109.9946225   71.2967578
   -109.9936927   71.3115075
   -109.9943789   71.3167037
   -109.9934466   71.3313879
   -109.9941354   71.3366470
   -109.9932007   71.3512653
   -109.9938924   71.3565904
   -109.9929550   71.3711477
   -109.9936485   71.3765312
   -109.9927087   71.3910250
   -109.9934052   71.3964771
   -109.9924631   71.4109074
   -109.9931616   71.4164204
   -109.9922172   71.4307878
   -109.9929178   71.4363638
   -109.9919716   71.4506651
   -109.9926743   71.4563045
   -109.9917256   71.4705476
   -109.9924303   71.4762505
   -109.9914800   71.4904253
   -109.9921869   71.4961938
   -109.9912347   71.5103079
   -109.9919430   71.5161372
   -109.9909892   71.5301851
   -109.9916993   71.5360779
   -109.9907434   71.5500676
   -109.9914551   71.5560239
   -109.9904978   71.5699475
   -109.9912111   71.5759672
   -109.9902525   71.5898252
   -109.9909672   71.5959079
   -109.9900069   71.6097078
   -109.9907229   71.6158539
   -109.9897616   71.6295850
   -109.9904792   71.6357973
   -109.9895166   71.6494676
   -109.9902350   71.6557406
   -109.9892714   71.6693447
   -109.9899909   71.6756813
   -109.9890260   71.6892278
   -109.9897464   71.6956273
   -109.9887808   71.7091078
   -109.9895021   71.7155707
   -109.9885357   71.7289849
   -109.9892582   71.7355140
   -109.9882909   71.7488675
   -109.9890135   71.7554546
   -109.9880454   71.7687446
   -109.9887693   71.7754007
   -109.9878006   71.7886278
   -109.9885248   71.7953440
   -109.9875556   71.8085077
   -109.9882803   71.8152874
   -109.9873108   71.8283848
   -109.9880359   71.8352280
   -109.9870657   71.8482675
   -109.9877911   71.8551741
   -109.9868209   71.8681446
   -109.9875469   71.8751174
   -109.9865763   71.8880278
   -109.9873019   71.8950580
   -109.9863312   71.9079049
   -109.9870575   71.9150041
   -109.9860867   71.9277876
   -109.9868127   71.9349475
   -109.9858419   71.9476680
   -109.9865679   71.9548908
   -109.9855974   71.9675451
   -109.9863232   71.9748313
   -109.9853525   71.9874278
   -109.9860781   71.9947775
   -109.9851081   72.0073049
   -109.9858337   72.0147208
   -109.9848637   72.0271876
   -109.9855887   72.0346642
   -109.9846191   72.0470680
   -109.9853434   72.0546047
   -109.9843744   72.0669451
   -109.9850987   72.0745509
   -109.9841301   72.0868278
   -109.9848536   72.0944942
   -109.9838859   72.1067049
   -109.9846090   72.1144376
   -109.9836417   72.1265876
   -109.9843636   72.1343780
   -109.9833970   72.1464651
   -109.9841187   72.1543242
   -109.9831529   72.1663480
   -109.9838735   72.1742676
   -109.9829086   72.1862278
   -109.9836280   72.1942080
   -109.9826640   72.2061049
   -109.9833829   72.2141543
   -109.9824200   72.2259877
   -109.9831376   72.2340976
   -109.9821760   72.2458651
   -109.9828928   72.2540410
   -109.9819321   72.2657480
   -109.9826471   72.2739814
   -109.9816874   72.2856279
   -109.9824015   72.2939276
   -109.9814435   72.3055049
   -109.9821565   72.3138710
   -109.9811996   72.3253877
   -109.9819110   72.3338143
   -109.9809558   72.3452652
   -109.9816658   72.3537547
   -109.9807116   72.3651481
   -109.9814200   72.3737010
   -109.9804678   72.3850250
   -109.9811749   72.3936443
   -109.9802241   72.4049084
   -109.9809293   72.4135877
   -109.9799802   72.4247884
   -109.9806834   72.4335280
   -109.9797360   72.4446652
   -109.9814038   72.4655922
   -109.9844618   72.4773609
   -109.9803716   72.4954495
   -109.9783582   72.5178209
   -109.9749665   72.5335094
   -109.9836661   72.5742804
   -109.9892189   72.5899459
   -109.9822028   72.6091536
   -109.9785719   72.6265365
   -109.9773988   72.6439622
   -109.9779730   72.6517833
   -109.9771705   72.6614148
   -109.9777316   72.6712317
   -109.9769745   72.6788612
   -109.9774585   72.6906767
   -109.9747211   72.7119631
   -109.9780991   72.7401827
   -109.9768562   72.7462642
   -109.9759252   72.7659210
   -109.9763751   72.7700623
   -109.9757093   72.7855923
   -109.9761134   72.7891776
   -109.9744620   72.9036249
   -109.9736728   72.9803309
   -109.8369651   73.9106221
   -109.7895026   73.9147434
   -109.8000731   73.9948079
   -109.8150117   74.0990884
   -109.8302283   74.1966059
   -109.8457230   74.2873605
   -109.8614956   74.3713521
   -109.8706396   74.4153490
   -109.8774497   74.4509195
   -109.8824967   74.4743588
   -109.8939222   74.5325101
   -109.9495824   74.8512996
   -109.9506240   74.8708622
   -109.9499017   74.8814498
   -109.9503827   74.8904120
   -109.9496611   74.9010926
   -109.9501409   74.9099658
   -109.9494208   74.9207319
   -109.9499000   74.9295238
   -109.9491810   74.9403794
   -109.9496584   74.9490735
   -109.9489408   74.9600186
   -109.9494171   74.9686268
   -109.9487005   74.9796662
   -109.9491753   74.9881807
   -109.9484601   74.9993095
   -109.9489335   75.0077387
   -109.9482206   75.0189488
   -109.9486924   75.0272879
   -109.9479805   75.0385963
   -109.9484504   75.0468417
   -109.9477402   75.0582397
   -109.9482085   75.0663997
   -109.9475008   75.0778790
   -109.9479672   75.0859494
   -109.9472608   75.0975265
   -109.9477251   75.1055033
   -109.9470210   75.1171657
   -109.9474834   75.1250566
   -109.9467811   75.1368133
   -109.9472415   75.1446147
   -109.9465416   75.1564567
   -109.9469994   75.1641643
   -109.9463018   75.1760959
   -109.9467576   75.1837176
   -109.9460621   75.1957431
   -109.9465153   75.2032715
   -109.9458224   75.2153817
   -109.9462737   75.2228296
   -109.9455833   75.2350293
   -109.9460315   75.2423787
   -109.9453435   75.2546727
   -109.9457891   75.2619325
   -109.9451039   75.2743119
   -109.9455473   75.2814906
   -109.9448649   75.2939596
   -109.9453050   75.3010402
   -109.9446252   75.3136030
   -109.9450624   75.3205940
   -109.9443857   75.3332421
   -109.9448203   75.3401474
   -109.9441464   75.3528898
   -109.9445779   75.3597056
   -109.9439075   75.3725289
   -109.9443359   75.3792551
   -109.9436682   75.3921766
   -109.9440932   75.3988084
   -109.9434287   75.4118200
   -109.9438507   75.4183666
   -109.9431899   75.4314591
   -109.9436086   75.4379161
   -109.9429507   75.4511068
   -109.9433657   75.4574700
   -109.9427115   75.4707459
   -109.9431233   75.4770238
   -109.9424725   75.4903932
   -109.9428807   75.4965815
   -109.9422336   75.5100361
   -109.9426379   75.5161310
   -109.9419945   75.5296751
   -109.9423954   75.5356848
   -109.9344837   75.7043268
   -109.9554720   75.7159939
   -109.9380042   75.8774385
   -109.9374629   75.9096665
   -109.9384776   75.9258072
   -109.9603807   76.0690684
   -109.9281819   76.0879886
   -109.9337135   76.2431687
   -109.9330956   76.2522214
   -109.9334795   76.2622616
   -109.9328547   76.2718015
   -109.9332446   76.2813549
   -109.9326150   76.2913911
   -109.9330081   76.3004531
   -109.9323772   76.3109713
   -109.9327709   76.3195416
   -109.9321404   76.3305563
   -109.9325321   76.3386350
   -109.9319046   76.3501459
   -109.9322915   76.3577283
   -109.9316702   76.3697262
   -109.9320501   76.3768217
   -109.9314370   76.3893159
   -109.9318070   76.3959150
   -109.9312051   76.4088962
   -109.9315631   76.4150084
   -109.9302908   76.4872414
   -109.9322849   76.5163334
   -109.9388371   76.5404106
   -110.0184830   76.7882741
   -110.1154072   76.9962089
   -110.0718869   77.0180197
   -110.0386121   77.0336001
   -110.0049381   77.0479197
   -109.9708647   77.0609784
   -109.8365559   77.1083091
   -109.8151344   77.1243457
   -109.6124573   77.2707658
   -109.6108402   77.2719744
   -109.5794405   77.3033298
   -109.4773463   77.3887677
   -109.6102471   77.5329792
   -109.6325789   77.5562750
   -109.6547091   77.5784132
   -109.6765547   77.5993119
   -109.6982037   77.6190564
   -109.7196143   77.6376072
   -109.7407995   77.6549761
   -109.8822089   77.7641819
   -109.8998014   77.7888591
   -109.9125416   77.9390980
   -109.9113011   78.0519580
   -109.9107120   78.0908718
   -109.9100181   78.1997571
   -109.9224813   78.2135549
   -109.9086873   78.3090629
   -109.9076230   78.3286559
   -109.9079374   78.3375261
   -109.9044429   78.6031999
   -109.9040234   78.6414982
   -109.9022266   78.6604963
   -109.8988164   78.6794760
   -109.3436572   80.7757960
   -109.3399349   80.7900989
   -108.5664088   84.7495626
   -107.4273043   84.9403358
   -107.4268928   84.9403700
   -57.4994352   84.9519799
   -57.4989712   84.9518334
   -54.8249297   83.0747802
   -54.8249697   83.0745945
   -60.2159731   82.0503184
   -61.9622348   81.7894494
   -61.9635459   81.7891625
   -63.6765647   81.2917596
   -63.6769796   81.2916581
   -66.2070774   80.7864085
   -66.2074650   80.7863468
   -67.1986766   80.6682907
   -67.2014366   80.6675509
   -69.3677447   79.7381781
   -71.8647170   78.7359413
   -71.8649247   78.7358633
   -75.8886790   77.3247301
   -75.8939370   77.3204510
   -75.8953581   77.3157719
   -75.8939210   77.3101097
   -75.8904405   77.3066747
   -74.2691076   76.3527658
   -74.2660358   76.3515866
   -63.8967986   74.2359466
   -63.8964168   74.2357241
   -57.8321359   67.2720983
   -53.6118376   62.4730811
   -53.6145339   62.4721853
END
END
