north-america-canada-quebec
1
   -67.9039480   47.9967633
   -67.9099204   47.9967606
   -67.9149881   48.0024689
   -67.9208257   48.0024714
   -67.9234680   47.9967547
   -67.9292610   47.9967521
   -67.9348255   48.0024774
   -67.9404394   48.0024798
   -67.9429926   47.9967461
   -67.9485555   47.9967436
   -67.9547160   48.0024860
   -67.9600497   48.0024882
   -67.9625206   47.9967375
   -67.9677899   47.9967352
   -67.9746774   48.0024945
   -67.9796561   48.0024967
   -67.9820512   47.9967289
   -67.9869421   47.9967267
   -67.9947341   48.0025031
   -67.9992608   48.0025051
   -68.0015852   47.9967203
   -68.0059788   47.9967184
   -68.0149295   48.0025118
   -68.0188623   48.0025135
   -68.0211216   47.9967117
   -68.0248392   47.9967100
   -68.0353306   48.0025206
   -68.0384612   48.0025219
   -68.0406597   47.9967031
   -68.0434266   47.9967019
   -68.0560561   48.0025294
   -68.0580583   48.0025303
   -68.0615390   47.9966939
   -68.0773389   48.0025386
   -68.0796497   47.9969476
   -68.0974662   48.0019168
   -68.0989389   47.9976771
   -68.1173151   48.0011512
   -68.1186632   47.9971679
   -68.1234372   47.9934763
   -68.1195146   47.9783738
   -68.1232741   47.9753844
   -68.1195532   47.9602043
   -68.1231173   47.9572928
   -68.1195860   47.9420344
   -68.1229645   47.9392019
   -68.1196133   47.9238644
   -68.1246583   47.9182898
   -68.1443899   47.9176442
   -68.1445697   47.9171555
   -68.1637593   47.9179463
   -68.1644848   47.9161283
   -68.1831277   47.9181427
   -68.1844026   47.9151925
   -68.2024949   47.9182482
   -68.2043225   47.9143373
   -68.2218609   47.9182743
   -68.2248433   47.9137168
   -68.2412264   47.9182301
   -68.2437903   47.9135238
   -68.2462454   47.9134988
   -68.2605912   47.9181256
   -68.2634125   47.9133239
   -68.2671644   47.9132857
   -68.2799557   47.9179657
   -68.2830222   47.9131242
   -68.2877899   47.9130756
   -68.2993193   47.9177562
   -68.3026179   47.9129246
   -68.3082230   47.9128675
   -68.3186823   47.9175049
   -68.3221991   47.9127252
   -68.3285241   47.9126607
   -68.3380456   47.9172136
   -68.3417639   47.9125259
   -68.3487280   47.9124549
   -68.3574077   47.9168870
   -68.3613087   47.9123268
   -68.3679845   47.9117757
   -68.3767697   47.9165289
   -68.3833965   47.9093501
   -68.3768530   47.8975198
   -68.3836761   47.8903210
   -68.3770695   47.8783673
   -68.3839555   47.8712922
   -68.3772856   47.8592153
   -68.3842350   47.8522631
   -68.3775019   47.8400633
   -68.3845142   47.8332342
   -68.3777184   47.8209114
   -68.3847942   47.8142051
   -68.3779351   47.8017593
   -68.3850731   47.7951763
   -68.3781516   47.7826068
   -68.3853518   47.7761472
   -68.3783693   47.7634549
   -68.3856306   47.7571183
   -68.3785855   47.7443029
   -68.3859096   47.7380887
   -68.3788032   47.7251509
   -68.3861877   47.7190593
   -68.3790198   47.7059989
   -68.3864656   47.7000303
   -68.3792371   47.6868464
   -68.3867434   47.6810013
   -68.3794558   47.6676945
   -68.3870213   47.6619723
   -68.3796729   47.6485425
   -68.3872986   47.6429433
   -68.3798920   47.6293905
   -68.3875761   47.6239144
   -68.3801096   47.6102386
   -68.3878529   47.6048853
   -68.3803293   47.5910866
   -68.3881298   47.5858564
   -68.3805474   47.5719347
   -68.3884060   47.5668273
   -68.3807674   47.5527823
   -68.3922487   47.5455522
   -68.3924134   47.5444876
   -68.4076418   47.5355727
   -68.4079206   47.5337597
   -68.4230350   47.5255934
   -68.4234264   47.5230311
   -68.4384295   47.5156148
   -68.4389319   47.5123019
   -68.4538243   47.5056373
   -68.4544363   47.5015706
   -68.4692202   47.4956619
   -68.4699403   47.4908380
   -68.4846167   47.4856873
   -68.4854426   47.4801049
   -68.5000150   47.4757143
   -68.5009443   47.4693695
   -68.5154142   47.4657431
   -68.5164450   47.4586318
   -68.5308143   47.4557737
   -68.5319436   47.4478922
   -68.5462159   47.4458065
   -68.5474407   47.4371501
   -68.5616192   47.4358417
   -68.5629361   47.4264052
   -68.5780227   47.4258437
   -68.5798814   47.4206644
   -68.5956965   47.4197729
   -68.5973570   47.4149129
   -68.6133672   47.4136933
   -68.6148361   47.4091719
   -68.6310343   47.4076029
   -68.6323182   47.4034412
   -68.6486974   47.4015023
   -68.6498037   47.3977199
   -68.6663573   47.3953923
   -68.6672935   47.3920111
   -68.6840134   47.3892697
   -68.6847869   47.3863133
   -68.7016658   47.3831363
   -68.7022846   47.3806282
   -68.7193138   47.3769899
   -68.7197862   47.3749551
   -68.7369573   47.3708318
   -68.7372922   47.3692949
   -68.7545963   47.3646604
   -68.7548027   47.3636487
   -68.7722311   47.3584754
   -68.7894808   47.3523995
   -68.7901737   47.3531930
   -68.8077582   47.3475523
   -68.8088738   47.3491889
   -68.8262999   47.3440410
   -68.8271494   47.3453104
   -68.8448433   47.3405385
   -68.8454226   47.3414202
   -68.8633891   47.3370478
   -68.8636938   47.3375201
   -68.8819364   47.3335671
   -68.9003194   47.3301293
   -68.9003989   47.3296568
   -68.9186862   47.3266991
   -68.9188526   47.3257000
   -68.9370531   47.3232696
   -68.9373053   47.3217409
   -68.9554204   47.3198424
   -68.9557577   47.3177776
   -68.9737892   47.3164185
   -68.9742101   47.3138147
   -68.9921578   47.3129951
   -68.9926612   47.3098483
   -69.0105269   47.3095763
   -69.0111119   47.3058771
   -69.0288968   47.3061613
   -69.0295624   47.3019042
   -69.0472670   47.3027479
   -69.0480117   47.2979282
   -69.0569902   47.2986462
   -69.0571332   47.2954173
   -69.0655794   47.2935268
   -69.0682202   47.2918699
   -69.0735132   47.2854327
   -69.0702225   47.4026387
   -69.0723419   47.4090804
   -69.0780835   47.4126888
   -69.2189565   47.4434753
   -69.2238609   47.4433148
   -69.2280985   47.4408405
   -69.9867782   46.6957237
   -69.9895437   46.6907099
   -70.0498066   46.4130163
   -70.0500747   46.4126381
   -70.1725293   46.3374257
   -70.1769205   46.3316179
   -70.2715450   45.9959492
   -70.2716934   45.9911187
   -70.2688939   45.9860689
   -70.2258675   45.9442027
   -70.2257841   45.9438009
   -70.2540726   45.8749172
   -70.2543994   45.8745654
   -70.3585945   45.8225012
   -70.3609851   45.8208314
   -70.3640378   45.8148712
   -70.3751660   45.7310066
   -70.3754262   45.7306242
   -70.6683185   45.5677886
   -70.6719417   45.5643447
   -70.6734454   45.5595774
   -70.6724537   45.5546779
   -70.6031229   45.4120018
   -70.6031676   45.4116066
   -70.6337101   45.3736587
   -70.6341250   45.3734663
   -70.7116150   45.3753929
   -70.7660074   45.3961905
   -70.7698420   45.3968528
   -70.7761137   45.3944385
   -70.7792233   45.3895539
   -70.8246639   45.2273758
   -70.8249748   45.2271340
   -70.9022093   45.2252561
   -70.9026386   45.2254260
   -70.9856179   45.3071926
   -70.9906739   45.3098752
   -70.9945196   45.3098908
   -71.0498560   45.2992819
   -71.0553353   45.2962283
   -71.1166706   45.2295034
   -71.1170639   45.2293568
   -71.2358980   45.2429934
   -71.2833965   45.2808261
   -71.2886452   45.2829670
   -71.2958242   45.2808774
   -71.3706794   45.2220119
   -71.3725564   45.2200725
   -71.4270684   45.1458841
   -71.4288717   45.1383063
   -71.4231962   45.1274786
   -71.4842364   45.0645240
   -71.4869501   45.0590214
   -71.4940031   45.0111800
   -71.4942927   45.0109275
   -72.3225412   45.0028605
   -72.5476053   45.0050582
   -72.6321884   45.0121000
   -73.0181824   45.0120983
   -73.9370597   44.9951213
   -74.2318723   44.9855251
   -74.4907620   44.9934291
   -74.6860644   44.9983030
   -74.6831479   45.0053176
   -74.6730665   45.0113920
   -74.6697078   45.0182614
   -74.6539052   45.0243348
   -74.6527131   45.0262902
   -74.6403304   45.0318069
   -74.6356870   45.0313091
   -74.6245801   45.0374398
   -74.6171578   45.0372826
   -74.6087434   45.0428319
   -74.5987004   45.0434903
   -74.5928269   45.0480012
   -74.5803122   45.0499154
   -74.5768376   45.0529646
   -74.5619859   45.0565448
   -74.5588813   45.0596129
   -74.5442017   45.0649138
   -74.5292412   45.0721714
   -74.5261388   45.0723945
   -74.5146525   45.0788584
   -74.5081058   45.0799623
   -74.4911367   45.0909627
   -74.4829642   45.1000228
   -74.4778313   45.1067821
   -74.4724942   45.1098040
   -74.4594970   45.1200078
   -74.4477379   45.1322424
   -74.4439573   45.1349688
   -74.4406701   45.1398903
   -74.4290559   45.1500383
   -74.4161656   45.1568429
   -74.4058909   45.1590538
   -74.3945025   45.1669722
   -74.3893136   45.1679500
   -74.3768815   45.1762049
   -74.3727481   45.1768724
   -74.3592472   45.1854109
   -74.3561972   45.1858209
   -74.3410052   45.1949465
   -74.3610687   45.2196991
   -74.3657760   45.2180169
   -74.3771890   45.2312311
   -74.3813079   45.2297117
   -74.3933182   45.2427517
   -74.3968329   45.2414155
   -74.4094537   45.2542626
   -74.4123510   45.2531294
   -74.4255957   45.2657639
   -74.4278624   45.2648530
   -74.4417458   45.2772549
   -74.4433657   45.2765870
   -74.4579028   45.2887366
   -74.4588620   45.2883313
   -74.4736318   45.2998671
   -74.4777995   45.3089521
   -74.4686610   45.3190464
   -74.4715782   45.3274596
   -74.4625695   45.3371835
   -74.4653479   45.3459642
   -74.4564866   45.3553237
   -74.4591094   45.3644661
   -74.4504115   45.3734669
   -74.4528632   45.3829649
   -74.4443440   45.3916130
   -74.4466101   45.4014617
   -74.4382835   45.4097609
   -74.4403499   45.4199564
   -74.4322286   45.4279111
   -74.4340833   45.4384497
   -74.4261807   45.4460641
   -74.4278110   45.4569406
   -74.4201388   45.4642179
   -74.4215337   45.4754299
   -74.4141017   45.4823745
   -74.4152508   45.4939174
   -74.4080698   45.5005330
   -74.4089627   45.5124026
   -74.4020423   45.5186924
   -74.4026703   45.5308867
   -74.3960193   45.5368537
   -74.3963736   45.5493697
   -74.3900007   45.5550168
   -74.3900392   45.5619002
   -74.4032296   45.5707021
   -74.4092983   45.5672682
   -74.4201328   45.5749608
   -74.4272045   45.5718177
   -74.4370554   45.5791544
   -74.4451000   45.5764215
   -74.4539918   45.5833002
   -74.4629869   45.5810656
   -74.4709396   45.5874104
   -74.4808669   45.5857409
   -74.4879057   45.5915025
   -74.4989468   45.5894445
   -74.5064004   45.5953284
   -74.5158167   45.5934036
   -74.5246507   45.6003381
   -74.5332636   45.5978278
   -74.5429022   45.6053402
   -74.5507080   45.6022607
   -74.5611561   45.6103314
   -74.5681483   45.6067072
   -74.5794125   45.6153064
   -74.5855823   45.6111733
   -74.5976740   45.6202581
   -74.6030050   45.6156746
   -74.6146332   45.6242072
   -74.6197643   45.6222348
   -74.6268491   45.6305155
   -74.6360107   45.6303849
   -74.6391983   45.6350431
   -74.6557107   45.6320028
   -74.6582744   45.6357789
   -74.6746853   45.6325598
   -74.6773501   45.6365160
   -74.6936598   45.6331146
   -74.6964258   45.6372554
   -74.7126348   45.6336680
   -74.7155018   45.6379961
   -74.7316096   45.6342200
   -74.7345773   45.6387383
   -74.7505843   45.6347696
   -74.7536531   45.6394834
   -74.7695589   45.6353184
   -74.7727285   45.6402301
   -74.7885335   45.6358633
   -74.7918042   45.6409784
   -74.8075086   45.6364076
   -74.8108795   45.6417287
   -74.8264837   45.6369491
   -74.8299550   45.6424823
   -74.8454591   45.6374892
   -74.8490297   45.6432365
   -74.8644345   45.6380265
   -74.8676383   45.6432361
   -74.8691660   45.6432158
   -74.8834099   45.6385615
   -74.8870193   45.6444918
   -74.9023851   45.6390934
   -74.9062547   45.6455187
   -74.9213603   45.6396213
   -74.9253298   45.6462846
   -74.9391181   45.6406460
   -74.9394864   45.6371285
   -74.9523202   45.6334766
   -74.9529935   45.6283249
   -74.9654791   45.6262368
   -74.9665456   45.6195990
   -74.9785904   45.6189185
   -74.9801473   45.6109581
   -74.9950551   45.6116779
   -74.9962175   45.6082432
   -75.0118543   45.6035150
   -75.0138634   45.6047476
   -75.0269049   45.5973245
   -75.0330446   45.5994737
   -75.0423819   45.5921991
   -75.0520531   45.5934303
   -75.0581062   45.5876891
   -75.0709458   45.5868732
   -75.0722794   45.5854223
   -75.0911310   45.5835945
   -75.0923388   45.5845178
   -75.1100349   45.5824378
   -75.1117408   45.5836517
   -75.1289401   45.5813043
   -75.1311432   45.5827645
   -75.1452378   45.5805950
   -75.1506206   45.5845505
   -75.1640671   45.5814394
   -75.1701024   45.5865006
   -75.1829299   45.5820873
   -75.1895934   45.5887586
   -75.2018588   45.5823419
   -75.2087572   45.5912512
   -75.2096574   45.5912261
   -75.2202231   45.5822215
   -75.2284145   45.5875943
   -75.2373977   45.5803127
   -75.2447518   45.5827022
   -75.2533580   45.5742910
   -75.2618764   45.5772323
   -75.2693026   45.5682164
   -75.2790269   45.5718255
   -75.2852239   45.5620617
   -75.2962166   45.5665169
   -75.3012920   45.5553727
   -75.3111867   45.5557276
   -75.3159680   45.5474548
   -75.3263835   45.5454985
   -75.3281669   45.5427489
   -75.3435904   45.5402323
   -75.3453253   45.5370442
   -75.3608245   45.5350320
   -75.3624581   45.5312274
   -75.3781052   45.5299477
   -75.3795417   45.5252014
   -75.3958894   45.5250835
   -75.3964048   45.5238402
   -75.4131409   45.5228167
   -75.4299511   45.5204751
   -75.4305101   45.5214528
   -75.4466629   45.5180459
   -75.4479211   45.5204130
   -75.4643823   45.5151597
   -75.4648604   45.5157531
   -75.4813037   45.5116181
   -75.4815045   45.5102912
   -75.4986503   45.5048086
   -75.5146521   45.4975128
   -75.5164179   45.4990953
   -75.5310218   45.4905579
   -75.5341805   45.4933669
   -75.5473978   45.4836196
   -75.5519357   45.4876201
   -75.5637799   45.4766989
   -75.5696432   45.4818183
   -75.5697505   45.4817770
   -75.5801695   45.4697990
   -75.5869140   45.4756247
   -75.5981915   45.4660884
   -75.6045030   45.4729026
   -75.6169060   45.4640724
   -75.6176572   45.4640015
   -75.6220285   45.4698053
   -75.6356545   45.4623045
   -75.6369979   45.4621778
   -75.6394604   45.4661565
   -75.6558754   45.4603977
   -75.6567494   45.4616622
   -75.6745039   45.4599172
   -75.6758449   45.4583380
   -75.6798831   45.4571686
   -75.6865488   45.4587166
   -75.6914675   45.4553908
   -75.6915215   45.4553492
   -75.6889312   45.4526622
   -75.6891340   45.4524180
   -75.6949162   45.4447658
   -75.6999080   45.4457863
   -75.7004784   45.4447033
   -75.6982688   45.4403290
   -75.7000164   45.4366254
   -75.7014775   45.4305137
   -75.7048691   45.4311689
   -75.7050325   45.4303722
   -75.7057422   45.4284605
   -75.7060097   45.4236737
   -75.7146626   45.4214155
   -75.7151747   45.4225967
   -75.7198705   45.4216714
   -75.7228466   45.4209839
   -75.7241126   45.4174371
   -75.7287365   45.4147715
   -75.7291503   45.4146232
   -75.7303843   45.4144169
   -75.7325571   45.4188757
   -75.7383288   45.4177795
   -75.7445305   45.4120519
   -75.7480260   45.4114675
   -75.7492939   45.4138628
   -75.7609240   45.4108864
   -75.7765783   45.3942532
   -75.7771019   45.3945637
   -75.7847595   45.3894684
   -75.7877243   45.3816567
   -75.7930356   45.3839616
   -75.7983945   45.3803958
   -75.7992735   45.3750210
   -75.8045015   45.3736456
   -75.8085823   45.3775613
   -75.8131250   45.3772526
   -75.8164138   45.3720684
   -75.8273098   45.3763079
   -75.8301022   45.3735603
   -75.8428375   45.3787235
   -75.8453482   45.3755934
   -75.8594968   45.3816985
   -75.8872535   45.3913761
   -75.8877267   45.3961568
   -75.9021957   45.4038235
   -75.9014536   45.4073297
   -75.9153081   45.4181541
   -75.9259753   45.4315590
   -75.9303480   45.4305014
   -75.9374314   45.4445100
   -75.9450836   45.4431616
   -75.9491925   45.4571440
   -75.9593058   45.4561628
   -75.9595394   45.4563920
   -75.9612691   45.4694499
   -75.9737105   45.4694581
   -75.9768744   45.4762889
   -75.9904424   45.4753113
   -75.9947167   45.4829847
   -76.0071262   45.4813037
   -76.0126071   45.4895542
   -76.0237675   45.4874180
   -76.0305414   45.4960105
   -76.0403704   45.4936408
   -76.0485143   45.5023653
   -76.0569400   45.4999597
   -76.0665216   45.5086295
   -76.0734799   45.5063650
   -76.0845610   45.5148114
   -76.0899929   45.5128475
   -76.1006488   45.5196542
   -76.1101539   45.5129895
   -76.1197413   45.5193115
   -76.1291703   45.5123903
   -76.1388347   45.5189791
   -76.1481865   45.5117811
   -76.1579285   45.5186574
   -76.1672026   45.5111591
   -76.1770228   45.5183493
   -76.1862185   45.5105241
   -76.1961176   45.5180551
   -76.2052343   45.5098726
   -76.2128236   45.5158853
   -76.2260522   45.5050053
   -76.2287742   45.5019499
   -76.2315282   45.4902223
   -76.2329203   45.4891135
   -76.2400577   45.4685398
   -76.2581615   45.4681071
   -76.2585566   45.4671506
   -76.2772487   45.4657141
   -76.2953557   45.4627763
   -76.2964143   45.4641342
   -76.3137168   45.4602702
   -76.3155715   45.4624677
   -76.3320876   45.4578488
   -76.3347212   45.4607273
   -76.3504670   45.4555000
   -76.3538651   45.4589219
   -76.3674121   45.4537654
   -76.3723165   45.4648684
   -76.3835263   45.4629464
   -76.3880757   45.4720456
   -76.3997244   45.4719254
   -76.4037541   45.4793561
   -76.4159692   45.4807930
   -76.4193871   45.4867418
   -76.4322421   45.4895910
   -76.4349920   45.4941749
   -76.4488835   45.4989083
   -76.4681415   45.5034064
   -76.4687197   45.5030054
   -76.4874504   45.5076227
   -76.4882721   45.5070216
   -76.5067579   45.5118512
   -76.5078276   45.5110238
   -76.5260622   45.5160957
   -76.5273875   45.5150081
   -76.5453642   45.5203568
   -76.5469524   45.5189696
   -76.5646604   45.5246428
   -76.5665252   45.5229022
   -76.5839520   45.5289570
   -76.5861054   45.5268000
   -76.6032362   45.5333088
   -76.6056979   45.5306486
   -76.6206346   45.5369215
   -76.6209536   45.5401418
   -76.6340369   45.5442019
   -76.6346139   45.5488937
   -76.6474046   45.5515391
   -76.6483106   45.5575829
   -76.6607348   45.5589392
   -76.6626920   45.5697866
   -76.6667659   45.5724385
   -76.6676109   45.5844808
   -76.6729294   45.5901913
   -76.6730320   45.5990842
   -76.6788157   45.6080969
   -76.6786777   45.6136499
   -76.6815513   45.6197402
   -76.6880328   45.6241648
   -76.6917652   45.6339092
   -76.6994745   45.6390059
   -76.7019416   45.6481146
   -76.7109772   45.6538125
   -76.7136909   45.6755589
   -76.7113592   45.6812087
   -76.7108280   45.6890508
   -76.7164674   45.7002070
   -76.7246375   45.7071286
   -76.7312139   45.7095600
   -76.7401830   45.7182250
   -76.7484662   45.7207149
   -76.7556371   45.7297063
   -76.7664546   45.7313640
   -76.7715928   45.7465273
   -76.7685619   45.7506598
   -76.7732145   45.7646293
   -76.7705358   45.7696222
   -76.7748528   45.7827272
   -76.7724990   45.7885834
   -76.7756051   45.7980862
   -76.7721427   45.8075063
   -76.7752567   45.8161020
   -76.7718176   45.8264286
   -76.7748767   45.8341178
   -76.7715245   45.8453525
   -76.7754927   45.8521546
   -76.7780188   45.8655579
   -76.7842843   45.8690450
   -76.7869729   45.8772571
   -76.8008508   45.8728226
   -76.8048004   45.8805332
   -76.8185119   45.8784187
   -76.8224498   45.8843099
   -76.8362374   45.8836068
   -76.8400164   45.8883179
   -76.8540920   45.8886979
   -76.8708922   45.8904514
   -76.8724852   45.8889746
   -76.8876983   45.8924842
   -76.8910395   45.8889535
   -76.9045128   45.8948643
   -76.9105282   45.8872016
   -76.9182266   45.8846212
   -76.9193369   45.8710887
   -76.9163786   45.8659442
   -76.9157205   45.8543881
   -76.9130925   45.8457254
   -76.9118614   45.8324689
   -76.9106275   45.8302358
   -76.9103656   45.8187130
   -76.9081484   45.8147476
   -76.9091460   45.8014715
   -76.9238698   45.7967377
   -76.9257712   45.7977024
   -76.9406534   45.7934439
   -76.9415813   45.7940536
   -76.9574371   45.7901571
   -76.9734295   45.7875139
   -76.9740888   45.7857698
   -76.9911662   45.7849314
   -76.9937587   45.7889588
   -77.0037218   45.7884363
   -77.0111122   45.7979126
   -77.0189013   45.7965546
   -77.0286197   45.8065518
   -77.0338971   45.8050120
   -77.0463056   45.8148295
   -77.0486735   45.8138707
   -77.0636440   45.8223735
   -77.0638302   45.8234351
   -77.0795952   45.8290774
   -77.0805766   45.8336239
   -77.0972655   45.8362928
   -77.0980650   45.8383868
   -77.1152541   45.8417539
   -77.1157804   45.8431736
   -77.1332402   45.8472275
   -77.1334999   45.8479485
   -77.1512221   45.8527120
   -77.1687705   45.8580767
   -77.1693715   45.8576095
   -77.1863242   45.8634232
   -77.1875157   45.8625247
   -77.2021964   45.8681109
   -77.2021146   45.8759300
   -77.2132348   45.8824899
   -77.2134208   45.8882603
   -77.2243894   45.8967526
   -77.2246380   45.9006524
   -77.2356133   45.9109458
   -77.2358013   45.9130844
   -77.2458481   45.9239757
   -77.2477644   45.9242080
   -77.2593522   45.9364322
   -77.2608305   45.9365552
   -77.2728677   45.9488732
   -77.2738797   45.9489171
   -77.2830165   45.9579530
   -77.2809060   45.9722274
   -77.2832020   45.9754110
   -77.2819640   45.9899972
   -77.2835772   45.9928272
   -77.2829739   46.0053201
   -77.2887463   46.0091566
   -77.2934791   46.0215201
   -77.3085720   46.0243496
   -77.3105666   46.0296098
   -77.3259335   46.0331122
   -77.3276560   46.0376958
   -77.3432937   46.0418784
   -77.3447472   46.0457795
   -77.3606522   46.0506480
   -77.3618395   46.0538597
   -77.3780096   46.0594200
   -77.3789331   46.0619373
   -77.3953658   46.0681946
   -77.3960279   46.0700126
   -77.4127209   46.0769716
   -77.4131242   46.0780865
   -77.4475223   46.0943327
   -77.4640856   46.1029538
   -77.4650876   46.1026659
   -77.4809654   46.1114549
   -77.4826427   46.1110204
   -77.4978563   46.1199343
   -77.5001881   46.1193954
   -77.5147572   46.1283935
   -77.5177245   46.1277895
   -77.5316675   46.1368346
   -77.5352521   46.1362021
   -77.5485867   46.1452576
   -77.5527720   46.1446310
   -77.5645950   46.1530123
   -77.5708768   46.1518249
   -77.5824549   46.1605198
   -77.5889993   46.1589814
   -77.6003000   46.1680700
   -77.6071461   46.1660864
   -77.6181246   46.1756795
   -77.6253272   46.1731178
   -77.6359195   46.1833759
   -77.6453540   46.1792543
   -77.6551036   46.1870624
   -77.6646351   46.1842688
   -77.6742002   46.1909976
   -77.6817367   46.1895321
   -77.6841453   46.1873835
   -77.6966248   46.1889402
   -77.7047230   46.1816098
   -77.7152462   46.1922427
   -77.7241494   46.1854184
   -77.7347901   46.1948707
   -77.7435940   46.1890742
   -77.7543070   46.1976289
   -77.7630513   46.1926273
   -77.7738058   46.2004732
   -77.7825169   46.1961073
   -77.7932917   46.2033817
   -77.8019894   46.1995352
   -77.8127686   46.2063356
   -77.8205659   46.2032765
   -77.8320623   46.2101688
   -77.8393974   46.2071873
   -77.8513583   46.2139942
   -77.8582264   46.2111073
   -77.8706556   46.2178108
   -77.8770541   46.2150343
   -77.8899549   46.2216200
   -77.8958799   46.2189703
   -77.9092559   46.2254210
   -77.9147045   46.2229135
   -77.9285577   46.2292146
   -77.9335274   46.2268642
   -77.9478621   46.2330002
   -77.9523490   46.2308223
   -77.9671670   46.2367791
   -77.9711690   46.2347876
   -77.9864748   46.2405503
   -77.9899877   46.2387601
   -78.0057834   46.2443147
   -78.0088055   46.2427393
   -78.0250925   46.2480727
   -78.0276214   46.2467253
   -78.0444043   46.2518231
   -78.0464361   46.2507178
   -78.0637167   46.2555680
   -78.0652493   46.2547173
   -78.0830302   46.2593056
   -78.0840616   46.2587219
   -78.1396387   46.2702227
   -78.1407520   46.2694603
   -78.1592521   46.2726795
   -78.1598100   46.2722300
   -78.1788709   46.2750729
   -78.1809509   46.2730790
   -78.1987587   46.2735868
   -78.2169840   46.2723306
   -78.2185620   46.2733320
   -78.2349311   46.2713992
   -78.2383628   46.2730926
   -78.2529059   46.2706795
   -78.2581761   46.2726965
   -78.2708968   46.2701039
   -78.2779955   46.2721881
   -78.2889007   46.2696296
   -78.2978231   46.2715952
   -78.3069149   46.2692300
   -78.3130737   46.2702090
   -78.3174988   46.2731505
   -78.3315657   46.2747247
   -78.3369072   46.2785597
   -78.3501018   46.2791501
   -78.3563054   46.2841242
   -78.3687213   46.2833938
   -78.3756791   46.2900262
   -78.3875558   46.2871800
   -78.3949849   46.2969115
   -78.4063063   46.2897249
   -78.4141769   46.2975338
   -78.4235195   46.2916137
   -78.4326140   46.2986379
   -78.4407331   46.2935002
   -78.4510505   46.2997436
   -78.4579462   46.2953850
   -78.4694870   46.3008517
   -78.4751595   46.2972696
   -78.4879232   46.3019601
   -78.4923722   46.2991524
   -78.5063597   46.3030694
   -78.5098501   46.3008680
   -78.5245857   46.3058175
   -78.5291088   46.3031266
   -78.5428177   46.3085224
   -78.5483603   46.3054293
   -78.5610548   46.3111841
   -78.5676061   46.3077765
   -78.5792983   46.3137998
   -78.5868461   46.3101695
   -78.5975471   46.3163692
   -78.6060797   46.3126104
   -78.6155119   46.3187021
   -78.6254747   46.3138730
   -78.6345048   46.3206602
   -78.6448838   46.3150406
   -78.6534950   46.3227346
   -78.6643125   46.3160658
   -78.6724795   46.3249966
   -78.6837460   46.3168730
   -78.6837922   46.3168794
   -78.6899730   46.3255125
   -78.6937529   46.3255694
   -78.7009689   46.3192485
   -78.7046226   46.3197525
   -78.7108504   46.3316559
   -78.7120372   46.3319651
   -78.7205303   46.3427327
   -78.7208733   46.3450631
   -78.7267636   46.3513123
   -78.7265326   46.3609091
   -78.7279434   46.3771451
   -78.7299323   46.3783839
   -78.7349050   46.3883356
   -78.7467424   46.3866868
   -78.7513543   46.3963325
   -78.7636579   46.3952445
   -78.7678149   46.4043073
   -78.7805629   46.4038238
   -78.7842854   46.4122632
   -78.7974586   46.4124214
   -78.8007656   46.4202007
   -78.8143462   46.4210372
   -78.8172538   46.4281212
   -78.8312254   46.4296696
   -78.8337494   46.4360274
   -78.8480976   46.4383171
   -78.8502522   46.4439191
   -78.8649634   46.4469781
   -78.8667621   46.4517979
   -78.8818228   46.4556516
   -78.8840472   46.4617856
   -78.8949302   46.4655664
   -78.8982285   46.4739219
   -78.9085685   46.4770353
   -78.9124326   46.4860311
   -78.9221837   46.4885307
   -78.9266613   46.4981117
   -78.9357736   46.5000549
   -78.9409133   46.5101636
   -78.9493392   46.5116091
   -78.9551924   46.5221848
   -78.9628775   46.5231944
   -78.9694966   46.5341744
   -78.9763882   46.5348117
   -78.9954518   46.5634790
   -78.9954231   46.5654653
   -79.0043478   46.5814087
   -79.0118113   46.5970636
   -79.0138494   46.5988860
   -79.0198515   46.6129133
   -79.0241498   46.6157655
   -79.0331321   46.6265127
   -79.0386979   46.6294767
   -79.0452184   46.6387417
   -79.0531577   46.6432503
   -79.0573779   46.6508659
   -79.0674878   46.6571237
   -79.0696668   46.6628104
   -79.0816006   46.6711588
   -79.0822042   46.6744060
   -79.0953163   46.6854896
   -79.0950393   46.6917435
   -79.1061223   46.7019930
   -79.1060323   46.7075721
   -79.1169575   46.7184740
   -79.1169989   46.7234157
   -79.1278155   46.7349378
   -79.1279454   46.7392727
   -79.1386916   46.7513893
   -79.1388756   46.7551378
   -79.1495823   46.7678296
   -79.1497928   46.7710113
   -79.1604848   46.7842600
   -79.1606994   46.7868928
   -79.1713973   46.8006846
   -79.1715970   46.8027782
   -79.1800929   46.8141282
   -79.1853478   46.8176857
   -79.2014999   46.8257457
   -79.2076959   46.8229964
   -79.2184066   46.8374140
   -79.2232307   46.8350175
   -79.2331056   46.8487031
   -79.2377483   46.8482744
   -79.2423718   46.8607550
   -79.2508175   46.8632926
   -79.2530347   46.8719044
   -79.2636515   46.8785972
   -79.2754941   46.8895527
   -79.2800400   46.8895804
   -79.2894001   46.9017040
   -79.2947260   46.9026323
   -79.3010990   46.9133443
   -79.3090641   46.9161082
   -79.3131570   46.9246538
   -79.3205665   46.9285389
   -79.3237930   46.9372661
   -79.3326900   46.9426622
   -79.3356765   46.9539386
   -79.3415954   46.9593546
   -79.3434191   46.9677947
   -79.3503230   46.9761900
   -79.3513213   46.9815985
   -79.3589453   46.9931092
   -79.3618537   46.9999359
   -79.3715358   47.0068588
   -79.3754490   47.0139846
   -79.3847517   47.0201101
   -79.3890357   47.0280416
   -79.3979783   47.0333525
   -79.4026127   47.0421120
   -79.4112197   47.0465823
   -79.4161748   47.0562003
   -79.4244840   47.0597949
   -79.4297140   47.0703150
   -79.4377831   47.0729794
   -79.4456889   47.0896946
   -79.4519390   47.1051552
   -79.4558647   47.1121807
   -79.4540771   47.1213137
   -79.4568934   47.1316077
   -79.4530166   47.1436498
   -79.4538808   47.1507426
   -79.4504706   47.1585778
   -79.4503630   47.1698424
   -79.4483500   47.1736207
   -79.4475385   47.1801431
   -79.4505774   47.1892097
   -79.4488094   47.1981764
   -79.4523164   47.2086876
   -79.4472755   47.2256761
   -79.4474706   47.2276901
   -79.4423041   47.2394713
   -79.4420566   47.2427762
   -79.4458456   47.2497255
   -79.4551985   47.2569752
   -79.4576431   47.2621839
   -79.4679579   47.2706058
   -79.4694935   47.2745828
   -79.4806484   47.2842891
   -79.4814162   47.2868965
   -79.4932452   47.2980451
   -79.4940663   47.3022982
   -79.5037973   47.3133631
   -79.5039913   47.3148527
   -79.5134187   47.3277550
   -79.5147342   47.3283874
   -79.5223742   47.3409848
   -79.5260456   47.3431242
   -79.5286242   47.3482690
   -79.5393340   47.3563502
   -79.5492301   47.3675735
   -79.5539428   47.3685666
   -79.5616073   47.3835583
   -79.5640720   47.3842084
   -79.5725049   47.3992804
   -79.5742422   47.3998188
   -79.5833612   47.4150282
   -79.5844409   47.4154065
   -79.5944195   47.4311635
   -79.5943674   47.4324004
   -79.5848552   47.4445646
   -79.5840156   47.4485737
   -79.5760131   47.4565978
   -79.5736745   47.4647534
   -79.5671976   47.4773781
   -79.5672862   47.4830942
   -79.5610932   47.4916529
   -79.5605646   47.5012525
   -79.5554451   47.5060405
   -79.5533147   47.5191230
   -79.5420096   47.5256153
   -79.5383097   47.5327513
   -79.5299893   47.5373621
   -79.5270745   47.5431105
   -79.5294005   47.5497148
   -79.5238880   47.5690609
   -79.5197583   47.5890172
   -79.5232994   47.5916569
   -79.5198463   47.6089811
   -79.5232698   47.6115472
   -79.5199334   47.6289446
   -79.5232424   47.6314380
   -79.5200199   47.6489085
   -79.5232146   47.6513285
   -79.5201062   47.6688725
   -79.5231880   47.6712191
   -79.5201922   47.6888365
   -79.5231617   47.6911094
   -79.5202759   47.7087999
   -79.5231363   47.7110002
   -79.5203606   47.7287639
   -79.5231116   47.7308907
   -79.5204437   47.7487273
   -79.5230871   47.7507810
   -79.5205266   47.7686913
   -79.5230634   47.7706718
   -79.5206085   47.7886550
   -79.5230398   47.7905623
   -79.5206906   47.8086183
   -79.5230179   47.8104528
   -79.5207718   47.8285823
   -79.5229950   47.8303431
   -79.5208522   47.8485457
   -79.5229741   47.8502339
   -79.5209323   47.8685097
   -79.5229526   47.8701244
   -79.5210123   47.8884731
   -79.5229323   47.8900146
   -79.5210909   47.9084371
   -79.5229117   47.9099055
   -79.5211699   47.9284005
   -79.5228922   47.9297955
   -79.5212487   47.9483645
   -79.5228722   47.9496851
   -79.5213263   47.9683278
   -79.5228541   47.9695760
   -79.5214036   47.9882919
   -79.5228354   47.9894665
   -79.5214808   48.0082552
   -79.5228181   48.0093570
   -79.5215574   48.0282193
   -79.5227998   48.0292472
   -79.5216331   48.0481829
   -79.5227828   48.0491380
   -79.5217085   48.0681463
   -79.5227663   48.0690285
   -79.5217844   48.0881103
   -79.5227496   48.0889186
   -79.5218584   48.1080736
   -79.5227338   48.1088095
   -79.5219337   48.1280377
   -79.5227184   48.1287000
   -79.5220075   48.1480010
   -79.5227033   48.1485905
   -79.5220820   48.1679650
   -79.5226881   48.1684806
   -79.5221545   48.1879283
   -79.5226736   48.1883715
   -79.5222283   48.2078924
   -79.5226596   48.2082620
   -79.5225177   48.2877476
   -79.5230022   48.4270546
   -79.5225343   48.4274926
   -79.5230673   48.4469452
   -79.5225276   48.4474557
   -79.5231330   48.4668353
   -79.5225218   48.4674197
   -79.5231969   48.4867250
   -79.5225161   48.4873828
   -79.5232607   48.5066156
   -79.5225118   48.5073467
   -79.5233231   48.5265057
   -79.5225081   48.5273098
   -79.5233858   48.5463958
   -79.5225052   48.5472739
   -79.5234468   48.5662855
   -79.5225025   48.5672369
   -79.5235076   48.5861761
   -79.5225010   48.5872010
   -79.5235672   48.6060663
   -79.5224997   48.6071645
   -79.5236265   48.6259555
   -79.5224990   48.6271276
   -79.5236854   48.6458456
   -79.5224990   48.6470916
   -79.5237434   48.6657357
   -79.5225006   48.6670547
   -79.5238009   48.6856259
   -79.5225019   48.6870187
   -79.5238577   48.7055156
   -79.5225042   48.7069818
   -79.5239135   48.7254062
   -79.5225067   48.7269459
   -79.5239691   48.7452964
   -79.5225107   48.7469090
   -79.5240241   48.7651861
   -79.5225139   48.7668730
   -79.5240781   48.7850767
   -79.5225190   48.7868361
   -79.5241320   48.8049669
   -79.5225239   48.8068001
   -79.5241852   48.8248566
   -79.5225292   48.8267637
   -79.5242380   48.8447473
   -79.5225356   48.8467278
   -79.5242898   48.8646374
   -79.5225424   48.8666908
   -79.5243419   48.8845276
   -79.5225499   48.8866549
   -79.5243926   48.9044173
   -79.5225569   48.9066185
   -79.5244427   48.9243080
   -79.5225657   48.9265816
   -79.5244930   48.9441982
   -79.5225742   48.9465456
   -79.5245425   48.9640879
   -79.5225835   48.9665087
   -79.5245914   48.9839786
   -79.5225930   48.9864728
   -79.5246400   49.0038688
   -79.5226038   49.0064358
   -79.5246883   49.0237590
   -79.5226142   49.0263999
   -79.5247359   49.0436487
   -79.5226253   49.0463630
   -79.5247830   49.0635394
   -79.5226367   49.0663271
   -79.5248297   49.0834296
   -79.5226492   49.0862901
   -79.5248762   49.1033193
   -79.5226609   49.1062542
   -79.5249217   49.1232100
   -79.5226743   49.1262173
   -79.5249674   49.1431002
   -79.5226874   49.1461814
   -79.5250124   49.1629899
   -79.5227007   49.1661450
   -79.5250564   49.1828807
   -79.5227148   49.1861080
   -79.5251012   49.2027709
   -79.5227296   49.2060721
   -79.5251447   49.2226611
   -79.5227445   49.2260352
   -79.5251886   49.2425508
   -79.5227595   49.2459993
   -79.5252310   49.2624416
   -79.5227752   49.2659623
   -79.5252742   49.2823318
   -79.5227914   49.2859265
   -79.5253162   49.3022215
   -79.5228074   49.3058895
   -79.5253582   49.3221118
   -79.5228241   49.3258536
   -79.5253999   49.3420015
   -79.5228413   49.3458167
   -79.5254417   49.3618917
   -79.5228589   49.3657808
   -79.5254822   49.3817814
   -79.5228763   49.3857438
   -79.5255229   49.4016722
   -79.5228943   49.4057085
   -79.5255631   49.4215624
   -79.5229133   49.4256715
   -79.5256031   49.4414521
   -79.5229313   49.4456356
   -79.5256423   49.4613429
   -79.5229506   49.4655992
   -79.5256812   49.4812332
   -79.5229701   49.4855623
   -79.5257206   49.5011228
   -79.5229895   49.5055264
   -79.5257586   49.5210136
   -79.5230097   49.5254894
   -79.5257974   49.5409039
   -79.5230303   49.5454536
   -79.5258351   49.5607941
   -79.5230510   49.5654166
   -79.5258732   49.5806838
   -79.5230717   49.5853808
   -79.5259100   49.6005746
   -79.5230930   49.6053438
   -79.5259476   49.6204649
   -79.5231148   49.6253080
   -79.5259840   49.6403546
   -79.5231361   49.6452710
   -79.5260207   49.6602454
   -79.5231584   49.6652352
   -79.5260567   49.6801357
   -79.5231809   49.6851982
   -79.5260931   49.7000253
   -79.5232032   49.7051624
   -79.5261282   49.7199162
   -79.5232259   49.7251259
   -79.5261636   49.7398064
   -79.5232495   49.7450890
   -79.5261991   49.7596967
   -79.5232728   49.7650531
   -79.5262339   49.7795864
   -79.5232964   49.7850161
   -79.5262685   49.7994772
   -79.5233202   49.8049803
   -79.5263029   49.8193675
   -79.5233448   49.8249433
   -79.5263373   49.8392571
   -79.5233685   49.8449075
   -79.5263708   49.8591480
   -79.5233937   49.8648705
   -79.5264048   49.8790383
   -79.5234184   49.8848347
   -79.5264382   49.8989286
   -79.5234440   49.9047977
   -79.5264716   49.9188182
   -79.5234687   49.9247619
   -79.5265042   49.9387091
   -79.5234948   49.9447249
   -79.5265373   49.9585994
   -79.5235205   49.9646891
   -79.5265696   49.9784890
   -79.5235459   49.9846532
   -79.5266015   49.9983799
   -79.5235726   50.0046162
   -79.5266339   50.0182702
   -79.5235990   50.0245804
   -79.5266655   50.0381593
   -79.5236254   50.0445434
   -79.5266974   50.0580498
   -79.5236522   50.0645076
   -79.5267288   50.0779400
   -79.5236798   50.0844706
   -79.5267604   50.0978303
   -79.5237070   50.1044349
   -79.5267912   50.1177199
   -79.5237344   50.1243978
   -79.5268220   50.1376109
   -79.5237620   50.1443621
   -79.5268526   50.1575012
   -79.5237904   50.1643250
   -79.5268832   50.1773908
   -79.5238179   50.1842893
   -79.5269131   50.1972817
   -79.5238466   50.2042522
   -79.5269435   50.2171720
   -79.5238750   50.2242165
   -79.5269732   50.2370623
   -79.5239041   50.2441794
   -79.5270031   50.2569519
   -79.5239324   50.2641437
   -79.5270322   50.2768429
   -79.5239616   50.2841073
   -79.5270613   50.2967332
   -79.5239909   50.3040702
   -79.5270907   50.3166228
   -79.5240200   50.3240345
   -79.5271192   50.3365137
   -79.5240497   50.3439974
   -79.5271484   50.3564040
   -79.5240797   50.3639617
   -79.5271767   50.3762936
   -79.5241092   50.3839247
   -79.5272053   50.3961846
   -79.5241396   50.4038889
   -79.5272334   50.4160749
   -79.5241699   50.4238519
   -79.5272619   50.4359652
   -79.5242006   50.4438162
   -79.5272895   50.4558548
   -79.5242307   50.4637791
   -79.5273174   50.4757458
   -79.5242618   50.4837434
   -79.5273448   50.4956361
   -79.5242928   50.5037063
   -79.5273725   50.5155257
   -79.5243236   50.5236706
   -79.5273994   50.5354167
   -79.5243546   50.5436342
   -79.5274264   50.5553070
   -79.5243862   50.5635976
   -79.5274538   50.5751973
   -79.5244180   50.5835619
   -79.5274803   50.5950869
   -79.5244492   50.6035248
   -79.5275071   50.6149779
   -79.5244814   50.6234892
   -79.5275335   50.6348682
   -79.5245134   50.6434520
   -79.5275601   50.6547578
   -79.5245453   50.6634164
   -79.5275859   50.6746488
   -79.5245776   50.6833793
   -79.5276124   50.6945391
   -79.5246104   50.7033436
   -79.5276380   50.7144287
   -79.5246424   50.7233065
   -79.5276638   50.7343192
   -79.5246754   50.7432708
   -79.5276895   50.7542090
   -79.5247083   50.7632337
   -79.5277155   50.7740993
   -79.5247416   50.7831981
   -79.5277405   50.7939889
   -79.5247742   50.8031609
   -79.5277660   50.8138799
   -79.5248077   50.8231253
   -79.5277909   50.8337702
   -79.5248409   50.8430889
   -79.5278156   50.8536598
   -79.5248742   50.8630517
   -79.5278406   50.8735509
   -79.5249079   50.8830161
   -79.5278652   50.8934412
   -79.5249419   50.9029790
   -79.5278900   50.9133307
   -79.5249753   50.9229434
   -79.5279142   50.9332218
   -79.5254575   50.9414129
   -79.5277886   50.9531128
   -79.5251938   50.9598649
   -79.5287433   50.9776464
   -79.5273410   50.9797957
   -79.5259235   50.9997227
   -79.5271860   51.0022025
   -79.5259591   51.0196505
   -79.5272096   51.0221134
   -79.5259945   51.0395795
   -79.5272325   51.0420242
   -79.5260297   51.0595068
   -79.5272560   51.0619345
   -79.5260652   51.0794362
   -79.5272785   51.0818445
   -79.5260998   51.0993640
   -79.5273020   51.1017561
   -79.5261354   51.1192921
   -79.5273255   51.1216664
   -79.5261708   51.1392211
   -79.5273488   51.1415773
   -79.5262056   51.1591488
   -79.5273722   51.1614881
   -79.5262412   51.1790783
   -79.5273949   51.1813975
   -79.5262757   51.1990055
   -79.5274188   51.2013092
   -79.5263108   51.2189345
   -79.5274420   51.2212200
   -79.5263457   51.2388623
   -79.5274655   51.2411303
   -79.5263812   51.2587918
   -79.5274890   51.2610412
   -79.5264158   51.2787190
   -79.5275124   51.2809511
   -79.5264505   51.2986480
   -79.5275357   51.3008623
   -79.5264852   51.3185752
   -79.5275598   51.3207731
   -79.5265201   51.3385047
   -79.5275829   51.3406839
   -79.5265551   51.3584325
   -79.5276069   51.3605942
   -79.5265902   51.3783615
   -79.5362697   51.3983047
   -79.7646592   51.6206996
   -79.7222235   51.6299567
   -79.6996746   51.6356408
   -79.6777801   51.6419465
   -79.6565372   51.6488736
   -79.6359155   51.6564326
   -79.6159458   51.6646126
   -79.5966177   51.6734173
   -79.5779388   51.6828429
   -79.5226731   51.7143090
   -79.4975811   51.7267819
   -79.4733434   51.7328841
   -79.4560315   51.7363020
   -79.4387922   51.7389692
   -79.4072686   51.7424899
   -79.3742265   51.7471228
   -79.3467937   51.7495062
   -79.2712287   51.7521105
   -79.2281450   51.7519157
   -79.2065526   51.7524582
   -79.1845300   51.7538613
   -79.1731963   51.7550040
   -79.1539800   51.7923951
   -79.1169966   51.8605319
   -79.0940914   51.8720438
   -79.0750141   51.8806759
   -79.0559859   51.8883249
   -79.0457030   51.8919352
   -79.0256506   51.9001050
   -79.0064445   51.9091072
   -78.9695250   51.9285761
   -78.9518186   51.9390424
   -78.9349882   51.9503855
   -78.9190492   51.9625954
   -78.9040004   51.9756721
   -78.8898295   51.9896268
   -78.8765489   52.0044477
   -78.8641579   52.0201347
   -78.8524496   52.0365083
   -78.8413398   52.0534611
   -78.8311098   52.0712700
   -78.8217507   52.0899515
   -78.8132715   52.1094881
   -78.8056717   52.1298792
   -78.7989439   52.1511461
   -78.7930955   52.1732665
   -78.7907818   52.1839616
   -78.7795624   52.1878291
   -78.7593242   52.1958277
   -78.7394620   52.2041843
   -78.7275839   52.2098842
   -78.7177630   52.2172384
   -78.7012013   52.2309829
   -78.6851358   52.2449358
   -78.6694681   52.2590662
   -78.6550227   52.2737140
   -78.6417964   52.2888822
   -78.6346186   52.2998367
   -78.6257658   52.3178241
   -78.6183249   52.3359469
   -78.6122956   52.3542053
   -78.6076782   52.3725990
   -78.6045671   52.3905812
   -78.6006880   52.4096030
   -78.5984004   52.4282204
   -78.5975518   52.4469758
   -78.5977946   52.4547499
   -78.6013393   52.4649511
   -78.6094257   52.4832458
   -78.6189605   52.5007261
   -78.6298856   52.5173977
   -78.6415229   52.5336708
   -78.6545905   52.5491220
   -78.6690909   52.5637544
   -78.6850342   52.5775771
   -78.7023950   52.5905687
   -78.7212074   52.6027547
   -78.7517902   52.6214002
   -78.7597284   52.6265832
   -78.7797103   52.6380995
   -78.8009189   52.6488899
   -78.8234079   52.6589815
   -78.8471119   52.6683449
   -78.9092545   52.6916287
   -78.9195750   52.6957239
   -78.9442936   52.7045413
   -78.9699913   52.7127599
   -79.0157886   52.7258462
   -79.0388175   52.7321865
   -79.0689499   52.7396199
   -79.1002140   52.7465021
   -79.1326099   52.7528333
   -79.1532309   52.7563884
   -79.1658532   52.7808567
   -79.1754574   52.7982859
   -79.1854348   52.8155102
   -79.1958173   52.8325841
   -79.2156569   52.8630582
   -79.2283021   52.8830826
   -79.2394173   52.8997760
   -79.2509122   52.9162846
   -79.2627800   52.9325992
   -79.2750403   52.9487464
   -79.2876740   52.9647004
   -79.3083177   52.9893488
   -79.3119783   53.0191833
   -79.3150533   53.0397553
   -79.3185394   53.0601996
   -79.3224200   53.0804158
   -79.3267010   53.1004370
   -79.3556930   53.2232262
   -79.3154139   53.3815329
   -79.3111889   53.3998813
   -79.3073930   53.4182845
   -79.3017285   53.4512164
   -79.3062932   53.4697663
   -79.3116306   53.4894220
   -79.3173986   53.5087896
   -79.4300164   53.8553787
   -79.4274854   53.8679945
   -79.4422246   53.8938858
   -79.4544010   53.9139413
   -79.4667766   53.9335925
   -79.4794396   53.9526787
   -79.4923889   53.9711450
   -79.5056416   53.9890159
   -79.5191967   54.0062896
   -79.5330383   54.0229461
   -79.5471832   54.0390059
   -79.7510881   54.2572237
   -79.8082467   54.3151028
   -79.8305979   54.3375902
   -79.8577524   54.3627994
   -79.8229684   54.4016069
   -79.7989472   54.4290719
   -79.7766622   54.4560415
   -79.7561135   54.4825158
   -79.7373136   54.5084775
   -79.7202260   54.5339781
   -79.7048862   54.5589663
   -79.6912850   54.5834548
   -79.6883902   54.5893087
   -79.6645260   54.6332726
   -79.6520333   54.6535202
   -79.6390159   54.6720784
   -79.6254725   54.6889507
   -79.6114025   54.7041389
   -79.5967920   54.7176566
   -79.5821636   54.7290923
   -79.5652054   54.7380187
   -79.5475970   54.7463216
   -79.5297466   54.7525952
   -79.5116679   54.7568052
   -79.5043620   54.7576625
   -79.4934953   54.7602858
   -79.4850075   54.7613350
   -79.4753314   54.7637567
   -79.4656473   54.7650169
   -79.4571570   54.7672200
   -79.4462972   54.7687067
   -79.4389909   54.7706727
   -79.4269442   54.7724066
   -79.4208154   54.7741169
   -79.4075924   54.7761169
   -79.4026458   54.7775487
   -79.3882500   54.7798358
   -79.3550850   54.7894304
   -79.3503563   54.7902581
   -79.3372500   54.7944130
   -79.3314105   54.7954824
   -79.3194089   54.7993875
   -79.3124734   54.8007136
   -79.3015623   54.8043551
   -79.2935318   54.8059554
   -79.2837184   54.8093124
   -79.2745978   54.8112036
   -79.2658702   54.8142622
   -79.2556610   54.8164616
   -79.2480158   54.8192047
   -79.2367331   54.8217264
   -79.2290891   54.8243868
   -79.2174356   54.8256276
   -79.2111153   54.8271760
   -79.1979146   54.8287082
   -79.1931440   54.8299449
   -79.1393961   54.8380661
   -79.1283065   54.8414787
   -79.1202825   54.8426647
   -79.1091828   54.8460847
   -79.1011736   54.8472616
   -79.0900531   54.8506925
   -79.0820603   54.8518600
   -79.0709263   54.8552995
   -79.0629528   54.8564572
   -79.0518027   54.8599060
   -79.0438391   54.8610551
   -79.0326729   54.8645135
   -79.0247315   54.8656522
   -79.0059486   54.8714775
   -78.9739536   54.8875194
   -78.9570318   54.8986563
   -78.9410201   54.9125079
   -78.9259144   54.9290777
   -78.9117190   54.9483609
   -78.8984309   54.9703611
   -78.8860491   54.9950807
   -78.8745783   55.0225104
   -78.8640095   55.0526725
   -78.8543563   55.0855274
   -78.8456098   55.1211017
   -78.8377680   55.1594075
   -78.8308377   55.2004107
   -78.8248140   55.2441385
   -78.8196966   55.2905988
   -78.8154903   55.3397434
   -78.8119084   55.3980542
   -78.7790519   55.4159934
   -78.7617697   55.4260748
   -78.6933562   55.4684068
   -78.6763870   55.4794256
   -78.6428361   55.5025389
   -78.6262315   55.5146490
   -78.5605548   55.5651655
   -78.5280217   55.5913518
   -78.5065520   55.6059066
   -78.4714659   55.6193661
   -78.4347967   55.6348296
   -78.3986636   55.6515045
   -78.3807980   55.6602964
   -78.3454931   55.6787761
   -78.3280051   55.6884905
   -78.2934800   55.7088011
   -78.2764074   55.7194178
   -78.2525088   55.7349869
   -78.2178982   55.7346572
   -78.1962693   55.7349400
   -78.1534873   55.7365811
   -78.1021495   55.7398781
   -78.0704867   55.7426353
   -77.9442617   55.7715725
   -77.9060002   55.7814974
   -77.7927190   55.8149298
   -77.7655860   55.8235919
   -77.7395891   55.8350489
   -77.7042991   55.8521404
   -77.6869505   55.8611956
   -77.6354524   55.8890492
   -77.6081279   55.9047047
   -77.5798720   55.9105083
   -77.5597936   55.9151899
   -77.5399385   55.9202627
   -77.5203667   55.9257109
   -77.5010179   55.9315510
   -77.4818937   55.9377832
   -77.4630500   55.9443890
   -77.4444307   55.9513875
   -77.4260546   55.9587723
   -77.4079047   55.9665504
   -77.3900322   55.9746996
   -77.3723964   55.9832376
   -77.3549831   55.9921720
   -77.3449473   55.9979538
   -77.3279854   56.0087884
   -77.2946681   56.0310949
   -77.2783006   56.0426504
   -77.2622749   56.0545594
   -77.2465082   56.0668839
   -77.2310916   56.0795526
   -77.2159478   56.0926287
   -77.2011166   56.1060786
   -77.1865951   56.1199046
   -77.1723854   56.1341042
   -77.1584512   56.1487146
   -77.1448626   56.1636618
   -77.1315500   56.1790219
   -77.0922957   56.2258912
   -77.0794346   56.2417983
   -77.0668758   56.2580715
   -77.0546213   56.2747075
   -77.0409645   56.2942470
   -77.0336350   56.3138224
   -77.0271277   56.3324731
   -77.0209922   56.3513419
   -77.0152387   56.3704011
   -77.0098850   56.3895883
   -77.0049053   56.4089954
   -76.9985435   56.4368804
   -77.0146957   56.5887336
   -77.0201103   56.6283842
   -77.0268041   56.6681588
   -77.0349578   56.7080748
   -77.0396357   56.7280911
   -77.0459605   56.7527159
   -77.0875810   56.8536412
   -77.0959646   56.8730317
   -77.1139225   56.9118788
   -77.1334358   56.9507368
   -77.1480612   56.9779340
   -77.1669609   56.9980187
   -77.1954310   57.0267005
   -77.2250454   57.0548210
   -77.2403113   57.0686960
   -77.2534605   57.0799682
   -77.2696858   57.0930945
   -77.3028490   57.1187723
   -77.3371544   57.1438356
   -77.3724755   57.1681932
   -77.4089615   57.1919477
   -77.4464941   57.2150204
   -77.4700173   57.2287995
   -77.4745925   57.2438163
   -77.4873797   57.2839412
   -77.5048833   57.3179028
   -77.5244852   57.3537083
   -77.5448728   57.3887599
   -77.5659909   57.4229626
   -77.5768406   57.4397735
   -77.5982214   57.4714968
   -77.6215154   57.5014272
   -77.6339586   57.5167675
   -77.6593624   57.5467967
   -77.6723232   57.5614856
   -77.6987292   57.5901768
   -77.7109490   57.6058750
   -77.7358681   57.6365143
   -77.7615060   57.6662500
   -77.7844545   57.6914070
   -77.8179443   57.7147738
   -77.8528395   57.7375648
   -77.8880556   57.7590168
   -77.9237015   57.7791959
   -77.9596697   57.7980414
   -77.9960391   57.8155960
   -78.0143916   57.8238963
   -78.0512987   57.8394828
   -78.0885054   57.8542618
   -78.1259361   57.8679996
   -78.1637782   57.8804405
   -78.1828750   57.8861801
   -78.2212475   57.8966463
   -78.2405927   57.9013932
   -78.3513109   57.9265641
   -78.3682100   57.9306584
   -78.5325976   57.9729413
   -78.5196546   58.0244251
   -78.5111661   58.0610506
   -78.5034856   58.0967034
   -78.4965815   58.1315257
   -78.4904569   58.1655092
   -78.4851317   58.1985410
   -78.4805871   58.2307318
   -78.4698253   58.3204013
   -78.4670939   58.3499238
   -78.4652741   58.3786310
   -78.4643701   58.4064540
   -78.4643798   58.4334442
   -78.4653038   58.4595841
   -78.4671420   58.4848739
   -78.4698945   58.5093135
   -78.4735613   58.5329029
   -78.4781423   58.5556422
   -78.4836376   58.5775313
   -78.4900471   58.5985702
   -78.4973734   58.6187657
   -78.5056090   58.6380986
   -78.5098784   58.6467231
   -78.5130973   58.6581344
   -78.5201924   58.6785358
   -78.5283493   58.6979498
   -78.5321030   58.7054526
   -78.5337568   58.7199206
   -78.5380643   58.7429142
   -78.5439065   58.7645595
   -78.5464873   58.7763443
   -78.5669520   58.8988418
   -78.6682930   59.3599630
   -78.6667373   59.4018684
   -78.6657455   59.4478973
   -78.6654118   59.4955125
   -78.6657361   59.5447137
   -78.6667205   59.5956063
   -78.6678795   59.6326121
   -78.6755427   59.6767367
   -78.6834988   59.7194283
   -78.6946747   59.7752136
   -78.6136995   59.8029510
   -78.5735567   59.8162862
   -78.3662903   59.9785884
   -78.3429502   59.9962869
   -78.3084733   60.0179307
   -78.2900531   60.0289975
   -78.2601066   60.0462340
   -78.2389407   60.0906041
   -78.2234384   60.1216115
   -78.2077774   60.1517790
   -78.0837657   60.3816474
   -78.0930242   60.4265273
   -78.1071914   60.4876186
   -78.1217923   60.5432548
   -78.1368745   60.5936209
   -78.1523987   60.6385823
   -78.1683971   60.6782344
   -78.2077090   60.7601641
   -78.2159652   60.7803264
   -78.2215493   60.7987246
   -78.2242555   60.8137370
   -78.2266061   60.8555756
   -78.2517417   61.0144036
   -78.2638679   61.0724185
   -78.2800189   61.1372503
   -78.3001671   61.2087977
   -78.3243772   61.2872847
   -78.3525632   61.3724325
   -78.3549893   61.3793593
   -78.3900882   61.3882543
   -78.4298438   61.3996907
   -78.4698015   61.4125841
   -78.5099215   61.4269197
   -78.5301079   61.4346531
   -78.5705216   61.4511695
   -78.6111681   61.4691556
   -78.6316046   61.4787132
   -78.6725075   61.4988636
   -78.6930943   61.5095161
   -78.7256982   61.5269224
   -78.7036559   61.7201759
   -78.6998811   61.7612760
   -78.6973489   61.8021581
   -78.6965489   61.8225407
   -78.6959995   61.8500415
   -78.6915921   61.8840597
   -78.6893698   61.9047213
   -78.6859392   61.9457488
   -78.6847225   61.9662115
   -78.6832975   62.0068696
   -78.6830868   62.0270783
   -78.6836684   62.0673417
   -78.6844629   62.0874124
   -78.6870515   62.1272572
   -78.6895905   62.1539800
   -78.6944271   62.3190379
   -78.6963985   62.4365551
   -78.1834825   62.4235219
   -78.1492506   62.4216439
   -78.1278627   62.4218788
   -78.1070576   62.4235447
   -77.9511011   62.4464542
   -77.9445526   62.4469708
   -77.9245003   62.4505713
   -77.9192408   62.4520877
   -77.8651537   62.4633834
   -77.8454260   62.4677819
   -77.8355514   62.4712571
   -77.8252955   62.4711679
   -77.8114331   62.4727923
   -77.7632636   62.4772012
   -77.7495557   62.4808262
   -77.7434923   62.4814883
   -77.7241905   62.4869775
   -77.7089067   62.4943826
   -77.7059841   62.4952424
   -77.6914256   62.5024061
   -77.6850255   62.5048899
   -77.6678983   62.5075152
   -77.6489934   62.5140143
   -77.6417883   62.5180736
   -77.6306606   62.5219454
   -77.6237377   62.5258608
   -77.6123233   62.5298790
   -77.6056843   62.5336481
   -77.5939924   62.5378108
   -77.5764683   62.5477963
   -77.5602406   62.5610676
   -77.5453161   62.5776183
   -77.5316888   62.5974538
   -77.5193548   62.6205823
   -77.4156711   62.8687521
   -77.3853934   62.8734218
   -77.3645554   62.8774277
   -77.3435995   62.8820549
   -77.3225837   62.8872901
   -77.3014500   62.8931471
   -77.2802205   62.8996203
   -77.2588639   62.9067200
   -77.2374561   62.9144203
   -77.2159280   62.9227456
   -77.1943013   62.9316878
   -77.1725760   62.9412471
   -77.1563296   62.9488227
   -77.1370677   62.9558779
   -77.1106427   62.9496306
   -77.0910964   62.9455532
   -77.0714606   62.9418860
   -77.0518049   62.9386416
   -77.0320598   62.9358079
   -77.0122517   62.9333892
   -76.9923464   62.9313819
   -76.9725858   62.9298066
   -76.9529261   62.9254263
   -76.9333560   62.9214974
   -76.9137199   62.9179820
   -76.8939944   62.9148762
   -76.8443447   62.9078800
   -76.7557872   62.8951576
   -76.7359598   62.8926614
   -76.7161180   62.8905828
   -76.6961869   62.8889131
   -76.6761901   62.8876550
   -76.6561275   62.8868084
   -76.6359747   62.8863727
   -76.6158050   62.8863492
   -76.5955452   62.8867371
   -76.5752196   62.8875365
   -76.5548027   62.8887490
   -76.5343711   62.8903694
   -76.5138482   62.8924034
   -76.4932634   62.8948484
   -76.4725773   62.8977098
   -76.4518841   62.9009741
   -76.4310982   62.9046541
   -76.3476927   62.9210132
   -76.3267717   62.9255385
   -76.2890228   62.9346950
   -76.2640967   62.9385640
   -76.2224776   62.9462146
   -76.1805932   62.9553339
   -76.1385406   62.9658996
   -76.0961869   62.9779451
   -76.0536694   62.9914313
   -76.0108460   63.0064033
   -75.9678697   63.0228073
   -75.9246100   63.0406920
   -75.9028546   63.0501991
   -75.8592925   63.0702549
   -75.8154109   63.0918132
   -75.7713852   63.1147879
   -75.7270326   63.1392745
   -75.6825511   63.1651631
   -75.6601861   63.1786770
   -75.6181181   63.2050038
   -75.5208146   63.2908433
   -75.3338954   62.9618106
   -75.3183944   62.9353819
   -75.3028065   62.9096542
   -75.2870902   62.8845580
   -75.2712645   62.8601235
   -75.2553350   62.8363582
   -75.2392433   62.8131764
   -75.2230608   62.7906817
   -75.2067511   62.7688224
   -75.1903272   62.7476164
   -75.1738093   62.7270881
   -75.1571223   62.7071454
   -75.1403420   62.6878803
   -75.1234461   62.6692657
   -75.1064435   62.6513106
   -75.0892876   62.6339670
   -75.0720351   62.6172926
   -75.0546570   62.6012589
   -75.0371667   62.5858781
   -75.0195684   62.5711533
   -75.0018206   62.5570504
   -74.9839738   62.5436100
   -74.9660020   62.5308123
   -74.9479309   62.5186747
   -74.9297116   62.5071649
   -74.9113837   62.4963086
   -74.8929402   62.4861013
   -74.8743803   62.4765421
   -74.8557110   62.4676344
   -74.8368985   62.4593624
   -74.8179767   62.4517418
   -74.7989393   62.4447694
   -74.7797853   62.4384448
   -74.6537969   62.4011873
   -74.6255817   62.3930089
   -74.6061290   62.3883102
   -74.5865606   62.3842913
   -74.5668450   62.3809460
   -74.5247065   62.3753835
   -74.5108634   62.3777363
   -74.4809167   62.3778682
   -74.4596089   62.3783672
   -74.4386252   62.3796316
   -74.4179656   62.3816614
   -74.1334710   62.4212691
   -74.1135460   62.4250336
   -73.9676434   62.4583293
   -73.9564305   62.4605419
   -73.9371004   62.4657111
   -73.9182998   62.4721309
   -73.9000288   62.4798012
   -73.8822873   62.4887220
   -73.8650754   62.4988933
   -73.8483931   62.5103151
   -73.8322402   62.5229875
   -73.8166199   62.5369077
   -73.8015240   62.5520831
   -73.7869599   62.5685069
   -73.7729252   62.5861813
   -73.5039625   62.9630820
   -73.4727252   63.0056512
   -73.4398461   63.0493317
   -73.4049441   63.0946295
   -73.3717209   63.1368323
   -73.2472701   63.0468155
   -73.2146966   63.0241960
   -73.1815796   63.0024366
   -73.1479208   62.9815361
   -73.1308176   62.9713652
   -73.0963246   62.9517374
   -73.0788118   62.9422098
   -73.0434459   62.9238325
   -73.0255049   62.9149370
   -72.9892855   62.8978214
   -72.9709162   62.8895581
   -72.9338126   62.8736909
   -72.8961710   62.8586782
   -72.8770877   62.8514685
   -72.8385929   62.8377175
   -72.8044901   62.8264136
   -72.7622515   62.8090722
   -72.7242561   62.7945870
   -72.6960884   62.7845204
   -72.6715525   62.7663583
   -72.6392353   62.7434821
   -72.6135743   62.7261277
   -72.5904642   62.7095073
   -72.5741584   62.6981473
   -72.5413126   62.6760962
   -72.5246426   62.6653170
   -72.4909798   62.6443642
   -72.4568377   62.6241846
   -72.4395279   62.6143506
   -72.4046204   62.5953023
   -72.3701536   62.5774913
   -72.3432688   62.5661496
   -72.3189882   62.5483673
   -72.2860892   62.5253129
   -72.2694627   62.5140828
   -72.2359387   62.4922723
   -72.2019712   62.4712736
   -72.1848100   62.4610726
   -72.1502178   62.4413167
   -72.1151816   62.4223738
   -72.0796837   62.4042359
   -72.0438268   62.3869543
   -72.0257205   62.3786134
   -71.9099635   62.3276669
   -71.8995238   62.3191795
   -71.8375349   62.2699595
   -71.8120877   62.2504055
   -71.7913831   62.2333862
   -71.7605635   62.2090885
   -71.7292674   62.1855722
   -71.6974948   62.1628373
   -71.6652161   62.1408635
   -71.6325208   62.1197111
   -71.5993187   62.0993202
   -71.5656402   62.0797107
   -71.5315919   62.0606657
   -71.4972552   62.0421083
   -71.4624874   62.0243546
   -71.4272115   62.0073647
   -71.4093950   61.9991624
   -71.3725319   61.9842357
   -71.3513027   61.9699851
   -71.3280967   61.9548170
   -71.2968021   61.9325789
   -71.2698777   61.9201246
   -71.2323331   61.9037324
   -71.1946319   61.8883475
   -71.1568123   61.8739842
   -71.1377859   61.8671593
   -71.0996931   61.8542926
   -71.0614436   61.8424332
   -71.0230375   61.8315810
   -71.0037698   61.8265312
   -70.9651430   61.8170983
   -70.9263978   61.8084268
   -70.8875011   61.8007650
   -70.8484801   61.7941168
   -70.7700256   61.7827237
   -70.7306786   61.7779221
   -70.6911748   61.7741286
   -70.6624081   61.7720384
   -70.6238835   61.7671265
   -70.5354113   61.7600954
   -70.4094643   61.7499856
   -70.3704187   61.7475486
   -70.3508235   61.7466955
   -70.3116870   61.7457280
   -70.2920663   61.7456107
   -70.2527594   61.7461103
   -70.2330327   61.7467285
   -70.1518060   61.7504454
   -70.1325217   61.7510778
   -70.0938963   61.7516590
   -69.8622010   61.7510581
   -69.8346576   61.7506795
   -69.7994954   61.7333245
   -69.7735164   61.7316022
   -69.7321567   61.7296472
   -69.7115399   61.7290220
   -69.6724938   61.7282821
   -69.6366906   61.7231522
   -69.6007184   61.7172490
   -69.4729247   61.6942403
   -69.4547153   61.6907470
   -69.4186469   61.6831826
   -69.3828189   61.6748019
   -69.3473446   61.6656311
   -69.3121505   61.6556523
   -69.1279707   61.5999172
   -69.0546459   61.5766004
   -68.9764539   61.5350714
   -68.9440879   61.5171777
   -68.9119631   61.4984736
   -68.8801571   61.4790055
   -68.8485808   61.4587189
   -68.8328677   61.4482603
   -68.7036131   61.3602142
   -68.8095355   60.9373553
   -68.8171596   60.9052306
   -68.8220185   60.8859995
   -68.8324765   60.8481243
   -68.8396129   60.8246055
   -68.8498424   60.7989029
   -68.8659729   60.7614178
   -68.9216639   60.6400612
   -68.9380147   60.6065089
   -68.9465968   60.5898905
   -68.9644816   60.5571486
   -68.9738102   60.5409736
   -69.0691177   60.3814615
   -69.0347817   60.1023857
   -69.0308667   60.0744844
   -69.0221222   60.0189842
   -69.0195357   60.0009126
   -69.0160833   59.9730672
   -68.9893207   59.8710922
   -68.9785788   59.8334333
   -68.9666778   59.7957280
   -68.9536536   59.7580861
   -68.9467050   59.7392432
   -68.9375147   59.7154994
   -68.6887809   59.5337389
   -68.6624246   59.5264786
   -68.6430279   59.5214972
   -68.5847506   59.5076652
   -68.5458522   59.4989138
   -68.5262786   59.4949360
   -68.4870916   59.4878189
   -68.4673734   59.4846605
   -68.4278978   59.4791778
   -68.4080348   59.4768388
   -68.3682650   59.4729900
   -68.3224247   59.4692707
   -68.0706688   59.4476683
   -67.8554514   59.4125771
   -67.5896689   59.3310127
   -67.5662556   59.3310066
   -67.5219710   59.3316766
   -67.4977964   59.3406761
   -67.4603946   59.3552924
   -67.4230679   59.3706920
   -67.3860481   59.3867799
   -67.3675395   59.3951316
   -67.3124124   59.4208612
   -67.2817261   59.4358678
   -67.1157157   59.6112690
   -66.7327727   59.9611442
   -66.7003610   59.9900474
   -66.5158152   60.5659341
   -66.3489487   60.6258612
   -66.3137561   60.6325864
   -66.1578282   60.6606362
   -66.1161131   60.6686878
   -66.0754132   60.6693644
   -66.0537198   60.6699852
   -66.0107047   60.6717539
   -65.9614094   60.6744081
   -65.8318180   60.6824916
   -65.7824727   60.6914321
   -65.6849087   60.6356816
   -65.6382971   60.6096533
   -65.5927859   60.5848626
   -65.4947773   60.5328903
   -65.3029521   60.4418745
   -65.2899848   60.4368997
   -65.2475127   60.4226817
   -65.2068921   60.4101156
   -65.1680360   60.3991753
   -65.1156508   60.3860251
   -65.0817654   60.3797275
   -65.0618548   60.3753611
   -65.0419364   60.3714729
   -64.9810023   60.3611611
   -64.9256985   60.3619237
   -64.8992015   60.3647275
   -64.8926125   60.3661731
   -64.8736148   60.3683262
   -64.8699904   60.3692508
   -64.8481005   60.3719834
   -64.8246812   60.3754780
   -64.8050916   60.3739326
   -64.7884390   60.3679152
   -64.7742475   60.3620034
   -64.7627550   60.3616859
   -64.7582001   60.3595794
   -64.7451993   60.3587788
   -64.7421457   60.3572188
   -64.7276555   60.3558091
   -64.7260797   60.3549236
   -64.7101235   60.3527726
   -64.6938653   60.3427603
   -64.6790002   60.3251141
   -64.6697757   60.3078044
   -64.6761875   60.3025337
   -64.6936673   60.2927658
   -64.7300752   60.2813438
   -64.7537699   60.2786881
   -64.7726502   60.2721660
   -64.7898221   60.2609846
   -64.8063846   60.2481469
   -64.8213562   60.2309729
   -64.8244465   60.2260050
   -64.8252646   60.2138595
   -64.8248639   60.1931453
   -64.8190060   60.1661288
   -64.8131562   60.1443516
   -64.8045728   60.1219069
   -64.7932558   60.0987947
   -64.7792052   60.0750151
   -64.7716758   60.0640481
   -64.7596544   60.0448166
   -64.7626509   60.0313166
   -64.7691835   59.9855491
   -64.7807171   59.9520180
   -64.8762621   59.6759212
   -64.8808789   59.6570051
   -64.8835729   59.6378703
   -64.8843443   59.6185144
   -64.8831926   59.5989333
   -64.8804329   59.5811617
   -64.8674986   59.5447962
   -64.8125636   59.3919251
   -64.8044441   59.3729505
   -64.7949683   59.3541210
   -64.7841363   59.3354366
   -64.7719481   59.3168975
   -64.7584036   59.2985035
   -64.7435095   59.2802629
   -64.7272442   59.2621501
   -64.7096308   59.2441916
   -64.6949820   59.2304358
   -64.6949207   59.2271598
   -64.7085986   59.2046145
   -64.7201497   59.1835343
   -64.7310847   59.1625184
   -64.7407310   59.1416527
   -64.7490962   59.1209035
   -64.7561669   59.1003028
   -64.7619471   59.0798404
   -64.7664370   59.0595160
   -64.7689690   59.0435409
   -64.7576711   59.0226006
   -64.7429016   58.9992740
   -64.7274657   58.9787593
   -64.7116335   58.9598792
   -64.6951842   58.9436401
   -64.6780039   58.9304454
   -64.6600993   58.9203010
   -64.6414645   58.9132041
   -64.6221113   58.9091588
   -64.4125770   58.8668761
   -64.4089353   58.8656989
   -64.3935770   58.8630327
   -64.3895528   58.8617485
   -64.3745727   58.8591867
   -64.3701750   58.8578014
   -64.3555768   58.8553418
   -64.3507954   58.8538547
   -64.3365727   58.8514937
   -64.3314136   58.8499094
   -64.3175773   58.8476462
   -64.3120299   58.8459641
   -64.2985736   58.8437953
   -64.2926510   58.8420217
   -64.2795776   58.8399453
   -64.2732702   58.8380799
   -64.2605754   58.8360927
   -64.2538874   58.8341391
   -64.2415796   58.8322404
   -64.2318863   58.8298006
   -64.2262932   58.8259592
   -64.2171223   58.8178589
   -64.2108788   58.8137832
   -64.2000194   58.8043456
   -64.1954946   58.8015847
   -64.1829046   58.7908767
   -64.1801739   58.7893605
   -64.1657725   58.7774763
   -64.1475441   58.7686953
   -64.1280692   58.7651471
   -64.1132283   58.7663543
   -64.1076729   58.7654663
   -64.0927653   58.7665522
   -64.0872784   58.7657717
   -64.0723033   58.7667611
   -64.0510665   58.7640425
   -64.0287539   58.7572719
   -64.0053750   58.7464524
   -63.9809215   58.7315811
   -63.9554777   58.7129679
   -63.9296267   58.6928469
   -63.9028540   58.6691833
   -63.8915242   58.6580548
   -63.8963541   58.6500534
   -63.9075820   58.6333485
   -63.9194791   58.6174297
   -63.9295326   58.6053220
   -63.9413959   58.5937585
   -64.3483583   58.2365829
   -64.3622753   58.2223497
   -64.3746634   58.2068379
   -64.3857725   58.1901783
   -64.3872964   58.1723155
   -64.3870435   58.1529890
   -64.3848541   58.1340802
   -64.3807292   58.1155909
   -64.3759405   58.1013106
   -64.3654309   58.0894136
   -64.2089770   57.9459435
   -64.2053834   57.9432410
   -64.1947539   57.9329007
   -64.1908139   57.9299287
   -64.1805331   57.9198607
   -64.1762385   57.9166110
   -64.1663081   57.9068192
   -64.1616720   57.9032998
   -64.1520816   57.8937763
   -64.1471000   57.8899822
   -64.1378588   57.8807383
   -64.1325306   57.8766664
   -64.1236325   57.8676986
   -64.1179619   57.8633498
   -64.1094041   57.8546581
   -64.1033959   57.8500336
   -64.0951775   57.8416198
   -64.0888251   57.8367122
   -64.0814888   57.8291393
   -64.0731798   57.8244521
   -64.0651804   57.8182079
   -64.0563714   57.8133154
   -64.0482216   57.8069068
   -64.0305953   57.7972912
   -64.0116987   57.7909190
   -64.0049264   57.7898678
   -63.9923551   57.7856680
   -63.9856682   57.7846070
   -63.9730174   57.7804173
   -63.9664127   57.7793481
   -63.9536746   57.7751638
   -63.9471520   57.7740883
   -63.9343346   57.7699104
   -63.9278965   57.7688308
   -63.9149984   57.7646568
   -63.9086343   57.7635728
   -63.8956568   57.7594018
   -63.8893753   57.7583163
   -63.8763193   57.7541471
   -63.8701208   57.7530615
   -63.8569773   57.7488901
   -63.8508580   57.7478048
   -63.8376386   57.7436336
   -63.8315988   57.7425498
   -63.8183038   57.7383778
   -63.8123444   57.7372967
   -63.7989621   57.7331192
   -63.7930810   57.7320413
   -63.7796278   57.7278626
   -63.7738255   57.7267889
   -63.7546687   57.7208667
   -63.7358801   57.7126364
   -63.7174615   57.7020997
   -63.6994003   57.6892488
   -63.6961054   57.6864260
   -63.6960464   57.6617540
   -63.6981835   57.6417341
   -63.7021982   57.6222295
   -63.7080894   57.6032412
   -63.7105337   57.5974280
   -63.7145907   57.5844071
   -63.7169677   57.5787536
   -63.9420603   56.9254278
   -64.0001183   56.7572174
   -64.0055054   56.7381019
   -64.0097715   56.7185107
   -64.0157576   56.6782841
   -64.0156266   56.6561600
   -64.0125505   56.4621027
   -64.0111969   56.3816900
   -63.9532328   56.2057249
   -63.9502460   56.1974712
   -63.9367050   56.1801795
   -63.9309889   56.1722628
   -63.9223716   56.1618017
   -63.9170514   56.1543567
   -63.9080380   56.1434240
   -63.9031239   56.1364624
   -63.8889217   56.1192531
   -63.8740071   56.1039422
   -63.8583634   56.0905122
   -63.8456167   56.0815230
   -63.7875398   56.0354302
   -63.7716352   56.0202603
   -63.7520341   55.9976755
   -63.7613306   55.9786624
   -63.7695278   55.9577808
   -63.7755708   55.9371932
   -63.7798676   55.9168268
   -63.7828670   55.8966267
   -63.7836246   55.8767276
   -63.7821408   55.8571137
   -63.7661389   55.7654402
   -63.7656776   55.7602490
   -63.7628859   55.7463881
   -63.7623822   55.7408750
   -63.7596343   55.7273421
   -63.7590858   55.7214978
   -63.7563837   55.7082945
   -63.7557900   55.7021284
   -63.7531333   55.6892468
   -63.7524923   55.6827513
   -63.7498840   55.6701989
   -63.7491952   55.6633823
   -63.7466347   55.6511504
   -63.7458960   55.6440041
   -63.7433869   55.6321037
   -63.7425979   55.6246365
   -63.7401399   55.6130603
   -63.7392980   55.6052583
   -63.7368926   55.5940072
   -63.7359987   55.5858909
   -63.7336458   55.5749587
   -63.7326977   55.5665176
   -63.7303996   55.5559102
   -63.7293957   55.5471408
   -63.7271542   55.5368608
   -63.7260945   55.5277725
   -63.7239092   55.5178136
   -63.7227915   55.5083958
   -63.7199875   55.4931530
   -63.6974056   55.4226793
   -63.6894004   55.4049315
   -63.6795171   55.3880057
   -63.6677514   55.3718933
   -63.6541040   55.3565955
   -63.6385750   55.3421122
   -63.6211643   55.3284434
   -63.6082743   55.3198550
   -63.6024780   55.3153337
   -63.5440305   55.2743531
   -63.5460608   55.1823976
   -63.5467570   55.1698007
   -63.5465797   55.1607026
   -63.5473009   55.1483595
   -63.5470963   55.1390094
   -63.5478471   55.1269174
   -63.5476103   55.1173149
   -63.5483964   55.1054740
   -63.5481210   55.0956218
   -63.5489496   55.0840288
   -63.5486274   55.0739217
   -63.5495074   55.0625858
   -63.5491274   55.0522203
   -63.5509221   55.0311568
   -63.5553308   55.0113811
   -63.5623529   54.9928951
   -63.5719901   54.9756942
   -63.5837538   54.9595421
   -63.5972063   54.9442220
   -63.6132012   54.9301570
   -63.6268774   54.9198803
   -63.6394645   54.9111449
   -63.6443473   54.9069787
   -63.6567362   54.8983509
   -63.6618195   54.8940718
   -63.6740178   54.8855517
   -63.6792867   54.8811669
   -63.6912951   54.8727587
   -63.6967565   54.8682583
   -63.7501422   54.8288367
   -63.7642727   54.8068963
   -63.8013620   54.7476504
   -63.8463836   54.7236882
   -63.8546000   54.7188393
   -63.8652790   54.7135352
   -63.8735585   54.7086195
   -63.8841843   54.7033799
   -63.8925296   54.6983904
   -63.9030826   54.6932309
   -63.9114889   54.6881636
   -63.9219911   54.6830809
   -63.9304584   54.6779267
   -63.9409051   54.6729328
   -63.9494176   54.6676896
   -63.9598200   54.6627921
   -63.9683860   54.6574387
   -63.9787471   54.6526540
   -63.9873495   54.6471782
   -63.9976833   54.6425259
   -64.0063096   54.6369019
   -64.0253461   54.6286245
   -64.0445202   54.6243891
   -64.0638417   54.6241934
   -64.0833010   54.6280374
   -64.0972127   54.6313491
   -64.1050463   54.6360467
   -64.1096930   54.6377920
   -64.1225576   54.6454518
   -64.1268679   54.6470515
   -64.1400714   54.6548571
   -64.1440438   54.6563134
   -64.1575840   54.6642597
   -64.1612156   54.6655747
   -64.1750997   54.6736630
   -64.1783925   54.6748404
   -64.1926114   54.6830620
   -64.1955623   54.6841036
   -64.2101300   54.6924633
   -64.2127361   54.6933712
   -64.3136301   54.7479537
   -64.3309060   54.7501459
   -64.3421367   54.7494296
   -64.3501448   54.7504892
   -64.3619945   54.7498127
   -64.3693811   54.7508297
   -64.3818574   54.7501996
   -64.3886176   54.7511660
   -64.4017156   54.7505898
   -64.4078515   54.7514989
   -64.4215791   54.7509833
   -64.4270909   54.7518283
   -64.4414394   54.7513802
   -64.4463277   54.7521544
   -64.4612971   54.7517805
   -64.4655619   54.7524773
   -64.4811605   54.7521840
   -64.4848017   54.7527969
   -64.5010187   54.7525907
   -64.5040393   54.7531139
   -64.6003217   54.7546535
   -64.6201847   54.7550952
   -64.6400404   54.7590894
   -64.7619731   54.7844421
   -64.7738011   54.7918770
   -64.7792695   54.7944796
   -64.7906561   54.8017001
   -64.7965603   54.8045137
   -64.8075208   54.8115286
   -64.8138561   54.8145518
   -64.8243764   54.8213511
   -64.8311466   54.8245866
   -64.8412402   54.8311781
   -64.8484419   54.8346251
   -64.8580991   54.8410014
   -64.8657319   54.8446608
   -64.8749613   54.8508266
   -64.8830263   54.8547001
   -64.8918207   54.8606490
   -64.9003159   54.8647368
   -64.9086833   54.8704731
   -64.9176072   54.8747759
   -64.9255432   54.8802946
   -64.9348974   54.8848147
   -64.9424062   54.8901172
   -64.9521897   54.8948560
   -64.9592671   54.8999370
   -64.9694777   54.9048955
   -64.9761307   54.9097578
   -64.9867687   54.9149383
   -64.9929925   54.9195756
   -65.0040555   54.9249796
   -65.0098570   54.9293942
   -65.0213447   54.9350244
   -65.0267197   54.9392091
   -65.0441230   54.9477700
   -65.0550865   54.9505509
   -65.0667603   54.9488282
   -65.0852161   54.9418868
   -65.0948159   54.9357460
   -65.1029076   54.9326247
   -65.1124985   54.9265595
   -65.1206048   54.9233640
   -65.1301805   54.9173697
   -65.1383007   54.9141075
   -65.1478576   54.9081790
   -65.1559964   54.9048545
   -65.1655362   54.8989844
   -65.1736962   54.8956015
   -65.1832115   54.8897891
   -65.1913915   54.8863530
   -65.2008840   54.8805928
   -65.2090947   54.8771028
   -65.2185598   54.8713939
   -65.2267902   54.8678579
   -65.2362303   54.8621953
   -65.2444931   54.8586108
   -65.2539045   54.8529940
   -65.2621930   54.8493665
   -65.2715725   54.8437948
   -65.2798914   54.8401244
   -65.2892437   54.8345927
   -65.2975949   54.8308805
   -65.3069164   54.8253890
   -65.3152919   54.8216404
   -65.3245856   54.8161855
   -65.3329985   54.8123962
   -65.3422527   54.8069833
   -65.3656200   54.8018497
   -65.3707884   54.8012420
   -65.3852216   54.7979479
   -65.3902503   54.7973715
   -65.4048233   54.7940468
   -65.4097008   54.7935029
   -65.4244208   54.7901460
   -65.4291606   54.7896331
   -65.4440267   54.7862444
   -65.4486161   54.7857637
   -65.4636284   54.7823434
   -65.4680696   54.7818944
   -65.4832301   54.7784420
   -65.4875281   54.7780241
   -65.5028319   54.7745410
   -65.5069800   54.7741549
   -65.5224334   54.7706397
   -65.5264407   54.7702842
   -65.5420344   54.7667391
   -65.5458954   54.7664146
   -65.5616361   54.7628384
   -65.5653475   54.7625450
   -65.5812378   54.7589373
   -65.5848061   54.7586742
   -65.6008396   54.7550369
   -65.6042599   54.7548042
   -65.6204414   54.7511361
   -65.6237177   54.7509334
   -65.6400432   54.7472359
   -65.6431701   54.7470632
   -65.6596449   54.7433354
   -65.6739201   54.7406397
   -65.6891003   54.7426767
   -65.7080616   54.7491874
   -65.7251403   54.7594116
   -65.7351157   54.7685614
   -65.7409131   54.7722197
   -65.7498487   54.7805372
   -65.7566767   54.7850404
   -65.7645939   54.7925033
   -65.7724324   54.7978713
   -65.7793513   54.8044648
   -65.7881858   54.8107145
   -65.7941170   54.8164208
   -65.8039351   54.8235658
   -65.8088847   54.8283679
   -65.8196778   54.8364208
   -65.8236577   54.8403110
   -65.8354231   54.8492857
   -65.8498725   54.8611489
   -65.8659764   54.8665853
   -65.8706601   54.8676031
   -65.8850476   54.8726774
   -65.8898343   54.8737010
   -65.9041197   54.8787706
   -65.9090087   54.8797975
   -65.9231906   54.8848644
   -65.9281796   54.8858918
   -65.9422590   54.8909591
   -65.9473575   54.8919861
   -65.9613328   54.8970564
   -65.9665327   54.8980782
   -65.9804031   54.9031548
   -65.9857070   54.9041682
   -65.9994740   54.9092557
   -66.0048827   54.9102563
   -66.0185436   54.9153590
   -66.0240638   54.9163431
   -66.0427472   54.9234053
   -66.0535457   54.9300854
   -66.0603168   54.9326595
   -66.0710078   54.9392845
   -66.0778890   54.9419152
   -66.0884717   54.9484838
   -66.0954612   54.9511706
   -66.1059357   54.9576829
   -66.1130307   54.9604250
   -66.1233974   54.9668808
   -66.1306045   54.9696813
   -66.1408643   54.9760808
   -66.1481758   54.9789369
   -66.1583270   54.9852788
   -66.1657450   54.9881917
   -66.1757911   54.9944778
   -66.1798909   54.9960959
   -66.1929195   55.0042906
   -66.1972224   55.0059939
   -66.2100487   55.0141039
   -66.2145535   55.0158925
   -66.2271756   55.0239161
   -66.2318888   55.0257930
   -66.2443045   55.0337280
   -66.2492176   55.0356906
   -66.2614333   55.0435403
   -66.2665507   55.0455908
   -66.2785622   55.0533522
   -66.2838813   55.0554902
   -66.2956919   55.0631645
   -66.3012158   55.0653919
   -66.3128199   55.0729748
   -66.3185457   55.0752911
   -66.3299493   55.0827859
   -66.3358759   55.0851913
   -66.3470787   55.0925969
   -66.3532099   55.0950936
   -66.3642093   55.1024075
   -66.3705377   55.1049931
   -66.3813355   55.1122160
   -66.3878699   55.1148949
   -66.3984674   55.1220267
   -66.4051994   55.1247962
   -66.4155974   55.1318365
   -66.4225327   55.1346995
   -66.4327280   55.1416455
   -66.4398600   55.1446002
   -66.4498590   55.1514551
   -66.4571911   55.1545036
   -66.4669883   55.1612632
   -66.4745231   55.1644075
   -66.4841194   55.1710712
   -66.4918499   55.1743091
   -66.5012503   55.1808795
   -66.5091805   55.1842134
   -66.5183822   55.1906876
   -66.5265102   55.1941178
   -66.5355123   55.2004942
   -66.5438385   55.2040215
   -66.5526440   55.2103011
   -66.5611664   55.2139257
   -66.5697757   55.2201080
   -66.5784961   55.2238314
   -66.5869083   55.2299146
   -66.6051292   55.2377262
   -66.6254537   55.2416935
   -66.6478769   55.2418158
   -66.6601231   55.2399573
   -66.6715159   55.2397263
   -66.6819875   55.2381481
   -66.6951514   55.2376413
   -66.7038502   55.2363370
   -66.7187801   55.2355597
   -66.7257246   55.2345225
   -66.7424117   55.2334783
   -66.7660424   55.2313985
   -66.7905280   55.2277615
   -66.8065179   55.2242509
   -66.8158882   55.2165079
   -66.8310159   55.2023380
   -66.8456048   55.1869428
   -66.8597425   55.1705771
   -66.8735566   55.1534662
   -66.8868419   55.1351718
   -66.8995985   55.1156937
   -66.9118265   55.0950320
   -66.9269967   55.0660314
   -67.2144387   55.0903369
   -67.2324037   55.0921796
   -67.2539149   55.0923013
   -67.2744503   55.0902383
   -67.2941741   55.0863583
   -67.3132887   55.0811144
   -67.3313989   55.0736217
   -67.3485046   55.0638803
   -67.3646089   55.0518879
   -67.3797007   55.0376537
   -67.3937942   55.0211650
   -67.4110176   54.9975524
   -67.4127902   54.9910307
   -67.4164640   54.9707934
   -67.4185146   54.9498038
   -67.4189406   54.9280706
   -67.4177424   54.9055913
   -67.4149211   54.8823746
   -67.4127057   54.8704321
   -67.3858138   54.6953162
   -67.4492390   54.6048288
   -67.5965194   54.3956486
   -67.6023896   54.3862817
   -67.6692055   54.2612678
   -67.6783917   54.2433423
   -67.6862419   54.2251692
   -67.6927624   54.2067324
   -67.6979460   54.1880513
   -67.7021506   54.1691828
   -67.7053773   54.1501324
   -67.7072668   54.1308269
   -67.7078186   54.1112708
   -67.7070331   54.0914709
   -67.7049087   54.0714003
   -67.7025525   54.0575713
   -67.5769619   53.8695394
   -67.5650011   53.8542477
   -67.5446729   53.8323256
   -67.5381978   53.8245702
   -67.5312227   53.8174561
   -67.5247954   53.8097290
   -67.5177733   53.8025883
   -67.5113975   53.7948921
   -67.5043212   53.7877195
   -67.4979948   53.7800490
   -67.4908758   53.7728587
   -67.4845972   53.7652093
   -67.4774207   53.7579889
   -67.4711976   53.7503665
   -67.4639660   53.7431218
   -67.4577943   53.7355176
   -67.4505140   53.7282585
   -67.4444010   53.7206773
   -67.4370611   53.7133972
   -67.4310041   53.7058304
   -67.4236001   53.6985298
   -67.4176069   53.6909808
   -67.4101422   53.6836693
   -67.4042120   53.6761295
   -67.3966832   53.6688105
   -67.3908215   53.6612782
   -67.3832155   53.6539478
   -67.3774297   53.6464212
   -67.3697483   53.6390918
   -67.3640431   53.6315627
   -67.3562750   53.6242368
   -67.3506567   53.6166956
   -67.3427974   53.6093860
   -67.3372773   53.6018245
   -67.3293102   53.5945379
   -67.3239039   53.5869456
   -67.3158124   53.5796959
   -67.3105373   53.5720536
   -67.3022996   53.5648619
   -67.2946407   53.5533116
   -67.2800312   53.5409288
   -67.2617596   53.5326728
   -67.2582077   53.5320041
   -67.2427833   53.5252110
   -67.2394838   53.5245027
   -67.2238206   53.5177339
   -67.2207591   53.5170152
   -67.0133229   53.4343742
   -66.9803069   53.3883093
   -66.9732707   53.3792350
   -66.9688417   53.3723765
   -66.9613027   53.3626068
   -66.9573769   53.3564498
   -66.9493392   53.3459796
   -66.9448360   53.3388183
   -66.9431409   53.3306872
   -66.9407687   53.3090745
   -66.9407056   53.2883049
   -66.9429517   53.2683782
   -66.9475065   53.2492961
   -66.9543721   53.2310526
   -66.9620100   53.2130941
   -66.9716343   53.1958609
   -66.9835479   53.1794633
   -66.9999743   53.1619154
   -67.1345833   53.1435246
   -67.1501986   53.1417522
   -67.1727052   53.1383428
   -67.2844334   53.1235065
   -67.3030193   53.1185323
   -67.3209421   53.1109123
   -67.3385525   53.1020200
   -67.3526855   53.0923637
   -67.3533263   53.0745819
   -67.3513562   53.0546151
   -67.3466568   53.0357309
   -67.3406099   53.0173891
   -67.3319710   53.0000749
   -67.3205636   52.9838637
   -67.3135895   52.9764305
   -67.3077313   52.9682164
   -67.3008298   52.9607848
   -67.2949009   52.9525654
   -67.2880714   52.9451466
   -67.2820791   52.9369192
   -67.2740660   52.9278159
   -67.2419182   52.9103038
   -67.0215620   52.7896736
   -66.9178102   52.7333244
   -66.8990384   52.7272372
   -66.8789414   52.7241096
   -66.8660288   52.7240081
   -66.8548101   52.7269796
   -66.8454765   52.7308018
   -66.8358621   52.7333923
   -66.8264845   52.7371859
   -66.8169063   52.7398052
   -66.8075022   52.7435686
   -66.7979592   52.7462121
   -66.7885090   52.7499576
   -66.7790069   52.7526197
   -66.7695298   52.7563436
   -66.7600500   52.7590264
   -66.7505373   52.7627350
   -66.7411026   52.7654291
   -66.7315557   52.7691249
   -66.7221451   52.7718338
   -66.7125731   52.7755154
   -66.7031980   52.7782338
   -66.6935883   52.7819082
   -66.4658113   52.8586500
   -66.4494534   52.8636623
   -66.4324649   52.8562515
   -66.4176690   52.8488250
   -66.4048823   52.8296789
   -66.3922909   52.8080650
   -66.3817204   52.7867133
   -66.3731838   52.7656499
   -66.3666715   52.7448513
   -66.3621903   52.7243389
   -66.3597079   52.7040893
   -66.3581364   52.6839724
   -66.3586494   52.6641307
   -66.3612466   52.6445808
   -66.3640483   52.6330506
   -66.3651278   52.6251974
   -66.3677992   52.6143522
   -66.3690100   52.6058224
   -66.3715480   52.5956531
   -66.3728964   52.5864397
   -66.3752927   52.5769582
   -66.3767830   52.5670654
   -66.3790375   52.5582532
   -66.3806742   52.5476832
   -66.3827790   52.5395522
   -66.3845666   52.5283048
   -66.3865182   52.5208506
   -66.3884601   52.5089330
   -66.3902559   52.5021486
   -66.4161788   52.3711707
   -66.4181102   52.3519874
   -66.4184351   52.3323760
   -66.4166893   52.3281143
   -66.4059269   52.3113849
   -66.3943392   52.2954251
   -66.3814840   52.2806275
   -66.3673698   52.2670023
   -66.3142856   52.2253600
   -66.2614129   52.2067227
   -65.9430099   52.0935220
   -65.9233406   52.0899259
   -65.9143828   52.0897970
   -65.9033997   52.0878287
   -65.8946544   52.0876987
   -65.8834578   52.0857309
   -65.8749235   52.0856000
   -65.8635202   52.0836334
   -65.8551924   52.0835020
   -65.8435764   52.0815352
   -65.8354576   52.0814037
   -65.8236345   52.0794373
   -65.8157300   52.0793060
   -65.8036937   52.0773387
   -65.7959989   52.0772080
   -65.7837532   52.0752401
   -65.7762680   52.0751102
   -65.7638114   52.0731413
   -65.7565333   52.0730124
   -65.7438707   52.0710428
   -65.7368054   52.0709153
   -65.7239339   52.0689444
   -65.7170745   52.0688183
   -65.7039885   52.0668452
   -65.6973434   52.0667209
   -65.6840479   52.0647459
   -65.6776086   52.0646235
   -65.6641075   52.0626471
   -65.6544573   52.0620328
   -65.5985770   52.0597494
   -65.5047562   52.0553495
   -65.4997226   52.0555652
   -65.4860401   52.0544927
   -65.4699540   52.0538653
   -65.4617696   52.0499493
   -65.4439840   52.0395240
   -65.4285005   52.0273742
   -65.4153190   52.0134998
   -65.4034211   51.9986638
   -65.3935390   51.9823177
   -65.3648870   51.9146299
   -65.3601205   51.9039616
   -65.3492453   51.8967583
   -65.3452107   51.8933341
   -65.3328497   51.8852879
   -65.3281272   51.8812635
   -65.3164544   51.8738211
   -65.3110480   51.8691915
   -65.2935976   51.8583410
   -65.2751459   51.8507288
   -65.2589455   51.8470885
   -65.2558652   51.8458333
   -65.2398906   51.8422697
   -65.2365871   51.8409396
   -65.2208339   51.8374502
   -65.2173035   51.8360454
   -65.2017820   51.8326312
   -65.1980208   51.8311516
   -65.1827275   51.8278102
   -65.1787421   51.8262600
   -65.1636741   51.8229892
   -65.1594576   51.8213671
   -65.1446167   51.8181662
   -65.1401759   51.8164761
   -65.1255656   51.8133448
   -65.1208955   51.8115860
   -65.1065126   51.8085220
   -65.1016103   51.8066947
   -65.0874585   51.8036980
   -65.0823283   51.8018049
   -65.0684047   51.7988736
   -65.0630443   51.7969152
   -65.0493489   51.7940482
   -65.0437647   51.7920277
   -65.0302983   51.7892243
   -65.0244787   51.7871385
   -65.0112448   51.7843984
   -65.0051962   51.7822506
   -64.9921913   51.7795722
   -64.9859150   51.7773638
   -64.9731356   51.7747453
   -64.9666283   51.7724762
   -64.9540857   51.7699193
   -64.9473450   51.7675893
   -64.9350325   51.7650917
   -64.9280656   51.7627042
   -64.9159805   51.7602646
   -64.9087771   51.7578169
   -64.8969235   51.7554354
   -64.8894932   51.7529315
   -64.8778743   51.7506080
   -64.8702131   51.7480472
   -64.8588225   51.7457797
   -64.8509263   51.7431614
   -64.8397694   51.7409504
   -64.8316407   51.7382762
   -64.8207127   51.7361200
   -64.8126457   51.7324629
   -64.8013806   51.7288019
   -64.7940370   51.7253637
   -64.7828519   51.7217458
   -64.7754326   51.7182658
   -64.7643231   51.7146900
   -64.7568260   51.7111670
   -64.7457943   51.7076342
   -64.7382245   51.7040702
   -64.7272653   51.7005789
   -64.7196163   51.6969705
   -64.7087363   51.6935234
   -64.7010120   51.6898719
   -64.6902072   51.6864682
   -64.6824090   51.6827740
   -64.6716750   51.6794126
   -64.6638010   51.6756742
   -64.6531489   51.6723591
   -64.6451963   51.6685748
   -64.6346178   51.6653038
   -64.6265952   51.6614771
   -64.6160891   51.6582503
   -64.6079864   51.6543758
   -64.5975596   51.6511960
   -64.5893819   51.6472757
   -64.5790299   51.6441420
   -64.5707805   51.6401767
   -64.5605000   51.6370886
   -64.5521738   51.6330753
   -64.5419701   51.6300353
   -64.5335683   51.6259739
   -64.5145155   51.6203458
   -64.5108191   51.6202672
   -64.4921186   51.6266223
   -64.4751706   51.6358330
   -64.4702458   51.6397440
   -64.4592128   51.6466585
   -64.4446335   51.6597201
   -64.4317965   51.6756145
   -64.4296565   51.6792267
   -64.4192860   51.6920422
   -64.4167748   51.6961360
   -64.4067745   51.7084744
   -64.4038922   51.7130428
   -64.3942682   51.7249016
   -64.3910086   51.7299499
   -64.3817583   51.7413358
   -64.3781226   51.7468582
   -64.3692522   51.7577665
   -64.3652012   51.7638090
   -64.3629274   51.7702671
   -64.2886364   52.0305654
   -64.2512149   52.1608006
   -64.2491394   52.1686822
   -64.1979887   52.3937319
   -64.1988023   52.4016647
   -64.2041951   52.4396024
   -64.2042172   52.4602542
   -64.1962601   52.5168638
   -64.1962832   52.5198842
   -64.1936054   52.5361936
   -64.1936421   52.5397608
   -64.1909477   52.5555261
   -64.1910021   52.5596416
   -64.1882886   52.5748533
   -64.1883657   52.5795208
   -64.1856268   52.5941831
   -64.1857323   52.5994021
   -64.1829617   52.6135136
   -64.1831024   52.6192831
   -64.1802922   52.6328461
   -64.1804765   52.6391653
   -64.1776181   52.6521741
   -64.1778566   52.6590504
   -64.1733267   52.6783804
   -64.1635438   52.6961868
   -64.1593306   52.7007494
   -64.1541339   52.7030170
   -64.1424467   52.7051271
   -64.1350099   52.7083615
   -64.1234930   52.7104088
   -64.1158859   52.7137063
   -64.1045356   52.7156921
   -64.0967628   52.7190501
   -64.0855821   52.7209743
   -64.0776387   52.7243942
   -64.0666248   52.7262580
   -64.0585124   52.7297385
   -64.0476697   52.7315417
   -64.0393909   52.7350811
   -64.0287164   52.7368249
   -64.0202665   52.7404244
   -64.0097594   52.7421095
   -64.0011420   52.7457669
   -63.9908062   52.7473932
   -63.9820175   52.7511096
   -63.9718495   52.7526785
   -63.9628938   52.7564513
   -63.9528947   52.7579632
   -63.9437690   52.7617928
   -63.9339418   52.7632480
   -63.9246443   52.7671345
   -63.9149853   52.7685341
   -63.9055193   52.7724753
   -63.8960326   52.7738197
   -63.8863953   52.7778161
   -63.8770764   52.7791065
   -63.8672702   52.7831563
   -63.8581221   52.7843929
   -63.8481449   52.7884961
   -63.8339922   52.7903622
   -63.8286610   52.7924796
   -63.8150344   52.7942096
   -63.8091770   52.7964587
   -63.7960780   52.7980610
   -63.7896909   52.8004340
   -63.7771215   52.8019164
   -63.7702038   52.8044056
   -63.7581654   52.8057757
   -63.7507169   52.8083736
   -63.7392076   52.8096385
   -63.7312279   52.8123382
   -63.7202546   52.8135033
   -63.7117384   52.8163003
   -63.7012999   52.8173718
   -63.6922480   52.8202598
   -63.6823463   52.8212430
   -63.6727582   52.8242166
   -63.6527298   52.8261413
   -63.6355637   52.8244821
   -63.6318291   52.8247671
   -63.6130788   52.8232666
   -63.4755047   52.7433488
   -63.4598836   52.7338036
   -63.4580808   52.7332435
   -63.4427172   52.7237529
   -63.4406490   52.7231409
   -63.4236448   52.7125039
   -63.4102209   52.6973194
   -63.4087617   52.6943938
   -63.3981945   52.6803566
   -63.3954142   52.6741026
   -63.4133273   52.6565674
   -63.4318715   52.6470657
   -63.4511538   52.6416044
   -63.4585097   52.6425092
   -63.4710001   52.6392124
   -63.4777583   52.6400453
   -63.4908458   52.6368206
   -63.4970055   52.6375811
   -63.5106914   52.6344285
   -63.5162555   52.6351166
   -63.5305373   52.6320370
   -63.5355040   52.6326522
   -63.5503839   52.6296458
   -63.5547532   52.6301878
   -63.5702296   52.6272545
   -63.5740021   52.6277231
   -63.5900773   52.6248632
   -63.5932489   52.6252576
   -63.6099222   52.6224716
   -63.6124992   52.6227925
   -63.6297681   52.6200808
   -63.6317477   52.6203275
   -63.6893066   52.6129084
   -63.7665189   52.6035678
   -63.7686034   52.6028666
   -63.7857774   52.6012199
   -63.7884284   52.6003616
   -63.8050333   52.5988668
   -63.8082553   52.5978622
   -63.8242888   52.5965079
   -63.8346444   52.5948485
   -63.8475622   52.5909806
   -63.8539296   52.5905058
   -63.8670431   52.5865933
   -63.8732166   52.5861626
   -63.8865233   52.5822071
   -63.8924983   52.5818197
   -63.9060056   52.5778201
   -63.9117850   52.5774750
   -63.9254841   52.5734349
   -63.9310675   52.5731312
   -63.9449653   52.5690495
   -63.9503529   52.5687861
   -63.9644459   52.5646652
   -63.9696352   52.5644410
   -63.9839266   52.5602810
   -63.9889194   52.5600948
   -64.0078969   52.5545971
   -64.0199202   52.5476438
   -64.0265881   52.5399589
   -64.0360191   52.5254091
   -64.0425590   52.5088651
   -64.0462077   52.4903268
   -64.0464528   52.4836840
   -64.0429697   52.4711480
   -64.0372191   52.4627636
   -64.0237092   52.4486159
   -64.0151773   52.4421114
   -64.0088833   52.4355303
   -63.9991436   52.4277537
   -63.9885167   52.4216209
   -63.9824276   52.4192126
   -63.9711408   52.4126279
   -63.9646245   52.4100427
   -63.9537717   52.4036391
   -63.9468211   52.4008727
   -63.9363996   52.3946502
   -63.9290211   52.3917034
   -63.9190279   52.3856621
   -63.9112207   52.3825331
   -63.9016537   52.3766737
   -63.8934192   52.3733609
   -63.8842807   52.3676870
   -63.8756178   52.3641880
   -63.8669072   52.3587014
   -63.8578216   52.3550162
   -63.8495340   52.3497166
   -63.8400193   52.3458402
   -63.8321559   52.3407311
   -63.8222226   52.3366651
   -63.8055668   52.3256602
   -63.7909991   52.3113247
   -63.7836429   52.3009132
   -63.7803433   52.2900890
   -63.7786509   52.2779672
   -63.7763881   52.2703779
   -63.7746326   52.2582052
   -63.7724302   52.2506717
   -63.7706161   52.2384363
   -63.7684703   52.2309666
   -63.7666034   52.2186710
   -63.7645066   52.2112553
   -63.7625929   52.1989100
   -63.7605429   52.1915560
   -63.7585830   52.1791401
   -63.7565774   52.1718513
   -63.7545765   52.1593791
   -63.7526084   52.1521414
   -63.7505688   52.1396092
   -63.7486415   52.1324445
   -63.7465643   52.1198442
   -63.7446721   52.1127396
   -63.7426428   52.1005724
   -63.7394833   52.0986470
   -63.7214544   52.0610646
   -63.7093866   52.0433177
   -63.7015096   52.0279197
   -63.6815643   52.0072300
   -63.6707579   52.0059301
   -63.6616152   51.9982591
   -63.6501429   52.0053863
   -63.6416630   51.9982653
   -63.6301702   52.0053816
   -63.6217115   51.9982727
   -63.6101973   52.0053764
   -63.6017602   51.9982787
   -63.5902242   52.0053720
   -63.5818080   51.9982858
   -63.5702518   52.0053666
   -63.5618562   51.9982921
   -63.5502793   52.0053625
   -63.5419045   51.9982989
   -63.5303062   52.0053572
   -63.5219530   51.9983057
   -63.5103333   52.0053520
   -63.5020012   51.9983122
   -63.4903603   52.0053474
   -63.4820490   51.9983186
   -63.4703876   52.0053418
   -63.4620976   51.9983262
   -63.4504153   52.0053376
   -63.4421460   51.9983324
   -63.4304421   52.0053323
   -63.4221940   51.9983396
   -63.4104693   52.0053270
   -63.4022421   51.9983461
   -63.3904968   52.0053220
   -63.3822905   51.9983530
   -63.3705241   52.0053170
   -63.3623390   51.9983599
   -63.3505513   52.0053116
   -63.3423871   51.9983666
   -63.3305783   52.0053068
   -63.3224350   51.9983732
   -63.3106056   52.0053011
   -63.3024836   51.9983809
   -63.2906333   52.0052967
   -63.2825319   51.9983873
   -63.2706601   52.0052913
   -63.2625799   51.9983946
   -63.2506873   52.0052858
   -63.2426281   51.9984013
   -63.2307148   52.0052807
   -63.2226764   51.9984084
   -63.2107421   52.0052754
   -63.2027249   51.9984155
   -63.1907693   52.0052699
   -63.1827731   51.9984223
   -63.1707962   52.0052650
   -63.1628209   51.9984290
   -63.1508236   52.0052591
   -63.1428691   51.9984365
   -63.1308512   52.0052547
   -63.1229174   51.9984437
   -63.1108781   52.0052489
   -63.1029659   51.9984509
   -63.0909052   52.0052433
   -63.0830141   51.9984579
   -63.0709322   52.0052383
   -63.0630619   51.9984647
   -63.0509595   52.0052323
   -63.0431104   51.9984726
   -63.0309872   52.0052269
   -63.0231591   51.9984793
   -63.0110142   52.0052218
   -63.0032069   51.9984862
   -62.9910410   52.0052160
   -62.9832551   51.9984939
   -62.9710687   52.0052108
   -62.9633034   51.9985012
   -62.9510960   52.0052053
   -62.9433519   51.9985086
   -62.9311232   52.0051995
   -62.9234001   51.9985156
   -62.9111502   52.0051943
   -62.9034479   51.9985227
   -62.8911775   52.0051882
   -62.8834966   51.9985308
   -62.8712052   52.0051834
   -62.8635449   51.9985376
   -62.8512322   52.0051774
   -62.8435929   51.9985446
   -62.8312590   52.0051715
   -62.8236410   51.9985525
   -62.8112867   52.0051661
   -62.8036894   51.9985599
   -62.7913140   52.0051604
   -62.7837378   51.9985674
   -62.7713412   52.0051545
   -62.7637860   51.9985746
   -62.7513682   52.0051491
   -62.7438338   51.9985818
   -62.7313955   52.0051429
   -62.7238825   51.9985901
   -62.7114231   52.0051379
   -62.7039308   51.9985971
   -62.6914501   52.0051317
   -62.6839788   51.9986042
   -62.6714769   52.0051257
   -62.6640270   51.9986123
   -62.6515046   52.0051201
   -62.6440753   51.9986198
   -62.6315319   52.0051143
   -62.6241238   51.9986275
   -62.6115591   52.0051083
   -62.6041720   51.9986349
   -62.5915861   52.0051027
   -62.5842198   51.9986422
   -62.5716129   52.0050966
   -62.5642685   51.9986508
   -62.5516406   52.0050908
   -62.5443168   51.9986577
   -62.5316681   52.0050849
   -62.5243648   51.9986650
   -62.5116949   52.0050787
   -62.5044130   51.9986732
   -62.4917221   52.0050733
   -62.4844613   51.9986811
   -62.4717494   52.0050666
   -62.4645098   51.9986887
   -62.4517771   52.0050608
   -62.4445580   51.9986963
   -62.4318041   52.0050552
   -62.4246058   51.9987038
   -62.4118309   52.0050489
   -62.4046545   51.9987125
   -62.3918586   52.0050429
   -62.3847028   51.9987196
   -62.3718861   52.0050369
   -62.3647508   51.9987270
   -62.3519129   52.0050305
   -62.3447990   51.9987354
   -62.3319401   52.0050250
   -62.3248473   51.9987434
   -62.3119673   52.0050181
   -62.3048960   51.9987514
   -62.2919950   52.0050130
   -62.2849437   51.9987590
   -62.2720220   52.0050064
   -62.2649917   51.9987665
   -62.2520488   52.0050000
   -62.2450405   51.9987754
   -62.2320765   52.0049939
   -62.2250887   51.9987826
   -62.2121040   52.0049877
   -62.2051367   51.9987902
   -62.1921308   52.0049812
   -62.1851849   51.9987987
   -62.1721580   52.0049755
   -62.1652332   51.9988068
   -62.1521848   52.0049688
   -62.1452819   51.9988151
   -62.1322125   52.0049628
   -62.1253297   51.9988227
   -62.1122400   52.0049566
   -62.1053777   51.9988303
   -62.0922668   52.0049500
   -62.0854259   51.9988389
   -62.0722940   52.0049442
   -62.0654742   51.9988472
   -62.0523215   52.0049370
   -62.0455227   51.9988544
   -62.0323488   52.0049308
   -62.0255709   51.9988631
   -62.0123760   52.0049249
   -62.0056187   51.9988709
   -61.9924028   52.0049183
   -61.9856674   51.9988801
   -61.9724305   52.0049119
   -61.9657157   51.9988875
   -61.9524580   52.0049056
   -61.9457637   51.9988953
   -61.9324847   52.0048988
   -61.9258119   51.9989040
   -61.9125120   52.0048929
   -61.9058602   51.9989124
   -61.8925395   52.0048856
   -61.8859087   51.9989198
   -61.8725667   52.0048793
   -61.8659569   51.9989286
   -61.8525939   52.0048733
   -61.8460047   51.9989366
   -61.8326207   52.0048665
   -61.8260534   51.9989458
   -61.8126484   52.0048600
   -61.8061017   51.9989534
   -61.7926759   52.0048535
   -61.7861496   51.9989613
   -61.7727027   52.0048466
   -61.7661979   51.9989702
   -61.7527299   52.0048406
   -61.7462461   51.9989787
   -61.7327569   52.0048333
   -61.7262949   51.9989867
   -61.7127842   52.0048269
   -61.7063426   51.9989953
   -61.6928119   52.0048205
   -61.6863906   51.9990033
   -61.6728387   52.0048136
   -61.6664394   51.9990127
   -61.6528659   52.0048072
   -61.6464876   51.9990206
   -61.6328934   52.0047999
   -61.6265356   51.9990284
   -61.6129207   52.0047934
   -61.6065838   51.9990374
   -61.5929479   52.0047872
   -61.5866321   51.9990461
   -61.5729749   52.0047798
   -61.5666808   51.9990542
   -61.5530021   52.0047732
   -61.5467286   51.9990629
   -61.5330299   52.0047667
   -61.5267766   51.9990710
   -61.5130566   52.0047597
   -61.5068253   51.9990806
   -61.4930839   52.0047531
   -61.4868736   51.9990886
   -61.4731113   52.0047457
   -61.4669216   51.9990966
   -61.4531386   52.0047391
   -61.4469698   51.9991057
   -61.4331658   52.0047327
   -61.4270181   51.9991145
   -61.4131928   52.0047252
   -61.4070668   51.9991228
   -61.3932201   52.0047185
   -61.3871146   51.9991315
   -61.3732478   52.0047119
   -61.3671626   51.9991398
   -61.3532746   52.0047047
   -61.3472113   51.9991495
   -61.3333018   52.0046981
   -61.3272595   51.9991577
   -61.3133288   52.0046907
   -61.3073075   51.9991660
   -61.2933561   52.0046833
   -61.2873558   51.9991750
   -61.2733838   52.0046773
   -61.2674040   51.9991839
   -61.2534108   52.0046696
   -61.2474528   51.9991923
   -61.2334375   52.0046630
   -61.2275005   51.9992015
   -61.2134653   52.0046556
   -61.2075485   51.9992096
   -61.1934925   52.0046488
   -61.1875973   51.9992194
   -61.1735198   52.0046420
   -61.1676455   51.9992277
   -61.1535468   52.0046345
   -61.1476938   51.9992364
   -61.1335740   52.0046276
   -61.1277415   51.9992454
   -61.1136018   52.0046208
   -61.1077895   51.9992539
   -61.0936288   52.0046133
   -61.0878382   51.9992631
   -61.0736555   52.0046063
   -61.0678865   51.9992721
   -61.0536832   52.0045988
   -61.0479345   51.9992804
   -61.0337105   52.0045918
   -61.0279827   51.9992898
   -61.0137377   52.0045852
   -61.0080310   51.9992990
   -60.9937647   52.0045773
   -60.9880797   51.9993076
   -60.9737920   52.0045703
   -60.9681275   51.9993167
   -60.9538197   52.0045634
   -60.9481755   51.9993253
   -60.9338467   52.0045558
   -60.9282242   51.9993346
   -60.9138735   52.0045486
   -60.9082725   51.9993438
   -60.8939007   52.0045412
   -60.8883205   51.9993524
   -60.8739279   52.0045335
   -60.8683687   51.9993617
   -60.8539557   52.0045272
   -60.8484169   51.9993709
   -60.8339827   52.0045192
   -60.8284657   51.9993797
   -60.8140094   52.0045122
   -60.8085134   51.9993892
   -60.7940372   52.0045046
   -60.7885614   51.9993976
   -60.7740647   52.0044973
   -60.7686102   51.9994070
   -60.7540914   52.0044900
   -60.7486584   51.9994164
   -60.7341187   52.0044825
   -60.7287064   51.9994251
   -60.7141459   52.0044746
   -60.7087547   51.9994345
   -60.6941736   52.0044682
   -60.6888029   51.9994439
   -60.6742006   52.0044601
   -60.6688517   51.9994528
   -60.6542274   52.0044530
   -60.6488994   51.9994623
   -60.6342551   52.0044453
   -60.6289474   51.9994709
   -60.6142826   52.0044379
   -60.6089962   51.9994804
   -60.5943094   52.0044304
   -60.5890444   51.9994899
   -60.5743366   52.0044228
   -60.5690927   51.9994990
   -60.5543638   52.0044155
   -60.5491404   51.9995083
   -60.5343916   52.0044083
   -60.5291889   51.9995177
   -60.5144186   52.0044001
   -60.5092376   51.9995267
   -60.4944453   52.0043929
   -60.4892854   51.9995364
   -60.4744726   52.0043852
   -60.4693334   51.9995454
   -60.4545001   52.0043771
   -60.4493821   51.9995547
   -60.4345273   52.0043700
   -60.4294304   51.9995643
   -60.4145546   52.0043622
   -60.4094786   51.9995736
   -60.3945813   52.0043550
   -60.3895263   51.9995833
   -60.3746091   52.0043470
   -60.3695748   51.9995925
   -60.3546366   52.0043392
   -60.3496236   51.9996016
   -60.3346633   52.0043318
   -60.3296713   51.9996114
   -60.3146906   52.0043240
   -60.3097193   51.9996205
   -60.2947180   52.0043158
   -60.2897681   51.9996300
   -60.2747453   52.0043086
   -60.2698163   51.9996396
   -60.2547725   52.0043008
   -60.2498646   51.9996490
   -60.2347992   52.0042934
   -60.2299123   51.9996588
   -60.2148270   52.0042854
   -60.2099608   51.9996681
   -60.1948545   52.0042774
   -60.1900096   51.9996774
   -60.1748812   52.0042699
   -60.1700573   51.9996873
   -60.1549085   52.0042620
   -60.1501053   51.9996964
   -60.1349360   52.0042537
   -60.1301541   51.9997060
   -60.1149632   52.0042464
   -60.1102023   51.9997158
   -60.0949905   52.0042384
   -60.0902506   51.9997253
   -60.0750172   52.0042309
   -60.0702983   51.9997352
   -60.0550445   52.0042229
   -60.0503463   51.9997445
   -60.0350720   52.0042145
   -60.0303950   51.9997542
   -60.0150992   52.0042071
   -60.0104433   51.9997640
   -59.9951265   52.0041991
   -59.9904915   51.9997736
   -59.9751535   52.0041915
   -59.9705392   51.9997829
   -59.9551807   52.0041831
   -59.9505877   51.9997930
   -59.9352084   52.0041752
   -59.9306365   51.9998025
   -59.9152351   52.0041676
   -59.9106842   51.9998125
   -59.8952624   52.0041595
   -59.8907322   51.9998219
   -59.8752899   52.0041510
   -59.8707810   51.9998316
   -59.8553171   52.0041435
   -59.8508292   51.9998416
   -59.8353444   52.0041354
   -59.8308775   51.9998512
   -59.8153714   52.0041276
   -59.8109252   51.9998607
   -59.7953986   52.0041192
   -59.7909737   51.9998709
   -59.7754264   52.0041112
   -59.7710225   51.9998805
   -59.7554531   52.0041034
   -59.7510702   51.9998906
   -59.7354804   52.0040953
   -59.7311182   51.9999001
   -59.7155079   52.0040867
   -59.7111670   51.9999099
   -59.6955351   52.0040790
   -59.6912152   51.9999200
   -59.6755624   52.0040708
   -59.6712635   51.9999298
   -59.6555894   52.0040630
   -59.6513112   51.9999394
   -59.6356161   52.0040545
   -59.6313597   51.9999500
   -59.6156439   52.0040458
   -59.6114085   51.9999593
   -59.5956711   52.0040384
   -59.5914562   51.9999695
   -59.5756984   52.0040302
   -59.5715042   51.9999791
   -59.5557253   52.0040216
   -59.5515530   51.9999894
   -59.5357525   52.0040133
   -59.5316011   51.9999992
   -59.5157803   52.0040055
   -59.5116494   52.0000091
   -59.4958073   52.0039975
   -59.4916971   52.0000188
   -59.4758340   52.0039889
   -59.4717456   52.0000295
   -59.4558618   52.0039801
   -59.4517944   52.0000389
   -59.4358890   52.0039727
   -59.4318421   52.0000493
   -59.4159163   52.0039643
   -59.4118904   52.0000592
   -59.3959433   52.0039563
   -59.3919386   52.0000695
   -59.3759705   52.0039472
   -59.3719871   52.0000793
   -59.3559983   52.0039393
   -59.3520354   52.0000893
   -59.3360253   52.0039312
   -59.3320831   52.0000990
   -59.3160520   52.0039225
   -59.3121316   52.0001098
   -59.2960798   52.0039136
   -59.2921804   52.0001194
   -59.2761070   52.0039061
   -59.2722281   52.0001298
   -59.2561343   52.0038976
   -59.2522764   52.0001399
   -59.2361613   52.0038895
   -59.2323246   52.0001502
   -59.2161884   52.0038803
   -59.2123731   52.0001601
   -59.1962162   52.0038723
   -59.1924214   52.0001702
   -59.1762432   52.0038641
   -59.1724691   52.0001800
   -59.1562699   52.0038554
   -59.1525176   52.0001909
   -59.1362972   52.0038465
   -59.1325664   52.0002010
   -59.1163244   52.0038382
   -59.1126140   52.0002111
   -59.0963522   52.0038302
   -59.0926624   52.0002213
   -59.0763792   52.0038219
   -59.0727100   52.0002312
   -59.0564059   52.0038131
   -59.0527585   52.0002422
   -59.0364337   52.0038041
   -59.0328074   52.0002519
   -59.0164612   52.0037963
   -59.0128550   52.0002618
   -58.9964879   52.0037874
   -58.9929030   52.0002723
   -58.9765152   52.0037788
   -58.9729518   52.0002831
   -58.9565423   52.0037701
   -58.9530000   52.0002932
   -58.9365702   52.0037620
   -58.9330483   52.0003034
   -58.9165972   52.0037536
   -58.9130960   52.0003135
   -58.8966238   52.0037447
   -58.8931445   52.0003245
   -58.8766517   52.0037356
   -58.8731933   52.0003343
   -58.8566792   52.0037277
   -58.8532410   52.0003444
   -58.8367058   52.0037187
   -58.8332893   52.0003553
   -58.8167331   52.0037107
   -58.8133375   52.0003659
   -58.7967603   52.0037012
   -58.7933860   52.0003760
   -58.7767881   52.0036930
   -58.7734343   52.0003864
   -58.7568151   52.0036845
   -58.7534820   52.0003965
   -58.7368418   52.0036755
   -58.7335305   52.0004076
   -58.7168691   52.0036664
   -58.7135793   52.0004179
   -58.6968966   52.0036578
   -58.6936269   52.0004276
   -58.6769238   52.0036493
   -58.6736753   52.0004387
   -58.6569511   52.0036411
   -58.6537234   52.0004493
   -58.6369777   52.0036317
   -58.6337719   52.0004599
   -58.6170056   52.0036228
   -58.6138203   52.0004700
   -58.5970331   52.0036147
   -58.5938679   52.0004802
   -58.5770597   52.0036057
   -58.5739164   52.0004914
   -58.5570871   52.0035964
   -58.5539653   52.0005018
   -58.5371146   52.0035878
   -58.5340129   52.0005117
   -58.5171417   52.0035791
   -58.5140612   52.0005228
   -58.4971691   52.0035709
   -58.4941094   52.0005335
   -58.4771960   52.0035613
   -58.4741579   52.0005436
   -58.4572232   52.0035520
   -58.4542062   52.0005544
   -58.4372510   52.0035442
   -58.4342539   52.0005646
   -58.4172777   52.0035351
   -58.4143024   52.0005760
   -58.3973050   52.0035257
   -58.3943512   52.0005865
   -58.3773325   52.0035170
   -58.3743989   52.0005964
   -58.3573597   52.0035083
   -58.3544472   52.0006076
   -58.3373870   52.0034999
   -58.3344954   52.0006184
   -58.3174140   52.0034902
   -58.3145439   52.0006286
   -58.2974406   52.0034810
   -58.2945922   52.0006398
   -58.2774685   52.0034725
   -58.2746398   52.0006498
   -58.2574956   52.0034637
   -58.2546887   52.0006616
   -58.2375230   52.0034549
   -58.2347368   52.0006719
   -58.2175500   52.0034456
   -58.2147848   52.0006822
   -58.1975771   52.0034362
   -58.1948332   52.0006931
   -58.1776050   52.0034283
   -58.1748813   52.0007040
   -58.1576320   52.0034185
   -58.1549298   52.0007143
   -58.1376586   52.0034091
   -58.1349782   52.0007256
   -58.1176864   52.0034006
   -58.1150258   52.0007356
   -58.0977136   52.0033917
   -58.0950747   52.0007475
   -58.0777409   52.0033828
   -58.0751228   52.0007579
   -58.0577679   52.0033734
   -58.0551708   52.0007683
   -58.0377951   52.0033639
   -58.0352192   52.0007793
   -58.0178229   52.0033559
   -58.0152668   52.0007898
   -57.9978499   52.0033465
   -57.9953153   52.0008007
   -57.9778765   52.0033366
   -57.9753641   52.0008121
   -57.9579044   52.0033280
   -57.9554118   52.0008222
   -57.9379315   52.0033191
   -57.9354601   52.0008336
   -57.9179589   52.0033105
   -57.9155083   52.0008447
   -57.8979859   52.0033006
   -57.8955567   52.0008551
   -57.8780125   52.0032911
   -57.8756051   52.0008666
   -57.8580404   52.0032824
   -57.8556527   52.0008767
   -57.8380679   52.0032734
   -57.8357012   52.0008878
   -57.8180945   52.0032634
   -57.8157501   52.0008992
   -57.7981218   52.0032548
   -57.7957977   52.0009098
   -57.7781490   52.0032452
   -57.7758461   52.0009209
   -57.7581768   52.0032371
   -57.7558942   52.0009320
   -57.7382038   52.0032270
   -57.7359427   52.0009426
   -57.7182304   52.0032175
   -57.7159911   52.0009541
   -57.6982583   52.0032087
   -57.6960387   52.0009643
   -57.6782858   52.0031996
   -57.6760876   52.0009758
   -57.6583124   52.0031901
   -57.6561357   52.0009870
   -57.6383398   52.0031809
   -57.6361837   52.0009977
   -57.6183669   52.0031712
   -57.6162321   52.0010088
   -57.5983948   52.0031630
   -57.5962802   52.0010200
   -57.5784218   52.0031529
   -57.5763287   52.0010307
   -57.5584484   52.0031432
   -57.5563771   52.0010423
   -57.5384763   52.0031344
   -57.5364247   52.0010526
   -57.5185038   52.0031252
   -57.5164735   52.0010642
   -57.4985304   52.0031156
   -57.4965216   52.0010754
   -57.4785578   52.0031063
   -57.4765696   52.0010862
   -57.4585844   52.0030966
   -57.4566180   52.0010979
   -57.4386122   52.0030878
   -57.4366661   52.0011087
   -57.4186397   52.0030781
   -57.4167146   52.0011194
   -57.3986663   52.0030683
   -57.3967630   52.0011311
   -57.3786937   52.0030595
   -57.3768106   52.0011419
   -57.3587212   52.0030497
   -57.3568595   52.0011532
   -57.3387483   52.0030405
   -57.3369076   52.0011645
   -57.3187757   52.0030311
   -57.3169556   52.0011753
   -57.2988023   52.0030213
   -57.2970040   52.0011871
   -57.2788302   52.0030124
   -57.2770521   52.0011980
   -57.2588577   52.0030026
   -57.2571006   52.0012088
   -57.2388843   52.0029928
   -57.2371490   52.0012206
   -57.2189117   52.0029839
   -57.2171966   52.0012315
   -57.1989392   52.0029740
   -57.1972455   52.0012428
   -57.1789663   52.0029648
   -57.1772936   52.0012542
   -57.1589937   52.0029553
   -57.1573416   52.0012651
   -57.1390202   52.0029454
   -57.1373900   52.0012769
   -57.1190482   52.0029364
   -57.1129458   51.9966884
   -57.1061977   51.9941859
   -57.1028174   51.9816602
   -57.1059970   51.9734677
   -57.1030310   51.9619524
   -57.1061668   51.9541402
   -57.1032501   51.9422433
   -57.1063311   51.9348138
   -57.1034731   51.9225354
   -57.1064906   51.9154860
   -57.1037016   51.9028278
   -57.1066457   51.8961588
   -57.1039355   51.8831188
   -57.1067954   51.8768316
   -57.1041739   51.8634111
   -57.1069401   51.8575043
   -57.1044173   51.8437036
   -57.1070805   51.8381765
   -57.1046661   51.8239948
   -57.1072151   51.8188487
   -57.1049196   51.8042873
   -57.1073448   51.7995213
   -57.1051780   51.7845800
   -57.1074697   51.7801938
   -57.1054422   51.7648713
   -57.1075893   51.7608663
   -57.1057108   51.7451639
   -57.1077033   51.7415395
   -57.1059840   51.7254568
   -57.1078129   51.7222112
   -57.1062635   51.7057483
   -57.1079174   51.7028831
   -57.1065472   51.6860411
   -57.1080164   51.6835549
   -57.1068363   51.6663341
   -57.1081105   51.6642272
   -57.1071312   51.6466258
   -57.1081992   51.6448994
   -57.1074307   51.6269187
   -57.1082827   51.6255716
   -57.1077353   51.6072119
   -57.1083612   51.6062438
   -57.1085683   51.5480891
   -57.1093051   51.5096084
   -57.1087189   51.5086689
   -57.1096106   51.4902826
   -57.1088014   51.4889597
   -57.1099122   51.4709568
   -57.1088886   51.4692491
   -57.1102082   51.4516309
   -57.1089802   51.4495393
   -57.1104998   51.4323044
   -57.1090776   51.4298303
   -57.1254588   51.2682938
   -57.1228320   51.2208064
   -57.1427707   51.2158448
   -57.2893359   51.1851681
   -57.3132496   51.1792285
   -57.3376274   51.1722587
   -57.3477946   51.1689849
   -57.3936665   51.1303298
   -57.4229398   51.1203906
   -57.4970315   51.0975237
   -57.5249480   51.0836259
   -57.6029231   51.0413712
   -57.6306070   51.0334786
   -57.7271365   50.9819072
   -57.8642016   50.8537419
   -57.8775736   50.8408185
   -57.9039842   50.8140301
   -57.9280345   50.7884625
   -57.9667447   50.7480559
   -57.9686908   50.7456890
   -58.0268186   50.7036353
   -58.0434780   50.6872606
   -58.0736647   50.6571079
   -58.1496086   50.5659695
   -58.1645922   50.5518580
   -58.1862765   50.5307510
   -58.2289423   50.4878457
   -58.2473951   50.4589531
   -58.2678914   50.4285382
   -58.3283367   50.3426267
   -58.4048269   50.2537612
   -58.4519694   50.2047654
   -58.4616039   50.1958340
   -58.5038145   50.1557067
   -58.5178792   50.1426782
   -58.5465706   50.1171085
   -58.5859574   50.0833306
   -58.6337218   50.0566322
   -58.6480959   50.0487960
   -58.6771867   50.0335271
   -58.7472698   49.9981314
   -58.8174024   49.9285815
   -58.8378765   49.9088100
   -58.9420817   49.8108033
   -58.9766209   49.7771097
   -59.0031817   49.7502471
   -59.0370740   49.7273078
   -59.1972638   49.6220855
   -59.2162524   49.6115338
   -59.2260571   49.6084833
   -59.2773243   49.5747648
   -59.3099184   49.5540460
   -59.3429842   49.5339775
   -59.3763775   49.5146477
   -59.3997131   49.5017078
   -59.4251509   49.4894426
   -59.4591633   49.4707248
   -59.4939634   49.4525183
   -59.5810124   49.4087248
   -59.6134807   49.3929786
   -59.6298866   49.3853148
   -59.6628369   49.3705011
   -59.7702513   49.3240644
   -59.8259181   49.2975723
   -60.2716528   49.0555669
   -60.3171694   49.0327501
   -60.4168355   48.9700576
   -60.5274907   48.5788783
   -60.4885306   48.4790160
   -60.4473166   48.1712304
   -60.4335931   48.0675552
   -60.4516765   48.0383376
   -60.8847462   47.4709046
   -60.9101633   47.4394369
   -61.0185043   47.3127497
   -61.0272277   47.3022550
   -61.0686825   47.2509379
   -61.1639794   47.1889430
   -61.2304190   47.1371124
   -61.2539020   47.1196071
   -61.3043624   47.0836709
   -61.3225248   47.0493091
   -61.4681374   46.8717392
   -61.4772780   46.8609113
   -61.5558833   46.7704324
   -61.5723675   46.7740780
   -61.7766074   46.8165610
   -61.7918219   46.8194434
   -61.8528557   46.8298693
   -61.8650876   46.8317391
   -61.8961245   46.8333137
   -61.9142217   46.8346526
   -61.9861718   46.8422201
   -62.0040935   46.8444751
   -62.0934019   46.8579008
   -62.1105251   46.8608794
   -62.1447500   46.8673990
   -62.1618477   46.8710431
   -62.2612247   46.8945610
   -62.2874176   46.9014862
   -62.3219047   46.9162287
   -62.3856367   46.9458700
   -62.4049795   46.9553483
   -62.4243930   46.9653440
   -62.4438029   46.9758197
   -62.4632034   46.9867708
   -62.4826791   46.9982458
   -62.5129909   47.0171208
   -62.5640984   47.0564912
   -62.5747501   47.0645386
   -62.7792825   47.2161100
   -62.8406289   47.2694155
   -62.9316190   47.3548042
   -62.9727562   47.3971905
   -63.0390195   47.5139151
   -63.0413498   47.5373457
   -63.0694951   47.8501003
   -63.0824832   47.9297540
   -63.5590874   47.8671203
   -63.5761010   47.8647446
   -63.6170602   47.8845750
   -63.9820743   48.0572351
   -64.0160334   48.0688420
   -64.0503419   48.0813643
   -64.0925771   48.0978451
   -64.3034840   48.1797678
   -64.3246461   48.1870003
   -64.3456305   48.1931782
   -64.3664791   48.1983141
   -64.3871509   48.2023979
   -64.4282965   48.2090874
   -64.4487494   48.2115617
   -64.4690217   48.2129359
   -64.4891467   48.2132123
   -64.5025286   48.2126611
   -64.5137178   48.2110021
   -64.5317546   48.2073719
   -64.5494692   48.2028348
   -64.5721038   48.1954443
   -64.6015599   48.1746662
   -64.6151935   48.1597984
   -64.6392945   48.1307430
   -64.6802442   48.0741077
   -64.6916433   48.0600129
   -64.7077119   48.0470083
   -64.7165628   48.0406647
   -64.7523926   48.0275042
   -64.7879416   48.0128700
   -64.8057219   48.0045723
   -64.8245221   48.0032086
   -64.8364527   48.0017367
   -64.8471660   47.9977784
   -64.8807011   47.9871055
   -64.8919087   47.9872049
   -64.9378525   47.9855723
   -64.9636714   47.9825893
   -65.0169550   47.9759469
   -65.0360446   47.9719530
   -65.1441786   47.9402934
   -65.2307833   47.9210419
   -65.2481677   47.9158796
   -65.2640000   47.9096262
   -65.2804355   47.9046203
   -65.3260145   47.8925151
   -65.3694308   47.8855401
   -65.3968230   47.8815688
   -65.4149884   47.8778048
   -65.4487242   47.8682172
   -65.4696875   47.8638733
   -65.4915842   47.8608783
   -65.5297071   47.8563323
   -65.5371448   47.8552176
   -65.5515266   47.8574846
   -65.5636273   47.8705071
   -65.5764454   47.8859374
   -65.5880222   47.9016274
   -65.5933375   47.9061702
   -65.6324115   47.9359092
   -65.6725995   47.9624544
   -65.6817658   47.9688989
   -65.6980908   47.9785939
   -65.7162552   47.9857531
   -65.7253660   47.9884860
   -65.7727590   48.0050567
   -65.7918431   48.0100294
   -65.8160535   48.0139855
   -65.8348777   48.0188388
   -65.8434526   48.0218756
   -65.8536166   48.0244734
   -65.8629351   48.0277223
   -65.8723564   48.0301106
   -65.8824185   48.0335671
   -65.8910947   48.0357495
   -65.9314273   48.0479745
   -65.9478544   48.0429670
   -65.9578115   48.0413096
   -65.9689672   48.0385316
   -65.9781602   48.0370867
   -65.9906008   48.0340141
   -65.9985138   48.0328582
   -66.0122434   48.0295011
   -66.0333933   48.0266970
   -66.0538320   48.0264363
   -66.0617120   48.0273489
   -66.0938554   48.0289077
   -66.1131234   48.0327589
   -66.1179966   48.0345079
   -66.1909970   48.0521872
   -66.2083153   48.0543887
   -66.2166668   48.0542690
   -66.2257804   48.0475603
   -66.2671158   48.0397081
   -66.2685080   48.0390493
   -66.2879604   48.0359891
   -66.3068293   48.0393525
   -66.3138325   48.0431017
   -66.3203389   48.0478341
   -66.3270670   48.0491387
   -66.3329024   48.0565492
   -66.3411100   48.0772639
   -66.3505848   48.0865832
   -66.3558121   48.0888001
   -66.3595510   48.0884649
   -66.3737822   48.0931516
   -66.3869772   48.0961633
   -66.3999936   48.0930359
   -66.4065898   48.0943939
   -66.4195127   48.0915036
   -66.4262007   48.0926512
   -66.4390289   48.0899488
   -66.4458107   48.0909261
   -66.4585387   48.0883781
   -66.4654196   48.0892151
   -66.4717230   48.0880074
   -66.4777116   48.0853458
   -66.4858660   48.0844197
   -66.4947016   48.0812435
   -66.4962252   48.0794845
   -66.5086847   48.0720657
   -66.5130415   48.0663326
   -66.5255865   48.0598905
   -66.5297320   48.0526266
   -66.5480517   48.0466707
   -66.5505477   48.0476212
   -66.5648603   48.0449151
   -66.5772206   48.0435067
   -66.5806663   48.0400002
   -66.5849011   48.0386508
   -66.5948155   48.0309920
   -66.6098671   48.0300246
   -66.6116560   48.0290574
   -66.6233604   48.0287031
   -66.6371075   48.0301621
   -66.6413977   48.0272664
   -66.6476930   48.0265073
   -66.6591788   48.0200261
   -66.6699508   48.0218265
   -66.6771610   48.0173508
   -66.6878446   48.0196791
   -66.6974855   48.0129595
   -66.7048679   48.0137204
   -66.7135270   48.0076431
   -66.7218893   48.0077521
   -66.7295711   48.0023339
   -66.7401246   48.0009185
   -66.7570349   48.0006443
   -66.7592309   47.9988705
   -66.7751888   47.9996403
   -66.7783518   47.9965796
   -66.7946762   47.9991016
   -66.7973370   47.9965160
   -66.8124798   48.0001974
   -66.8163222   47.9964454
   -66.8302826   48.0013002
   -66.8353081   47.9963650
   -66.8480860   48.0024128
   -66.8542945   47.9962743
   -66.8657546   48.0034539
   -66.8669062   48.0031685
   -66.8718530   47.9926102
   -66.8742100   47.9918900
   -66.8849859   47.9984677
   -66.8899859   47.9870697
   -66.8922911   47.9863653
   -66.9034268   47.9929770
   -66.9081238   47.9815276
   -66.9103623   47.9808437
   -66.9218637   47.9874725
   -66.9278235   47.9719201
   -66.9362238   47.9685706
   -66.9425467   47.9577973
   -66.9511895   47.9516603
   -66.9564848   47.9434886
   -66.9662491   47.9350594
   -66.9697244   47.9299292
   -66.9823190   47.9296808
   -66.9849244   47.9303392
   -67.0027859   47.9299399
   -67.0051347   47.9306624
   -67.0232579   47.9301866
   -67.0253506   47.9310072
   -67.0437374   47.9304089
   -67.0455848   47.9314047
   -67.0654283   47.9305229
   -67.0713349   47.9249552
   -67.0836556   47.9243302
   -67.0897345   47.9188281
   -67.1018841   47.9181417
   -67.1081328   47.9126980
   -67.1201138   47.9119571
   -67.1265310   47.9065642
   -67.1383437   47.9057752
   -67.1449275   47.9004273
   -67.1565756   47.8995951
   -67.1633218   47.8942888
   -67.1748078   47.8934188
   -67.1817174   47.8881474
   -67.1930406   47.8872442
   -67.1943669   47.8862613
   -67.2124357   47.8848867
   -67.2135661   47.8838313
   -67.2318368   47.8825501
   -67.2327660   47.8813518
   -67.2518993   47.8802267
   -67.2536799   47.8826198
   -67.2689306   47.8856578
   -67.2707476   47.8848504
   -67.2838581   47.8895794
   -67.2896531   47.8883350
   -67.2941024   47.8904320
   -67.3098220   47.8887656
   -67.3162249   47.8841718
   -67.3253680   47.8835786
   -67.3361741   47.8784146
   -67.3435315   47.8729560
   -67.3493053   47.8643689
   -67.3530949   47.8625270
   -67.3634683   47.8507498
   -67.3694615   47.8495298
   -67.3837867   47.8567337
   -67.3873941   47.8560874
   -67.4009045   47.8633496
   -67.4053202   47.8626668
   -67.4180304   47.8699434
   -67.4232380   47.8692672
   -67.4351649   47.8765167
   -67.4411489   47.8758887
   -67.4523076   47.8830686
   -67.4590505   47.8825306
   -67.4694565   47.8896006
   -67.4769453   47.8891922
   -67.4866148   47.8961128
   -67.4948333   47.8958742
   -67.5037793   47.9026055
   -67.5127140   47.9025758
   -67.5209515   47.9090787
   -67.5305872   47.9092957
   -67.5381306   47.9155327
   -67.5484535   47.9160346
   -67.5553173   47.9219691
   -67.5663128   47.9227921
   -67.5725110   47.9283872
   -67.5841664   47.9295680
   -67.5992601   47.9437739
   -67.6020704   47.9478881
   -67.6062962   47.9594347
   -67.6093871   47.9635248
   -67.6128326   47.9735627
   -67.6211121   47.9785495
   -67.6371378   47.9853485
   -67.6409566   47.9900670
   -67.6553423   47.9931394
   -67.6590569   48.0023591
   -67.6650376   48.0023616
   -67.6704333   47.9968661
   -67.6763645   47.9968635
   -67.6786850   48.0023675
   -67.6848279   48.0023701
   -67.6897875   47.9968576
   -67.6958771   47.9968549
   -67.6983174   48.0023759
   -67.7045820   48.0023786
   -67.7091755   47.9968490
   -67.7153852   47.9968463
   -67.7179560   48.0023843
   -67.7243091   48.0023871
   -67.7285909   47.9968405
   -67.7348878   47.9968377
   -67.7376015   48.0023928
   -67.7440130   48.0023955
   -67.7480275   47.9968319
   -67.7543837   47.9968291
   -67.7572550   48.0024012
   -67.7636994   48.0024040
   -67.7674816   47.9968234
   -67.7738728   47.9968205
   -67.7769176   48.0024097
   -67.7833713   48.0024124
   -67.7869501   47.9968148
   -67.7933515   47.9968120
   -67.7965896   48.0024181
   -67.8030315   48.0024209
   -67.8064292   47.9968062
   -67.8128214   47.9968034
   -67.8162748   48.0024265
   -67.8226813   48.0024293
   -67.8259190   47.9967976
   -67.8322780   47.9967948
   -67.8359738   48.0024350
   -67.8423233   48.0024377
   -67.8454168   47.9967890
   -67.8517201   47.9967863
   -67.8556913   48.0024435
   -67.8619565   48.0024461
   -67.8649211   47.9967805
   -67.8711440   47.9967777
   -67.8754287   48.0024519
   -67.8815851   48.0024546
   -67.8844319   47.9967719
   -67.8905468   47.9967692
   -67.8951927   48.0024604
   -67.9012076   48.0024630
   -67.9039480   47.9967633
END
END
