north-america-canada-british-columbia
1
   -120.0008616   59.9453621
   -120.0013139   59.9452497
   -120.0007677   59.9254196
   -120.0013998   59.9252618
   -120.0006760   59.9054772
   -120.0014894   59.9052732
   -120.0005817   59.8855352
   -120.0015756   59.8852848
   -120.0004896   59.8655927
   -120.0016596   59.8652967
   -120.0004008   59.8456503
   -120.0017447   59.8453087
   -120.0003110   59.8257083
   -120.0018286   59.8253208
   -120.0002212   59.8057663
   -120.0019121   59.8053328
   -120.0001329   59.7858238
   -120.0019926   59.7853448
   -120.0000466   59.7658814
   -120.0020745   59.7653568
   -119.9999599   59.7459393
   -120.0021566   59.7453684
   -119.9998710   59.7259969
   -120.0022350   59.7253798
   -119.9997878   59.7060545
   -120.0023146   59.7053918
   -119.9997034   59.6861125
   -120.0023932   59.6854039
   -119.9996190   59.6661705
   -120.0024712   59.6654158
   -119.9995361   59.6462281
   -120.0025466   59.6454279
   -119.9994551   59.6262856
   -120.0026231   59.6254399
   -119.9993737   59.6063436
   -120.0026988   59.6054519
   -119.9992922   59.5864012
   -120.0027739   59.5854634
   -119.9992124   59.5664587
   -120.0028482   59.5654749
   -119.9991333   59.5465167
   -120.0029216   59.5454869
   -119.9990539   59.5265742
   -120.0029928   59.5254989
   -119.9989780   59.5066317
   -120.0030640   59.5055109
   -119.9989001   59.4866898
   -120.0031354   59.4855229
   -119.9988238   59.4667478
   -120.0032061   59.4655349
   -119.9987482   59.4468053
   -120.0032744   59.4455470
   -119.9986743   59.4268629
   -120.0033455   59.4255585
   -119.9985985   59.4069209
   -120.0034139   59.4055700
   -119.9985240   59.3869784
   -120.0034802   59.3855820
   -119.9984531   59.3670360
   -120.0035474   59.3655940
   -119.9983801   59.3470940
   -120.0035847   59.3455045
   -119.9983485   59.3271406
   -120.0035873   59.3253054
   -119.9983411   59.3071799
   -120.0035899   59.3051247
   -119.9983337   59.2872195
   -120.0035925   59.2849512
   -119.9983263   59.2672594
   -120.0035951   59.2647837
   -119.9983188   59.2472980
   -120.0035977   59.2446395
   -119.9983114   59.2273380
   -120.0036003   59.2244974
   -119.9983040   59.2073777
   -120.0036029   59.2043643
   -119.9982966   59.1874177
   -120.0036053   59.1858526
   -120.0036055   59.1842395
   -119.9982898   59.1691189
   -119.9982892   59.1674572
   -120.0036079   59.1658820
   -120.0036081   59.1641257
   -119.9982825   59.1493037
   -119.9982818   59.1474969
   -120.0036105   59.1459119
   -120.0036107   59.1440156
   -119.9982751   59.1294830
   -119.9982744   59.1275371
   -120.0036130   59.1259417
   -120.0036133   59.1239122
   -119.9982677   59.1096583
   -119.9982670   59.1075763
   -120.0036156   59.1059710
   -120.0036159   59.1038140
   -119.9982604   59.0898237
   -119.9982596   59.0876161
   -120.0036182   59.0860002
   -120.0036185   59.0837226
   -119.9982530   59.0699843
   -119.9982522   59.0676563
   -120.0036208   59.0660299
   -120.0036211   59.0636367
   -119.9982457   59.0501419
   -119.9982447   59.0476956
   -120.0036233   59.0460591
   -120.0036237   59.0435584
   -119.9982383   59.0302885
   -119.9982373   59.0277359
   -120.0036259   59.0260887
   -120.0036263   59.0234822
   -119.9982309   59.0104363
   -119.9982299   59.0077759
   -120.0036285   59.0061180
   -120.0036288   59.0034130
   -119.9982235   58.9905772
   -119.9982225   58.9878162
   -120.0036311   58.9861476
   -120.0036314   58.9833456
   -119.9982162   58.9707161
   -119.9982151   58.9678557
   -120.0036336   58.9661766
   -120.0036340   58.9632843
   -119.9982088   58.9508457
   -119.9982077   58.9478961
   -120.0036362   58.9462061
   -120.0036366   58.9432215
   -119.9982014   58.9309766
   -119.9982003   58.9279361
   -120.0036388   58.9262351
   -120.0036392   58.9231654
   -119.9981940   58.9111042
   -119.9981929   58.9079757
   -120.0036414   58.9062640
   -120.0036418   58.9031146
   -119.9981867   58.8912233
   -119.9981855   58.8880162
   -120.0036439   58.8862934
   -120.0036444   58.8830650
   -119.9981793   58.8713443
   -119.9981781   58.8680564
   -120.0036465   58.8663228
   -120.0036469   58.8630184
   -119.9981719   58.8514602
   -119.9981706   58.8480970
   -120.0036491   58.8463521
   -120.0036495   58.8429747
   -119.9981645   58.8315752
   -119.9981632   58.8281367
   -120.0036517   58.8263809
   -120.0036521   58.8229353
   -119.9981571   58.8116829
   -119.9981558   58.8081774
   -120.0036542   58.8064102
   -120.0036547   58.8028968
   -119.9981497   58.7917907
   -119.9981484   58.7882180
   -120.0036568   58.7864394
   -120.0036573   58.7828583
   -119.9981424   58.7718995
   -119.9981410   58.7682574
   -120.0036594   58.7664672
   -120.0036599   58.7628281
   -119.9981350   58.7520000
   -119.9981336   58.7482982
   -120.0036620   58.7464963
   -120.0036624   58.7427966
   -119.9981276   58.7321027
   -119.9981262   58.7283386
   -120.0036645   58.7265254
   -120.0036650   58.7227672
   -119.9981202   58.7122014
   -119.9981188   58.7083789
   -120.0036671   58.7065540
   -120.0036676   58.7027412
   -119.9981128   58.6922977
   -119.9981114   58.6884194
   -120.0036697   58.6865830
   -120.0036702   58.6827157
   -119.9981054   58.6723924
   -119.9981039   58.6684603
   -120.0036723   58.6666120
   -120.0036728   58.6626921
   -119.9980980   58.6524854
   -119.9980965   58.6485013
   -120.0036748   58.6466409
   -120.0036754   58.6426703
   -119.9980906   58.6325784
   -119.9980891   58.6285413
   -120.0036774   58.6266694
   -120.0036779   58.6226492
   -119.9980832   58.6126669
   -119.9980817   58.6085819
   -120.0036800   58.6066977
   -120.0036805   58.6026307
   -119.9980758   58.5927565
   -119.9980743   58.5886226
   -120.0036826   58.5867265
   -120.0036831   58.5826137
   -119.9980684   58.5728428
   -119.9980669   58.5686632
   -120.0036851   58.5667548
   -120.0036857   58.5625992
   -119.9980611   58.5529258
   -119.9980595   58.5487043
   -120.0036877   58.5467836
   -120.0036883   58.5425851
   -119.9980537   58.5330110
   -119.9980521   58.5287451
   -120.0036903   58.5268123
   -120.0036908   58.5225723
   -119.9980463   58.5130931
   -119.9980447   58.5087863
   -120.0036929   58.5068406
   -120.0036934   58.5025626
   -119.9980389   58.4931756
   -119.9980373   58.4888267
   -120.0036954   58.4868687
   -120.0036960   58.4825532
   -119.9980315   58.4732534
   -119.9980298   58.4688679
   -120.0036980   58.4668973
   -120.0036986   58.4625424
   -119.9980241   58.4533342
   -119.9980224   58.4489085
   -120.0037006   58.4469252
   -120.0037012   58.4425346
   -119.9980167   58.4334114
   -119.9980150   58.4289493
   -120.0037032   58.4269533
   -120.0037037   58.4225286
   -119.9980093   58.4134858
   -119.9980076   58.4089907
   -120.0037057   58.4069817
   -120.0037063   58.4025230
   -119.9980019   58.3935624
   -119.9980002   58.3890318
   -120.0037083   58.3870101
   -120.0037089   58.3825184
   -119.9979945   58.3736365
   -119.9979928   58.3690733
   -120.0037109   58.3670384
   -120.0037115   58.3625148
   -119.9979871   58.3537111
   -119.9979854   58.3491139
   -120.0037135   58.3470663
   -120.0037141   58.3425128
   -119.9979797   58.3337815
   -119.9979780   58.3291555
   -120.0037161   58.3270946
   -120.0037166   58.3225111
   -119.9979723   58.3138542
   -119.9979706   58.3091968
   -120.0037186   58.3071228
   -120.0037192   58.3025086
   -119.9979649   58.2939251
   -119.9979632   58.2892374
   -120.0037212   58.2871499
   -120.0037218   58.2825092
   -119.9979575   58.2739930
   -119.9979557   58.2692792
   -120.0037238   58.2671777
   -120.0037244   58.2625116
   -119.9979501   58.2540631
   -119.9979483   58.2493206
   -120.0037264   58.2472058
   -120.0037270   58.2425132
   -119.9979427   58.2341309
   -119.9979409   58.2293618
   -120.0037289   58.2272334
   -120.0037295   58.2225162
   -119.9979353   58.2141979
   -119.9979335   58.2094033
   -120.0037315   58.2072613
   -120.0037321   58.2025193
   -119.9979279   58.1942642
   -119.9979261   58.1894452
   -120.0037341   58.1872893
   -120.0037347   58.1825232
   -119.9979205   58.1743312
   -119.9979187   58.1694867
   -120.0037367   58.1673171
   -120.0037373   58.1625278
   -119.9979131   58.1543961
   -119.9979113   58.1495282
   -120.0037392   58.1473445
   -120.0037399   58.1425321
   -119.9979057   58.1344593
   -119.9979039   58.1295698
   -120.0037418   58.1273717
   -120.0037424   58.1225380
   -119.9978983   58.1145242
   -119.9978965   58.1096115
   -120.0037444   58.1073995
   -120.0037450   58.1025446
   -119.9978909   58.0945872
   -119.9978891   58.0896530
   -120.0037470   58.0874267
   -120.0037476   58.0825522
   -119.9978835   58.0746494
   -119.9978816   58.0696948
   -120.0037495   58.0674544
   -120.0037502   58.0625600
   -119.9978761   58.0547112
   -119.9978742   58.0497371
   -120.0037521   58.0474819
   -120.0037527   58.0425684
   -119.9978687   58.0347723
   -119.9978668   58.0297793
   -120.0037547   58.0275091
   -120.0037553   58.0225786
   -119.9978613   58.0148343
   -119.9978594   58.0098207
   -120.0037573   58.0075361
   -120.0037579   58.0025884
   -119.9978539   57.9948930
   -119.9978520   57.9898631
   -120.0037598   57.9875636
   -120.0037605   57.9825971
   -119.9978465   57.9749541
   -119.9978446   57.9699047
   -120.0037624   57.9675904
   -120.0037631   57.9626076
   -119.9978391   57.9550132
   -119.9978372   57.9499466
   -120.0037650   57.9476173
   -120.0037656   57.9426189
   -119.9978317   57.9350717
   -119.9978298   57.9299887
   -120.0037676   57.9276445
   -120.0037682   57.9226304
   -119.9978243   57.9151297
   -119.9978224   57.9100313
   -120.0037701   57.9076717
   -120.0037708   57.9026424
   -119.9978169   57.8951873
   -119.9978150   57.8900739
   -120.0037727   57.8876989
   -120.0037734   57.8826548
   -119.9978095   57.8752457
   -119.9978076   57.8701157
   -120.0037753   57.8677256
   -120.0037759   57.8626679
   -119.9978021   57.8553011
   -119.9978001   57.8501584
   -120.0037779   57.8477526
   -120.0037785   57.8426812
   -119.9977946   57.8353586
   -119.9977927   57.8302008
   -120.0037804   57.8277796
   -120.0037811   57.8226937
   -119.9977872   57.8154147
   -119.9977853   57.8102426
   -120.0037830   57.8078055
   -120.0037837   57.8027081
   -119.9977798   57.7954701
   -119.9977779   57.7902851
   -120.0037856   57.7878320
   -120.0037862   57.7827238
   -119.9977724   57.7755252
   -119.9977705   57.7703281
   -120.0037882   57.7678588
   -120.0037888   57.7627387
   -119.9977650   57.7555799
   -119.9977631   57.7503705
   -120.0037907   57.7478851
   -120.0037914   57.7427542
   -119.9977576   57.7356342
   -119.9977557   57.7304132
   -120.0037933   57.7279118
   -120.0037940   57.7227698
   -119.9977502   57.7156881
   -119.9977483   57.7104563
   -120.0037959   57.7079385
   -120.0037966   57.7027858
   -119.9977428   57.6957429
   -119.9977409   57.6904991
   -120.0037985   57.6879651
   -120.0037991   57.6828022
   -119.9977354   57.6757961
   -119.9977335   57.6705417
   -120.0038010   57.6679912
   -120.0038017   57.6628179
   -119.9977280   57.6558480
   -119.9977260   57.6505846
   -120.0038036   57.6480170
   -120.0038043   57.6428349
   -119.9977206   57.6359017
   -119.9977186   57.6306276
   -120.0038062   57.6280434
   -120.0038069   57.6228522
   -119.9977132   57.6159540
   -119.9977112   57.6106704
   -120.0038088   57.6080694
   -120.0038094   57.6028700
   -119.9977058   57.5960059
   -119.9977038   57.5907134
   -120.0038113   57.5880956
   -120.0038120   57.5828880
   -119.9976984   57.5760576
   -119.9976964   57.5707570
   -120.0038139   57.5681218
   -120.0038146   57.5629063
   -119.9976910   57.5561100
   -119.9976890   57.5508002
   -120.0038165   57.5481480
   -120.0038172   57.5429248
   -119.9976836   57.5361611
   -119.9976816   57.5308432
   -120.0038191   57.5281732
   -120.0038197   57.5229449
   -119.9976762   57.5162108
   -119.9976742   57.5108869
   -120.0038216   57.5081992
   -120.0038223   57.5029629
   -119.9976688   57.4962625
   -119.9976668   57.4909299
   -120.0038242   57.4882246
   -120.0038249   57.4829823
   -119.9976613   57.4763127
   -119.9976594   57.4709731
   -120.0038268   57.4682500
   -120.0038275   57.4630020
   -119.9976539   57.4563627
   -119.9976520   57.4510166
   -120.0038294   57.4482759
   -120.0038301   57.4430219
   -119.9976465   57.4364124
   -119.9976445   57.4310606
   -120.0038320   57.4283016
   -120.0038326   57.4230421
   -119.9976391   57.4164630
   -119.9976371   57.4111042
   -120.0038345   57.4083273
   -120.0038352   57.4030625
   -119.9976317   57.3965122
   -119.9976297   57.3911477
   -120.0038371   57.3883525
   -120.0038378   57.3830832
   -119.9976243   57.3765602
   -119.9976223   57.3711919
   -120.0038397   57.3683780
   -120.0038404   57.3631040
   -119.9976169   57.3566100
   -119.9976149   57.3512357
   -120.0038423   57.3484035
   -120.0038429   57.3431241
   -119.9976095   57.3366585
   -119.9976075   57.3312790
   -120.0038448   57.3284279
   -120.0038455   57.3231455
   -119.9976021   57.3167068
   -119.9976001   57.3113229
   -120.0038474   57.3084532
   -120.0038481   57.3031671
   -119.9975947   57.2967549
   -119.9975927   57.2913674
   -120.0038500   57.2884780
   -120.0038507   57.2831899
   -119.9975873   57.2768039
   -119.9975853   57.2714108
   -120.0038526   57.2685028
   -120.0038532   57.2632118
   -119.9975799   57.2568505
   -119.9975779   57.2514554
   -120.0038551   57.2485279
   -120.0038558   57.2432340
   -119.9975725   57.2368980
   -119.9975705   57.2315001
   -120.0038577   57.2285529
   -120.0038584   57.2232564
   -119.9975651   57.2169463
   -119.9975630   57.2115444
   -120.0038603   57.2085778
   -120.0038610   57.2032790
   -119.9975576   57.1969934
   -119.9975556   57.1915886
   -120.0038629   57.1886023
   -120.0038635   57.1833008
   -119.9975502   57.1770402
   -119.9975482   57.1716326
   -120.0038654   57.1686265
   -120.0038661   57.1633237
   -119.9975428   57.1570869
   -119.9975408   57.1516775
   -120.0038680   57.1486512
   -120.0038687   57.1433469
   -119.9975354   57.1371335
   -119.9975334   57.1317220
   -120.0038706   57.1286755
   -120.0038713   57.1233702
   -119.9975280   57.1171798
   -119.9975260   57.1117666
   -120.0038732   57.1087000
   -120.0038738   57.1033937
   -119.9975206   57.0972260
   -119.9975186   57.0918118
   -120.0038757   57.0887245
   -120.0038764   57.0834174
   -119.9975132   57.0772729
   -119.9975112   57.0718566
   -120.0038783   57.0687489
   -120.0038790   57.0634413
   -119.9975058   57.0573188
   -119.9975038   57.0519013
   -120.0038809   57.0487724
   -120.0038816   57.0434662
   -119.9974984   57.0373645
   -119.9974964   57.0319462
   -120.0038835   57.0287966
   -120.0038842   57.0234894
   -119.9974910   57.0174099
   -119.9974890   57.0119913
   -120.0038860   57.0088201
   -120.0038867   57.0035138
   -119.9974836   56.9974552
   -119.9974816   56.9920363
   -120.0038886   56.9888438
   -120.0038893   56.9835382
   -119.9974762   56.9775004
   -119.9974741   56.9720815
   -120.0038912   56.9688678
   -120.0038919   56.9635628
   -119.9974687   56.9575455
   -119.9974667   56.9521272
   -120.0038938   56.9488917
   -120.0038945   56.9435877
   -119.9974613   56.9375913
   -119.9974593   56.9321725
   -120.0038963   56.9289155
   -120.0038970   56.9236126
   -119.9974539   56.9176361
   -119.9974519   56.9122178
   -120.0038989   56.9089388
   -120.0038996   56.9036376
   -119.9974465   56.8976807
   -119.9974445   56.8922633
   -120.0039015   56.8889624
   -120.0039022   56.8836629
   -119.9974391   56.8777251
   -119.9974371   56.8723094
   -120.0039041   56.8689860
   -120.0039048   56.8636873
   -119.9974317   56.8577694
   -119.9974297   56.8523546
   -120.0039067   56.8490084
   -120.0039073   56.8437128
   -119.9974243   56.8378135
   -119.9974223   56.8324003
   -120.0039092   56.8290317
   -120.0039099   56.8237384
   -119.9974169   56.8178576
   -119.9974149   56.8124467
   -120.0039118   56.8090550
   -120.0039125   56.8037642
   -119.9974095   56.7979024
   -119.9974075   56.7924920
   -120.0039144   56.7890773
   -120.0039151   56.7837909
   -119.9974021   56.7779454
   -119.9974001   56.7725385
   -120.0039170   56.7691003
   -120.0039176   56.7638169
   -119.9973947   56.7579899
   -119.9973927   56.7525846
   -120.0039195   56.7491233
   -120.0039202   56.7438431
   -119.9973873   56.7380335
   -119.9973852   56.7326313
   -120.0039221   56.7291462
   -120.0039228   56.7238694
   -119.9973798   56.7180769
   -119.9973778   56.7126775
   -120.0039247   56.7091686
   -120.0039254   56.7038948
   -119.9973724   56.6981201
   -119.9973704   56.6927235
   -120.0039273   56.6891906
   -120.0039279   56.6839213
   -119.9973650   56.6781633
   -119.9973630   56.6727705
   -120.0039298   56.6692132
   -120.0039305   56.6639479
   -119.9973576   56.6582073
   -119.9973556   56.6528164
   -120.0039324   56.6492353
   -120.0039331   56.6439746
   -119.9973502   56.6382494
   -119.9973482   56.6328636
   -120.0039350   56.6292577
   -120.0039357   56.6240014
   -119.9973428   56.6182922
   -119.9973408   56.6129109
   -120.0039376   56.6092799
   -120.0039382   56.6040284
   -119.9973354   56.5983359
   -119.9973334   56.5929578
   -120.0039401   56.5893021
   -120.0039408   56.5840555
   -119.9973280   56.5783785
   -119.9973260   56.5730046
   -120.0039427   56.5693238
   -120.0039434   56.5640825
   -119.9973206   56.5584211
   -119.9973186   56.5530517
   -120.0039453   56.5493452
   -120.0039460   56.5441098
   -119.9973132   56.5384634
   -119.9973112   56.5330990
   -120.0039479   56.5293663
   -120.0039485   56.5241372
   -119.9973058   56.5185065
   -119.9973038   56.5131456
   -120.0039504   56.5093877
   -120.0039511   56.5041645
   -119.9972983   56.4985480
   -119.9972964   56.4931935
   -120.0039530   56.4894093
   -120.0039537   56.4841921
   -119.9972909   56.4785901
   -119.9972889   56.4732416
   -120.0039556   56.4694308
   -120.0039563   56.4642198
   -119.9972835   56.4586330
   -119.9972815   56.4532885
   -120.0039582   56.4494519
   -120.0039588   56.4442474
   -119.9972761   56.4386741
   -119.9972741   56.4333367
   -120.0039608   56.4294731
   -120.0039614   56.4242753
   -119.9972687   56.4187168
   -119.9972667   56.4133845
   -120.0039633   56.4094943
   -120.0039640   56.4043033
   -119.9972613   56.3987586
   -119.9972593   56.3934329
   -120.0039659   56.3895153
   -120.0039666   56.3843305
   -119.9972539   56.3788009
   -119.9972519   56.3734800
   -120.0039685   56.3695352
   -120.0039691   56.3643585
   -119.9972465   56.3588417
   -119.9972445   56.3535286
   -120.0039711   56.3495560
   -120.0039717   56.3443867
   -119.9972391   56.3388832
   -119.9972371   56.3335775
   -120.0039736   56.3295767
   -120.0039743   56.3244150
   -119.9972317   56.3189254
   -119.9972297   56.3136251
   -120.0039762   56.3095963
   -120.0039769   56.3044441
   -119.9972242   56.2989660
   -119.9972223   56.2936742
   -120.0039788   56.2896167
   -120.0039795   56.2844726
   -119.9972168   56.2790080
   -119.9972149   56.2737227
   -120.0039814   56.2696370
   -120.0039820   56.2645011
   -119.9972094   56.2590492
   -119.9972075   56.2537720
   -120.0039839   56.2496572
   -120.0039846   56.2445298
   -119.9972020   56.2390903
   -119.9972001   56.2338208
   -120.0039865   56.2296769
   -120.0039872   56.2245575
   -119.9971946   56.2191312
   -119.9971926   56.2138694
   -120.0039891   56.2096961
   -120.0039898   56.2045863
   -119.9971872   56.1991721
   -119.9971852   56.1939191
   -120.0039917   56.1897159
   -120.0039923   56.1846152
   -119.9971798   56.1792138
   -119.9971778   56.1739676
   -120.0039942   56.1697352
   -120.0039949   56.1646440
   -119.9971724   56.1592538
   -119.9971704   56.1540175
   -120.0039968   56.1497547
   -120.0039975   56.1446730
   -119.9971650   56.1392953
   -119.9971630   56.1340669
   -120.0039994   56.1297740
   -120.0040001   56.1247022
   -119.9971576   56.1193359
   -119.9971556   56.1141171
   -120.0040020   56.1097932
   -120.0040026   56.1047313
   -119.9971501   56.0993765
   -119.9971482   56.0941668
   -120.0040046   56.0898120
   -120.0040052   56.0847604
   -119.9971427   56.0794170
   -119.9971408   56.0742166
   -120.0040071   56.0698309
   -120.0040078   56.0647889
   -119.9971353   56.0594572
   -119.9971334   56.0542669
   -120.0040097   56.0498484
   -120.0040104   56.0448191
   -119.9971279   56.0394984
   -119.9971260   56.0343163
   -120.0040123   56.0298667
   -120.0040129   56.0248484
   -119.9971205   56.0195379
   -119.9971186   56.0143672
   -120.0040149   56.0098852
   -120.0040155   56.0048779
   -119.9971131   55.9995789
   -119.9971112   55.9944176
   -120.0040174   55.9899035
   -120.0040181   55.9849075
   -119.9971057   55.9796191
   -119.9971038   55.9744680
   -120.0040200   55.9699214
   -120.0040207   55.9649370
   -119.9970983   55.9596584
   -119.9970964   55.9545193
   -120.0040226   55.9499395
   -120.0040232   55.9449667
   -119.9970909   55.9396992
   -119.9970890   55.9345702
   -120.0040252   55.9299573
   -120.0040258   55.9249965
   -119.9970834   55.9197392
   -119.9970816   55.9146218
   -120.0040277   55.9099750
   -120.0040284   55.9050255
   -119.9970760   55.8997796
   -119.9970741   55.8946719
   -120.0040303   55.8899916
   -120.0040310   55.8850552
   -119.9970686   55.8798187
   -119.9970667   55.8747238
   -120.0040329   55.8700090
   -120.0040335   55.8650852
   -119.9970612   55.8598593
   -119.9970593   55.8547752
   -120.0040355   55.8500262
   -120.0040361   55.8451152
   -119.9970538   55.8398990
   -119.9970519   55.8348268
   -120.0040380   55.8300430
   -120.0040387   55.8251451
   -119.9970464   55.8199380
   -119.9970445   55.8148792
   -120.0040406   55.8100592
   -120.0040413   55.8051760
   -119.9970390   55.7999783
   -119.9970371   55.7949310
   -120.0040432   55.7900759
   -120.0040438   55.7852062
   -119.9970316   55.7800179
   -119.9970297   55.7749838
   -120.0040458   55.7700924
   -120.0040464   55.7652365
   -119.9970242   55.7600582
   -119.9970223   55.7550353
   -120.0040484   55.7501085
   -120.0040490   55.7452658
   -119.9970168   55.7400966
   -119.9970149   55.7350881
   -120.0040509   55.7301239
   -120.0040516   55.7252962
   -119.9970093   55.7201361
   -119.9970075   55.7151413
   -120.0040535   55.7101399
   -120.0040541   55.7053266
   -119.9970019   55.7001761
   -119.9970001   55.6951933
   -120.0040561   55.6901555
   -120.0040567   55.6853569
   -119.9969945   55.6802147
   -119.9969927   55.6752469
   -120.0040587   55.6701711
   -120.0040593   55.6653874
   -119.9969871   55.6602547
   -119.9969853   55.6553000
   -120.0040612   55.6501865
   -120.0040619   55.6454180
   -119.9969797   55.6402939
   -119.9969779   55.6353539
   -120.0040638   55.6302018
   -120.0040644   55.6254486
   -119.9969723   55.6203337
   -119.9969705   55.6154066
   -120.0040664   55.6102166
   -120.0040670   55.6054791
   -119.9969649   55.6003721
   -119.9969631   55.5954609
   -120.0040690   55.5902315
   -120.0040696   55.5855091
   -119.9969575   55.5804109
   -119.9969557   55.5755152
   -120.0040716   55.5702446
   -120.0040722   55.5655406
   -119.9969501   55.5604506
   -119.9969482   55.5555684
   -120.0040741   55.5502588
   -120.0040747   55.5455712
   -119.9969426   55.5404889
   -119.9969408   55.5356233
   -120.0040767   55.5302731
   -120.0040773   55.5256020
   -119.9969352   55.5205285
   -119.9969334   55.5156777
   -120.0040793   55.5102871
   -120.0040799   55.5056330
   -119.9969278   55.5005674
   -119.9969260   55.4957322
   -120.0040819   55.4903007
   -120.0040825   55.4856637
   -119.9969204   55.4806061
   -119.9969186   55.4757870
   -120.0040844   55.4703143
   -120.0040850   55.4656947
   -119.9969130   55.4606449
   -119.9969112   55.4558427
   -120.0040870   55.4503277
   -120.0040876   55.4457258
   -119.9969056   55.4406837
   -119.9969038   55.4358986
   -120.0040896   55.4303409
   -120.0040902   55.4257562
   -119.9968982   55.4207228
   -119.9968964   55.4159530
   -120.0040922   55.4103528
   -120.0040928   55.4057871
   -119.9968908   55.4007607
   -119.9968890   55.3960093
   -120.0040947   55.3903655
   -120.0040953   55.3858183
   -119.9968834   55.3808000
   -119.9968816   55.3760651
   -120.0040973   55.3703780
   -120.0040979   55.3658495
   -119.9968760   55.3608386
   -119.9968742   55.3561211
   -120.0040999   55.3503901
   -120.0041005   55.3458805
   -119.9968685   55.3408764
   -119.9968668   55.3361781
   -120.0041025   55.3304013
   -120.0041031   55.3259126
   -119.9968611   55.3209155
   -119.9968594   55.3162346
   -120.0041051   55.3104131
   -120.0041056   55.3059439
   -119.9968537   55.3009540
   -119.9968520   55.2962921
   -120.0041076   55.2904246
   -120.0041082   55.2859753
   -119.9968463   55.2809931
   -119.9968446   55.2763482
   -120.0041102   55.2704357
   -120.0041108   55.2660065
   -119.9968389   55.2610307
   -119.9968372   55.2564061
   -120.0041128   55.2504467
   -120.0041134   55.2460373
   -119.9968315   55.2410694
   -119.9968298   55.2364634
   -120.0041154   55.2304567
   -120.0041159   55.2260688
   -119.9968241   55.2211077
   -119.9968224   55.2165210
   -120.0041179   55.2104670
   -120.0041185   55.2061001
   -119.9968167   55.2011452
   -119.9968150   55.1965797
   -120.0041205   55.1904773
   -120.0041211   55.1861317
   -119.9968093   55.1811841
   -119.9968076   55.1766378
   -120.0041231   55.1704872
   -120.0041237   55.1661634
   -119.9968018   55.1612223
   -119.9968002   55.1566970
   -120.0041257   55.1504970
   -120.0041262   55.1461950
   -119.9967944   55.1412611
   -119.9967928   55.1367548
   -120.0041283   55.1305062
   -120.0041288   55.1262265
   -119.9967870   55.1212985
   -119.9967854   55.1168145
   -120.0041308   55.1105154
   -120.0041314   55.1062582
   -119.9967796   55.1013372
   -119.9967780   55.0968737
   -120.0041334   55.0905243
   -120.0041340   55.0862893
   -119.9967722   55.0813749
   -119.9967705   55.0769329
   -120.0041360   55.0705310
   -120.0041365   55.0663215
   -119.9967648   55.0614122
   -119.9967631   55.0569935
   -120.0041386   55.0505392
   -120.0041391   55.0463534
   -119.9967574   55.0414509
   -119.9967557   55.0370535
   -120.0041411   55.0305472
   -120.0041417   55.0263853
   -119.9967500   55.0214888
   -119.9967483   55.0171137
   -120.0041437   55.0105548
   -120.0041443   55.0064169
   -119.9967426   55.0015266
   -119.9967409   54.9971743
   -120.0041463   54.9905622
   -120.0041468   54.9864489
   -119.9967351   54.9815645
   -119.9967335   54.9772360
   -120.0041489   54.9705692
   -120.0041494   54.9664809
   -119.9967277   54.9616030
   -119.9967261   54.9572971
   -120.0041515   54.9505759
   -120.0041520   54.9465129
   -119.9967203   54.9416407
   -119.9967187   54.9373586
   -120.0041540   54.9305823
   -120.0041546   54.9265440
   -119.9967129   54.9216775
   -119.9967113   54.9174211
   -120.0041566   54.9105874
   -120.0041571   54.9065761
   -119.9967055   54.9017159
   -119.9967039   54.8974831
   -120.0041592   54.8905932
   -120.0041597   54.8866082
   -119.9966981   54.8817536
   -119.9966965   54.8775455
   -120.0041618   54.8705985
   -120.0041623   54.8666401
   -119.9966907   54.8617912
   -119.9966891   54.8576082
   -120.0041644   54.8506036
   -120.0041649   54.8466723
   -119.9966833   54.8418288
   -119.9966817   54.8376721
   -120.0041669   54.8306073
   -120.0041674   54.8267052
   -119.9966759   54.8218665
   -119.9966743   54.8177364
   -120.0041695   54.8106117
   -120.0041700   54.8067374
   -119.9966684   54.8019047
   -119.9966669   54.7977992
   -120.0041721   54.7906156
   -120.0041726   54.7867694
   -119.9966610   54.7819415
   -119.9966595   54.7778641
   -120.0041747   54.7706192
   -120.0041752   54.7668010
   -119.9966536   54.7619794
   -119.9966521   54.7579285
   -120.0041772   54.7506215
   -120.0041777   54.7468334
   -119.9966462   54.7420169
   -119.9966447   54.7379932
   -120.0041798   54.7306243
   -120.0041803   54.7268654
   -119.9966388   54.7220543
   -119.9966373   54.7180583
   -120.0041824   54.7106267
   -120.0041829   54.7068978
   -119.9966314   54.7020917
   -119.9966299   54.6981248
   -120.0041850   54.6906288
   -120.0041855   54.6869303
   -119.9966240   54.6821291
   -119.9966225   54.6781916
   -120.0041876   54.6706304
   -120.0041880   54.6669627
   -119.9966166   54.6621671
   -119.9966151   54.6582568
   -120.0041901   54.6506317
   -120.0041906   54.6469949
   -119.9966091   54.6422038
   -119.9966077   54.6383244
   -120.0041927   54.6306325
   -120.0041932   54.6270274
   -119.9966017   54.6222417
   -119.9966003   54.6183915
   -120.0041953   54.6106329
   -120.0041958   54.6070593
   -119.9965943   54.6022787
   -119.9965929   54.5984589
   -120.0041979   54.5906308
   -120.0041983   54.5870922
   -119.9965869   54.5823159
   -119.9965855   54.5785267
   -120.0042005   54.5706304
   -120.0042009   54.5671248
   -119.9965795   54.5623532
   -119.9965781   54.5585960
   -120.0042030   54.5506294
   -120.0042035   54.5471574
   -119.9965721   54.5423904
   -119.9965707   54.5386646
   -120.0042056   54.5306281
   -120.0042061   54.5271897
   -119.9965647   54.5224275
   -119.9965633   54.5187338
   -120.0042082   54.5106262
   -120.0042086   54.5072224
   -119.9965573   54.5024647
   -119.9965559   54.4988044
   -120.0042108   54.4906239
   -120.0042112   54.4872551
   -119.9965499   54.4825025
   -119.9965485   54.4788744
   -120.0042133   54.4706210
   -120.0042138   54.4672878
   -119.9965424   54.4625396
   -119.9965411   54.4589448
   -120.0042159   54.4506178
   -120.0042164   54.4473196
   -119.9965350   54.4425763
   -119.9965337   54.4390158
   -120.0042185   54.4306129
   -120.0042189   54.4273523
   -119.9965276   54.4226134
   -119.9965263   54.4190883
   -120.0042211   54.4106086
   -120.0042215   54.4073851
   -119.9965202   54.4026504
   -119.9965189   54.3991602
   -120.0042237   54.3906038
   -120.0042241   54.3874176
   -119.9965128   54.3826874
   -119.9965115   54.3792326
   -120.0042262   54.3705984
   -120.0042267   54.3674505
   -119.9965054   54.3627244
   -119.9965041   54.3593066
   -120.0042288   54.3505925
   -120.0042292   54.3474833
   -119.9964980   54.3427620
   -119.9964967   54.3393800
   -120.0042314   54.3305849
   -120.0042318   54.3275169
   -119.9964906   54.3227989
   -119.9964893   54.3194539
   -120.0042340   54.3105780
   -120.0042344   54.3075495
   -119.9964832   54.3028352
   -119.9964819   54.2995295
   -120.0042366   54.2905703
   -120.0042370   54.2875817
   -119.9964757   54.2828724
   -119.9964745   54.2796047
   -120.0042391   54.2705609
   -120.0042395   54.2676147
   -119.9964683   54.2629093
   -119.9964671   54.2596803
   -120.0042417   54.2505523
   -120.0042421   54.2476473
   -119.9964609   54.2429461
   -119.9964597   54.2397564
   -120.0042443   54.2305428
   -120.0042447   54.2276803
   -119.9964535   54.2229829
   -119.9964523   54.2198343
   -120.0042469   54.2105328
   -120.0042473   54.2077134
   -119.9964461   54.2030203
   -119.9964449   54.1999116
   -120.0042495   54.1905220
   -120.0042498   54.1877464
   -119.9964387   54.1830572
   -119.9964375   54.1799896
   -120.0042520   54.1705109
   -120.0042524   54.1677792
   -119.9964313   54.1630933
   -119.9964301   54.1600693
   -120.0042546   54.1504989
   -120.0042550   54.1478123
   -119.9964239   54.1431306
   -119.9964228   54.1401485
   -120.0042572   54.1304862
   -120.0042576   54.1278447
   -119.9964164   54.1231670
   -119.9964154   54.1202285
   -120.0042598   54.1104718
   -120.0042601   54.1078775
   -119.9964090   54.1032037
   -119.9964080   54.1003090
   -120.0042624   54.0904564
   -120.0042627   54.0879113
   -119.9964016   54.0832404
   -119.9964006   54.0803914
   -120.0042650   54.0704416
   -120.0042653   54.0679444
   -119.9963942   54.0632777
   -119.9963932   54.0604720
   -120.0042675   54.0504263
   -120.0042679   54.0479773
   -119.9963868   54.0433137
   -119.9963858   54.0405558
   -120.0042701   54.0304100
   -120.0042704   54.0280105
   -119.9963794   54.0233503
   -119.9963784   54.0206403
   -120.0042727   54.0103929
   -120.0042730   54.0080438
   -119.9963720   54.0033875
   -119.9963710   54.0007243
   -120.0042753   53.9903750
   -120.0042756   53.9880770
   -119.9963646   53.9834241
   -119.9963636   53.9808090
   -120.0042779   53.9703567
   -120.0042781   53.9681093
   -119.9963572   53.9634603
   -119.9963562   53.9608949
   -120.0042804   53.9503357
   -120.0042807   53.9481426
   -119.9963497   53.9434968
   -119.9963488   53.9409825
   -120.0042830   53.9303154
   -120.0042833   53.9281759
   -119.9963423   53.9235334
   -119.9963414   53.9210696
   -120.0042856   53.9102945
   -120.0042859   53.9082089
   -119.9963349   53.9035698
   -119.9963340   53.9011575
   -120.0042882   53.8902724
   -120.0042884   53.8882422
   -119.9963275   53.8836064
   -119.9963266   53.8812477
   -120.0042908   53.8702494
   -120.0042910   53.8682756
   -119.9963201   53.8636434
   -119.9963192   53.8613373
   -120.0042934   53.8502240
   -120.0042936   53.8483096
   -119.9963127   53.8436799
   -119.9963118   53.8414277
   -120.0042959   53.8301996
   -120.0042962   53.8283427
   -119.9963053   53.8237163
   -119.9963045   53.8215192
   -120.0042985   53.8101737
   -120.0042987   53.8083754
   -119.9940709   53.8024656
   -119.9909554   53.8032905
   -119.9815395   53.7932967
   -119.9731515   53.7948565
   -119.9686704   53.7848223
   -119.9565651   53.7854810
   -119.9551310   53.7777260
   -119.9398759   53.7745321
   -119.9385256   53.7717421
   -119.9244314   53.7689975
   -119.9211208   53.7656933
   -119.9089860   53.7633798
   -119.9036999   53.7596629
   -119.8935427   53.7577457
   -119.8908982   53.7562514
   -119.8784740   53.7398904
   -119.8744853   53.7321873
   -119.8632105   53.7275519
   -119.8607742   53.7254850
   -119.8452631   53.7190220
   -119.8433735   53.7172802
   -119.8273227   53.7104793
   -119.8259674   53.7090947
   -119.8093940   53.7019192
   -119.8085530   53.7009395
   -119.7735618   53.6847671
   -119.7563631   53.6762823
   -119.7553716   53.6765785
   -119.7380781   53.6671201
   -119.7379350   53.6661709
   -119.7269831   53.6511593
   -119.7269892   53.6437413
   -119.7196872   53.6297734
   -119.7190943   53.6243800
   -119.7120285   53.6088115
   -119.7114131   53.6050436
   -119.7042587   53.5879847
   -119.6995089   53.5635928
   -119.6987075   53.5423189
   -119.6979831   53.5354189
   -119.6982620   53.5124939
   -119.6858353   53.4960790
   -119.6674162   53.4814706
   -119.6571918   53.4715386
   -119.6137103   53.4547762
   -119.6092243   53.4525839
   -119.5945511   53.4473515
   -119.5897091   53.4449582
   -119.5753952   53.4399331
   -119.5701863   53.4373239
   -119.5562305   53.4325158
   -119.5506709   53.4296866
   -119.5370662   53.4251064
   -119.5311493   53.4220376
   -119.5178891   53.4177010
   -119.5116340   53.4143801
   -119.4987109   53.4103094
   -119.4921142   53.4067026
   -119.4795154   53.4029299
   -119.4494430   53.3854242
   -119.4434915   53.3853899
   -119.4324102   53.3819941
   -119.4202537   53.3827726
   -119.4035202   53.3756512
   -119.4010088   53.3754535
   -119.3947424   53.3697022
   -119.3793333   53.3643031
   -119.3786704   53.3632248
   -119.3647779   53.3556403
   -119.3613218   53.3554869
   -119.3507578   53.3482271
   -119.3433020   53.3467005
   -119.3265374   53.3333890
   -119.3227206   53.3272856
   -119.3113662   53.3143484
   -119.3091503   53.3102956
   -119.2942302   53.3023791
   -119.2798228   53.2940709
   -119.2764397   53.2927577
   -119.2652490   53.2858605
   -119.2586888   53.2830131
   -119.2505933   53.2777398
   -119.2409639   53.2731648
   -119.2237641   53.2614249
   -119.2155977   53.2539752
   -119.1696797   53.2500968
   -119.1654934   53.2502348
   -119.1456827   53.2478878
   -119.1267185   53.2425145
   -119.1085920   53.2341127
   -119.1003572   53.2288496
   -119.0898407   53.2279493
   -119.0715448   53.2235979
   -119.0702601   53.2247970
   -119.0450307   53.2419768
   -119.0221883   53.2505599
   -119.0079870   53.2505505
   -119.0012123   53.2524177
   -118.9952308   53.2511150
   -118.9806565   53.2527692
   -118.9716343   53.2473864
   -118.9615637   53.2478472
   -118.9548575   53.2430689
   -118.9425248   53.2427297
   -118.9380312   53.2389555
   -118.9267474   53.2377488
   -118.9154768   53.2256888
   -118.8979772   53.2186331
   -118.8933838   53.2191297
   -118.8844474   53.2129586
   -118.8748231   53.2131922
   -118.8680387   53.2046486
   -118.8595480   53.2013610
   -118.8580686   53.1982532
   -118.8502050   53.1916571
   -118.8431437   53.1915544
   -118.8340546   53.1831883
   -118.8260361   53.1830095
   -118.8178989   53.1747310
   -118.8089351   53.1744525
   -118.8017369   53.1662872
   -118.7918430   53.1658811
   -118.7833704   53.1550511
   -118.7774684   53.1524355
   -118.7736429   53.1456770
   -118.7702265   53.1429855
   -118.7619931   53.1409612
   -118.7573228   53.1361753
   -118.7453655   53.1315552
   -118.7441286   53.1299247
   -118.7290489   53.1215932
   -118.7200516   53.1063773
   -118.7166288   53.0834727
   -118.7139156   53.0829120
   -118.6960314   53.0742547
   -118.6859883   53.0653081
   -118.6696279   53.0577282
   -118.6608049   53.0562521
   -118.6437671   53.0465275
   -118.6315425   53.0307323
   -118.6301793   53.0267096
   -118.6209564   53.0126075
   -118.6105255   52.9948228
   -118.6066247   52.9826311
   -118.5987955   52.9784079
   -118.5838157   52.9660874
   -118.5712248   52.9507563
   -118.5670248   52.9432055
   -118.5540184   52.9412441
   -118.5468692   52.9387070
   -118.5327894   52.9367983
   -118.5255304   52.9339777
   -118.5115216   52.9324088
   -118.4932263   52.9242663
   -118.4789371   52.9157481
   -118.4757506   52.9150926
   -118.4660874   52.9081973
   -118.4582117   52.9059991
   -118.4441421   52.8925306
   -118.4387883   52.8780584
   -118.4312998   52.8748233
   -118.4255196   52.8703882
   -118.4136100   52.8656878
   -118.4120271   52.8641534
   -118.3962567   52.8560785
   -118.3834911   52.8399443
   -118.3766483   52.8196056
   -118.3753444   52.8172408
   -118.3717332   52.8041795
   -118.3495948   52.7912727
   -118.3462880   52.7899864
   -118.3354763   52.7829321
   -118.3290559   52.7802022
   -118.3129761   52.7687785
   -118.2993824   52.7538271
   -118.2919826   52.7415186
   -118.2861294   52.7383792
   -118.2697975   52.7273191
   -118.2555233   52.7133308
   -118.2433072   52.6964134
   -118.2331493   52.6765670
   -118.2250537   52.6538015
   -118.2222001   52.6416576
   -118.2139143   52.6353487
   -118.1993650   52.6217457
   -118.1859762   52.6065027
   -118.1737424   52.5896141
   -118.1700223   52.5837434
   -118.1584764   52.5770326
   -118.1423472   52.5656758
   -118.1272160   52.5529190
   -118.1110919   52.5364122
   -118.0892612   52.5383085
   -118.0836025   52.5383730
   -118.0383464   52.5421353
   -118.0151134   52.5408868
   -117.9942267   52.5363016
   -117.9756853   52.5283792
   -117.9625775   52.5192662
   -117.9590436   52.5177544
   -117.9462382   52.5087722
   -117.9424065   52.5071308
   -117.9299049   52.4982808
   -117.9257633   52.4965044
   -117.9135655   52.4877872
   -117.9091248   52.4858799
   -117.8972317   52.4772966
   -117.8924851   52.4752551
   -117.8808924   52.4668030
   -117.8474117   52.4491203
   -117.8377714   52.4447488
   -117.8216154   52.4388858
   -117.8193363   52.4371737
   -117.8028869   52.4312268
   -117.8009003   52.4295949
   -117.7841588   52.4235728
   -117.7824649   52.4220081
   -117.7654260   52.4159239
   -117.7640328   52.4144109
   -117.7466855   52.4082853
   -117.7456041   52.4067891
   -117.7279299   52.4006686
   -117.7236718   52.3916958
   -117.7146253   52.3853017
   -117.7130905   52.3812433
   -117.7016805   52.3694198
   -117.6965324   52.3534818
   -117.6902077   52.3421653
   -117.6827203   52.3140870
   -117.6790930   52.2782277
   -117.6791086   52.2753212
   -117.6424339   52.2657357
   -117.6067337   52.2513181
   -117.5893766   52.2431207
   -117.5730212   52.2329057
   -117.5600486   52.2225701
   -117.5351532   52.2228566
   -117.5149512   52.2203733
   -117.4960332   52.2153257
   -117.4851551   52.2106320
   -117.4548223   52.1991220
   -117.4412208   52.1962395
   -117.4355566   52.1940190
   -117.4222464   52.1912862
   -117.4162912   52.1889123
   -117.4032773   52.1863393
   -117.3970260   52.1837994
   -117.3842987   52.1813957
   -117.3777590   52.1786793
   -117.3653217   52.1764600
   -117.3584973   52.1735512
   -117.3447557   52.1724174
   -117.3259219   52.1694905
   -117.3227567   52.1679224
   -117.3086398   52.1539775
   -117.3042568   52.1443559
   -117.2978783   52.1377665
   -117.2941483   52.1291137
   -117.2871390   52.1215415
   -117.2840206   52.1138887
   -117.2764201   52.1053027
   -117.2692514   52.0866697
   -117.2689029   52.0830556
   -117.2569941   52.0714666
   -117.2449628   52.0584975
   -117.2430116   52.0574310
   -117.2179832   52.0273779
   -117.2176502   52.0262088
   -117.2055775   52.0122780
   -117.2052203   52.0108731
   -117.1931624   51.9971830
   -117.1927994   51.9955265
   -117.1862088   51.9881893
   -117.1710901   51.9827737
   -117.1680234   51.9833026
   -117.1560287   51.9771741
   -117.1490897   51.9776602
   -117.1408287   51.9720189
   -117.1303092   51.9715653
   -117.1254833   51.9673287
   -117.1116865   51.9649988
   -117.1064599   51.9592444
   -117.0938096   51.9562152
   -117.0892540   51.9514157
   -117.0759176   51.9474767
   -117.0720667   51.9435559
   -117.0580162   51.9387698
   -117.0548931   51.9356755
   -117.0401066   51.9300836
   -117.0377285   51.9277793
   -117.0221915   51.9214134
   -117.0205706   51.9198717
   -117.0042713   51.9127549
   -116.9884315   51.8979234
   -116.9746582   51.8755398
   -116.9581286   51.8641513
   -116.9414594   51.8517680
   -116.9250926   51.8385055
   -116.9205779   51.8337105
   -116.9092544   51.8236669
   -116.8871350   51.8028043
   -116.8832128   51.8004426
   -116.8744346   51.8033075
   -116.8586473   51.8066135
   -116.8517639   51.8087892
   -116.8398348   51.8109582
   -116.8291114   51.8142027
   -116.8210889   51.8153659
   -116.8064962   51.8195095
   -116.8024496   51.8198871
   -116.7839291   51.8246624
   -116.7614916   51.8294433
   -116.7414332   51.8271451
   -116.7365027   51.8245294
   -116.7223091   51.8220719
   -116.7095358   51.8182641
   -116.7024150   51.8192827
   -116.6917808   51.8158445
   -116.6823004   51.8171550
   -116.6740273   51.8134477
   -116.6683762   51.8141872
   -116.6518853   51.8029548
   -116.6512457   51.7943235
   -116.6426446   51.7840891
   -116.6420713   51.7794298
   -116.6346099   51.7676994
   -116.6318991   51.7668073
   -116.6177618   51.7530977
   -116.6132534   51.7450250
   -116.6032843   51.7397448
   -116.5913299   51.7311178
   -116.5856311   51.7297334
   -116.5720439   51.7154446
   -116.5687322   51.7003890
   -116.5648741   51.6943983
   -116.5620892   51.6818113
   -116.5422079   51.6667388
   -116.5382408   51.6652493
   -116.5264696   51.6556843
   -116.5217709   51.6539937
   -116.5107393   51.6446135
   -116.5052860   51.6427557
   -116.4950204   51.6335196
   -116.4887760   51.6315417
   -116.4793172   51.6223910
   -116.4722318   51.6203644
   -116.4587345   51.6059810
   -116.4574771   51.6009272
   -116.4465165   51.5836111
   -116.4365250   51.5773042
   -116.4324025   51.5765133
   -116.4208840   51.5680987
   -116.4142845   51.5669940
   -116.4052697   51.5587835
   -116.3960304   51.5576166
   -116.3840771   51.5416064
   -116.3841480   51.5356719
   -116.3764585   51.5210329
   -116.3762944   51.5187477
   -116.3635726   51.5060044
   -116.3509285   51.4926494
   -116.3337029   51.4830404
   -116.3313027   51.4827891
   -116.3179024   51.4740293
   -116.3127234   51.4737541
   -116.3021549   51.4647716
   -116.2937533   51.4651315
   -116.2855295   51.4530492
   -116.2899530   51.4454022
   -116.2852971   51.4345014
   -116.2884634   51.4291394
   -116.2851049   51.4159483
   -116.2869459   51.4128756
   -116.2849371   51.3973921
   -116.2894698   51.3899079
   -116.2905680   51.3817860
   -116.2884279   51.3783251
   -116.2878088   51.3698081
   -116.2820331   51.3606364
   -116.2822442   51.3532252
   -116.2729362   51.3388533
   -116.2649513   51.3353014
   -116.2594506   51.3269488
   -116.2551603   51.3242644
   -116.2487726   51.3234975
   -116.2386293   51.3165901
   -116.2307994   51.3154231
   -116.2220782   51.3089627
   -116.1946483   51.3026095
   -116.1929859   51.3031591
   -116.1771327   51.2978403
   -116.1727496   51.2997931
   -116.1554987   51.2902165
   -116.1546336   51.2861339
   -116.1437477   51.2752644
   -116.1406618   51.2756222
   -116.1278267   51.2693117
   -116.1214824   51.2700594
   -116.1111625   51.2634367
   -116.1022965   51.2645060
   -116.0945018   51.2575486
   -116.0831025   51.2589721
   -116.0778458   51.2516285
   -116.0638880   51.2534792
   -116.0608180   51.2444796
   -116.0488134   51.2393794
   -116.0481570   51.2371707
   -116.0423657   51.2321579
   -116.0312283   51.2304992
   -116.0300812   51.2286911
   -116.0141623   51.2205392
   -116.0100156   51.2150536
   -116.0094196   51.2077663
   -116.0034037   51.1990431
   -116.0081805   51.1809092
   -116.0091434   51.1799032
   -116.0120735   51.1671836
   -116.0099605   51.1633340
   -116.0092142   51.1563152
   -116.0036110   51.1472745
   -116.0028496   51.1389890
   -116.0007561   51.1361022
   -115.9881813   51.1291029
   -115.9791054   51.1295099
   -115.9746616   51.1258164
   -115.9611014   51.1238107
   -115.9557919   51.1176784
   -115.9439249   51.1151737
   -115.9382981   51.1095958
   -115.9267150   51.1066606
   -115.9208545   51.1014406
   -115.9176340   51.1005268
   -115.9084771   51.1017911
   -115.9000211   51.0987213
   -115.8893092   51.1002208
   -115.8824070   51.0969079
   -115.8701385   51.0986605
   -115.8589609   51.0911728
   -115.8527751   51.0906889
   -115.8500695   51.0884582
   -115.8342462   51.0868515
   -115.8324425   51.0851288
   -115.8157367   51.0829454
   -115.8148044   51.0818945
   -115.7971487   51.0788009
   -115.7788103   51.0748053
   -115.7768172   51.0713980
   -115.7620914   51.0645448
   -115.7585818   51.0587277
   -115.7528066   51.0527681
   -115.6894529   51.0194149
   -115.6733133   51.0102280
   -115.6716898   51.0107767
   -115.6572702   51.0007732
   -115.6536923   51.0027356
   -115.6415115   50.9904115
   -115.6381759   50.9913957
   -115.6304801   50.9785435
   -115.6259911   50.9787686
   -115.6204560   50.9657347
   -115.6137559   50.9661193
   -115.6108207   50.9543556
   -115.6038398   50.9515934
   -115.6041015   50.9446980
   -115.5959463   50.9354315
   -115.5973007   50.9273932
   -115.5880065   50.9193064
   -115.5877451   50.9179169
   -115.5764368   50.9061185
   -115.5759424   50.8983472
   -115.5793026   50.8941199
   -115.5829675   50.8930052
   -115.5930661   50.8840071
   -115.6029085   50.8849181
   -115.6176169   50.8684905
   -115.6239520   50.8600298
   -115.6182116   50.8551829
   -115.5964714   50.8484181
   -115.5941370   50.8494660
   -115.5835402   50.8411868
   -115.5766602   50.8445916
   -115.5736591   50.8428449
   -115.5698957   50.8300461
   -115.5625730   50.8286420
   -115.5550726   50.8154230
   -115.5496949   50.8132618
   -115.5478806   50.8105451
   -115.5335503   50.8034686
   -115.5189817   50.7943858
   -115.5166172   50.7950265
   -115.4983123   50.7889282
   -115.4964333   50.7848631
   -115.4819008   50.7795924
   -115.4790678   50.7727750
   -115.4739657   50.7677603
   -115.4671065   50.7674898
   -115.4634498   50.7642748
   -115.4487406   50.7614979
   -115.4452312   50.7548697
   -115.4303477   50.7523459
   -115.4274522   50.7482809
   -115.4135130   50.7460629
   -115.4025955   50.7337613
   -115.3970132   50.7294402
   -115.3863251   50.7262395
   -115.3811559   50.7283418
   -115.3731302   50.7280790
   -115.3617242   50.7322399
   -115.3487250   50.7280538
   -115.3437282   50.7305039
   -115.3303380   50.7257360
   -115.3256911   50.7289312
   -115.3116656   50.7230930
   -115.3143984   50.7119804
   -115.3021637   50.7056469
   -115.3043592   50.6954856
   -115.2926028   50.6882373
   -115.2943712   50.6789635
   -115.2829981   50.6708556
   -115.2844224   50.6624212
   -115.2733590   50.6534948
   -115.2756203   50.6384119
   -115.2736257   50.6299641
   -115.2750844   50.6244959
   -115.2724760   50.6200858
   -115.2650455   50.6137999
   -115.2629855   50.6132281
   -115.2506018   50.6012807
   -115.2458620   50.6005282
   -115.2337190   50.5847276
   -115.2342796   50.5820420
   -115.2283960   50.5681985
   -115.2257847   50.5663048
   -115.2229218   50.5542314
   -115.2192581   50.5501617
   -115.2083376   50.5458496
   -115.1997880   50.5489613
   -115.1974085   50.5535409
   -115.1857332   50.5609676
   -115.1841843   50.5662016
   -115.1689010   50.5737394
   -115.1528610   50.5793934
   -115.1514518   50.5786001
   -115.1379935   50.5801550
   -115.1247200   50.5783455
   -115.1193472   50.5807971
   -115.1152817   50.5793594
   -115.1008095   50.5841207
   -115.0860074   50.5847728
   -115.0823948   50.5905394
   -115.0683225   50.5844191
   -115.0635666   50.5866286
   -115.0543948   50.5808872
   -115.0472641   50.5812073
   -115.0447625   50.5833157
   -115.0302972   50.5826793
   -115.0262039   50.5861576
   -115.0150565   50.5844097
   -115.0103858   50.5717093
   -115.0033652   50.5705546
   -114.9984660   50.5578697
   -114.9916705   50.5567025
   -114.9865483   50.5440279
   -114.9799736   50.5428516
   -114.9746332   50.5301845
   -114.9682745   50.5290034
   -114.9627195   50.5163391
   -114.9565732   50.5151569
   -114.9508083   50.5024917
   -114.9448709   50.5013114
   -114.9388995   50.4886431
   -114.9331660   50.4874681
   -114.9269917   50.4747921
   -114.9214600   50.4736251
   -114.9150860   50.4609407
   -114.9069167   50.4591701
   -114.9031745   50.4521551
   -114.8904614   50.4487181
   -114.8881711   50.4428871
   -114.8741294   50.4380936
   -114.8730359   50.4338562
   -114.8579681   50.4272301
   -114.8565752   50.4164342
   -114.8485104   50.4054293
   -114.8361177   50.3964129
   -114.8324990   50.3958824
   -114.8209145   50.3866047
   -114.8157838   50.3857963
   -114.8057021   50.3768162
   -114.7990827   50.3756889
   -114.7904763   50.3670530
   -114.7824009   50.3655555
   -114.7692584   50.3504559
   -114.7683794   50.3454823
   -114.7681834   50.3289582
   -114.7669894   50.3271217
   -114.7649280   50.3151949
   -114.7613653   50.3094264
   -114.7602213   50.2993142
   -114.7558140   50.2917179
   -114.7554395   50.2834645
   -114.7503536   50.2739883
   -114.7508103   50.2597819
   -114.7492981   50.2553529
   -114.7505207   50.2460058
   -114.7446553   50.2374547
   -114.7437433   50.2299849
   -114.7369120   50.2201983
   -114.7368168   50.2136750
   -114.7291184   50.2029503
   -114.7310661   50.1899536
   -114.7247747   50.1810922
   -114.7252523   50.1702833
   -114.7198574   50.1611864
   -114.7196607   50.1506041
   -114.7148047   50.1413503
   -114.7141774   50.1309175
   -114.7066027   50.1231352
   -114.7042656   50.1170494
   -114.6950751   50.1066341
   -114.6941762   50.1033884
   -114.6838023   50.0900016
   -114.6744715   50.0756204
   -114.6714205   50.0739395
   -114.6649091   50.0608892
   -114.6654648   50.0578511
   -114.6615288   50.0449077
   -114.6595004   50.0430518
   -114.6588911   50.0313849
   -114.6533893   50.0253114
   -114.6577182   50.0101824
   -114.6559645   50.0063716
   -114.6598248   49.9925184
   -114.6585019   49.9874361
   -114.6619589   49.9748663
   -114.6611131   49.9691071
   -114.6694473   49.9594171
   -114.6714316   49.9523961
   -114.6792980   49.9449410
   -114.6821510   49.9352822
   -114.6897405   49.9196150
   -114.6836000   49.9074615
   -114.6847067   49.9042654
   -114.6819268   49.8953152
   -114.6756782   49.8912249
   -114.6734117   49.8808824
   -114.6659683   49.8759172
   -114.6648759   49.8664653
   -114.6562858   49.8605954
   -114.6563084   49.8520700
   -114.6466448   49.8452520
   -114.6476923   49.8377101
   -114.6370674   49.8298756
   -114.6405225   49.8182658
   -114.6379177   49.8134705
   -114.6418254   49.8015410
   -114.6395522   49.7948523
   -114.6430286   49.7847904
   -114.6412517   49.7762301
   -114.6441832   49.7680297
   -114.6437769   49.7644848
   -114.6399154   49.7578571
   -114.6400393   49.7496338
   -114.6350264   49.7397791
   -114.6359470   49.7349503
   -114.6318127   49.7246309
   -114.6425203   49.7090422
   -114.6425772   49.7078314
   -114.6526504   49.6975474
   -114.6546969   49.6915211
   -114.6586260   49.6880885
   -114.6601928   49.6754042
   -114.6591065   49.6724306
   -114.6625731   49.6583965
   -114.6599039   49.6520383
   -114.6660891   49.6397962
   -114.6734651   49.6387790
   -114.6813984   49.6309580
   -114.6826437   49.6310272
   -114.6976421   49.6233980
   -114.7038296   49.6245473
   -114.7149236   49.6162740
   -114.7205254   49.6062952
   -114.7239668   49.6029005
   -114.7206799   49.5895083
   -114.7177934   49.5850711
   -114.7072252   49.5767011
   -114.6951181   49.5723513
   -114.6913871   49.5700412
   -114.6760832   49.5684246
   -114.6736671   49.5670721
   -114.6569869   49.5647973
   -114.6443793   49.5622073
   -114.6373123   49.5639495
   -114.6261736   49.5613675
   -114.6174660   49.5639271
   -114.6027423   49.5649197
   -114.5963358   49.5700817
   -114.5837845   49.5642836
   -114.5772231   49.5665294
   -114.5707046   49.5596027
   -114.5766923   49.5508071
   -114.5715386   49.5428836
   -114.5724287   49.5380019
   -114.5755834   49.5369037
   -114.5748092   49.5249472
   -114.5756233   49.5204826
   -114.5787313   49.5206233
   -114.5872467   49.5049342
   -114.5863947   49.5026606
   -114.5919703   49.4938463
   -114.5896330   49.4833182
   -114.5942906   49.4780300
   -114.5935601   49.4641005
   -114.5958844   49.4621008
   -114.5980528   49.4462613
   -114.5953321   49.4420433
   -114.5965309   49.4345368
   -114.5897848   49.4250575
   -114.5912649   49.4169521
   -114.5842024   49.4080806
   -114.5860391   49.3993509
   -114.5789903   49.3915758
   -114.5687601   49.3898689
   -114.5666024   49.3866690
   -114.5609544   49.3839463
   -114.5503055   49.3860386
   -114.5463274   49.3823215
   -114.5315709   49.3830603
   -114.5278655   49.3749963
   -114.5206681   49.3708749
   -114.5188345   49.3658085
   -114.5156595   49.3629405
   -114.5064316   49.3621543
   -114.5009162   49.3556156
   -114.4904317   49.3558086
   -114.4844269   49.3435376
   -114.4798802   49.3421224
   -114.4719962   49.3276736
   -114.4716880   49.3194770
   -114.4622457   49.3112370
   -114.4511171   49.2997676
   -114.4482597   49.2987378
   -114.4361367   49.2845069
   -114.4334258   49.2779440
   -114.4242822   49.2725977
   -114.4218602   49.2722764
   -114.4119866   49.2641576
   -114.4043994   49.2630075
   -114.3915415   49.2438214
   -114.3897179   49.2425717
   -114.3840173   49.2316892
   -114.3789571   49.2281344
   -114.3759389   49.2277945
   -114.3649841   49.2224716
   -114.3587021   49.2216469
   -114.3490195   49.2166115
   -114.3391921   49.2142016
   -114.3232342   49.2118240
   -114.3211950   49.2105517
   -114.3049902   49.2081821
   -114.2968526   49.2023282
   -114.2885024   49.2001656
   -114.2804619   49.1948989
   -114.2705989   49.1956763
   -114.2626650   49.1920477
   -114.2518482   49.1932987
   -114.2448514   49.1890129
   -114.2329965   49.1911777
   -114.2253964   49.1839025
   -114.2247574   49.1814896
   -114.2142253   49.1789141
   -114.2107853   49.1694646
   -114.2086946   49.1687326
   -114.2007438   49.1743373
   -114.1983274   49.1734744
   -114.1932740   49.1633338
   -114.1913333   49.1626544
   -114.1838022   49.1682872
   -114.1827744   49.1679202
   -114.1755648   49.1571338
   -114.1740306   49.1565967
   -114.1673323   49.1618549
   -114.1574162   49.1507249
   -114.1548661   49.1502654
   -114.1536483   49.1344357
   -114.1486931   49.1301444
   -114.1389582   49.1131209
   -114.1365301   49.1024681
   -114.1273807   49.0974758
   -114.1231852   49.0893242
   -114.1130063   49.0840909
   -114.1096009   49.0759662
   -114.0985605   49.0707639
   -114.0982689   49.0697866
   -114.0853149   49.0600757
   -114.0770936   49.0637509
   -114.0755905   49.0615865
   -114.0764843   49.0518380
   -114.0702130   49.0465843
   -114.0659878   49.0477601
   -114.0651764   49.0408461
   -114.0604963   49.0311155
   -114.0548568   49.0317329
   -114.0539868   49.0304802
   -114.0546663   49.0165978
   -114.0601182   49.0164157
   -114.0669532   49.0066380
   -114.0662941   49.0034273
   -114.0688840   49.0020507
   -114.0692743   48.9948208
   -114.1498967   48.9948700
   -121.7444702   48.9945200
   -122.2674361   49.0007192
   -122.7572954   49.0002700
   -123.2562963   49.0002700
   -123.2601213   48.9995096
   -123.2655327   48.9941026
   -123.2661060   48.9883283
   -123.2646174   48.9847238
   -123.2610227   48.9814574
   -122.9791126   48.8302640
   -122.9789190   48.8299095
   -122.9843813   48.7609558
   -122.9846285   48.7606588
   -123.2370912   48.6930003
   -123.2414078   48.6905743
   -123.2445023   48.6834214
   -123.2437431   48.6795184
   -123.1745410   48.5122396
   -123.1727885   48.5094343
   -123.0930614   48.4193623
   -123.0930452   48.4189845
   -123.3014595   48.1383292
   -123.3018310   48.1381866
   -124.8157797   48.4435603
   -124.8221438   48.4427441
   -128.9765832   46.4146958
   -128.9770105   46.4147079
   -141.6338707   53.5043810
   -141.5906142   53.6047539
   -134.5713024   54.3882474
   -134.5708987   54.3883008
   -132.4358147   54.7150918
   -132.4351817   54.7151478
   -130.7768476   54.7558853
   -130.7707375   54.7581618
   -130.1477655   55.2710085
   -130.1452431   55.2741267
   -130.1442023   55.2800001
   -130.2394071   56.0229029
   -130.2412721   56.0275593
   -130.2461053   56.0310990
   -131.9235395   56.6017514
   -131.9239979   56.6020312
   -132.4290092   57.0898257
   -132.4293702   57.0902135
   -133.4964999   58.3658450
   -133.4990753   58.3680335
   -134.2830709   58.8322128
   -135.0299439   59.2881737
   -135.0304116   59.2885427
   -135.4889729   59.7495539
   -135.4942468   59.7523354
   -135.5010641   59.7511612
   -136.6065761   59.1126693
   -136.6070457   59.1124594
   -137.4743609   58.8279884
   -137.4748093   58.8280498
   -139.1090924   59.9195908
   -139.0588794   60.0031225
   -139.0521124   60.0031281
   -139.0490449   59.9973996
   -139.0423327   59.9973907
   -139.0388783   60.0031391
   -139.0321317   60.0031447
   -139.0290502   59.9973922
   -139.0223393   59.9973930
   -139.0188758   60.0031557
   -139.0121521   60.0031613
   -139.0090616   59.9973946
   -139.0023457   59.9973953
   -138.9988747   60.0031724
   -138.9921714   60.0031779
   -138.9890726   59.9973969
   -138.9823517   59.9973977
   -138.9788729   60.0031890
   -138.9721907   60.0031946
   -138.9690837   59.9973993
   -138.9623577   59.9974000
   -138.9588704   60.0032056
   -138.9522111   60.0032112
   -138.9490951   59.9974016
   -138.9423641   59.9974024
   -138.9388693   60.0032223
   -138.9322304   60.0032278
   -138.9291056   59.9974039
   -138.9223707   59.9974047
   -138.9188675   60.0032389
   -138.9122497   60.0032444
   -138.9091166   59.9974063
   -138.9023767   59.9974071
   -138.8988651   60.0032555
   -138.8922702   60.0032610
   -138.8891280   59.9974086
   -138.8823831   59.9974094
   -138.8788640   60.0032721
   -138.8722895   60.0032776
   -138.8691390   59.9974110
   -138.8623891   59.9974118
   -138.8588622   60.0032888
   -138.8523095   60.0032942
   -138.8491499   59.9974133
   -138.8423960   59.9974141
   -138.8388604   60.0033054
   -138.8323294   60.0033108
   -138.8291609   59.9974157
   -138.8224021   59.9974165
   -138.8188586   60.0033220
   -138.8123487   60.0033274
   -138.8091720   59.9974180
   -138.8024081   59.9974188
   -138.7988568   60.0033387
   -138.7923687   60.0033440
   -138.7891834   59.9974204
   -138.7824145   59.9974212
   -138.7788551   60.0033553
   -138.7723885   60.0033607
   -138.7691944   59.9974227
   -138.7624205   59.9974235
   -138.7588533   60.0033719
   -138.7524079   60.0033773
   -138.7492050   59.9974251
   -138.7424271   59.9974259
   -138.7388515   60.0033885
   -138.7324279   60.0033939
   -138.7292164   59.9974274
   -138.7224335   59.9974282
   -138.7188498   60.0034052
   -138.7124478   60.0034105
   -138.7092274   59.9974298
   -138.7024395   59.9974306
   -138.6988481   60.0034218
   -138.6924671   60.0034271
   -138.6892385   59.9974321
   -138.6824455   59.9974329
   -138.6788457   60.0034384
   -138.6724877   60.0034437
   -138.6692499   59.9974345
   -138.6624519   59.9974353
   -138.6588446   60.0034550
   -138.6525071   60.0034603
   -138.6492604   59.9974368
   -138.6424585   59.9974376
   -138.6388428   60.0034717
   -138.6325272   60.0034769
   -138.6292718   59.9974392
   -138.6224649   59.9974400
   -138.6188411   60.0034883
   -138.6125471   60.0034935
   -138.6092829   59.9974415
   -138.6024709   59.9974423
   -138.5988394   60.0035049
   -138.5925665   60.0035101
   -138.5892939   59.9974438
   -138.5824770   59.9974446
   -138.5788376   60.0035216
   -138.5725866   60.0035268
   -138.5693048   59.9974462
   -138.5624839   59.9974470
   -138.5588359   60.0035382
   -138.5526065   60.0035434
   -138.5493159   59.9974485
   -138.5424900   59.9974493
   -138.5388342   60.0035548
   -138.5326259   60.0035600
   -138.5293269   59.9974509
   -138.5224960   59.9974517
   -138.5188324   60.0035714
   -138.5126460   60.0035766
   -138.5093384   59.9974532
   -138.5025024   59.9974540
   -138.4988308   60.0035881
   -138.4926660   60.0035932
   -138.4893494   59.9974556
   -138.4825085   59.9974564
   -138.4788290   60.0036047
   -138.4726861   60.0036098
   -138.4693603   59.9974579
   -138.4625154   59.9974587
   -138.4588280   60.0036213
   -138.4527055   60.0036264
   -138.4493714   59.9974603
   -138.4425215   59.9974611
   -138.4388256   60.0036380
   -138.4327255   60.0036430
   -138.4293824   59.9974626
   -138.4225275   59.9974634
   -138.4188239   60.0036546
   -138.4127456   60.0036596
   -138.4093939   59.9974650
   -138.4025339   59.9974658
   -138.3988229   60.0036712
   -138.3927651   60.0036762
   -138.3894049   59.9974673
   -138.3825399   59.9974681
   -138.3788205   60.0036878
   -138.3727851   60.0036929
   -138.3694155   59.9974697
   -138.3625466   59.9974705
   -138.3588188   60.0037045
   -138.3528053   60.0037095
   -138.3494269   59.9974720
   -138.3425530   59.9974728
   -138.3388178   60.0037211
   -138.3328247   60.0037261
   -138.3294380   59.9974744
   -138.3225590   59.9974752
   -138.3188154   60.0037377
   -138.3128448   60.0037427
   -138.3094491   59.9974767
   -138.3025651   59.9974775
   -138.2988137   60.0037544
   -138.2928649   60.0037593
   -138.2894605   59.9974790
   -138.2825715   59.9974799
   -138.2788128   60.0037710
   -138.2728844   60.0037759
   -138.2694710   59.9974814
   -138.2625781   59.9974822
   -138.2588103   60.0037876
   -138.2529052   60.0037925
   -138.2494825   59.9974837
   -138.2425845   59.9974846
   -138.2388094   60.0038042
   -138.2329247   60.0038091
   -138.2294936   59.9974861
   -138.2225905   59.9974869
   -138.2188077   60.0038209
   -138.2129441   60.0038257
   -138.2095046   59.9974884
   -138.2025966   59.9974892
   -138.1988054   60.0038375
   -138.1929650   60.0038423
   -138.1895156   59.9974908
   -138.1826036   59.9974916
   -138.1788044   60.0038541
   -138.1729845   60.0038590
   -138.1695266   59.9974931
   -138.1626096   59.9974939
   -138.1588027   60.0038707
   -138.1530040   60.0038756
   -138.1495377   59.9974955
   -138.1426157   59.9974963
   -138.1388003   60.0038874
   -138.1330248   60.0038922
   -138.1295492   59.9974978
   -138.1226221   59.9974986
   -138.1187994   60.0039040
   -138.1130443   60.0039088
   -138.1095603   59.9975002
   -138.1026281   59.9975010
   -138.0987971   60.0039206
   -138.0930652   60.0039254
   -138.0895712   59.9975025
   -138.0826351   59.9975033
   -138.0787961   60.0039373
   -138.0730847   60.0039420
   -138.0695823   59.9975049
   -138.0626412   59.9975057
   -138.0587944   60.0039539
   -138.0531042   60.0039586
   -138.0495934   59.9975072
   -138.0426472   59.9975080
   -138.0387921   60.0039705
   -138.0331251   60.0039752
   -138.0296048   59.9975096
   -138.0226536   59.9975104
   -138.0187912   60.0039871
   -138.0131446   60.0039918
   -138.0096159   59.9975119
   -138.0026597   59.9975127
   -137.9987896   60.0040038
   -137.9931643   60.0040085
   -137.9896265   59.9975143
   -137.9826664   59.9975151
   -137.9787871   60.0040204
   -137.9731851   60.0040251
   -137.9696380   59.9975166
   -137.9626728   59.9975174
   -137.9587863   60.0040370
   -137.9532047   60.0040417
   -137.9496491   59.9975189
   -137.9426788   59.9975198
   -137.9387846   60.0040537
   -137.9332242   60.0040583
   -137.9296601   59.9975213
   -137.9226849   59.9975221
   -137.9187823   60.0040703
   -137.9132452   60.0040749
   -137.9096711   59.9975236
   -137.9026919   59.9975245
   -137.8987813   60.0040869
   -137.8932648   60.0040915
   -137.8896822   59.9975260
   -137.8826980   59.9975268
   -137.8787797   60.0041035
   -137.8732851   60.0041081
   -137.8696936   59.9975283
   -137.8627044   59.9975292
   -137.8587782   60.0041202
   -137.8533053   60.0041247
   -137.8497048   59.9975307
   -137.8427104   59.9975315
   -137.8387766   60.0041368
   -137.8333249   60.0041413
   -137.8297159   59.9975330
   -137.8227165   59.9975338
   -137.8187750   60.0041534
   -137.8133453   60.0041579
   -137.8097268   59.9975354
   -137.8027235   59.9975362
   -137.7987733   60.0041701
   -137.7933655   60.0041745
   -137.7897379   59.9975377
   -137.7827296   59.9975385
   -137.7787717   60.0041867
   -137.7733851   60.0041912
   -137.7697490   59.9975401
   -137.7627357   59.9975409
   -137.7587701   60.0042033
   -137.7534054   60.0042078
   -137.7497605   59.9975424
   -137.7427421   59.9975432
   -137.7387685   60.0042199
   -137.7334257   60.0042244
   -137.7297716   59.9975448
   -137.7227482   59.9975456
   -137.7187670   60.0042366
   -137.7134462   60.0042410
   -137.7097826   59.9975471
   -137.7027552   59.9975479
   -137.6987660   60.0042532
   -137.6934658   60.0042576
   -137.6897937   59.9975495
   -137.6827612   59.9975503
   -137.6787637   60.0042698
   -137.6734861   60.0042742
   -137.6698048   59.9975518
   -137.6627673   59.9975526
   -137.6587622   60.0042864
   -137.6535064   60.0042908
   -137.6498163   59.9975541
   -137.6427738   59.9975550
   -137.6387613   60.0043031
   -137.6335262   60.0043074
   -137.6298269   59.9975565
   -137.6227804   59.9975573
   -137.6187589   60.0043197
   -137.6135465   60.0043240
   -137.6098380   59.9975588
   -137.6027865   59.9975597
   -137.5987574   60.0043363
   -137.5935669   60.0043406
   -137.5898495   59.9975612
   -137.5827929   59.9975620
   -137.5787558   60.0043530
   -137.5735872   60.0043573
   -137.5698606   59.9975635
   -137.5627990   59.9975644
   -137.5587543   60.0043696
   -137.5536068   60.0043739
   -137.5498717   59.9975659
   -137.5428051   59.9975667
   -137.5387527   60.0043862
   -137.5336274   60.0043905
   -137.5298827   59.9975682
   -137.5228121   59.9975691
   -137.5187511   60.0044028
   -137.5136477   60.0044071
   -137.5098938   59.9975706
   -137.5028182   59.9975714
   -137.4987495   60.0044195
   -137.4936681   60.0044237
   -137.4899053   59.9975729
   -137.4828246   59.9975738
   -137.4787488   60.0044361
   -137.4736878   60.0044403
   -137.4699164   59.9975753
   -137.4628307   59.9975761
   -137.4587465   60.0044527
   -137.4537082   60.0044569
   -137.4499276   59.9975776
   -137.4428368   59.9975784
   -137.4387450   60.0044694
   -137.4337287   60.0044735
   -137.4299385   59.9975800
   -137.4228438   59.9975808
   -137.4187441   60.0044860
   -137.4137484   60.0044901
   -137.4099497   59.9975823
   -137.4028499   59.9975831
   -137.3987418   60.0045026
   -137.3937688   60.0045067
   -137.3899608   59.9975847
   -137.3828560   59.9975855
   -137.3787403   60.0045192
   -137.3737893   60.0045234
   -137.3699723   59.9975870
   -137.3628624   59.9975878
   -137.3587395   60.0045359
   -137.3538091   60.0045400
   -137.3499829   59.9975894
   -137.3428691   59.9975902
   -137.3387371   60.0045525
   -137.3338303   60.0045566
   -137.3299944   59.9975917
   -137.3228755   59.9975925
   -137.3187364   60.0045691
   -137.3138500   60.0045732
   -137.3100056   59.9975940
   -137.3028816   59.9975949
   -137.2987349   60.0045858
   -137.2938697   60.0045898
   -137.2900167   59.9975964
   -137.2828877   59.9975972
   -137.2787326   60.0046024
   -137.2738909   60.0046064
   -137.2700282   59.9975987
   -137.2628942   59.9975996
   -137.2587319   60.0046190
   -137.2539108   60.0046230
   -137.2500388   59.9976011
   -137.2429008   59.9976019
   -137.2387302   60.0046356
   -137.2339306   60.0046396
   -137.2300500   59.9976034
   -137.2229069   59.9976043
   -137.2187280   60.0046523
   -137.2139518   60.0046562
   -137.2100615   59.9976058
   -137.2029134   59.9976066
   -137.1987273   60.0046689
   -137.1939715   60.0046728
   -137.1900726   59.9976081
   -137.1829195   59.9976090
   -137.1787258   60.0046855
   -137.1739913   60.0046895
   -137.1700838   59.9976105
   -137.1629256   59.9976113
   -137.1587236   60.0047021
   -137.1540127   60.0047061
   -137.1500948   59.9976128
   -137.1429326   59.9976137
   -137.1387227   60.0047188
   -137.1340325   60.0047227
   -137.1301059   59.9976152
   -137.1229387   59.9976160
   -137.1187212   60.0047354
   -137.1140530   60.0047393
   -137.1101174   59.9976175
   -137.1029451   59.9976184
   -137.0987198   60.0047520
   -137.0940735   60.0047559
   -137.0901286   59.9976199
   -137.0829513   59.9976207
   -137.0787183   60.0047687
   -137.0740935   60.0047725
   -137.0701392   59.9976222
   -137.0629579   59.9976231
   -137.0587167   60.0047853
   -137.0541140   60.0047891
   -137.0501508   59.9976246
   -137.0429644   59.9976254
   -137.0387152   60.0048019
   -137.0341346   60.0048057
   -137.0301619   59.9976269
   -137.0229705   59.9976277
   -137.0187138   60.0048185
   -137.0141544   60.0048223
   -137.0101731   59.9976292
   -137.0029766   59.9976301
   -136.9987115   60.0048352
   -136.9941757   60.0048389
   -136.9901846   59.9976316
   -136.9829831   59.9976324
   -136.9787109   60.0048518
   -136.9741957   60.0048556
   -136.9701953   59.9976339
   -136.9629897   59.9976348
   -136.9587093   60.0048684
   -136.9542163   60.0048722
   -136.9502068   59.9976363
   -136.9429962   59.9976371
   -136.9387078   60.0048851
   -136.9342368   60.0048888
   -136.9302180   59.9976386
   -136.9230023   59.9976395
   -136.9187064   60.0049017
   -136.9142567   60.0049054
   -136.9102291   59.9976410
   -136.9030084   59.9976418
   -136.8987050   60.0049183
   -136.8942773   60.0049220
   -136.8902406   59.9976433
   -136.8830149   59.9976442
   -136.8787035   60.0049349
   -136.8742981   60.0049386
   -136.8702513   59.9976457
   -136.8630216   59.9976465
   -136.8587019   60.0049516
   -136.8543179   60.0049552
   -136.8502625   59.9976480
   -136.8430277   59.9976489
   -136.8387005   60.0049682
   -136.8343386   60.0049718
   -136.8302740   59.9976504
   -136.8230341   59.9976512
   -136.8186991   60.0049848
   -136.8143592   60.0049884
   -136.8102852   59.9976527
   -136.8030403   59.9976536
   -136.7986977   60.0050014
   -136.7943792   60.0050050
   -136.7902958   59.9976551
   -136.7830469   59.9976559
   -136.7786961   60.0050181
   -136.7743999   60.0050216
   -136.7703074   59.9976574
   -136.7630534   59.9976583
   -136.7586947   60.0050347
   -136.7544205   60.0050383
   -136.7503186   59.9976598
   -136.7430595   59.9976606
   -136.7386933   60.0050513
   -136.7344412   60.0050549
   -136.7303301   59.9976621
   -136.7230660   59.9976630
   -136.7186927   60.0050680
   -136.7144611   60.0050715
   -136.7103413   59.9976645
   -136.7030721   59.9976653
   -136.6986905   60.0050846
   -136.6944820   60.0050881
   -136.6903520   59.9976668
   -136.6830788   59.9976677
   -136.6786889   60.0051012
   -136.6745026   60.0051047
   -136.6703635   59.9976691
   -136.6630853   59.9976700
   -136.6586883   60.0051178
   -136.6545225   60.0051213
   -136.6503747   59.9976715
   -136.6430914   59.9976723
   -136.6386861   60.0051345
   -136.6345432   60.0051379
   -136.6303859   59.9976738
   -136.6230975   59.9976747
   -136.6186847   60.0051511
   -136.6145639   60.0051545
   -136.6103974   59.9976762
   -136.6031040   59.9976770
   -136.5986842   60.0051677
   -136.5945841   60.0051711
   -136.5904081   59.9976785
   -136.5831107   59.9976794
   -136.5786817   60.0051844
   -136.5746056   60.0051877
   -136.5704197   59.9976809
   -136.5631172   59.9976817
   -136.5586812   60.0052010
   -136.5546255   60.0052044
   -136.5504308   59.9976832
   -136.5431233   59.9976841
   -136.5386798   60.0052176
   -136.5346454   60.0052210
   -136.5304420   59.9976856
   -136.5231294   59.9976864
   -136.5186776   60.0052342
   -136.5146672   60.0052376
   -136.5104531   59.9976879
   -136.5031365   59.9976888
   -136.4986769   60.0052509
   -136.4946872   60.0052542
   -136.4904643   59.9976903
   -136.4831426   59.9976911
   -136.4786755   60.0052675
   -136.4747071   60.0052708
   -136.4704754   59.9976926
   -136.4631487   59.9976935
   -136.4586733   60.0052841
   -136.4547287   60.0052874
   -136.4504870   59.9976950
   -136.4431553   59.9976958
   -136.4386728   60.0053007
   -136.4347486   60.0053040
   -136.4304982   59.9976973
   -136.4231614   59.9976982
   -136.4186706   60.0053174
   -136.4147696   60.0053206
   -136.4105089   59.9976997
   -136.4031680   59.9977005
   -136.3986690   60.0053340
   -136.3947904   60.0053372
   -136.3905205   59.9977020
   -136.3831746   59.9977029
   -136.3786685   60.0053506
   -136.3748104   60.0053538
   -136.3705317   59.9977043
   -136.3631807   59.9977052
   -136.3586664   60.0053673
   -136.3548320   60.0053704
   -136.3505433   59.9977067
   -136.3431872   59.9977076
   -136.3386659   60.0053839
   -136.3348520   60.0053871
   -136.3305545   59.9977090
   -136.3231933   59.9977099
   -136.3186645   60.0054005
   -136.3148723   60.0054037
   -136.3105651   59.9977114
   -136.3032000   59.9977123
   -136.2986621   60.0054171
   -136.2948939   60.0054203
   -136.2905768   59.9977137
   -136.2832065   59.9977146
   -136.2786616   60.0054338
   -136.2749139   60.0054369
   -136.2705879   59.9977161
   -136.2632127   59.9977169
   -136.2586603   60.0054504
   -136.2549339   60.0054535
   -136.2505991   59.9977184
   -136.2432188   59.9977193
   -136.2386582   60.0054670
   -136.2349558   60.0054701
   -136.2306103   59.9977208
   -136.2232258   59.9977216
   -136.2186574   60.0054837
   -136.2149759   60.0054867
   -136.2106214   59.9977231
   -136.2032320   59.9977240
   -136.1986561   60.0055003
   -136.1949967   60.0055033
   -136.1906330   59.9977255
   -136.1832385   59.9977263
   -136.1786548   60.0055169
   -136.1750176   60.0055199
   -136.1706443   59.9977278
   -136.1632446   59.9977287
   -136.1586535   60.0055335
   -136.1550376   60.0055365
   -136.1506555   59.9977302
   -136.1432508   59.9977310
   -136.1386522   60.0055502
   -136.1350587   60.0055532
   -136.1306665   59.9977325
   -136.1232578   59.9977334
   -136.1186506   60.0055668
   -136.1150796   60.0055698
   -136.1106778   59.9977349
   -136.1032640   59.9977357
   -136.0986493   60.0055834
   -136.0950997   60.0055864
   -136.0906890   59.9977372
   -136.0832702   59.9977381
   -136.0786481   60.0056000
   -136.0751206   60.0056030
   -136.0707005   59.9977396
   -136.0632766   59.9977404
   -136.0586468   60.0056167
   -136.0551415   60.0056196
   -136.0507118   59.9977419
   -136.0432828   59.9977428
   -136.0386455   60.0056333
   -136.0351627   60.0056362
   -136.0307229   59.9977442
   -136.0232899   59.9977451
   -136.0186448   60.0056499
   -136.0151828   60.0056528
   -136.0107341   59.9977466
   -136.0032960   59.9977475
   -135.9986426   60.0056666
   -135.9952037   60.0056694
   -135.9907453   59.9977489
   -135.9833022   59.9977498
   -135.9786414   60.0056832
   -135.9752246   60.0056860
   -135.9707569   59.9977513
   -135.9633087   59.9977522
   -135.9586410   60.0056998
   -135.9552450   60.0057026
   -135.9507676   59.9977536
   -135.9433153   59.9977545
   -135.9386385   60.0057164
   -135.9352660   60.0057192
   -135.9307789   59.9977560
   -135.9233215   59.9977569
   -135.9186373   60.0057331
   -135.9152869   60.0057359
   -135.9107905   59.9977583
   -135.9033280   59.9977592
   -135.8986360   60.0057497
   -135.8953079   60.0057525
   -135.8908018   59.9977607
   -135.8833342   59.9977615
   -135.8786348   60.0057663
   -135.8753281   60.0057691
   -135.8708130   59.9977630
   -135.8633404   59.9977639
   -135.8586335   60.0057830
   -135.8553493   60.0057857
   -135.8508241   59.9977654
   -135.8433474   59.9977662
   -135.8386320   60.0057996
   -135.8353703   60.0058023
   -135.8308353   59.9977677
   -135.8233536   59.9977686
   -135.8186307   60.0058162
   -135.8153913   60.0058189
   -135.8108469   59.9977701
   -135.8033601   59.9977709
   -135.7986304   60.0058328
   -135.7954115   60.0058355
   -135.7908581   59.9977724
   -135.7833662   59.9977733
   -135.7786282   60.0058495
   -135.7754325   60.0058521
   -135.7708694   59.9977748
   -135.7633724   59.9977756
   -135.7586270   60.0058661
   -135.7554538   60.0058687
   -135.7508805   59.9977771
   -135.7433795   59.9977780
   -135.7386263   60.0058827
   -135.7354740   60.0058853
   -135.7308917   59.9977794
   -135.7233856   59.9977803
   -135.7186242   60.0058993
   -135.7154950   60.0059020
   -135.7109030   59.9977818
   -135.7033918   59.9977827
   -135.6986230   60.0059160
   -135.6955160   60.0059186
   -135.6909146   59.9977841
   -135.6833984   59.9977850
   -135.6786227   60.0059326
   -135.6755365   60.0059352
   -135.6709254   59.9977865
   -135.6634050   59.9977874
   -135.6586202   60.0059492
   -135.6555584   60.0059518
   -135.6509370   59.9977888
   -135.6434116   59.9977897
   -135.6386199   60.0059659
   -135.6355786   60.0059684
   -135.6309482   59.9977912
   -135.6234178   59.9977921
   -135.6186187   60.0059825
   -135.6155989   60.0059850
   -135.6109595   59.9977935
   -135.6034239   59.9977944
   -135.5986166   60.0059991
   -135.5956208   60.0060016
   -135.5909711   59.9977959
   -135.5834305   59.9977968
   -135.5786163   60.0060157
   -135.5756413   60.0060182
   -135.5709819   59.9977982
   -135.5634372   59.9977991
   -135.5586148   60.0060324
   -135.5556616   60.0060348
   -135.5509931   59.9978006
   -135.5434433   59.9978015
   -135.5386127   60.0060490
   -135.5356835   60.0060514
   -135.5310048   59.9978029
   -135.5234499   59.9978038
   -135.5186124   60.0060656
   -135.5157038   60.0060680
   -135.5110160   59.9978053
   -135.5034561   59.9978062
   -135.4986112   60.0060823
   -135.4957240   60.0060847
   -135.4910273   59.9978076
   -135.4834622   59.9978085
   -135.4786091   60.0060989
   -135.4757463   60.0061013
   -135.4710385   59.9978100
   -135.4634693   59.9978108
   -135.4586085   60.0061155
   -135.4557666   60.0061179
   -135.4510497   59.9978123
   -135.4434755   59.9978132
   -135.4386073   60.0061321
   -135.4357877   60.0061345
   -135.4310613   59.9978147
   -135.4234820   59.9978155
   -135.4186061   60.0061488
   -135.4158089   60.0061511
   -135.4110726   59.9978170
   -135.4034882   59.9978179
   -135.3986049   60.0061654
   -135.3958295   60.0061677
   -135.3910834   59.9978193
   -135.3834949   59.9978202
   -135.3786034   60.0061820
   -135.3758506   60.0061843
   -135.3710950   59.9978217
   -135.3635014   59.9978226
   -135.3586022   60.0061986
   -135.3558718   60.0062009
   -135.3511063   59.9978240
   -135.3435076   59.9978249
   -135.3386011   60.0062153
   -135.3358921   60.0062175
   -135.3311175   59.9978264
   -135.3235138   59.9978273
   -135.3185990   60.0062319
   -135.3159142   60.0062341
   -135.3111292   59.9978287
   -135.3035204   59.9978296
   -135.2985987   60.0062485
   -135.2959348   60.0062507
   -135.2911400   59.9978311
   -135.2835271   59.9978320
   -135.2785973   60.0062652
   -135.2759560   60.0062674
   -135.2711516   59.9978334
   -135.2635336   59.9978343
   -135.2585961   60.0062818
   -135.2559772   60.0062840
   -135.2511629   59.9978358
   -135.2435398   59.9978367
   -135.2385949   60.0062984
   -135.2359976   60.0063006
   -135.2311742   59.9978381
   -135.2235460   59.9978390
   -135.2185938   60.0063150
   -135.2160188   60.0063172
   -135.2111858   59.9978405
   -135.2035525   59.9978414
   -135.1985926   60.0063317
   -135.1960404   60.0063338
   -135.1911967   59.9978428
   -135.1835592   59.9978437
   -135.1785911   60.0063483
   -135.1760607   60.0063504
   -135.1712079   59.9978452
   -135.1635655   59.9978461
   -135.1585900   60.0063649
   -135.1560819   60.0063670
   -135.1512196   59.9978475
   -135.1435720   59.9978484
   -135.1385888   60.0063816
   -135.1361032   60.0063836
   -135.1312309   59.9978499
   -135.1235782   59.9978508
   -135.1185877   60.0063982
   -135.1161239   60.0064002
   -135.1112417   59.9978522
   -135.1035849   59.9978531
   -135.0985863   60.0064148
   -135.0961452   60.0064168
   -135.0912533   59.9978545
   -135.0835914   59.9978554
   -135.0785851   60.0064314
   -135.0761665   60.0064334
   -135.0712646   59.9978569
   -135.0635977   59.9978578
   -135.0585840   60.0064481
   -135.0561877   60.0064501
   -135.0512763   59.9978592
   -135.0436043   59.9978601
   -135.0385838   60.0064647
   -135.0362081   60.0064667
   -135.0312875   59.9978616
   -135.0236104   59.9978625
   -135.0185817   60.0064813
   -135.0162298   60.0064833
   -135.0112984   59.9978639
   -135.0036171   59.9978648
   -134.9985803   60.0064979
   -134.9962511   60.0064999
   -134.9913100   59.9978663
   -134.9836237   59.9978672
   -134.9785801   60.0065146
   -134.9762715   60.0065165
   -134.9713213   59.9978686
   -134.9636299   59.9978695
   -134.9585780   60.0065312
   -134.9562929   60.0065331
   -134.9513327   59.9978710
   -134.9436361   59.9978719
   -134.9385770   60.0065478
   -134.9363142   60.0065497
   -134.9313443   59.9978733
   -134.9236427   59.9978742
   -134.9185768   60.0065645
   -134.9163350   60.0065663
   -134.9113551   59.9978757
   -134.9036494   59.9978766
   -134.8985744   60.0065811
   -134.8963572   60.0065829
   -134.8913668   59.9978780
   -134.8836560   59.9978789
   -134.8785742   60.0065977
   -134.8763777   60.0065995
   -134.8713781   59.9978804
   -134.8636622   59.9978813
   -134.8585731   60.0066143
   -134.8563981   60.0066161
   -134.8513894   59.9978827
   -134.8436684   59.9978836
   -134.8385711   60.0066310
   -134.8364208   60.0066328
   -134.8314006   59.9978851
   -134.8236755   59.9978860
   -134.8185705   60.0066476
   -134.8164412   60.0066494
   -134.8114119   59.9978874
   -134.8036817   59.9978883
   -134.7985695   60.0066642
   -134.7964617   60.0066660
   -134.7914232   59.9978898
   -134.7836878   59.9978907
   -134.7785675   60.0066808
   -134.7764840   60.0066826
   -134.7714349   59.9978921
   -134.7636945   59.9978930
   -134.7585673   60.0066975
   -134.7565045   60.0066992
   -134.7514462   59.9978944
   -134.7437006   59.9978954
   -134.7385653   60.0067141
   -134.7365263   60.0067158
   -134.7314571   59.9978968
   -134.7237073   59.9978977
   -134.7185639   60.0067307
   -134.7165477   60.0067324
   -134.7114688   59.9978991
   -134.7037140   59.9979000
   -134.6985637   60.0067474
   -134.6965682   60.0067490
   -134.6914800   59.9979015
   -134.6837201   59.9979024
   -134.6785617   60.0067640
   -134.6765906   60.0067656
   -134.6714918   59.9979038
   -134.6637267   59.9979047
   -134.6585620   60.0067799
   -134.6566096   60.0067796
   -134.6515031   59.9979062
   -134.6437330   59.9979071
   -134.6385724   60.0067769
   -134.6366192   60.0067766
   -134.6315139   59.9979085
   -134.6237396   59.9979094
   -134.6185814   60.0067739
   -134.6166303   60.0067736
   -134.6115257   59.9979109
   -134.6037463   59.9979118
   -134.5985927   60.0067709
   -134.5966395   60.0067706
   -134.5915369   59.9979132
   -134.5837525   59.9979141
   -134.5786031   60.0067679
   -134.5766487   60.0067676
   -134.5715482   59.9979156
   -134.5637587   59.9979165
   -134.5586125   60.0067649
   -134.5566602   60.0067646
   -134.5515595   59.9979179
   -134.5437658   59.9979188
   -134.5386234   60.0067619
   -134.5366695   60.0067616
   -134.5315708   59.9979203
   -134.5237720   59.9979212
   -134.5186338   60.0067589
   -134.5166796   60.0067586
   -134.5115825   59.9979226
   -134.5037786   59.9979235
   -134.4986441   60.0067559
   -134.4966898   60.0067556
   -134.4915939   59.9979250
   -134.4837848   59.9979259
   -134.4786545   60.0067529
   -134.4766990   60.0067526
   -134.4716052   59.9979273
   -134.4637911   59.9979282
   -134.4586649   60.0067499
   -134.4567095   60.0067496
   -134.4516164   59.9979296
   -134.4437981   59.9979306
   -134.4386748   60.0067469
   -134.4367197   60.0067466
   -134.4316278   59.9979320
   -134.4238043   59.9979329
   -134.4186852   60.0067439
   -134.4167289   60.0067436
   -134.4116391   59.9979343
   -134.4038106   59.9979353
   -134.3986955   60.0067409
   -134.3967391   60.0067406
   -134.3916508   59.9979367
   -134.3838171   59.9979376
   -134.3787059   60.0067379
   -134.3767493   60.0067376
   -134.3716622   59.9979390
   -134.3638234   59.9979400
   -134.3587162   60.0067349
   -134.3567589   60.0067346
   -134.3516730   59.9979414
   -134.3438301   59.9979423
   -134.3387262   60.0067319
   -134.3367690   60.0067316
   -134.3316847   59.9979437
   -134.3238367   59.9979446
   -134.3187365   60.0067289
   -134.3167792   60.0067286
   -134.3116961   59.9979461
   -134.3038430   59.9979470
   -134.2987469   60.0067259
   -134.2967894   60.0067256
   -134.2917078   59.9979484
   -134.2838496   59.9979493
   -134.2787582   60.0067229
   -134.2767990   60.0067226
   -134.2717186   59.9979508
   -134.2638562   59.9979517
   -134.2587672   60.0067199
   -134.2568092   60.0067196
   -134.2517300   59.9979531
   -134.2438625   59.9979540
   -134.2387776   60.0067169
   -134.2368193   60.0067166
   -134.2317417   59.9979555
   -134.2238691   59.9979564
   -134.2187879   60.0067139
   -134.2168295   60.0067136
   -134.2117531   59.9979578
   -134.2038753   59.9979587
   -134.1987983   60.0067109
   -134.1968387   60.0067106
   -134.1917645   59.9979602
   -134.1838816   59.9979611
   -134.1788087   60.0067079
   -134.1768493   60.0067076
   -134.1717757   59.9979625
   -134.1638886   59.9979634
   -134.1588186   60.0067049
   -134.1568595   60.0067046
   -134.1517871   59.9979648
   -134.1438949   59.9979658
   -134.1388289   60.0067019
   -134.1368696   60.0067016
   -134.1317988   59.9979672
   -134.1239015   59.9979681
   -134.1188402   60.0066989
   -134.1168788   60.0066986
   -134.1118101   59.9979695
   -134.1039077   59.9979705
   -134.0988496   60.0066959
   -134.0968890   60.0066956
   -134.0918215   59.9979719
   -134.0839140   59.9979728
   -134.0788600   60.0066929
   -134.0768996   60.0066926
   -134.0718328   59.9979742
   -134.0639211   59.9979752
   -134.0588709   60.0066899
   -134.0569088   60.0066896
   -134.0518441   59.9979766
   -134.0439273   59.9979775
   -134.0388803   60.0066869
   -134.0369190   60.0066866
   -134.0318555   59.9979789
   -134.0239336   59.9979799
   -134.0188907   60.0066839
   -134.0169291   60.0066836
   -134.0118673   59.9979813
   -134.0039402   59.9979822
   -133.9989019   60.0066809
   -133.9969388   60.0066806
   -133.9918781   59.9979836
   -133.9839469   59.9979846
   -133.9789109   60.0066779
   -133.9769490   60.0066776
   -133.9718895   59.9979860
   -133.9639531   59.9979869
   -133.9589213   60.0066749
   -133.9569591   60.0066746
   -133.9519013   59.9979883
   -133.9439604   59.9979893
   -133.9389327   60.0066719
   -133.9369684   60.0066716
   -133.9319132   59.9979907
   -133.9239666   59.9979916
   -133.9189421   60.0066689
   -133.9169795   60.0066686
   -133.9119250   59.9979930
   -133.9039733   59.9979939
   -133.8989534   60.0066659
   -133.8969892   60.0066656
   -133.8919359   59.9979954
   -133.8839800   59.9979963
   -133.8789634   60.0066629
   -133.8769984   60.0066626
   -133.8719472   59.9979977
   -133.8639862   59.9979986
   -133.8589728   60.0066599
   -133.8570095   60.0066596
   -133.8519591   59.9980001
   -133.8439928   59.9980010
   -133.8389840   60.0066569
   -133.8370187   60.0066566
   -133.8319704   59.9980024
   -133.8239991   59.9980033
   -133.8189944   60.0066539
   -133.8170280   60.0066536
   -133.8119817   59.9980047
   -133.8040053   59.9980057
   -133.7990038   60.0066509
   -133.7970395   60.0066506
   -133.7919931   59.9980071
   -133.7840124   59.9980080
   -133.7790147   60.0066479
   -133.7770487   60.0066476
   -133.7720044   59.9980094
   -133.7640187   59.9980104
   -133.7590250   60.0066449
   -133.7570589   60.0066446
   -133.7520162   59.9980118
   -133.7440253   59.9980127
   -133.7390353   60.0066419
   -133.7370691   60.0066416
   -133.7320276   59.9980141
   -133.7240316   59.9980151
   -133.7190457   60.0066389
   -133.7170783   60.0066386
   -133.7120390   59.9980165
   -133.7040379   59.9980174
   -133.6990561   60.0066359
   -133.6970888   60.0066356
   -133.6920502   59.9980188
   -133.6840449   59.9980198
   -133.6790660   60.0066329
   -133.6770990   60.0066326
   -133.6720617   59.9980212
   -133.6640512   59.9980221
   -133.6590763   60.0066299
   -133.6571083   60.0066296
   -133.6520730   59.9980235
   -133.6440574   59.9980245
   -133.6390857   60.0066269
   -133.6371194   60.0066266
   -133.6320849   59.9980259
   -133.6240641   59.9980268
   -133.6190970   60.0066239
   -133.6171290   60.0066236
   -133.6120958   59.9980282
   -133.6040708   59.9980292
   -133.5991070   60.0066209
   -133.5971383   60.0066206
   -133.5921071   59.9980306
   -133.5840770   59.9980315
   -133.5791164   60.0066179
   -133.5771494   60.0066176
   -133.5721190   59.9980329
   -133.5640837   59.9980339
   -133.5591276   60.0066149
   -133.5571586   60.0066146
   -133.5521303   59.9980353
   -133.5440900   59.9980362
   -133.5391380   60.0066119
   -133.5371687   60.0066116
   -133.5321421   59.9980376
   -133.5240966   59.9980385
   -133.5191483   60.0066089
   -133.5171794   60.0066086
   -133.5121531   59.9980399
   -133.5041033   59.9980409
   -133.4991583   60.0066059
   -133.4971886   60.0066056
   -133.4921645   59.9980423
   -133.4841096   59.9980432
   -133.4791686   60.0066029
   -133.4771987   60.0066026
   -133.4721762   59.9980446
   -133.4641162   59.9980456
   -133.4591789   60.0065999
   -133.4572090   60.0065996
   -133.4521877   59.9980470
   -133.4441225   59.9980479
   -133.4391893   60.0065969
   -133.4372182   60.0065966
   -133.4321991   59.9980493
   -133.4241288   59.9980503
   -133.4191997   60.0065939
   -133.4172287   60.0065936
   -133.4122104   59.9980517
   -133.4041358   59.9980526
   -133.3992096   60.0065909
   -133.3972389   60.0065906
   -133.3922218   59.9980540
   -133.3841421   59.9980550
   -133.3792199   60.0065879
   -133.3772491   60.0065876
   -133.3722336   59.9980564
   -133.3641489   59.9980573
   -133.3592312   60.0065849
   -133.3572583   60.0065846
   -133.3522450   59.9980587
   -133.3441550   59.9980597
   -133.3392406   60.0065819
   -133.3372689   60.0065816
   -133.3322560   59.9980611
   -133.3241618   59.9980620
   -133.3192505   60.0065789
   -133.3172791   60.0065786
   -133.3122678   59.9980634
   -133.3041685   59.9980644
   -133.2992618   60.0065759
   -133.2972883   60.0065756
   -133.2922791   59.9980658
   -133.2841747   59.9980667
   -133.2792712   60.0065729
   -133.2772985   60.0065726
   -133.2722906   59.9980681
   -133.2641810   59.9980691
   -133.2592815   60.0065699
   -133.2573087   60.0065696
   -133.2523024   59.9980705
   -133.2441877   59.9980714
   -133.2392928   60.0065669
   -133.2373183   60.0065666
   -133.2323133   59.9980728
   -133.2241943   59.9980738
   -133.2193018   60.0065639
   -133.2173294   60.0065636
   -133.2123252   59.9980752
   -133.2042011   59.9980761
   -133.1993131   60.0065609
   -133.1973387   60.0065606
   -133.1923366   59.9980775
   -133.1842074   59.9980785
   -133.1793234   60.0065579
   -133.1773479   60.0065576
   -133.1723480   59.9980798
   -133.1642136   59.9980808
   -133.1593328   60.0065549
   -133.1573590   60.0065546
   -133.1523599   59.9980822
   -133.1442203   59.9980831
   -133.1393441   60.0065519
   -133.1373687   60.0065516
   -133.1323708   59.9980845
   -133.1242270   59.9980855
   -133.1193540   60.0065489
   -133.1173779   60.0065486
   -133.1123822   59.9980869
   -133.1042332   59.9980878
   -133.0993634   60.0065459
   -133.0973890   60.0065456
   -133.0923941   59.9980892
   -133.0842400   59.9980902
   -133.0793747   60.0065429
   -133.0773983   60.0065426
   -133.0724055   59.9980916
   -133.0642461   59.9980925
   -133.0593840   60.0065399
   -133.0574089   60.0065396
   -133.0524165   59.9980939
   -133.0442529   59.9980949
   -133.0393940   60.0065369
   -133.0374190   60.0065366
   -133.0324283   59.9980963
   -133.0242596   59.9980972
   -133.0194053   60.0065339
   -133.0174283   60.0065336
   -133.0124397   59.9980986
   -133.0042658   59.9980996
   -132.9994146   60.0065309
   -132.9974394   60.0065306
   -132.9924516   59.9981010
   -132.9842726   59.9981019
   -132.9794259   60.0065279
   -132.9774487   60.0065276
   -132.9724630   59.9981033
   -132.9642789   59.9981043
   -132.9594362   60.0065249
   -132.9574583   60.0065246
   -132.9524739   59.9981057
   -132.9442855   59.9981066
   -132.9394452   60.0065219
   -132.9374694   60.0065216
   -132.9324859   59.9981080
   -132.9242923   59.9981090
   -132.9194565   60.0065189
   -132.9174787   60.0065186
   -132.9124973   59.9981104
   -132.9042986   59.9981113
   -132.8994668   60.0065159
   -132.8974879   60.0065156
   -132.8925086   59.9981127
   -132.8843048   59.9981137
   -132.8794762   60.0065129
   -132.8774990   60.0065126
   -132.8725206   59.9981150
   -132.8643115   59.9981160
   -132.8594875   60.0065099
   -132.8575087   60.0065096
   -132.8525315   59.9981174
   -132.8443183   59.9981184
   -132.8394974   60.0065069
   -132.8375188   60.0065066
   -132.8325433   59.9981197
   -132.8243249   59.9981207
   -132.8195077   60.0065039
   -132.8175291   60.0065036
   -132.8125549   59.9981221
   -132.8043312   59.9981231
   -132.7995181   60.0065009
   -132.7975383   60.0065006
   -132.7925663   59.9981244
   -132.7843375   59.9981254
   -132.7795284   60.0064979
   -132.7775488   60.0064976
   -132.7725776   59.9981268
   -132.7643446   59.9981277
   -132.7595383   60.0064949
   -132.7575591   60.0064946
   -132.7525892   59.9981291
   -132.7443509   59.9981301
   -132.7395486   60.0064919
   -132.7375683   60.0064916
   -132.7326006   59.9981315
   -132.7243573   59.9981324
   -132.7195590   60.0064889
   -132.7175785   60.0064886
   -132.7126124   59.9981338
   -132.7043639   59.9981348
   -132.6995693   60.0064859
   -132.6975887   60.0064856
   -132.6926239   59.9981362
   -132.6843702   59.9981371
   -132.6795796   60.0064829
   -132.6775983   60.0064826
   -132.6726349   59.9981385
   -132.6643770   59.9981395
   -132.6595896   60.0064799
   -132.6576085   60.0064796
   -132.6526467   59.9981409
   -132.6443836   59.9981418
   -132.6395999   60.0064769
   -132.6376187   60.0064766
   -132.6326582   59.9981432
   -132.6243899   59.9981442
   -132.6196102   60.0064739
   -132.6176289   60.0064736
   -132.6126701   59.9981456
   -132.6043967   59.9981465
   -132.5996214   60.0064709
   -132.5976381   60.0064706
   -132.5926815   59.9981479
   -132.5844029   59.9981489
   -132.5796308   60.0064679
   -132.5776487   60.0064676
   -132.5726926   59.9981503
   -132.5644096   59.9981512
   -132.5596408   60.0064649
   -132.5576589   60.0064646
   -132.5527044   59.9981526
   -132.5444163   59.9981536
   -132.5396510   60.0064619
   -132.5376691   60.0064616
   -132.5327160   59.9981549
   -132.5244226   59.9981559
   -132.5196614   60.0064589
   -132.5176784   60.0064586
   -132.5127274   59.9981573
   -132.5044289   59.9981583
   -132.4996717   60.0064559
   -132.4976889   60.0064556
   -132.4927388   59.9981596
   -132.4844360   59.9981606
   -132.4796816   60.0064529
   -132.4776992   60.0064526
   -132.4727503   59.9981620
   -132.4644423   59.9981630
   -132.4596920   60.0064499
   -132.4577093   60.0064496
   -132.4527622   59.9981643
   -132.4444491   59.9981653
   -132.4397032   60.0064469
   -132.4377185   60.0064466
   -132.4327736   59.9981667
   -132.4244553   59.9981677
   -132.4197126   60.0064439
   -132.4177288   60.0064436
   -132.4127852   59.9981690
   -132.4044617   59.9981700
   -132.3997229   60.0064409
   -132.3977393   60.0064406
   -132.3927966   59.9981714
   -132.3844689   59.9981723
   -132.3797338   60.0064379
   -132.3777486   60.0064376
   -132.3728080   59.9981737
   -132.3644751   59.9981747
   -132.3597431   60.0064349
   -132.3577588   60.0064346
   -132.3528196   59.9981761
   -132.3444814   59.9981770
   -132.3397535   60.0064319
   -132.3377690   60.0064316
   -132.3328314   59.9981784
   -132.3244882   59.9981794
   -132.3197647   60.0064289
   -132.3177782   60.0064286
   -132.3128428   59.9981808
   -132.3044944   59.9981817
   -132.2997741   60.0064259
   -132.2977889   60.0064256
   -132.2928540   59.9981831
   -132.2845012   59.9981841
   -132.2797840   60.0064229
   -132.2777990   60.0064226
   -132.2728658   59.9981855
   -132.2645079   59.9981864
   -132.2597953   60.0064199
   -132.2578083   60.0064196
   -132.2528773   59.9981878
   -132.2445141   59.9981888
   -132.2398046   60.0064169
   -132.2378194   60.0064166
   -132.2328893   59.9981901
   -132.2245209   59.9981911
   -132.2198159   60.0064139
   -132.2178291   60.0064136
   -132.2129002   59.9981925
   -132.2045277   59.9981935
   -132.1998258   60.0064109
   -132.1978383   60.0064106
   -132.1929117   59.9981948
   -132.1845339   59.9981958
   -132.1798352   60.0064079
   -132.1778495   60.0064076
   -132.1729237   59.9981972
   -132.1645407   59.9981982
   -132.1598464   60.0064049
   -132.1578587   60.0064046
   -132.1529351   59.9981995
   -132.1445470   59.9982005
   -132.1398568   60.0064019
   -132.1378679   60.0064016
   -132.1329466   59.9982019
   -132.1245533   59.9982029
   -132.1198661   60.0063989
   -132.1178795   60.0063986
   -132.1129582   59.9982042
   -132.1045605   59.9982052
   -132.0998770   60.0063959
   -132.0978887   60.0063956
   -132.0929696   59.9982066
   -132.0845668   59.9982076
   -132.0798873   60.0063929
   -132.0778989   60.0063926
   -132.0729815   59.9982089
   -132.0645735   59.9982099
   -132.0598976   60.0063899
   -132.0579091   60.0063896
   -132.0529931   59.9982113
   -132.0445798   59.9982123
   -132.0399079   60.0063869
   -132.0379184   60.0063866
   -132.0330045   59.9982136
   -132.0245862   59.9982146
   -132.0199182   60.0063839
   -132.0179290   60.0063836
   -132.0130159   59.9982160
   -132.0045932   59.9982170
   -131.9999281   60.0063809
   -131.9979392   60.0063806
   -131.9930275   59.9982183
   -131.9845996   59.9982193
   -131.9799384   60.0063779
   -131.9779484   60.0063776
   -131.9730390   59.9982207
   -131.9646058   59.9982216
   -131.9599478   60.0063749
   -131.9579596   60.0063746
   -131.9530510   59.9982230
   -131.9446126   59.9982240
   -131.9399590   60.0063719
   -131.9379692   60.0063716
   -131.9330621   59.9982253
   -131.9246194   59.9982263
   -131.9199690   60.0063689
   -131.9179785   60.0063686
   -131.9130735   59.9982277
   -131.9046256   59.9982287
   -131.8999784   60.0063659
   -131.8979897   60.0063656
   -131.8930855   59.9982300
   -131.8846324   59.9982310
   -131.8799896   60.0063629
   -131.8779989   60.0063626
   -131.8730970   59.9982324
   -131.8646388   59.9982334
   -131.8599999   60.0063599
   -131.8580091   60.0063596
   -131.8531089   59.9982347
   -131.8446454   59.9982357
   -131.8400102   60.0063569
   -131.8380197   60.0063566
   -131.8331201   59.9982371
   -131.8246522   59.9982381
   -131.8200201   60.0063539
   -131.8180290   60.0063536
   -131.8131315   59.9982394
   -131.8046586   59.9982404
   -131.8000304   60.0063509
   -131.7980391   60.0063506
   -131.7931434   59.9982418
   -131.7846652   59.9982428
   -131.7800407   60.0063479
   -131.7780494   60.0063476
   -131.7731550   59.9982441
   -131.7646716   59.9982451
   -131.7600510   60.0063449
   -131.7580586   60.0063446
   -131.7531665   59.9982465
   -131.7446780   59.9982475
   -131.7400613   60.0063419
   -131.7380692   60.0063416
   -131.7331780   59.9982488
   -131.7246850   59.9982498
   -131.7200712   60.0063389
   -131.7180794   60.0063386
   -131.7131896   59.9982512
   -131.7046914   59.9982522
   -131.7000816   60.0063359
   -131.6980896   60.0063356
   -131.6932015   59.9982535
   -131.6846982   59.9982545
   -131.6800928   60.0063329
   -131.6780988   60.0063326
   -131.6732130   59.9982559
   -131.6647045   59.9982569
   -131.6601021   60.0063299
   -131.6581095   60.0063296
   -131.6532242   59.9982582
   -131.6447112   59.9982592
   -131.6401121   60.0063269
   -131.6381197   60.0063266
   -131.6332361   59.9982606
   -131.6247181   59.9982616
   -131.6201233   60.0063239
   -131.6181289   60.0063236
   -131.6132475   59.9982629
   -131.6047243   59.9982639
   -131.6001327   60.0063209
   -131.5981392   60.0063206
   -131.5932592   59.9982652
   -131.5847307   59.9982662
   -131.5801430   60.0063179
   -131.5781493   60.0063176
   -131.5732711   59.9982676
   -131.5647375   59.9982686
   -131.5601542   60.0063149
   -131.5581590   60.0063146
   -131.5532821   59.9982699
   -131.5447441   59.9982709
   -131.5401632   60.0063119
   -131.5381692   60.0063116
   -131.5332938   59.9982723
   -131.5247505   59.9982733
   -131.5201735   60.0063089
   -131.5181794   60.0063086
   -131.5133057   59.9982746
   -131.5047573   59.9982756
   -131.5001847   60.0063059
   -131.4981887   60.0063056
   -131.4933172   59.9982770
   -131.4847635   59.9982780
   -131.4801941   60.0063029
   -131.4781998   60.0063026
   -131.4733293   59.9982793
   -131.4647704   59.9982803
   -131.4602053   60.0062999
   -131.4582095   60.0062996
   -131.4533403   59.9982817
   -131.4447770   59.9982827
   -131.4402143   60.0062969
   -131.4382197   60.0062966
   -131.4333520   59.9982840
   -131.4247834   59.9982850
   -131.4202246   60.0062939
   -131.4182299   60.0062936
   -131.4133639   59.9982864
   -131.4047902   59.9982874
   -131.4002358   60.0062909
   -131.3982392   60.0062906
   -131.3933754   59.9982887
   -131.3847964   59.9982897
   -131.3802452   60.0062879
   -131.3782498   60.0062876
   -131.3733866   59.9982911
   -131.3648032   59.9982921
   -131.3602551   60.0062849
   -131.3582600   60.0062846
   -131.3533986   59.9982934
   -131.3448100   59.9982944
   -131.3402663   60.0062819
   -131.3382692   60.0062816
   -131.3334101   59.9982958
   -131.3248163   59.9982968
   -131.3202757   60.0062789
   -131.3182804   60.0062786
   -131.3134222   59.9982981
   -131.3048231   59.9982991
   -131.3002869   60.0062759
   -131.2982897   60.0062756
   -131.2934337   59.9983004
   -131.2848295   59.9983015
   -131.2802972   60.0062729
   -131.2782993   60.0062726
   -131.2734447   59.9983028
   -131.2648361   59.9983038
   -131.2603062   60.0062699
   -131.2583105   60.0062696
   -131.2534568   59.9983051
   -131.2448430   59.9983062
   -131.2403174   60.0062669
   -131.2383197   60.0062666
   -131.2334683   59.9983075
   -131.2248494   59.9983085
   -131.2203277   60.0062639
   -131.2183290   60.0062636
   -131.2134798   59.9983098
   -131.2048556   59.9983108
   -131.2003370   60.0062609
   -131.1983402   60.0062606
   -131.1934919   59.9983122
   -131.1848624   59.9983132
   -131.1803482   60.0062579
   -131.1783498   60.0062576
   -131.1735030   59.9983145
   -131.1648692   59.9983155
   -131.1603582   60.0062549
   -131.1583591   60.0062546
   -131.1535145   59.9983169
   -131.1448755   59.9983179
   -131.1403675   60.0062519
   -131.1383703   60.0062516
   -131.1335267   59.9983192
   -131.1248823   59.9983202
   -131.1203787   60.0062489
   -131.1183795   60.0062486
   -131.1135382   59.9983216
   -131.1048887   59.9983226
   -131.1003890   60.0062459
   -131.0983901   60.0062456
   -131.0935497   59.9983239
   -131.0848958   59.9983249
   -131.0803989   60.0062429
   -131.0784004   60.0062426
   -131.0735614   59.9983263
   -131.0649022   59.9983273
   -131.0604092   60.0062399
   -131.0584096   60.0062396
   -131.0535729   59.9983286
   -131.0449086   59.9983296
   -131.0404195   60.0062369
   -131.0384198   60.0062366
   -131.0335848   59.9983310
   -131.0249153   59.9983320
   -131.0204298   60.0062339
   -131.0184300   60.0062336
   -131.0135965   59.9983333
   -131.0049217   59.9983343
   -131.0004401   60.0062309
   -130.9984397   60.0062306
   -130.9936076   59.9983356
   -130.9849285   59.9983367
   -130.9804500   60.0062279
   -130.9784499   60.0062276
   -130.9736196   59.9983380
   -130.9649351   59.9983390
   -130.9604603   60.0062249
   -130.9584601   60.0062246
   -130.9536313   59.9983403
   -130.9449416   59.9983414
   -130.9404706   60.0062219
   -130.9384703   60.0062216
   -130.9336432   59.9983427
   -130.9249484   59.9983437
   -130.9204818   60.0062189
   -130.9184796   60.0062186
   -130.9136548   59.9983450
   -130.9049546   59.9983461
   -130.9004911   60.0062159
   -130.8984902   60.0062156
   -130.8936661   59.9983474
   -130.8849614   59.9983484
   -130.8805011   60.0062129
   -130.8785004   60.0062126
   -130.8736780   59.9983497
   -130.8649681   59.9983508
   -130.8605113   60.0062099
   -130.8585107   60.0062096
   -130.8536897   59.9983521
   -130.8449745   59.9983531
   -130.8405216   60.0062069
   -130.8385199   60.0062066
   -130.8337013   59.9983544
   -130.8249810   59.9983554
   -130.8205319   60.0062039
   -130.8185305   60.0062036
   -130.8137128   59.9983568
   -130.8049880   59.9983578
   -130.8005418   60.0062009
   -130.7985408   60.0062006
   -130.7937245   59.9983591
   -130.7849944   59.9983601
   -130.7805521   60.0061979
   -130.7785500   60.0061976
   -130.7737361   59.9983615
   -130.7650009   59.9983625
   -130.7605624   60.0061949
   -130.7585602   60.0061946
   -130.7537480   59.9983638
   -130.7450075   59.9983648
   -130.7405726   60.0061919
   -130.7385705   60.0061916
   -130.7337598   59.9983662
   -130.7250140   59.9983672
   -130.7205829   60.0061889
   -130.7185811   60.0061886
   -130.7137713   59.9983685
   -130.7050212   59.9983695
   -130.7005937   60.0061859
   -130.6985903   60.0061856
   -130.6937829   59.9983709
   -130.6850275   59.9983719
   -130.6806031   60.0061829
   -130.6786006   60.0061826
   -130.6737946   59.9983732
   -130.6650339   59.9983742
   -130.6606134   60.0061799
   -130.6586108   60.0061796
   -130.6538066   59.9983755
   -130.6450408   59.9983766
   -130.6406246   60.0061769
   -130.6386200   60.0061766
   -130.6338181   59.9983779
   -130.6250470   59.9983789
   -130.6206340   60.0061740
   -130.6186307   60.0061736
   -130.6138294   59.9983802
   -130.6050538   59.9983813
   -130.6006439   60.0061710
   -130.5986409   60.0061706
   -130.5938414   59.9983826
   -130.5850607   59.9983836
   -130.5806551   60.0061680
   -130.5786502   60.0061676
   -130.5738530   59.9983849
   -130.5650669   59.9983860
   -130.5606644   60.0061650
   -130.5586614   60.0061647
   -130.5538652   59.9983873
   -130.5450738   59.9983883
   -130.5406756   60.0061620
   -130.5386710   60.0061617
   -130.5338763   59.9983896
   -130.5250806   59.9983907
   -130.5206855   60.0061590
   -130.5186803   60.0061587
   -130.5138878   59.9983920
   -130.5050868   59.9983930
   -130.5006949   60.0061560
   -130.4986915   60.0061557
   -130.4939000   59.9983943
   -130.4850937   59.9983954
   -130.4807061   60.0061530
   -130.4787007   60.0061527
   -130.4739116   59.9983967
   -130.4651002   59.9983977
   -130.4607164   60.0061500
   -130.4587100   60.0061497
   -130.4539231   59.9983990
   -130.4451064   59.9984000
   -130.4407257   60.0061470
   -130.4387216   60.0061467
   -130.4339349   59.9984014
   -130.4251137   59.9984024
   -130.4207365   60.0061440
   -130.4187308   60.0061437
   -130.4139465   59.9984037
   -130.4051201   59.9984047
   -130.4007468   60.0061410
   -130.3987410   60.0061407
   -130.3939585   59.9984061
   -130.3851268   59.9984071
   -130.3807570   60.0061380
   -130.3787513   60.0061377
   -130.3739702   59.9984084
   -130.3651332   59.9984094
   -130.3607673   60.0061350
   -130.3587606   60.0061347
   -130.3539818   59.9984107
   -130.3451397   59.9984118
   -130.3407776   60.0061320
   -130.3387712   60.0061317
   -130.3339934   59.9984131
   -130.3251467   59.9984141
   -130.3207875   60.0061290
   -130.3187814   60.0061287
   -130.3140052   59.9984154
   -130.3051532   59.9984165
   -130.3007978   60.0061260
   -130.2987907   60.0061257
   -130.2940167   59.9984178
   -130.2851594   59.9984188
   -130.2808072   60.0061230
   -130.2788019   60.0061227
   -130.2740289   59.9984201
   -130.2651663   59.9984212
   -130.2608183   60.0061200
   -130.2588116   60.0061197
   -130.2540401   59.9984225
   -130.2451731   59.9984235
   -130.2408282   60.0061170
   -130.2388208   60.0061167
   -130.2340517   59.9984248
   -130.2251794   59.9984259
   -130.2208376   60.0061140
   -130.2188320   60.0061137
   -130.2140639   59.9984272
   -130.2051863   59.9984282
   -130.2008488   60.0061110
   -130.1988413   60.0061107
   -130.1940755   59.9984295
   -130.1851927   59.9984306
   -130.1808591   60.0061080
   -130.1788515   60.0061077
   -130.1740875   59.9984319
   -130.1651994   59.9984329
   -130.1608693   60.0061050
   -130.1588622   60.0061047
   -130.1540989   59.9984342
   -130.1452062   59.9984353
   -130.1408792   60.0061020
   -130.1388714   60.0061017
   -130.1341104   59.9984366
   -130.1252127   59.9984376
   -130.1208895   60.0060990
   -130.1188816   60.0060987
   -130.1141225   59.9984389
   -130.1052194   59.9984400
   -130.1008997   60.0060960
   -130.0988919   60.0060957
   -130.0941343   59.9984413
   -130.0852258   59.9984423
   -130.0809100   60.0060930
   -130.0789012   60.0060927
   -130.0741458   59.9984436
   -130.0652323   59.9984446
   -130.0609203   60.0060900
   -130.0589118   60.0060897
   -130.0541575   59.9984459
   -130.0452394   59.9984470
   -130.0409302   60.0060870
   -130.0389220   60.0060867
   -130.0341693   59.9984483
   -130.0252458   59.9984493
   -130.0209405   60.0060840
   -130.0189322   60.0060837
   -130.0141813   59.9984506
   -130.0052527   59.9984517
   -130.0009516   60.0060810
   -129.9989415   60.0060807
   -129.9941929   59.9984530
   -129.9852590   59.9984540
   -129.9809610   60.0060780
   -129.9789522   60.0060777
   -129.9742043   59.9984553
   -129.9652658   59.9984564
   -129.9609709   60.0060750
   -129.9589624   60.0060747
   -129.9542163   59.9984577
   -129.9452727   59.9984587
   -129.9409821   60.0060720
   -129.9389716   60.0060717
   -129.9342279   59.9984600
   -129.9252790   59.9984611
   -129.9209914   60.0060690
   -129.9189819   60.0060687
   -129.9142397   59.9984624
   -129.9052854   59.9984634
   -129.9010017   60.0060660
   -129.8989921   60.0060657
   -129.8942518   59.9984647
   -129.8852923   59.9984658
   -129.8810128   60.0060630
   -129.8790018   60.0060627
   -129.8742629   59.9984671
   -129.8652989   59.9984681
   -129.8610219   60.0060600
   -129.8590121   60.0060597
   -129.8542748   59.9984694
   -129.8453054   59.9984705
   -129.8410321   60.0060570
   -129.8390223   60.0060567
   -129.8342868   59.9984718
   -129.8253123   59.9984728
   -129.8210433   60.0060540
   -129.8190315   60.0060537
   -129.8142984   59.9984741
   -129.8053186   59.9984752
   -129.8010526   60.0060510
   -129.7990428   60.0060507
   -129.7943107   59.9984765
   -129.7853255   59.9984775
   -129.7810638   60.0060480
   -129.7790524   60.0060477
   -129.7743219   59.9984788
   -129.7653321   59.9984799
   -129.7610728   60.0060450
   -129.7590627   60.0060447
   -129.7543337   59.9984812
   -129.7453386   59.9984822
   -129.7410831   60.0060420
   -129.7390729   60.0060417
   -129.7343458   59.9984835
   -129.7253455   59.9984846
   -129.7210942   60.0060390
   -129.7190822   60.0060387
   -129.7143574   59.9984858
   -129.7053518   59.9984869
   -129.7011036   60.0060360
   -129.6990928   60.0060357
   -129.6943688   59.9984882
   -129.6853586   59.9984893
   -129.6811135   60.0060330
   -129.6791031   60.0060327
   -129.6743809   59.9984905
   -129.6653655   59.9984916
   -129.6611246   60.0060300
   -129.6591123   60.0060297
   -129.6543925   59.9984929
   -129.6453718   59.9984939
   -129.6411340   60.0060270
   -129.6391236   60.0060267
   -129.6344048   59.9984952
   -129.6253787   59.9984963
   -129.6211451   60.0060240
   -129.6191328   60.0060237
   -129.6144164   59.9984976
   -129.6053852   59.9984986
   -129.6011554   60.0060210
   -129.5991425   60.0060207
   -129.5944276   59.9984999
   -129.5853918   59.9985010
   -129.5811644   60.0060180
   -129.5791537   60.0060177
   -129.5744399   59.9985023
   -129.5653987   59.9985033
   -129.5611756   60.0060150
   -129.5591630   60.0060147
   -129.5544515   59.9985046
   -129.5454052   59.9985057
   -129.5411858   60.0060120
   -129.5391722   60.0060117
   -129.5344631   59.9985070
   -129.5254114   59.9985080
   -129.5211952   60.0060090
   -129.5191835   60.0060087
   -129.5144754   59.9985093
   -129.5054184   59.9985104
   -129.5012063   60.0060060
   -129.4991931   60.0060057
   -129.4944867   59.9985117
   -129.4854252   59.9985127
   -129.4812162   60.0060030
   -129.4792024   60.0060027
   -129.4744983   59.9985140
   -129.4654315   59.9985151
   -129.4612256   60.0060000
   -129.4592136   60.0059997
   -129.4545106   59.9985164
   -129.4454384   59.9985174
   -129.4412367   60.0059970
   -129.4392229   60.0059967
   -129.4345222   59.9985187
   -129.4254449   59.9985198
   -129.4212470   60.0059940
   -129.4192331   60.0059937
   -129.4145343   59.9985210
   -129.4054516   59.9985221
   -129.4012572   60.0059910
   -129.3992438   60.0059907
   -129.3945458   59.9985234
   -129.3854584   59.9985245
   -129.3812671   60.0059880
   -129.3792531   60.0059877
   -129.3745574   59.9985257
   -129.3654649   59.9985268
   -129.3612774   60.0059850
   -129.3592633   60.0059847
   -129.3545695   59.9985281
   -129.3454716   59.9985292
   -129.3412876   60.0059820
   -129.3392736   60.0059817
   -129.3345814   59.9985304
   -129.3254781   59.9985315
   -129.3212979   60.0059790
   -129.3192832   60.0059787
   -129.3145926   59.9985328
   -129.3054850   59.9985339
   -129.3013078   60.0059760
   -129.2992934   60.0059757
   -129.2946047   59.9985351
   -129.2854917   59.9985362
   -129.2813180   60.0059730
   -129.2793037   60.0059727
   -129.2746166   59.9985375
   -129.2654982   59.9985385
   -129.2613283   60.0059700
   -129.2593140   60.0059697
   -129.2546287   59.9985398
   -129.2455051   59.9985409
   -129.2413394   60.0059670
   -129.2393232   60.0059667
   -129.2346403   59.9985422
   -129.2255114   59.9985432
   -129.2213488   60.0059640
   -129.2193339   60.0059637
   -129.2146518   59.9985445
   -129.2055182   59.9985456
   -129.2013587   60.0059610
   -129.1993441   60.0059607
   -129.1946639   59.9985469
   -129.1855250   59.9985479
   -129.1813689   60.0059580
   -129.1793544   60.0059577
   -129.1746758   59.9985492
   -129.1655314   59.9985503
   -129.1613792   60.0059550
   -129.1593637   60.0059547
   -129.1546874   59.9985516
   -129.1455379   59.9985526
   -129.1413895   60.0059520
   -129.1393739   60.0059517
   -129.1346995   59.9985539
   -129.1255447   59.9985550
   -129.1213997   60.0059490
   -129.1193846   60.0059487
   -129.1147110   59.9985562
   -129.1055515   59.9985573
   -129.1014096   60.0059460
   -129.0993939   60.0059457
   -129.0947227   59.9985586
   -129.0855580   59.9985597
   -129.0814199   60.0059430
   -129.0794041   60.0059427
   -129.0747348   59.9985609
   -129.0655647   59.9985620
   -129.0614301   60.0059400
   -129.0594144   60.0059397
   -129.0547467   59.9985633
   -129.0455712   59.9985644
   -129.0414403   60.0059370
   -129.0394250   60.0059367
   -129.0347584   59.9985656
   -129.0255785   59.9985667
   -129.0214511   60.0059340
   -129.0194343   60.0059337
   -129.0147701   59.9985680
   -129.0055848   59.9985691
   -129.0014605   60.0059310
   -128.9994446   60.0059307
   -128.9947820   59.9985703
   -128.9855913   59.9985714
   -128.9814707   60.0059280
   -128.9794548   60.0059277
   -128.9747941   59.9985727
   -128.9655983   59.9985738
   -128.9614818   60.0059250
   -128.9594641   60.0059247
   -128.9548058   59.9985750
   -128.9456045   59.9985761
   -128.9414912   60.0059220
   -128.9394748   60.0059217
   -128.9348173   59.9985774
   -128.9256114   59.9985785
   -128.9215011   60.0059190
   -128.9194850   60.0059187
   -128.9148294   59.9985797
   -128.9056183   59.9985808
   -128.9015122   60.0059160
   -128.8994943   60.0059157
   -128.8948411   59.9985821
   -128.8856246   59.9985831
   -128.8815216   60.0059130
   -128.8795055   60.0059127
   -128.8748535   59.9985844
   -128.8656316   59.9985855
   -128.8615327   60.0059100
   -128.8595148   60.0059097
   -128.8548651   59.9985868
   -128.8456381   59.9985878
   -128.8415430   60.0059070
   -128.8395244   60.0059067
   -128.8348764   59.9985891
   -128.8256447   59.9985902
   -128.8215520   60.0059040
   -128.8195357   60.0059037
   -128.8148888   59.9985915
   -128.8056517   59.9985925
   -128.8015631   60.0059010
   -128.7995450   60.0059007
   -128.7949005   59.9985938
   -128.7856582   59.9985949
   -128.7815733   60.0058980
   -128.7795542   60.0058977
   -128.7749121   59.9985961
   -128.7656644   59.9985972
   -128.7615827   60.0058950
   -128.7595659   60.0058947
   -128.7549241   59.9985985
   -128.7456718   59.9985996
   -128.7415935   60.0058920
   -128.7395752   60.0058917
   -128.7349358   59.9986008
   -128.7256783   59.9986019
   -128.7216037   60.0058890
   -128.7195844   60.0058887
   -128.7149475   59.9986032
   -128.7056845   59.9986043
   -128.7016131   60.0058860
   -128.6995957   60.0058857
   -128.6949599   59.9986055
   -128.6856915   59.9986066
   -128.6816242   60.0058830
   -128.6796050   60.0058827
   -128.6749716   59.9986079
   -128.6656980   59.9986090
   -128.6616344   60.0058800
   -128.6596156   60.0058797
   -128.6549834   59.9986102
   -128.6457051   59.9986113
   -128.6416443   60.0058770
   -128.6396259   60.0058767
   -128.6349953   59.9986126
   -128.6257116   59.9986137
   -128.6216546   60.0058740
   -128.6196352   60.0058737
   -128.6150070   59.9986149
   -128.6057179   59.9986160
   -128.6016639   60.0058710
   -128.5996464   60.0058707
   -128.5950194   59.9986173
   -128.5857249   59.9986184
   -128.5816750   60.0058680
   -128.5796557   60.0058677
   -128.5750311   59.9986196
   -128.5657314   59.9986207
   -128.5616853   60.0058650
   -128.5596654   60.0058647
   -128.5550424   59.9986220
   -128.5457380   59.9986231
   -128.5416943   60.0058620
   -128.5396766   60.0058617
   -128.5350548   59.9986243
   -128.5257450   59.9986254
   -128.5217054   60.0058590
   -128.5196859   60.0058587
   -128.5150665   59.9986267
   -128.5057515   59.9986277
   -128.5017156   60.0058560
   -128.4996962   60.0058557
   -128.4950787   59.9986290
   -128.4857583   59.9986301
   -128.4817258   60.0058530
   -128.4797069   60.0058527
   -128.4750903   59.9986313
   -128.4657651   59.9986324
   -128.4617358   60.0058500
   -128.4597161   60.0058497
   -128.4551020   59.9986337
   -128.4457716   59.9986348
   -128.4417460   60.0058470
   -128.4397264   60.0058467
   -128.4351141   59.9986360
   -128.4257784   59.9986371
   -128.4217562   60.0058440
   -128.4197367   60.0058437
   -128.4151261   59.9986384
   -128.4057849   59.9986395
   -128.4017665   60.0058410
   -128.3997459   60.0058407
   -128.3951378   59.9986407
   -128.3857914   59.9986418
   -128.3817767   60.0058380
   -128.3797566   60.0058377
   -128.3751496   59.9986431
   -128.3657985   59.9986442
   -128.3617866   60.0058350
   -128.3597669   60.0058347
   -128.3551616   59.9986454
   -128.3458050   59.9986465
   -128.3417968   60.0058320
   -128.3397762   60.0058317
   -128.3351733   59.9986478
   -128.3258115   59.9986489
   -128.3218071   60.0058290
   -128.3197864   60.0058287
   -128.3151854   59.9986501
   -128.3058183   59.9986512
   -128.3018173   60.0058260
   -128.2997967   60.0058257
   -128.2951974   59.9986525
   -128.2858248   59.9986536
   -128.2818275   60.0058230
   -128.2798073   60.0058227
   -128.2752092   59.9986548
   -128.2658322   59.9986559
   -128.2618383   60.0058200
   -128.2598166   60.0058197
   -128.2552209   59.9986572
   -128.2458384   59.9986583
   -128.2418476   60.0058170
   -128.2398269   60.0058167
   -128.2352329   59.9986595
   -128.2258450   59.9986606
   -128.2218579   60.0058140
   -128.2198372   60.0058137
   -128.2152451   59.9986619
   -128.2058520   59.9986630
   -128.2018690   60.0058110
   -128.1998468   60.0058107
   -128.1952565   59.9986642
   -128.1858586   59.9986653
   -128.1818780   60.0058080
   -128.1798572   60.0058077
   -128.1752685   59.9986665
   -128.1658651   59.9986677
   -128.1618882   60.0058050
   -128.1598674   60.0058047
   -128.1552806   59.9986689
   -128.1458721   59.9986700
   -128.1418993   60.0058020
   -128.1398767   60.0058017
   -128.1352924   59.9986712
   -128.1258784   59.9986723
   -128.1219087   60.0057990
   -128.1198879   60.0057987
   -128.1153048   59.9986736
   -128.1058854   59.9986747
   -128.1019198   60.0057960
   -128.0998976   60.0057957
   -128.0953162   59.9986759
   -128.0858920   59.9986770
   -128.0819288   60.0057930
   -128.0799079   60.0057927
   -128.0753282   59.9986783
   -128.0658986   59.9986794
   -128.0619390   60.0057900
   -128.0599182   60.0057897
   -128.0553404   59.9986806
   -128.0459056   59.9986817
   -128.0419501   60.0057870
   -128.0399275   60.0057867
   -128.0353521   59.9986830
   -128.0259119   59.9986841
   -128.0219595   60.0057840
   -128.0199378   60.0057837
   -128.0153641   59.9986853
   -128.0059184   59.9986864
   -128.0019697   60.0057810
   -127.9999484   60.0057807
   -127.9953760   59.9986877
   -127.9859257   59.9986888
   -127.9819804   60.0057780
   -127.9799577   60.0057777
   -127.9753877   59.9986900
   -127.9659320   59.9986911
   -127.9619898   60.0057750
   -127.9599680   60.0057747
   -127.9553997   59.9986924
   -127.9459386   59.9986935
   -127.9420000   60.0057720
   -127.9399783   60.0057717
   -127.9354119   59.9986947
   -127.9259456   59.9986958
   -127.9220111   60.0057690
   -127.9199879   60.0057687
   -127.9154233   59.9986971
   -127.9059522   59.9986982
   -127.9020201   60.0057660
   -127.8999992   60.0057657
   -127.8954358   59.9986994
   -127.8859592   59.9987005
   -127.8820312   60.0057630
   -127.8800085   60.0057627
   -127.8754476   59.9987018
   -127.8659657   59.9987029
   -127.8620415   60.0057600
   -127.8600178   60.0057597
   -127.8554593   59.9987041
   -127.8459720   59.9987052
   -127.8420508   60.0057570
   -127.8400291   60.0057567
   -127.8354718   59.9987064
   -127.8259791   59.9987076
   -127.8220619   60.0057540
   -127.8200387   60.0057537
   -127.8154832   59.9987088
   -127.8059859   59.9987099
   -127.8020718   60.0057510
   -127.8000480   60.0057507
   -127.7954949   59.9987111
   -127.7859922   59.9987123
   -127.7820811   60.0057480
   -127.7800593   60.0057477
   -127.7755074   59.9987135
   -127.7659992   59.9987146
   -127.7620922   60.0057450
   -127.7600686   60.0057447
   -127.7555192   59.9987158
   -127.7460058   59.9987169
   -127.7421025   60.0057420
   -127.7400788   60.0057417
   -127.7355314   59.9987182
   -127.7260126   59.9987193
   -127.7221127   60.0057390
   -127.7200895   60.0057387
   -127.7155431   59.9987205
   -127.7060194   59.9987216
   -127.7021226   60.0057360
   -127.7000988   60.0057357
   -127.6955549   59.9987229
   -127.6860260   59.9987240
   -127.6821328   60.0057330
   -127.6801091   60.0057327
   -127.6755671   59.9987252
   -127.6660327   59.9987263
   -127.6621430   60.0057300
   -127.6601194   60.0057297
   -127.6555791   59.9987276
   -127.6460393   59.9987287
   -127.6421532   60.0057270
   -127.6401291   60.0057267
   -127.6355905   59.9987299
   -127.6260462   59.9987310
   -127.6221631   60.0057240
   -127.6201393   60.0057237
   -127.6156028   59.9987323
   -127.6060529   59.9987334
   -127.6021733   60.0057210
   -127.6001497   60.0057207
   -127.5956148   59.9987346
   -127.5860595   59.9987357
   -127.5821835   60.0057180
   -127.5801599   60.0057177
   -127.5756271   59.9987370
   -127.5660665   59.9987381
   -127.5621946   60.0057150
   -127.5601692   60.0057147
   -127.5556389   59.9987393
   -127.5460728   59.9987404
   -127.5422040   60.0057120
   -127.5401799   60.0057117
   -127.5356506   59.9987416
   -127.5260797   59.9987428
   -127.5222139   60.0057090
   -127.5201902   60.0057087
   -127.5156628   59.9987440
   -127.5060865   59.9987451
   -127.5022241   60.0057060
   -127.5002005   60.0057057
   -127.4956749   59.9987463
   -127.4860930   59.9987475
   -127.4822343   60.0057030
   -127.4802098   60.0057027
   -127.4756866   59.9987487
   -127.4660996   59.9987498
   -127.4622445   60.0057000
   -127.4602200   60.0056997
   -127.4556989   59.9987510
   -127.4461064   59.9987522
   -127.4422547   60.0056970
   -127.4402308   60.0056967
   -127.4357106   59.9987534
   -127.4261132   59.9987545
   -127.4222646   60.0056940
   -127.4202400   60.0056937
   -127.4157224   59.9987557
   -127.4061198   59.9987569
   -127.4022748   60.0056910
   -127.4002503   60.0056907
   -127.3957347   59.9987581
   -127.3861266   59.9987592
   -127.3822850   60.0056880
   -127.3802606   60.0056877
   -127.3757467   59.9987604
   -127.3661331   59.9987615
   -127.3622953   60.0056850
   -127.3602713   60.0056847
   -127.3557586   59.9987628
   -127.3461405   59.9987639
   -127.3423060   60.0056820
   -127.3402806   60.0056817
   -127.3357704   59.9987651
   -127.3261468   59.9987662
   -127.3223153   60.0056790
   -127.3202909   60.0056787
   -127.3157825   59.9987675
   -127.3061534   59.9987686
   -127.3023256   60.0056760
   -127.3003011   60.0056757
   -127.2957948   59.9987698
   -127.2861604   59.9987709
   -127.2823366   60.0056730
   -127.2803104   60.0056727
   -127.2758066   59.9987722
   -127.2661667   59.9987733
   -127.2623460   60.0056700
   -127.2603212   60.0056697
   -127.2558183   59.9987745
   -127.2461736   59.9987756
   -127.2423559   60.0056670
   -127.2403314   60.0056667
   -127.2358306   59.9987768
   -127.2261806   59.9987780
   -127.2223669   60.0056640
   -127.2203407   60.0056637
   -127.2158424   59.9987792
   -127.2061869   59.9987803
   -127.2023763   60.0056610
   -127.2003520   60.0056607
   -127.1958550   59.9987815
   -127.1861940   59.9987827
   -127.1823873   60.0056580
   -127.1803613   60.0056577
   -127.1758668   59.9987839
   -127.1662006   59.9987850
   -127.1623976   60.0056550
   -127.1603710   60.0056547
   -127.1558782   59.9987862
   -127.1462072   59.9987874
   -127.1424066   60.0056520
   -127.1403823   60.0056517
   -127.1358908   59.9987886
   -127.1262142   59.9987897
   -127.1224177   60.0056490
   -127.1203916   60.0056487
   -127.1159026   59.9987909
   -127.1062208   59.9987921
   -127.1024279   60.0056460
   -127.1004009   60.0056457
   -127.0959144   59.9987933
   -127.0862271   59.9987944
   -127.0824372   60.0056430
   -127.0804126   60.0056427
   -127.0759267   59.9987956
   -127.0662345   59.9987968
   -127.0624480   60.0056400
   -127.0604219   60.0056397
   -127.0559385   59.9987980
   -127.0462410   59.9987991
   -127.0424582   60.0056370
   -127.0404311   60.0056367
   -127.0359503   59.9988003
   -127.0262473   59.9988015
   -127.0224675   60.0056340
   -127.0204425   60.0056337
   -127.0159629   59.9988027
   -127.0062544   59.9988038
   -127.0024786   60.0056310
   -127.0004517   60.0056307
   -126.9959747   59.9988050
   -126.9862610   59.9988061
   -126.9824888   60.0056280
   -126.9804624   60.0056277
   -126.9759866   59.9988074
   -126.9662681   59.9988085
   -126.9624986   60.0056250
   -126.9604727   60.0056247
   -126.9559988   59.9988097
   -126.9462747   59.9988108
   -126.9425089   60.0056220
   -126.9404820   60.0056217
   -126.9360106   59.9988120
   -126.9262810   59.9988132
   -126.9225182   60.0056190
   -126.9204933   60.0056187
   -126.9160232   59.9988144
   -126.9062880   59.9988155
   -126.9025293   60.0056160
   -126.9005026   60.0056157
   -126.8960350   59.9988167
   -126.8862946   59.9988179
   -126.8825395   60.0056130
   -126.8805123   60.0056127
   -126.8760465   59.9988191
   -126.8663012   59.9988202
   -126.8625485   60.0056100
   -126.8605236   60.0056097
   -126.8560591   59.9988214
   -126.8463083   59.9988226
   -126.8425596   60.0056070
   -126.8405329   60.0056067
   -126.8360710   59.9988238
   -126.8263149   59.9988249
   -126.8225698   60.0056040
   -126.8205432   60.0056037
   -126.8160833   59.9988261
   -126.8063217   59.9988273
   -126.8025800   60.0056010
   -126.8005539   60.0056007
   -126.7960951   59.9988285
   -126.7863286   59.9988296
   -126.7825899   60.0055980
   -126.7805632   60.0055977
   -126.7761069   59.9988308
   -126.7663351   59.9988320
   -126.7626001   60.0055950
   -126.7605735   60.0055947
   -126.7561192   59.9988332
   -126.7463419   59.9988343
   -126.7426102   60.0055920
   -126.7405838   60.0055917
   -126.7361314   59.9988355
   -126.7263485   59.9988367
   -126.7226205   60.0055890
   -126.7205931   60.0055887
   -126.7161432   59.9988379
   -126.7063551   59.9988390
   -126.7026307   60.0055860
   -126.7006038   60.0055857
   -126.6961552   59.9988402
   -126.6863622   59.9988414
   -126.6826405   60.0055830
   -126.6806141   60.0055827
   -126.6761673   59.9988426
   -126.6663688   59.9988437
   -126.6626507   60.0055800
   -126.6606234   60.0055797
   -126.6561792   59.9988449
   -126.6463754   59.9988461
   -126.6426610   60.0055770
   -126.6406337   60.0055767
   -126.6361915   59.9988473
   -126.6263822   59.9988484
   -126.6226711   60.0055740
   -126.6206440   60.0055737
   -126.6162037   59.9988496
   -126.6063888   59.9988508
   -126.6026814   60.0055710
   -126.6006547   60.0055707
   -126.5962157   59.9988519
   -126.5863962   59.9988531
   -126.5826921   60.0055680
   -126.5806640   60.0055677
   -126.5762275   59.9988543
   -126.5664025   59.9988554
   -126.5627014   60.0055650
   -126.5606744   60.0055647
   -126.5562397   59.9988566
   -126.5464091   59.9988578
   -126.5427116   60.0055620
   -126.5406846   60.0055617
   -126.5362520   59.9988590
   -126.5264162   59.9988601
   -126.5227227   60.0055590
   -126.5206943   60.0055587
   -126.5162635   59.9988613
   -126.5064228   59.9988625
   -126.5027317   60.0055560
   -126.5007047   60.0055557
   -126.4962757   59.9988637
   -126.4864294   59.9988648
   -126.4827419   60.0055530
   -126.4807149   60.0055527
   -126.4762881   59.9988660
   -126.4664364   59.9988672
   -126.4627529   60.0055500
   -126.4607242   60.0055497
   -126.4562999   59.9988684
   -126.4464428   59.9988695
   -126.4427623   60.0055470
   -126.4407356   60.0055467
   -126.4363126   59.9988707
   -126.4264499   59.9988719
   -126.4227733   60.0055440
   -126.4207452   60.0055437
   -126.4163241   59.9988731
   -126.4064565   59.9988742
   -126.4027823   60.0055410
   -126.4007556   60.0055407
   -126.3963363   59.9988754
   -126.3864631   59.9988766
   -126.3827926   60.0055380
   -126.3807659   60.0055377
   -126.3763487   59.9988778
   -126.3664702   59.9988789
   -126.3628036   60.0055350
   -126.3607752   60.0055347
   -126.3563605   59.9988801
   -126.3464765   59.9988813
   -126.3428129   60.0055320
   -126.3407855   60.0055317
   -126.3363727   59.9988825
   -126.3264831   59.9988836
   -126.3228231   60.0055290
   -126.3207962   60.0055287
   -126.3163848   59.9988848
   -126.3064905   59.9988860
   -126.3028339   60.0055260
   -126.3008055   60.0055257
   -126.2963966   59.9988871
   -126.2864968   59.9988883
   -126.2828432   60.0055230
   -126.2808158   60.0055227
   -126.2764088   59.9988895
   -126.2665034   59.9988907
   -126.2628534   60.0055200
   -126.2608261   60.0055197
   -126.2564212   59.9988918
   -126.2465105   59.9988930
   -126.2428645   60.0055170
   -126.2408358   60.0055167
   -126.2364327   59.9988942
   -126.2265171   59.9988954
   -126.2228735   60.0055140
   -126.2208472   60.0055137
   -126.2164454   59.9988965
   -126.2065242   59.9988977
   -126.2028845   60.0055110
   -126.2008565   60.0055107
   -126.1964573   59.9988989
   -126.1865308   59.9989000
   -126.1828947   60.0055080
   -126.1808658   60.0055077
   -126.1764692   59.9989012
   -126.1665371   59.9989024
   -126.1629040   60.0055050
   -126.1608771   60.0055047
   -126.1564819   59.9989036
   -126.1465442   59.9989047
   -126.1429151   60.0055020
   -126.1408868   60.0055017
   -126.1364935   59.9989059
   -126.1265511   59.9989071
   -126.1229250   60.0054990
   -126.1208961   60.0054987
   -126.1165054   59.9989083
   -126.1065574   59.9989094
   -126.1029343   60.0054960
   -126.1009074   60.0054957
   -126.0965181   59.9989106
   -126.0865645   59.9989118
   -126.0829453   60.0054930
   -126.0809167   60.0054927
   -126.0765300   59.9989130
   -126.0665711   59.9989141
   -126.0629555   60.0054900
   -126.0609270   60.0054897
   -126.0565424   59.9989153
   -126.0465780   59.9989165
   -126.0429657   60.0054870
   -126.0409378   60.0054867
   -126.0365543   59.9989177
   -126.0265849   59.9989188
   -126.0229756   60.0054840
   -126.0209471   60.0054837
   -126.0165662   59.9989200
   -126.0065915   59.9989212
   -126.0029858   60.0054810
   -126.0009573   60.0054807
   -125.9965786   59.9989223
   -125.9865983   59.9989235
   -125.9829960   60.0054780
   -125.9809677   60.0054777
   -125.9765908   59.9989247
   -125.9666049   59.9989259
   -125.9630062   60.0054750
   -125.9609774   60.0054747
   -125.9566024   59.9989270
   -125.9466118   59.9989282
   -125.9430161   60.0054720
   -125.9409877   60.0054717
   -125.9366148   59.9989294
   -125.9266186   59.9989306
   -125.9230262   60.0054690
   -125.9209980   60.0054687
   -125.9166270   59.9989317
   -125.9066253   59.9989329
   -125.9030364   60.0054660
   -125.9010073   60.0054657
   -125.8966389   59.9989341
   -125.8866319   59.9989353
   -125.8830466   60.0054630
   -125.8810176   60.0054627
   -125.8766513   59.9989364
   -125.8666387   59.9989376
   -125.8630568   60.0054600
   -125.8610284   60.0054597
   -125.8566632   59.9989388
   -125.8466456   59.9989400
   -125.8430667   60.0054570
   -125.8410387   60.0054567
   -125.8366756   59.9989411
   -125.8266524   59.9989423
   -125.8230768   60.0054540
   -125.8210490   60.0054537
   -125.8166879   59.9989435
   -125.8066590   59.9989446
   -125.8030870   60.0054510
   -125.8010583   60.0054507
   -125.7966998   59.9989458
   -125.7866657   59.9989470
   -125.7830972   60.0054480
   -125.7810686   60.0054477
   -125.7767122   59.9989482
   -125.7666725   59.9989493
   -125.7631074   60.0054450
   -125.7610794   60.0054447
   -125.7567242   59.9989505
   -125.7466794   59.9989517
   -125.7431173   60.0054420
   -125.7410887   60.0054417
   -125.7367361   59.9989529
   -125.7266860   59.9989540
   -125.7231275   60.0054390
   -125.7210990   60.0054387
   -125.7167485   59.9989552
   -125.7066929   59.9989564
   -125.7031376   60.0054360
   -125.7011093   60.0054357
   -125.6967608   59.9989575
   -125.6866995   59.9989587
   -125.6831478   60.0054330
   -125.6811200   60.0054327
   -125.6767729   59.9989599
   -125.6667069   59.9989611
   -125.6631585   60.0054300
   -125.6611293   60.0054297
   -125.6567848   59.9989622
   -125.6467132   59.9989634
   -125.6431679   60.0054270
   -125.6411397   60.0054267
   -125.6367971   59.9989646
   -125.6267198   59.9989658
   -125.6231781   60.0054240
   -125.6211500   60.0054237
   -125.6168095   59.9989669
   -125.6067270   59.9989681
   -125.6031891   60.0054210
   -125.6011593   60.0054207
   -125.5968214   59.9989693
   -125.5867333   59.9989705
   -125.5831984   60.0054180
   -125.5811701   60.0054177
   -125.5768334   59.9989716
   -125.5667402   59.9989728
   -125.5632083   60.0054150
   -125.5611804   60.0054147
   -125.5568458   59.9989740
   -125.5467473   59.9989752
   -125.5432193   60.0054120
   -125.5411897   60.0054117
   -125.5368578   59.9989763
   -125.5267537   59.9989775
   -125.5232286   60.0054090
   -125.5212000   60.0054087
   -125.5168701   59.9989787
   -125.5067603   59.9989799
   -125.5032388   60.0054060
   -125.5012103   60.0054057
   -125.4968825   59.9989810
   -125.4867674   59.9989822
   -125.4832499   60.0054030
   -125.4812200   60.0054027
   -125.4768941   59.9989834
   -125.4667740   59.9989846
   -125.4632589   60.0054000
   -125.4612314   60.0053997
   -125.4569069   59.9989857
   -125.4467812   59.9989869
   -125.4432699   60.0053970
   -125.4412407   60.0053967
   -125.4369189   59.9989881
   -125.4267878   59.9989892
   -125.4232801   60.0053940
   -125.4212500   60.0053937
   -125.4169308   59.9989904
   -125.4067941   59.9989916
   -125.4032894   60.0053910
   -125.4012618   60.0053907
   -125.3969433   59.9989928
   -125.3868015   59.9989939
   -125.3833001   60.0053880
   -125.3812711   60.0053877
   -125.3769553   59.9989951
   -125.3668082   59.9989963
   -125.3633103   60.0053850
   -125.3612804   60.0053847
   -125.3569672   59.9989974
   -125.3468145   59.9989986
   -125.3433196   60.0053820
   -125.3412917   60.0053817
   -125.3369800   59.9989998
   -125.3268217   59.9990010
   -125.3233307   60.0053790
   -125.3213010   60.0053787
   -125.3169920   59.9990021
   -125.3068280   59.9990033
   -125.3033400   60.0053760
   -125.3013128   60.0053757
   -125.2970045   59.9990045
   -125.2868354   59.9990057
   -125.2833507   60.0053730
   -125.2813221   60.0053727
   -125.2770165   59.9990068
   -125.2668421   59.9990080
   -125.2633609   60.0053700
   -125.2613314   60.0053697
   -125.2570284   59.9990092
   -125.2468484   59.9990104
   -125.2433702   60.0053670
   -125.2413428   60.0053667
   -125.2370413   59.9990115
   -125.2268555   59.9990127
   -125.2233812   60.0053640
   -125.2213521   60.0053637
   -125.2170532   59.9990139
   -125.2068622   59.9990151
   -125.2033914   60.0053610
   -125.2013618   60.0053607
   -125.1970649   59.9990162
   -125.1868688   59.9990174
   -125.1834004   60.0053580
   -125.1813732   60.0053577
   -125.1770777   59.9990186
   -125.1668759   59.9990198
   -125.1634114   60.0053550
   -125.1613825   60.0053547
   -125.1570897   59.9990209
   -125.1468826   59.9990221
   -125.1434216   60.0053520
   -125.1413918   60.0053517
   -125.1371016   59.9990233
   -125.1268889   59.9990245
   -125.1234310   60.0053490
   -125.1214036   60.0053487
   -125.1171142   59.9990256
   -125.1068963   59.9990268
   -125.1034416   60.0053460
   -125.1014129   60.0053457
   -125.0971262   59.9990280
   -125.0869030   59.9990292
   -125.0834518   60.0053430
   -125.0814232   60.0053427
   -125.0771386   59.9990303
   -125.0669098   59.9990315
   -125.0634620   60.0053400
   -125.0614336   60.0053397
   -125.0571510   59.9990326
   -125.0469165   59.9990338
   -125.0434722   60.0053370
   -125.0414429   60.0053367
   -125.0371630   59.9990350
   -125.0269231   59.9990362
   -125.0234824   60.0053340
   -125.0214536   60.0053337
   -125.0171751   59.9990373
   -125.0069302   59.9990385
   -125.0034922   60.0053310
   -125.0014639   60.0053307
   -124.9971875   59.9990397
   -124.9869369   59.9990409
   -124.9835024   60.0053280
   -124.9814733   60.0053277
   -124.9771995   59.9990420
   -124.9669435   59.9990432
   -124.9635126   60.0053250
   -124.9614836   60.0053247
   -124.9572120   59.9990444
   -124.9469504   59.9990456
   -124.9435227   60.0053220
   -124.9414939   60.0053217
   -124.9372243   59.9990467
   -124.9269570   59.9990479
   -124.9235329   60.0053190
   -124.9215046   60.0053187
   -124.9172365   59.9990491
   -124.9069645   59.9990503
   -124.9035436   60.0053160
   -124.9015140   60.0053157
   -124.8972485   59.9990514
   -124.8869708   59.9990526
   -124.8835529   60.0053130
   -124.8815243   60.0053127
   -124.8772609   59.9990538
   -124.8669775   59.9990550
   -124.8635631   60.0053100
   -124.8615347   60.0053097
   -124.8572734   59.9990561
   -124.8469846   59.9990573
   -124.8435741   60.0053070
   -124.8415440   60.0053067
   -124.8372854   59.9990585
   -124.8269910   59.9990597
   -124.8235834   60.0053040
   -124.8215547   60.0053037
   -124.8172975   59.9990608
   -124.8069979   59.9990620
   -124.8035933   60.0053010
   -124.8015651   60.0053007
   -124.7973100   59.9990632
   -124.7870051   59.9990644
   -124.7836043   60.0052980
   -124.7815744   60.0052977
   -124.7773220   59.9990655
   -124.7670114   59.9990667
   -124.7636136   60.0052950
   -124.7615858   60.0052947
   -124.7573349   59.9990678
   -124.7470186   59.9990691
   -124.7436246   60.0052920
   -124.7415955   60.0052917
   -124.7373466   59.9990702
   -124.7270252   59.9990714
   -124.7236336   60.0052890
   -124.7216058   60.0052887
   -124.7173590   59.9990725
   -124.7070318   59.9990738
   -124.7036438   60.0052860
   -124.7016162   60.0052857
   -124.6973715   59.9990749
   -124.6870390   59.9990761
   -124.6836548   60.0052830
   -124.6816255   60.0052827
   -124.6773835   59.9990772
   -124.6670454   59.9990784
   -124.6636641   60.0052800
   -124.6616359   60.0052797
   -124.6573959   59.9990796
   -124.6470520   59.9990808
   -124.6436743   60.0052770
   -124.6416466   60.0052767
   -124.6374081   59.9990819
   -124.6270594   59.9990831
   -124.6236850   60.0052740
   -124.6216559   60.0052737
   -124.6174201   59.9990843
   -124.6070658   59.9990855
   -124.6036943   60.0052710
   -124.6016663   60.0052707
   -124.5974325   59.9990866
   -124.5870725   59.9990878
   -124.5837045   60.0052680
   -124.5816766   60.0052677
   -124.5774451   59.9990890
   -124.5670796   59.9990902
   -124.5637155   60.0052650
   -124.5616859   60.0052647
   -124.5574571   59.9990913
   -124.5470860   59.9990925
   -124.5437248   60.0052620
   -124.5416977   60.0052617
   -124.5374697   59.9990937
   -124.5270934   59.9990949
   -124.5237355   60.0052590
   -124.5217070   60.0052587
   -124.5174818   59.9990960
   -124.5071001   59.9990972
   -124.5037457   60.0052560
   -124.5017163   60.0052557
   -124.4974938   59.9990984
   -124.4871064   59.9990996
   -124.4837550   60.0052530
   -124.4817277   60.0052527
   -124.4775067   59.9991007
   -124.4671136   59.9991019
   -124.4637660   60.0052500
   -124.4617374   60.0052497
   -124.4575185   59.9991030
   -124.4471205   59.9991043
   -124.4437759   60.0052470
   -124.4417468   60.0052467
   -124.4375305   59.9991054
   -124.4271269   59.9991066
   -124.4237852   60.0052440
   -124.4217582   60.0052437
   -124.4175434   59.9991077
   -124.4071341   59.9991090
   -124.4037962   60.0052410
   -124.4017675   60.0052407
   -124.3975555   59.9991101
   -124.3871407   59.9991113
   -124.3838064   60.0052380
   -124.3817778   60.0052377
   -124.3775680   59.9991124
   -124.3671476   59.9991137
   -124.3638165   60.0052350
   -124.3617886   60.0052347
   -124.3575802   59.9991148
   -124.3471545   59.9991160
   -124.3438264   60.0052320
   -124.3417979   60.0052317
   -124.3375922   59.9991171
   -124.3271612   59.9991184
   -124.3238366   60.0052290
   -124.3218082   60.0052287
   -124.3176048   59.9991195
   -124.3071681   59.9991207
   -124.3038467   60.0052260
   -124.3018186   60.0052257
   -124.2976172   59.9991218
   -124.2871752   59.9991230
   -124.2838571   60.0052230
   -124.2818279   60.0052227
   -124.2776297   59.9991242
   -124.2671819   59.9991254
   -124.2638672   60.0052200
   -124.2618387   60.0052197
   -124.2576420   59.9991265
   -124.2471890   59.9991277
   -124.2438771   60.0052170
   -124.2418491   60.0052167
   -124.2376544   59.9991289
   -124.2271957   59.9991301
   -124.2238872   60.0052140
   -124.2218584   60.0052137
   -124.2176665   59.9991312
   -124.2072024   59.9991324
   -124.2038974   60.0052110
   -124.2018687   60.0052107
   -124.1976791   59.9991336
   -124.1872093   59.9991348
   -124.1839075   60.0052081
   -124.1818795   60.0052077
   -124.1776912   59.9991359
   -124.1672162   59.9991371
   -124.1639174   60.0052051
   -124.1618898   60.0052047
   -124.1577038   59.9991382
   -124.1472231   59.9991395
   -124.1439275   60.0052021
   -124.1419002   60.0052017
   -124.1377163   59.9991406
   -124.1272297   59.9991418
   -124.1239377   60.0051991
   -124.1219095   60.0051987
   -124.1177283   59.9991429
   -124.1072364   59.9991442
   -124.1039479   60.0051961
   -124.1019199   60.0051957
   -124.0977409   59.9991453
   -124.0872433   59.9991465
   -124.0839580   60.0051931
   -124.0819307   60.0051927
   -124.0777531   59.9991476
   -124.0672502   59.9991489
   -124.0639679   60.0051901
   -124.0619400   60.0051897
   -124.0577652   59.9991500
   -124.0472569   59.9991512
   -124.0439781   60.0051871
   -124.0419503   60.0051867
   -124.0377778   59.9991523
   -124.0272638   59.9991536
   -124.0239882   60.0051841
   -124.0219607   60.0051837
   -124.0177902   59.9991547
   -124.0072705   59.9991559
   -124.0039984   60.0051811
   -124.0019710   60.0051807
   -123.9978028   59.9991570
   -123.9872777   59.9991583
   -123.9840093   60.0051781
   -123.9819808   60.0051777
   -123.9778146   59.9991594
   -123.9672843   59.9991606
   -123.9640184   60.0051751
   -123.9619912   60.0051747
   -123.9578271   59.9991617
   -123.9472910   59.9991630
   -123.9440285   60.0051721
   -123.9420015   60.0051717
   -123.9378397   59.9991641
   -123.9272982   59.9991653
   -123.9240395   60.0051691
   -123.9220108   60.0051687
   -123.9178518   59.9991664
   -123.9073045   59.9991676
   -123.9040488   60.0051661
   -123.9020216   60.0051658
   -123.8978640   59.9991688
   -123.8873114   59.9991700
   -123.8840587   60.0051631
   -123.8820320   60.0051628
   -123.8778766   59.9991711
   -123.8673187   59.9991723
   -123.8640697   60.0051601
   -123.8620413   60.0051598
   -123.8578887   59.9991734
   -123.8473250   59.9991747
   -123.8440790   60.0051571
   -123.8420517   60.0051568
   -123.8379012   59.9991758
   -123.8274357   59.9989853
   -123.8240891   60.0051541
   -123.8220620   60.0051538
   -123.8159911   59.9964085
   -123.8088429   59.9964063
   -123.8041001   60.0051511
   -123.8020717   60.0051508
   -123.7959962   59.9964023
   -123.7888544   59.9964001
   -123.7841091   60.0051481
   -123.7820832   60.0051478
   -123.7760023   59.9963961
   -123.7688659   59.9963938
   -123.7641201   60.0051451
   -123.7620925   60.0051448
   -123.7560080   59.9963898
   -123.7488769   59.9963876
   -123.7441303   60.0051421
   -123.7421018   60.0051418
   -123.7360137   59.9963836
   -123.7288880   59.9963814
   -123.7241396   60.0051391
   -123.7221132   60.0051388
   -123.7160198   59.9963774
   -123.7088994   59.9963751
   -123.7041506   60.0051361
   -123.7021229   60.0051358
   -123.6960249   59.9963711
   -123.6889110   59.9963689
   -123.6841604   60.0051331
   -123.6821323   60.0051328
   -123.6760305   59.9963649
   -123.6689220   59.9963627
   -123.6641698   60.0051301
   -123.6621437   60.0051298
   -123.6560366   59.9963587
   -123.6489334   59.9963565
   -123.6441807   60.0051271
   -123.6421530   60.0051268
   -123.6360423   59.9963524
   -123.6289444   59.9963502
   -123.6241900   60.0051241
   -123.6221648   60.0051238
   -123.6160478   59.9963462
   -123.6089564   59.9963440
   -123.6042007   60.0051211
   -123.6021742   60.0051208
   -123.5960534   59.9963400
   -123.5889674   59.9963378
   -123.5842109   60.0051181
   -123.5821835   60.0051178
   -123.5760591   59.9963337
   -123.5689784   59.9963315
   -123.5642202   60.0051151
   -123.5621949   60.0051148
   -123.5560652   59.9963275
   -123.5489899   59.9963253
   -123.5442312   60.0051121
   -123.5422043   60.0051118
   -123.5360708   59.9963213
   -123.5290009   59.9963191
   -123.5242413   60.0051091
   -123.5222140   60.0051088
   -123.5160759   59.9963150
   -123.5090124   59.9963128
   -123.5042503   60.0051061
   -123.5022254   60.0051058
   -123.4960819   59.9963088
   -123.4890239   59.9963066
   -123.4842613   60.0051031
   -123.4822347   60.0051028
   -123.4760876   59.9963026
   -123.4690349   59.9963004
   -123.4642715   60.0051001
   -123.4622441   60.0050998
   -123.4560933   59.9962963
   -123.4490459   59.9962941
   -123.4442808   60.0050971
   -123.4422555   60.0050968
   -123.4360993   59.9962901
   -123.4290574   59.9962879
   -123.4242918   60.0050941
   -123.4222652   60.0050938
   -123.4161044   59.9962839
   -123.4090689   59.9962817
   -123.4043016   60.0050911
   -123.4022756   60.0050908
   -123.3961103   59.9962776
   -123.3890803   59.9962754
   -123.3843117   60.0050881
   -123.3822860   60.0050878
   -123.3761160   59.9962714
   -123.3690914   59.9962692
   -123.3643219   60.0050851
   -123.3622953   60.0050848
   -123.3561217   59.9962652
   -123.3491024   59.9962630
   -123.3443321   60.0050821
   -123.3423060   60.0050818
   -123.3361270   59.9962589
   -123.3291143   59.9962568
   -123.3243419   60.0050791
   -123.3223165   60.0050788
   -123.3161327   59.9962527
   -123.3091254   59.9962505
   -123.3043520   60.0050761
   -123.3023258   60.0050758
   -123.2961384   59.9962465
   -123.2891364   59.9962443
   -123.2843622   60.0050731
   -123.2823361   60.0050728
   -123.2761443   59.9962402
   -123.2691478   59.9962381
   -123.2643723   60.0050701
   -123.2623466   60.0050698
   -123.2561501   59.9962340
   -123.2491589   59.9962318
   -123.2443825   60.0050671
   -123.2423573   60.0050668
   -123.2361554   59.9962278
   -123.2291708   59.9962256
   -123.2243931   60.0050641
   -123.2223666   60.0050638
   -123.2161610   59.9962215
   -123.2091818   59.9962194
   -123.2044024   60.0050611
   -123.2023771   60.0050608
   -123.1961667   59.9962153
   -123.1891928   59.9962131
   -123.1844126   60.0050581
   -123.1823874   60.0050578
   -123.1761727   59.9962091
   -123.1692043   59.9962069
   -123.1644236   60.0050551
   -123.1623967   60.0050548
   -123.1561783   59.9962028
   -123.1492153   59.9962007
   -123.1444329   60.0050521
   -123.1424076   60.0050518
   -123.1361834   59.9961966
   -123.1292268   59.9961944
   -123.1244427   60.0050491
   -123.1224179   60.0050488
   -123.1161893   59.9961904
   -123.1092383   59.9961882
   -123.1044537   60.0050461
   -123.1024272   60.0050458
   -123.0961949   59.9961841
   -123.0892493   59.9961820
   -123.0844630   60.0050431
   -123.0824377   60.0050428
   -123.0762006   59.9961779
   -123.0692603   59.9961757
   -123.0644732   60.0050401
   -123.0624484   60.0050398
   -123.0562059   59.9961717
   -123.0492722   59.9961695
   -123.0444830   60.0050371
   -123.0424588   60.0050368
   -123.0362116   59.9961654
   -123.0292832   59.9961633
   -123.0244931   60.0050341
   -123.0224692   60.0050338
   -123.0162175   59.9961592
   -123.0092947   59.9961570
   -123.0045041   60.0050311
   -123.0024785   60.0050308
   -122.9962231   59.9961530
   -122.9893056   59.9961508
   -122.9845134   60.0050281
   -122.9824890   60.0050278
   -122.9762288   59.9961467
   -122.9693167   59.9961446
   -122.9645236   60.0050251
   -122.9624997   60.0050248
   -122.9562341   59.9961405
   -122.9493286   59.9961384
   -122.9445342   60.0050221
   -122.9425090   60.0050218
   -122.9362397   59.9961343
   -122.9293396   59.9961321
   -122.9245435   60.0050191
   -122.9225195   60.0050188
   -122.9162454   59.9961280
   -122.9093507   59.9961259
   -122.9045537   60.0050161
   -122.9025298   60.0050158
   -122.8962513   59.9961218
   -122.8893621   59.9961197
   -122.8845646   60.0050131
   -122.8825392   60.0050128
   -122.8762569   59.9961156
   -122.8693731   59.9961134
   -122.8645739   60.0050101
   -122.8625510   60.0050098
   -122.8562622   59.9961093
   -122.8493850   59.9961072
   -122.8445846   60.0050071
   -122.8425603   60.0050068
   -122.8362678   59.9961031
   -122.8293960   59.9961010
   -122.8245948   60.0050041
   -122.8225697   60.0050038
   -122.8162734   59.9960969
   -122.8094070   59.9960947
   -122.8046041   60.0050011
   -122.8025811   60.0050008
   -122.7962793   59.9960906
   -122.7894185   59.9960885
   -122.7846150   60.0049981
   -122.7825909   60.0049978
   -122.7762843   59.9960844
   -122.7694300   59.9960823
   -122.7646249   60.0049951
   -122.7626002   60.0049948
   -122.7562899   59.9960782
   -122.7494410   59.9960760
   -122.7446342   60.0049921
   -122.7426117   60.0049918
   -122.7362958   59.9960719
   -122.7294524   59.9960698
   -122.7246451   60.0049891
   -122.7226210   60.0049888
   -122.7163014   59.9960657
   -122.7094634   59.9960636
   -122.7046553   60.0049861
   -122.7026303   60.0049858
   -122.6963070   59.9960595
   -122.6894744   59.9960573
   -122.6846646   60.0049831
   -122.6826422   60.0049828
   -122.6763123   59.9960532
   -122.6694864   59.9960511
   -122.6646752   60.0049801
   -122.6626515   60.0049798
   -122.6563179   59.9960470
   -122.6494974   59.9960449
   -122.6446854   60.0049771
   -122.6426619   60.0049768
   -122.6363237   59.9960408
   -122.6295088   59.9960387
   -122.6246955   60.0049741
   -122.6226723   60.0049738
   -122.6163294   59.9960345
   -122.6095198   59.9960324
   -122.6047056   60.0049711
   -122.6026817   60.0049708
   -122.5963349   59.9960283
   -122.5895308   59.9960262
   -122.5847158   60.0049681
   -122.5826924   60.0049678
   -122.5763402   59.9960221
   -122.5695427   59.9960200
   -122.5647256   60.0049651
   -122.5627029   60.0049648
   -122.5563458   59.9960158
   -122.5495537   59.9960137
   -122.5447358   60.0049621
   -122.5427122   60.0049618
   -122.5363513   59.9960096
   -122.5295648   59.9960075
   -122.5247459   60.0049591
   -122.5227226   60.0049588
   -122.5163572   59.9960034
   -122.5095761   59.9960013
   -122.5047560   60.0049561
   -122.5027334   60.0049558
   -122.4963622   59.9959971
   -122.4895877   59.9959950
   -122.4847659   60.0049531
   -122.4827438   60.0049528
   -122.4763680   59.9959909
   -122.4695990   59.9959888
   -122.4647760   60.0049501
   -122.4627542   60.0049498
   -122.4563736   59.9959847
   -122.4496101   59.9959826
   -122.4447861   60.0049471
   -122.4427636   60.0049468
   -122.4363792   59.9959784
   -122.4296211   59.9959763
   -122.4247963   60.0049441
   -122.4227739   60.0049438
   -122.4163850   59.9959722
   -122.4096325   59.9959701
   -122.4048064   60.0049411
   -122.4027848   60.0049408
   -122.3963900   59.9959660
   -122.3896440   59.9959639
   -122.3848162   60.0049381
   -122.3827941   60.0049378
   -122.3763955   59.9959597
   -122.3696550   59.9959576
   -122.3648264   60.0049351
   -122.3628045   60.0049348
   -122.3564014   59.9959535
   -122.3496664   59.9959514
   -122.3448365   60.0049321
   -122.3428149   60.0049318
   -122.3364070   59.9959473
   -122.3296774   59.9959452
   -122.3248466   60.0049291
   -122.3228243   60.0049288
   -122.3164125   59.9959410
   -122.3096885   59.9959389
   -122.3048567   60.0049261
   -122.3028350   60.0049258
   -122.2964177   59.9959348
   -122.2897003   59.9959327
   -122.2848666   60.0049231
   -122.2828455   60.0049228
   -122.2764233   59.9959286
   -122.2697113   59.9959265
   -122.2648767   60.0049201
   -122.2628558   60.0049198
   -122.2564291   59.9959223
   -122.2497227   59.9959203
   -122.2448876   60.0049171
   -122.2428652   60.0049168
   -122.2364346   59.9959161
   -122.2297337   59.9959140
   -122.2248970   60.0049141
   -122.2228760   60.0049138
   -122.2164396   59.9959099
   -122.2097453   59.9959078
   -122.2049068   60.0049111
   -122.2028864   60.0049108
   -122.1964454   59.9959036
   -122.1897567   59.9959016
   -122.1849177   60.0049081
   -122.1828957   60.0049078
   -122.1764509   59.9958974
   -122.1697677   59.9958953
   -122.1649270   60.0049051
   -122.1629062   60.0049048
   -122.1564565   59.9958912
   -122.1497787   59.9958891
   -122.1449372   60.0049021
   -122.1429166   60.0049018
   -122.1364623   59.9958849
   -122.1297901   59.9958829
   -122.1249481   60.0048991
   -122.1229263   60.0048988
   -122.1164672   59.9958787
   -122.1098016   59.9958766
   -122.1049571   60.0048961
   -122.1029378   60.0048958
   -122.0964730   59.9958725
   -122.0898130   59.9958704
   -122.0849681   60.0048931
   -122.0829471   60.0048928
   -122.0764785   59.9958662
   -122.0698240   59.9958642
   -122.0649782   60.0048901
   -122.0629565   60.0048898
   -122.0564840   59.9958600
   -122.0498350   59.9958579
   -122.0449875   60.0048871
   -122.0429680   60.0048868
   -122.0364899   59.9958538
   -122.0298464   59.9958517
   -122.0249985   60.0048841
   -122.0229777   60.0048838
   -122.0164947   59.9958475
   -122.0098579   59.9958455
   -122.0050083   60.0048811
   -122.0029870   60.0048808
   -121.9965002   59.9958413
   -121.9898689   59.9958392
   -121.9850176   60.0048781
   -121.9829985   60.0048778
   -121.9765061   59.9958351
   -121.9698803   59.9958330
   -121.9650285   60.0048751
   -121.9630079   60.0048748
   -121.9565116   59.9958288
   -121.9498912   59.9958268
   -121.9450378   60.0048721
   -121.9430198   60.0048718
   -121.9365167   59.9958226
   -121.9299031   59.9958206
   -121.9250485   60.0048691
   -121.9230291   60.0048688
   -121.9165222   59.9958164
   -121.9099142   59.9958143
   -121.9050586   60.0048661
   -121.9030385   60.0048658
   -121.8965277   59.9958101
   -121.8899251   59.9958081
   -121.8850679   60.0048631
   -121.8830499   60.0048628
   -121.8765335   59.9958039
   -121.8699365   59.9958019
   -121.8650789   60.0048601
   -121.8630593   60.0048598
   -121.8565390   59.9957977
   -121.8499475   59.9957956
   -121.8450890   60.0048571
   -121.8430690   60.0048568
   -121.8365439   59.9957914
   -121.8299590   59.9957894
   -121.8250980   60.0048541
   -121.8230805   60.0048538
   -121.8165497   59.9957852
   -121.8099704   59.9957832
   -121.8051089   60.0048511
   -121.8030899   60.0048508
   -121.7965552   59.9957790
   -121.7899814   59.9957769
   -121.7851191   60.0048481
   -121.7830992   60.0048478
   -121.7765606   59.9957727
   -121.7699924   59.9957707
   -121.7651284   60.0048451
   -121.7631107   60.0048448
   -121.7565664   59.9957665
   -121.7500038   59.9957645
   -121.7451393   60.0048421
   -121.7431205   60.0048418
   -121.7365712   59.9957603
   -121.7300153   59.9957582
   -121.7251491   60.0048391
   -121.7231309   60.0048388
   -121.7165770   59.9957540
   -121.7100267   59.9957520
   -121.7051592   60.0048361
   -121.7031413   60.0048358
   -121.6965825   59.9957478
   -121.6900377   59.9957458
   -121.6851694   60.0048331
   -121.6831507   60.0048328
   -121.6765880   59.9957416
   -121.6700487   59.9957395
   -121.6651795   60.0048301
   -121.6631614   60.0048298
   -121.6565931   59.9957353
   -121.6500606   59.9957333
   -121.6451893   60.0048271
   -121.6431719   60.0048268
   -121.6365986   59.9957291
   -121.6300716   59.9957271
   -121.6251994   60.0048241
   -121.6231813   60.0048238
   -121.6166040   59.9957229
   -121.6100826   59.9957208
   -121.6052096   60.0048211
   -121.6031917   60.0048208
   -121.5966098   59.9957166
   -121.5900939   59.9957146
   -121.5852197   60.0048181
   -121.5832021   60.0048178
   -121.5766153   59.9957104
   -121.5701049   59.9957084
   -121.5652298   60.0048151
   -121.5632129   60.0048148
   -121.5566203   59.9957042
   -121.5501168   59.9957022
   -121.5452404   60.0048121
   -121.5432222   60.0048118
   -121.5366258   59.9956979
   -121.5301278   59.9956959
   -121.5252497   60.0048091
   -121.5232327   60.0048088
   -121.5166313   59.9956917
   -121.5101388   59.9956897
   -121.5052599   60.0048061
   -121.5032431   60.0048058
   -121.4966370   59.9956855
   -121.4901502   59.9956835
   -121.4852708   60.0048031
   -121.4832525   60.0048028
   -121.4766425   59.9956792
   -121.4701612   59.9956772
   -121.4652801   60.0048001
   -121.4632633   60.0047998
   -121.4566473   59.9956730
   -121.4501727   59.9956710
   -121.4452899   60.0047971
   -121.4432737   60.0047968
   -121.4366530   59.9956668
   -121.4301841   59.9956648
   -121.4253009   60.0047941
   -121.4232831   60.0047938
   -121.4166584   59.9956605
   -121.4101950   59.9956585
   -121.4053102   60.0047911
   -121.4032935   60.0047908
   -121.3966639   59.9956543
   -121.3902060   59.9956523
   -121.3853203   60.0047881
   -121.3833043   60.0047878
   -121.3766689   59.9956481
   -121.3702179   59.9956461
   -121.3653301   60.0047851
   -121.3633148   60.0047848
   -121.3566744   59.9956418
   -121.3502289   59.9956398
   -121.3453402   60.0047821
   -121.3433252   60.0047818
   -121.3366801   59.9956356
   -121.3302403   59.9956336
   -121.3253511   60.0047791
   -121.3233345   60.0047788
   -121.3166855   59.9956294
   -121.3102512   59.9956274
   -121.3053604   60.0047761
   -121.3033450   60.0047758
   -121.2966910   59.9956232
   -121.2902622   59.9956211
   -121.2853706   60.0047731
   -121.2833558   60.0047728
   -121.2766960   59.9956169
   -121.2702741   59.9956149
   -121.2653812   60.0047701
   -121.2633652   60.0047698
   -121.2567014   59.9956107
   -121.2502851   59.9956087
   -121.2453905   60.0047671
   -121.2433756   60.0047668
   -121.2367069   59.9956045
   -121.2302961   59.9956025
   -121.2254006   60.0047641
   -121.2233860   60.0047638
   -121.2167126   59.9955982
   -121.2103075   59.9955962
   -121.2054115   60.0047611
   -121.2033954   60.0047608
   -121.1967180   59.9955920
   -121.1903184   59.9955900
   -121.1854208   60.0047581
   -121.1834073   60.0047578
   -121.1767230   59.9955858
   -121.1703303   59.9955838
   -121.1654315   60.0047551
   -121.1634167   60.0047548
   -121.1567284   59.9955795
   -121.1503413   59.9955775
   -121.1454416   60.0047521
   -121.1434260   60.0047518
   -121.1367339   59.9955733
   -121.1303523   59.9955713
   -121.1254509   60.0047491
   -121.1234375   60.0047488
   -121.1167395   59.9955671
   -121.1103637   59.9955651
   -121.1054618   60.0047461
   -121.1034473   60.0047458
   -121.0967443   59.9955608
   -121.0903752   59.9955588
   -121.0854716   60.0047431
   -121.0834566   60.0047428
   -121.0767497   59.9955546
   -121.0703861   59.9955526
   -121.0654809   60.0047401
   -121.0634682   60.0047398
   -121.0567554   59.9955484
   -121.0503975   59.9955464
   -121.0454919   60.0047371
   -121.0434775   60.0047368
   -121.0367608   59.9955421
   -121.0304085   59.9955401
   -121.0255020   60.0047341
   -121.0234869   60.0047338
   -121.0167662   59.9955359
   -121.0104195   59.9955339
   -121.0055113   60.0047311
   -121.0034988   60.0047308
   -120.9967711   59.9955297
   -120.9904313   59.9955277
   -120.9855219   60.0047281
   -120.9835082   60.0047278
   -120.9767766   59.9955234
   -120.9704423   59.9955214
   -120.9655320   60.0047251
   -120.9635186   60.0047248
   -120.9567822   59.9955172
   -120.9504537   59.9955152
   -120.9455421   60.0047221
   -120.9435291   60.0047218
   -120.9367876   59.9955110
   -120.9304647   59.9955090
   -120.9255522   60.0047191
   -120.9235384   60.0047188
   -120.9167930   59.9955047
   -120.9104756   59.9955027
   -120.9055623   60.0047161
   -120.9035492   60.0047158
   -120.8967979   59.9954985
   -120.8904875   59.9954965
   -120.8855722   60.0047131
   -120.8835597   60.0047128
   -120.8768034   59.9954923
   -120.8704985   59.9954903
   -120.8655823   60.0047101
   -120.8635691   60.0047098
   -120.8568087   59.9954860
   -120.8505095   59.9954841
   -120.8455924   60.0047071
   -120.8435795   60.0047068
   -120.8368144   59.9954798
   -120.8305208   59.9954778
   -120.8256025   60.0047041
   -120.8235903   60.0047038
   -120.8168191   59.9954736
   -120.8105323   59.9954716
   -120.8056123   60.0047011
   -120.8036007   60.0047008
   -120.7968247   59.9954673
   -120.7905437   59.9954654
   -120.7856224   60.0046981
   -120.7836112   60.0046978
   -120.7768301   59.9954611
   -120.7705546   59.9954591
   -120.7656325   60.0046951
   -120.7636206   60.0046948
   -120.7568355   59.9954549
   -120.7505656   59.9954529
   -120.7456426   60.0046921
   -120.7436310   60.0046918
   -120.7368411   59.9954486
   -120.7305770   59.9954467
   -120.7256527   60.0046891
   -120.7236419   60.0046888
   -120.7168458   59.9954424
   -120.7105885   59.9954404
   -120.7056626   60.0046861
   -120.7036513   60.0046858
   -120.6968511   59.9954362
   -120.6905995   59.9954342
   -120.6856727   60.0046831
   -120.6836617   60.0046828
   -120.6768568   59.9954299
   -120.6706108   59.9954280
   -120.6656828   60.0046801
   -120.6636722   60.0046798
   -120.6568621   59.9954237
   -120.6506218   59.9954217
   -120.6456929   60.0046771
   -120.6436815   60.0046768
   -120.6368675   59.9954175
   -120.6306328   59.9954155
   -120.6257030   60.0046741
   -120.6236923   60.0046738
   -120.6168724   59.9954112
   -120.6106446   59.9954093
   -120.6057128   60.0046711
   -120.6037028   60.0046708
   -120.5968778   59.9954050
   -120.5906556   59.9954030
   -120.5857229   60.0046681
   -120.5837132   60.0046678
   -120.5768834   59.9953988
   -120.5706669   59.9953968
   -120.5657338   60.0046651
   -120.5637226   60.0046648
   -120.5568887   59.9953925
   -120.5506779   59.9953906
   -120.5457431   60.0046621
   -120.5437335   60.0046618
   -120.5368933   59.9953863
   -120.5306894   59.9953844
   -120.5257529   60.0046591
   -120.5237439   60.0046588
   -120.5168989   59.9953801
   -120.5107007   59.9953781
   -120.5057638   60.0046561
   -120.5037533   60.0046558
   -120.4969043   59.9953738
   -120.4907117   59.9953719
   -120.4857731   60.0046531
   -120.4837638   60.0046528
   -120.4769096   59.9953676
   -120.4707227   59.9953657
   -120.4657832   60.0046501
   -120.4637742   60.0046498
   -120.4569152   59.9953614
   -120.4507340   59.9953594
   -120.4457941   60.0046471
   -120.4437839   60.0046468
   -120.4369198   59.9953551
   -120.4307455   59.9953532
   -120.4258032   60.0046441
   -120.4237955   60.0046438
   -120.4169254   59.9953489
   -120.4107569   59.9953470
   -120.4058141   60.0046411
   -120.4038049   60.0046408
   -120.3969308   59.9953427
   -120.3907678   59.9953407
   -120.3858242   60.0046381
   -120.3838142   60.0046378
   -120.3769361   59.9953364
   -120.3707788   59.9953345
   -120.3658335   60.0046351
   -120.3638258   60.0046348
   -120.3569417   59.9953302
   -120.3507901   59.9953283
   -120.3458444   60.0046321
   -120.3438355   60.0046318
   -120.3369463   59.9953240
   -120.3308016   59.9953220
   -120.3258542   60.0046291
   -120.3238449   60.0046288
   -120.3169516   59.9953177
   -120.3108126   59.9953158
   -120.3058635   60.0046261
   -120.3038565   60.0046258
   -120.2969572   59.9953115
   -120.2908239   59.9953096
   -120.2858744   60.0046231
   -120.2838658   60.0046228
   -120.2769625   59.9953053
   -120.2708349   59.9953033
   -120.2658837   60.0046201
   -120.2638763   60.0046198
   -120.2569678   59.9952990
   -120.2508459   59.9952971
   -120.2458938   60.0046171
   -120.2438871   60.0046168
   -120.2369726   59.9952928
   -120.2308577   59.9952909
   -120.2259044   60.0046141
   -120.2238965   60.0046138
   -120.2169780   59.9952866
   -120.2108687   59.9952846
   -120.2059137   60.0046111
   -120.2039081   60.0046108
   -120.1969835   59.9952803
   -120.1908800   59.9952784
   -120.1859246   60.0046081
   -120.1839174   60.0046078
   -120.1769888   59.9952741
   -120.1708910   59.9952722
   -120.1659347   60.0046051
   -120.1639272   60.0046048
   -120.1569934   59.9952679
   -120.1509025   59.9952660
   -120.1459437   60.0046021
   -120.1439388   60.0046018
   -120.1369989   59.9952616
   -120.1309138   59.9952597
   -120.1259546   60.0045991
   -120.1239481   60.0045988
   -120.1170042   59.9952554
   -120.1109248   59.9952535
   -120.1059647   60.0045961
   -120.1039575   60.0045958
   -120.0970095   59.9952492
   -120.0909358   59.9952473
   -120.0859740   60.0045931
   -120.0839691   60.0045928
   -120.0770151   59.9952429
   -120.0709471   59.9952410
   -120.0659849   60.0045901
   -120.0639788   60.0045898
   -120.0570196   59.9952367
   -120.0509586   59.9952348
   -120.0459947   60.0045871
   -120.0439893   60.0045868
   -120.0370251   59.9952305
   -120.0309699   59.9952286
   -120.0260048   60.0045841
   -120.0239998   60.0045838
   -120.0170304   59.9952242
   -120.0109809   59.9952223
   -120.0060149   60.0045811
   -120.0010468   60.0006034
   -120.0008616   59.9453621
END
END
