north-america-canada-prairies
1
   -119.9912626   59.9952162
   -119.9880550   59.9952152
   -119.9845856   60.0025381
   -119.9712637   59.9952100
   -119.9680670   59.9952090
   -119.9646046   60.0025362
   -119.9512642   59.9952037
   -119.9480789   59.9952027
   -119.9446233   60.0025342
   -119.9312665   59.9951975
   -119.9280905   59.9951965
   -119.9246468   60.0025323
   -119.9112676   59.9951912
   -119.9081025   59.9951903
   -119.9046655   60.0025303
   -119.8912699   59.9951850
   -119.8881141   59.9951840
   -119.8846846   60.0025284
   -119.8712703   59.9951788
   -119.8681267   59.9951778
   -119.8647064   60.0025264
   -119.8512736   59.9951725
   -119.8481387   59.9951716
   -119.8447251   60.0025244
   -119.8312759   59.9951663
   -119.8281503   59.9951653
   -119.8247466   60.0025225
   -119.8112770   59.9951601
   -119.8081623   59.9951591
   -119.8047675   60.0025205
   -119.7912792   59.9951538
   -119.7881739   59.9951529
   -119.7847865   60.0025186
   -119.7712796   59.9951476
   -119.7681859   59.9951466
   -119.7648081   60.0025166
   -119.7512807   59.9951414
   -119.7481979   59.9951404
   -119.7448290   60.0025146
   -119.7312829   59.9951351
   -119.7282101   59.9951342
   -119.7248459   60.0025127
   -119.7112873   59.9951289
   -119.7082216   59.9951280
   -119.7048675   60.0025107
   -119.6912883   59.9951227
   -119.6882337   59.9951217
   -119.6848887   60.0025088
   -119.6712887   59.9951164
   -119.6682457   59.9951155
   -119.6649103   60.0025068
   -119.6512897   59.9951102
   -119.6482577   59.9951093
   -119.6449290   60.0025049
   -119.6312919   59.9951040
   -119.6282693   59.9951030
   -119.6249478   60.0025029
   -119.6112941   59.9950977
   -119.6082809   59.9950968
   -119.6049719   60.0025009
   -119.5912933   59.9950915
   -119.5882939   59.9950906
   -119.5849889   60.0024990
   -119.5712976   59.9950853
   -119.5683055   59.9950843
   -119.5650076   60.0024970
   -119.5512998   59.9950790
   -119.5483171   59.9950781
   -119.5450314   60.0024951
   -119.5313008   59.9950728
   -119.5283291   59.9950719
   -119.5250502   60.0024931
   -119.5113029   59.9950666
   -119.5083407   59.9950656
   -119.5050694   60.0024912
   -119.4913032   59.9950603
   -119.4883527   59.9950594
   -119.4850932   60.0024892
   -119.4713042   59.9950541
   -119.4683647   59.9950532
   -119.4651120   60.0024872
   -119.4513063   59.9950479
   -119.4483769   59.9950469
   -119.4451318   60.0024853
   -119.4313095   59.9950416
   -119.4283890   59.9950407
   -119.4251528   60.0024833
   -119.4113116   59.9950354
   -119.4084006   59.9950345
   -119.4051720   60.0024814
   -119.3913119   59.9950292
   -119.3884126   59.9950283
   -119.3851937   60.0024794
   -119.3713128   59.9950229
   -119.3684246   59.9950220
   -119.3652147   60.0024774
   -119.3513149   59.9950167
   -119.3484362   59.9950158
   -119.3452336   60.0024755
   -119.3313170   59.9950105
   -119.3284484   59.9950096
   -119.3252538   60.0024735
   -119.3113182   59.9950042
   -119.3084609   59.9950033
   -119.3052726   60.0024716
   -119.2913203   59.9949980
   -119.2884725   59.9949971
   -119.2852965   60.0024696
   -119.2713212   59.9949917
   -119.2684845   59.9949909
   -119.2653154   60.0024677
   -119.2513232   59.9949855
   -119.2484961   59.9949846
   -119.2453343   60.0024657
   -119.2313253   59.9949793
   -119.2285078   59.9949784
   -119.2253586   60.0024637
   -119.2113243   59.9949730
   -119.2085202   59.9949722
   -119.2053775   60.0024618
   -119.1913263   59.9949668
   -119.1885324   59.9949659
   -119.1853945   60.0024598
   -119.1713307   59.9949606
   -119.1685440   59.9949597
   -119.1654185   60.0024579
   -119.1513315   59.9949543
   -119.1485561   59.9949535
   -119.1454374   60.0024559
   -119.1313335   59.9949481
   -119.1285677   59.9949472
   -119.1254566   60.0024539
   -119.1113337   59.9949419
   -119.1085797   59.9949410
   -119.1054806   60.0024520
   -119.0913344   59.9949356
   -119.0885918   59.9949348
   -119.0854996   60.0024500
   -119.0713365   59.9949294
   -119.0686034   59.9949286
   -119.0655214   60.0024481
   -119.0513372   59.9949232
   -119.0486161   59.9949223
   -119.0455410   60.0024461
   -119.0313396   59.9949169
   -119.0286281   59.9949161
   -119.0255599   60.0024442
   -119.0113416   59.9949107
   -119.0086397   59.9949099
   -119.0055818   60.0024422
   -118.9913424   59.9949045
   -118.9886518   59.9949036
   -118.9856007   60.0024402
   -118.9713444   59.9948982
   -118.9686634   59.9948974
   -118.9656219   60.0024383
   -118.9513464   59.9948920
   -118.9486751   59.9948912
   -118.9456441   60.0024363
   -118.9313452   59.9948858
   -118.9286875   59.9948849
   -118.9256631   60.0024344
   -118.9113471   59.9948795
   -118.9086997   59.9948787
   -118.9056853   60.0024324
   -118.8913501   59.9948733
   -118.8887118   59.9948725
   -118.8857043   60.0024304
   -118.8713521   59.9948671
   -118.8687234   59.9948662
   -118.8657233   60.0024285
   -118.8513541   59.9948608
   -118.8487351   59.9948600
   -118.8457477   60.0024265
   -118.8313528   59.9948546
   -118.8287475   59.9948538
   -118.8257667   60.0024246
   -118.8113548   59.9948484
   -118.8087592   59.9948475
   -118.8057858   60.0024226
   -118.7913567   59.9948421
   -118.7887708   59.9948413
   -118.7858099   60.0024207
   -118.7713573   59.9948359
   -118.7687835   59.9948351
   -118.7658239   60.0024169
   -118.7513597   59.9948297
   -118.7487955   59.9948289
   -118.7458344   60.0024089
   -118.7313603   59.9948234
   -118.7288076   59.9948226
   -118.7258449   60.0024013
   -118.7113622   59.9948172
   -118.7088192   59.9948164
   -118.7058549   60.0023947
   -118.6913641   59.9948109
   -118.6888309   59.9948102
   -118.6858654   60.0023867
   -118.6713647   59.9948047
   -118.6688430   59.9948039
   -118.6658759   60.0023802
   -118.6513647   59.9947985
   -118.6488556   59.9947977
   -118.6458859   60.0023733
   -118.6313689   59.9947922
   -118.6288673   59.9947915
   -118.6258964   60.0023654
   -118.6113695   59.9947860
   -118.6088793   59.9947852
   -118.6059069   60.0023590
   -118.5913714   59.9947798
   -118.5888910   59.9947790
   -118.5859169   60.0023512
   -118.5713732   59.9947735
   -118.5689027   59.9947728
   -118.5659274   60.0023431
   -118.5513719   59.9947673
   -118.5489151   59.9947665
   -118.5459379   60.0023367
   -118.5313737   59.9947611
   -118.5289268   59.9947603
   -118.5259484   60.0023276
   -118.5113742   59.9947548
   -118.5089395   59.9947541
   -118.5059589   60.0023222
   -118.4913784   59.9947486
   -118.4889511   59.9947478
   -118.4859689   60.0023155
   -118.4713784   59.9947424
   -118.4689632   59.9947416
   -118.4659794   60.0023064
   -118.4513788   59.9947361
   -118.4489753   59.9947354
   -118.4459899   60.0023000
   -118.4313807   59.9947299
   -118.4289869   59.9947292
   -118.4259999   60.0022934
   -118.4113825   59.9947237
   -118.4089986   59.9947229
   -118.4060104   60.0022843
   -118.3913830   59.9947174
   -118.3890107   59.9947167
   -118.3860209   60.0022779
   -118.3713829   59.9947112
   -118.3690233   59.9947105
   -118.3660314   60.0022710
   -118.3513857   59.9947050
   -118.3490354   59.9947042
   -118.3460419   60.0022646
   -118.3313875   59.9946987
   -118.3290471   59.9946980
   -118.3260519   60.0022568
   -118.3113893   59.9946925
   -118.3090588   59.9946918
   -118.3060624   60.0022490
   -118.2913897   59.9946863
   -118.2890709   59.9946855
   -118.2860730   60.0022425
   -118.2713895   59.9946800
   -118.2690830   59.9946793
   -118.2660829   60.0022348
   -118.2513913   59.9946738
   -118.2490946   59.9946731
   -118.2460934   60.0022269
   -118.2313917   59.9946676
   -118.2291073   59.9946668
   -118.2261039   60.0022216
   -118.2113959   59.9946613
   -118.2091190   59.9946606
   -118.2061140   60.0022137
   -118.1913957   59.9946551
   -118.1891311   59.9946544
   -118.1861244   60.0022059
   -118.1713960   59.9946489
   -118.1691432   59.9946481
   -118.1661349   60.0021995
   -118.1513978   59.9946426
   -118.1491549   59.9946419
   -118.1461454   60.0021906
   -118.1313981   59.9946364
   -118.1291670   59.9946357
   -118.1261559   60.0021843
   -118.1113999   59.9946301
   -118.1091787   59.9946295
   -118.1061660   60.0021776
   -118.0913997   59.9946239
   -118.0891913   59.9946232
   -118.0861764   60.0021696
   -118.0714024   59.9946177
   -118.0692034   59.9946170
   -118.0661869   60.0021633
   -118.0514041   59.9946114
   -118.0492151   59.9946108
   -118.0461969   60.0021567
   -118.0314058   59.9946052
   -118.0292268   59.9946045
   -118.0262074   60.0021478
   -118.0114061   59.9945990
   -118.0092389   59.9945983
   -118.0062180   60.0021414
   -117.9914058   59.9945927
   -117.9892510   59.9945921
   -117.9862284   60.0021336
   -117.9714061   59.9945865
   -117.9692637   59.9945858
   -117.9662389   60.0021283
   -117.9514102   59.9945803
   -117.9492754   59.9945796
   -117.9462489   60.0021206
   -117.9314119   59.9945740
   -117.9292871   59.9945734
   -117.9262595   60.0021127
   -117.9114102   59.9945678
   -117.9092996   59.9945671
   -117.9062699   60.0021064
   -117.8914119   59.9945616
   -117.8893113   59.9945609
   -117.8862799   60.0020988
   -117.8714135   59.9945553
   -117.8693230   59.9945547
   -117.8662904   60.0020910
   -117.8514138   59.9945491
   -117.8493351   59.9945485
   -117.8463009   60.0020847
   -117.8314154   59.9945429
   -117.8293474   59.9945422
   -117.8263110   60.0020780
   -117.8114175   59.9945366
   -117.8093595   59.9945360
   -117.8063214   60.0020702
   -117.7914177   59.9945304
   -117.7893716   59.9945298
   -117.7863319   60.0020639
   -117.7714194   59.9945242
   -117.7693833   59.9945235
   -117.7663424   60.0020551
   -117.7514195   59.9945179
   -117.7493955   59.9945173
   -117.7463529   60.0020488
   -117.7314212   59.9945117
   -117.7294072   59.9945111
   -117.7263630   60.0020422
   -117.7114208   59.9945055
   -117.7094193   59.9945048
   -117.7063734   60.0020334
   -117.6914209   59.9944992
   -117.6894320   59.9944986
   -117.6863839   60.0020281
   -117.6714250   59.9944930
   -117.6694437   59.9944924
   -117.6663939   60.0020216
   -117.6514266   59.9944868
   -117.6494554   59.9944861
   -117.6464045   60.0020138
   -117.6314247   59.9944805
   -117.6294679   59.9944799
   -117.6264149   60.0020064
   -117.6114263   59.9944743
   -117.6094797   59.9944737
   -117.6064254   60.0019987
   -117.5914264   59.9944680
   -117.5894918   59.9944674
   -117.5864359   60.0019925
   -117.5714280   59.9944618
   -117.5695035   59.9944612
   -117.5664459   60.0019849
   -117.5514296   59.9944556
   -117.5495158   59.9944550
   -117.5464565   60.0019781
   -117.5314301   59.9944493
   -117.5295284   59.9944488
   -117.5264669   60.0019719
   -117.5114317   59.9944431
   -117.5095401   59.9944425
   -117.5064769   60.0019643
   -117.4914332   59.9944369
   -117.4895518   59.9944363
   -117.4864874   60.0019566
   -117.4714333   59.9944306
   -117.4695639   59.9944301
   -117.4664979   60.0019504
   -117.4514348   59.9944244
   -117.4495756   59.9944238
   -117.4465080   60.0019427
   -117.4314344   59.9944182
   -117.4295878   59.9944176
   -117.4265184   60.0019351
   -117.4114344   59.9944119
   -117.4096005   59.9944114
   -117.4065289   60.0019298
   -117.3914384   59.9944057
   -117.3896122   59.9944051
   -117.3865394   60.0019211
   -117.3714384   59.9943995
   -117.3696244   59.9943989
   -117.3665500   60.0019148
   -117.3514379   59.9943932
   -117.3496365   59.9943927
   -117.3465599   60.0019083
   -117.3314394   59.9943870
   -117.3296482   59.9943864
   -117.3265704   60.0019007
   -117.3114394   59.9943808
   -117.3096604   59.9943802
   -117.3065809   60.0018934
   -117.2914409   59.9943745
   -117.2896727   59.9943740
   -117.2865909   60.0018879
   -117.2714449   59.9943683
   -117.2696844   59.9943677
   -117.2666015   60.0018802
   -117.2514428   59.9943621
   -117.2496970   59.9943615
   -117.2466119   60.0018729
   -117.2314443   59.9943558
   -117.2297087   59.9943553
   -117.2266224   60.0018653
   -117.2114442   59.9943496
   -117.2097209   59.9943491
   -117.2066329   60.0018591
   -117.1914457   59.9943434
   -117.1897326   59.9943428
   -117.1866429   60.0018516
   -117.1714471   59.9943371
   -117.1697444   59.9943366
   -117.1666535   60.0018439
   -117.1514450   59.9943309
   -117.1497575   59.9943304
   -117.1466639   60.0018387
   -117.1314490   59.9943247
   -117.1297692   59.9943241
   -117.1266739   60.0018312
   -117.1114504   59.9943184
   -117.1097810   59.9943179
   -117.1066844   60.0018236
   -117.0914503   59.9943122
   -117.0897931   59.9943117
   -117.0866950   60.0018174
   -117.0714497   59.9943059
   -117.0698053   59.9943054
   -117.0667049   60.0018099
   -117.0514511   59.9942997
   -117.0498170   59.9942992
   -117.0467154   60.0018023
   -117.0314509   59.9942935
   -117.0298292   59.9942930
   -117.0267259   60.0017962
   -117.0114523   59.9942872
   -117.0098415   59.9942867
   -117.0067364   60.0017896
   -116.9914547   59.9942810
   -116.9898537   59.9942805
   -116.9867470   60.0017823
   -116.9714541   59.9942748
   -116.9698659   59.9942743
   -116.9667569   60.0017759
   -116.9514555   59.9942685
   -116.9498776   59.9942680
   -116.9467674   60.0017683
   -116.9314553   59.9942623
   -116.9298898   59.9942618
   -116.9267779   60.0017611
   -116.9114567   59.9942561
   -116.9099015   59.9942556
   -116.9067879   60.0017547
   -116.8914580   59.9942498
   -116.8899133   59.9942494
   -116.8867985   60.0017471
   -116.8714558   59.9942436
   -116.8699264   59.9942431
   -116.8668089   60.0017408
   -116.8514597   59.9942374
   -116.8499382   59.9942369
   -116.8468194   60.0017333
   -116.8314595   59.9942311
   -116.8299504   59.9942307
   -116.8268299   60.0017272
   -116.8114608   59.9942249
   -116.8099621   59.9942244
   -116.8068400   60.0017197
   -116.7914601   59.9942187
   -116.7899743   59.9942182
   -116.7868504   60.0017121
   -116.7714598   59.9942124
   -116.7699865   59.9942120
   -116.7668609   60.0017060
   -116.7514611   59.9942062
   -116.7499982   59.9942057
   -116.7468709   60.0016986
   -116.7314624   59.9942000
   -116.7300106   59.9941995
   -116.7268814   60.0016921
   -116.7114648   59.9941937
   -116.7100228   59.9941933
   -116.7068920   60.0016859
   -116.6914640   59.9941875
   -116.6900349   59.9941870
   -116.6869019   60.0016796
   -116.6714653   59.9941813
   -116.6700467   59.9941808
   -116.6669124   60.0016710
   -116.6514650   59.9941750
   -116.6500589   59.9941746
   -116.6469229   60.0016649
   -116.6314663   59.9941688
   -116.6300707   59.9941683
   -116.6269334   60.0016574
   -116.6114659   59.9941625
   -116.6100834   59.9941621
   -116.6069440   60.0016511
   -116.5914678   59.9941563
   -116.5900956   59.9941559
   -116.5869539   60.0016448
   -116.5714690   59.9941501
   -116.5701074   59.9941497
   -116.5669644   60.0016373
   -116.5514687   59.9941438
   -116.5501196   59.9941434
   -116.5469749   60.0016302
   -116.5314699   59.9941376
   -116.5301313   59.9941372
   -116.5269850   60.0016238
   -116.5114691   59.9941314
   -116.5101435   59.9941310
   -116.5069954   60.0016163
   -116.4914687   59.9941251
   -116.4901557   59.9941247
   -116.4870059   60.0016092
   -116.4714699   59.9941189
   -116.4701681   59.9941185
   -116.4670164   60.0016026
   -116.4514722   59.9941127
   -116.4501803   59.9941123
   -116.4470269   60.0015966
   -116.4314734   59.9941064
   -116.4301921   59.9941060
   -116.4270370   60.0015892
   -116.4114725   59.9941002
   -116.4102043   59.9940998
   -116.4070475   60.0015817
   -116.3914721   59.9940940
   -116.3902165   59.9940936
   -116.3870580   60.0015757
   -116.3714733   59.9940877
   -116.3702282   59.9940873
   -116.3670680   60.0015694
   -116.3514745   59.9940815
   -116.3502400   59.9940811
   -116.3470785   60.0015609
   -116.3314740   59.9940753
   -116.3302528   59.9940749
   -116.3270890   60.0015557
   -116.3114758   59.9940690
   -116.3102650   59.9940687
   -116.3070990   60.0015494
   -116.2914770   59.9940628
   -116.2902768   59.9940624
   -116.2871095   60.0015409
   -116.2714765   59.9940566
   -116.2702890   59.9940562
   -116.2671200   60.0015349
   -116.2514776   59.9940503
   -116.2503008   59.9940500
   -116.2471305   60.0015274
   -116.2314750   59.9940441
   -116.2303134   59.9940437
   -116.2271410   60.0015203
   -116.2114762   59.9940379
   -116.2103252   59.9940375
   -116.2071510   60.0015141
   -116.1914773   59.9940316
   -116.1903376   59.9940313
   -116.1871615   60.0015076
   -116.1714795   59.9940254
   -116.1703498   59.9940250
   -116.1671720   60.0015005
   -116.1514806   59.9940192
   -116.1503616   59.9940188
   -116.1471820   60.0014942
   -116.1314796   59.9940129
   -116.1303738   59.9940126
   -116.1271925   60.0014868
   -116.1114791   59.9940067
   -116.1103860   59.9940063
   -116.1072030   60.0014798
   -116.0914802   59.9940004
   -116.0903978   59.9940001
   -116.0872135   60.0014723
   -116.0704100   59.9939939
   -116.0672240   60.0014664
   -116.0504224   59.9939876
   -116.0472340   60.0014610
   -116.0314824   59.9939817
   -116.0272445   60.0014526
   -116.0104468   59.9939752
   -116.0072550   60.0014466
   -115.9904586   59.9939690
   -115.9872650   60.0014404
   -115.9714840   59.9939630
   -115.9672755   60.0014319
   -115.9504827   59.9939565
   -115.9472860   60.0014259
   -115.9314823   59.9939506
   -115.9272965   60.0014194
   -115.9114843   59.9939443
   -115.9073070   60.0014124
   -115.8905195   59.9939378
   -115.8873170   60.0014062
   -115.8714864   59.9939319
   -115.8673275   60.0013988
   -115.8514836   59.9939256
   -115.8473380   60.0013918
   -115.8305558   59.9939191
   -115.8273480   60.0013856
   -115.8114857   59.9939132
   -115.8073585   60.0013782
   -115.7905804   59.9939066
   -115.7873690   60.0013722
   -115.7705922   59.9939004
   -115.7673790   60.0013659
   -115.7514876   59.9938945
   -115.7473895   60.0013586
   -115.7306167   59.9938879
   -115.7274000   60.0013526
   -115.7114879   59.9938820
   -115.7074105   60.0013443
   -115.6906407   59.9938755
   -115.6874210   60.0013383
   -115.6706526   59.9938693
   -115.6674310   60.0013321
   -115.6514870   59.9938633
   -115.6474415   60.0013247
   -115.6306776   59.9938568
   -115.6274520   60.0013187
   -115.6106895   59.9938506
   -115.6074620   60.0013126
   -115.5914909   59.9938446
   -115.5874725   60.0013042
   -115.5707140   59.9938381
   -115.5674830   60.0012982
   -115.5514889   59.9938321
   -115.5474935   60.0012909
   -115.5314880   59.9938259
   -115.5275040   60.0012840
   -115.5107504   59.9938194
   -115.5075140   60.0012787
   -115.4914927   59.9938134
   -115.4875245   60.0012714
   -115.4714897   59.9938072
   -115.4675350   60.0012645
   -115.4507868   59.9938007
   -115.4475450   60.0012583
   -115.4314915   59.9937947
   -115.4275555   60.0012510
   -115.4108108   59.9937882
   -115.4075660   60.0012451
   -115.3914915   59.9937822
   -115.3875760   60.0012379
   -115.3714903   59.9937760
   -115.3675865   60.0012316
   -115.3508478   59.9937696
   -115.3475970   60.0012257
   -115.3314930   59.9937635
   -115.3276075   60.0012174
   -115.3108719   59.9937571
   -115.3076180   60.0012115
   -115.2908842   59.9937509
   -115.2876280   60.0012053
   -115.2714917   59.9937448
   -115.2676385   60.0011970
   -115.2509088   59.9937384
   -115.2476490   60.0011921
   -115.2309207   59.9937322
   -115.2276590   60.0011860
   -115.2114952   59.9937261
   -115.2076695   60.0011777
   -115.1909452   59.9937197
   -115.1876800   60.0011718
   -115.1714929   59.9937136
   -115.1676905   60.0011645
   -115.1514919   59.9937074
   -115.1477010   60.0011577
   -115.1309812   59.9937010
   -115.1277110   60.0011516
   -115.1114935   59.9936949
   -115.1077215   60.0011452
   -115.0910063   59.9936886
   -115.0877320   60.0011393
   -115.0714939   59.9936825
   -115.0677420   60.0011322
   -115.0514947   59.9936762
   -115.0477525   60.0011250
   -115.0310423   59.9936699
   -115.0277630   60.0011191
   -115.0114923   59.9936638
   -115.0077730   60.0011120
   -114.9914930   59.9936575
   -114.9877835   60.0011048
   -114.9710793   59.9936512
   -114.9677940   60.0010999
   -114.9514956   59.9936451
   -114.9478045   60.0010917
   -114.9311034   59.9936387
   -114.9278150   60.0010858
   -114.9111157   59.9936325
   -114.9078250   60.0010797
   -114.8914938   59.9936264
   -114.8878355   60.0010715
   -114.8711399   59.9936200
   -114.8678460   60.0010657
   -114.8511517   59.9936138
   -114.8478560   60.0010596
   -114.8314941   59.9936077
   -114.8278665   60.0010523
   -114.8111769   59.9936013
   -114.8078770   60.0010465
   -114.7914943   59.9935952
   -114.7878875   60.0010393
   -114.7712011   59.9935889
   -114.7678980   60.0010335
   -114.7514938   59.9935827
   -114.7479080   60.0010264
   -114.7314923   59.9935765
   -114.7279185   60.0010193
   -114.7112375   59.9935702
   -114.7079290   60.0010134
   -114.6912500   59.9935639
   -114.6879390   60.0010073
   -114.6714954   59.9935578
   -114.6679495   60.0010001
   -114.6512741   59.9935515
   -114.6479600   60.0009943
   -114.6314926   59.9935453
   -114.6279700   60.0009873
   -114.6114932   59.9935391
   -114.6079805   60.0009801
   -114.5913106   59.9935328
   -114.5879910   60.0009743
   -114.5714926   59.9935266
   -114.5680015   60.0009671
   -114.5513354   59.9935203
   -114.5480120   60.0009613
   -114.5313477   59.9935141
   -114.5280220   60.0009553
   -114.5114933   59.9935079
   -114.5080325   60.0009471
   -114.4913719   59.9935016
   -114.4880430   60.0009413
   -114.4713838   59.9934954
   -114.4680530   60.0009353
   -114.4514910   59.9934892
   -114.4480635   60.0009272
   -114.4314090   59.9934829
   -114.4280740   60.0009223
   -114.4114932   59.9934767
   -114.4080845   60.0009152
   -114.3914332   59.9934705
   -114.3880950   60.0009094
   -114.3714924   59.9934642
   -114.3681050   60.0009024
   -114.3514907   59.9934580
   -114.3481155   60.0008953
   -114.3314697   59.9934518
   -114.3281260   60.0008895
   -114.3114899   59.9934455
   -114.3081360   60.0008826
   -114.2914935   59.9934407
   -114.2881465   60.0008763
   -114.2715040   59.9934384
   -114.2681570   60.0008706
   -114.2515140   59.9934374
   -114.2481670   60.0008636
   -114.2315240   59.9934354
   -114.2281775   60.0008565
   -114.2115340   59.9934343
   -114.2081880   60.0008508
   -114.1915440   59.9934322
   -114.1881985   60.0008427
   -114.1715540   59.9934321
   -114.1682090   60.0008369
   -114.1515645   59.9934303
   -114.1482190   60.0008319
   -114.1315750   59.9934271
   -114.1282295   60.0008238
   -114.1115850   59.9934260
   -114.1082400   60.0008180
   -114.0915950   59.9934239
   -114.0882500   60.0008121
   -114.0716050   59.9934229
   -114.0682605   60.0008050
   -114.0516150   59.9934217
   -114.0482710   60.0007983
   -114.0316250   59.9934197
   -114.0282815   60.0007913
   -114.0116355   59.9934187
   -114.0082920   60.0007864
   -113.9916460   59.9934156
   -113.9883020   60.0007795
   -113.9716560   59.9934145
   -113.9683125   60.0007724
   -113.9516660   59.9934133
   -113.9483230   60.0007667
   -113.9316760   59.9934113
   -113.9283330   60.0007598
   -113.9116860   59.9934092
   -113.9083435   60.0007527
   -113.8916965   59.9934092
   -113.8883540   60.0007479
   -113.8717070   59.9934061
   -113.8683640   60.0007410
   -113.8517170   59.9934040
   -113.8483745   60.0007340
   -113.8317270   59.9934028
   -113.8283850   60.0007282
   -113.8117370   59.9934007
   -113.8083955   60.0007203
   -113.7917470   59.9934005
   -113.7884060   60.0007146
   -113.7717570   59.9933984
   -113.7684160   60.0007086
   -113.7517675   59.9933966
   -113.7484265   60.0007025
   -113.7317779   59.9933943
   -113.7284370   60.0006958
   -113.7117880   59.9933922
   -113.7084470   60.0006899
   -113.6917980   59.9933911
   -113.6884575   60.0006829
   -113.6718079   59.9933899
   -113.6684680   60.0006762
   -113.6518179   59.9933877
   -113.6484785   60.0006692
   -113.6318279   59.9933865
   -113.6284890   60.0006636
   -113.6118384   59.9933856
   -113.6084990   60.0006576
   -113.5918489   59.9933824
   -113.5885095   60.0006506
   -113.5718589   59.9933812
   -113.5685200   60.0006449
   -113.5518689   59.9933791
   -113.5485300   60.0006380
   -113.5318789   59.9933770
   -113.5285405   60.0006311
   -113.5118889   59.9933767
   -113.5085510   60.0006254
   -113.4918989   59.9933746
   -113.4885610   60.0006185
   -113.4719094   59.9933727
   -113.4685715   60.0006124
   -113.4519199   59.9933703
   -113.4485820   60.0006068
   -113.4319299   59.9933682
   -113.4285925   60.0005998
   -113.4119399   59.9933679
   -113.4086030   60.0005932
   -113.3919499   59.9933658
   -113.3886130   60.0005873
   -113.3719599   59.9933637
   -113.3686235   60.0005803
   -113.3519699   59.9933624
   -113.3486340   60.0005737
   -113.3319804   59.9933614
   -113.3286440   60.0005687
   -113.3119909   59.9933582
   -113.3086545   60.0005618
   -113.2920009   59.9933570
   -113.2886650   60.0005552
   -113.2720109   59.9933548
   -113.2686755   60.0005482
   -113.2520209   59.9933535
   -113.2486860   60.0005426
   -113.2320309   59.9933524
   -113.2286960   60.0005358
   -113.2120414   59.9933504
   -113.2087065   60.0005297
   -113.1920519   59.9933480
   -113.1887170   60.0005241
   -113.1720619   59.9933459
   -113.1687270   60.0005173
   -113.1520719   59.9933437
   -113.1487375   60.0005104
   -113.1320819   59.9933434
   -113.1287480   60.0005047
   -113.1120919   59.9933412
   -113.1087585   60.0004978
   -113.0921019   59.9933399
   -113.0887690   60.0004912
   -113.0721124   59.9933380
   -113.0687790   60.0004863
   -113.0521229   59.9933357
   -113.0487895   60.0004794
   -113.0321329   59.9933344
   -113.0288000   60.0004728
   -113.0121429   59.9933322
   -113.0088100   60.0004670
   -112.9921529   59.9933300
   -112.9888205   60.0004600
   -112.9721629   59.9933287
   -112.9688310   60.0004535
   -112.9521729   59.9933275
   -112.9488410   60.0004477
   -112.9321834   59.9933255
   -112.9288515   60.0004416
   -112.9121939   59.9933231
   -112.9088620   60.0004351
   -112.8922039   59.9933209
   -112.8888725   60.0004282
   -112.8722139   59.9933196
   -112.8688830   60.0004226
   -112.8522239   59.9933183
   -112.8488930   60.0004159
   -112.8322339   59.9933161
   -112.8289035   60.0004090
   -112.8122439   59.9933148
   -112.8089140   60.0004034
   -112.7922544   59.9933128
   -112.7889240   60.0003985
   -112.7722649   59.9933105
   -112.7689345   60.0003906
   -112.7522749   59.9933091
   -112.7489450   60.0003850
   -112.7322849   59.9933069
   -112.7289555   60.0003782
   -112.7122949   59.9933056
   -112.7089660   60.0003716
   -112.6923049   59.9933033
   -112.6889760   60.0003659
   -112.6723154   59.9933023
   -112.6689865   60.0003599
   -112.6523259   59.9932999
   -112.6489970   60.0003533
   -112.6323359   59.9932976
   -112.6290070   60.0003475
   -112.6123459   59.9932954
   -112.6090175   60.0003407
   -112.5923559   59.9932940
   -112.5890280   60.0003342
   -112.5723659   59.9932927
   -112.5690380   60.0003284
   -112.5523759   59.9932905
   -112.5490485   60.0003216
   -112.5323863   59.9932894
   -112.5290590   60.0003159
   -112.5123969   59.9932860
   -112.5090695   60.0003091
   -112.4924069   59.9932856
   -112.4890800   60.0003036
   -112.4724169   59.9932834
   -112.4690900   60.0002978
   -112.4524268   59.9932812
   -112.4491005   60.0002900
   -112.4324369   59.9932797
   -112.4291110   60.0002845
   -112.4124469   59.9932775
   -112.4091210   60.0002787
   -112.3924573   59.9932764
   -112.3891315   60.0002718
   -112.3724679   59.9932739
   -112.3691420   60.0002663
   -112.3524779   59.9932717
   -112.3491525   60.0002595
   -112.3324878   59.9932703
   -112.3291630   60.0002530
   -112.3124979   59.9932680
   -112.3091730   60.0002473
   -112.2925079   59.9932667
   -112.2891835   60.0002405
   -112.2725178   59.9932653
   -112.2691940   60.0002340
   -112.2525284   59.9932632
   -112.2492040   60.0002291
   -112.2325389   59.9932599
   -112.2292145   60.0002223
   -112.2125488   59.9932594
   -112.2092251   60.0002158
   -112.1925588   59.9932571
   -112.1892351   60.0002101
   -112.1725688   59.9932549
   -112.1692456   60.0002033
   -112.1525788   59.9932534
   -112.1492561   60.0001978
   -112.1325888   59.9932512
   -112.1292665   60.0001901
   -112.1125993   59.9932508
   -112.1092771   60.0001854
   -112.0926098   59.9932475
   -112.0892871   60.0001797
   -112.0726198   59.9932453
   -112.0692976   60.0001720
   -112.0526298   59.9932438
   -112.0493081   60.0001664
   -112.0326398   59.9932415
   -112.0293180   60.0001608
   -112.0126498   59.9932402
   -112.0093286   60.0001531
   -111.9926603   59.9932389
   -111.9893391   60.0001484
   -111.9726708   59.9932356
   -111.9693496   60.0001416
   -111.9526808   59.9932341
   -111.9493600   60.0001352
   -111.9326908   59.9932327
   -111.9293701   60.0001295
   -111.9127008   59.9932304
   -111.9093806   60.0001228
   -111.8927108   59.9932290
   -111.8893911   60.0001163
   -111.8727208   59.9932266
   -111.8694011   60.0001106
   -111.8527313   59.9932245
   -111.8494115   60.0001048
   -111.8327418   59.9932230
   -111.8294221   60.0000993
   -111.8127518   59.9932207
   -111.8094321   60.0000926
   -111.7927618   59.9932183
   -111.7894426   60.0000859
   -111.7727718   59.9932168
   -111.7694531   60.0000804
   -111.7527818   59.9932145
   -111.7494635   60.0000728
   -111.7327918   59.9932139
   -111.7294741   60.0000673
   -111.7128023   59.9932118
   -111.7094841   60.0000624
   -111.6928128   59.9932085
   -111.6894946   60.0000548
   -111.6728228   59.9932070
   -111.6695050   60.0000494
   -111.6528328   59.9932056
   -111.6495151   60.0000437
   -111.6328428   59.9932032
   -111.6295256   60.0000360
   -111.6128528   59.9932017
   -111.6095361   60.0000306
   -111.5928628   59.9931994
   -111.5895466   60.0000238
   -111.5728733   59.9931981
   -111.5695570   60.0000183
   -111.5528838   59.9931956
   -111.5495671   60.0000127
   -111.5328938   59.9931933
   -111.5295776   60.0000060
   -111.5129038   59.9931918
   -111.5095881   60.0000005
   -111.4929138   59.9931895
   -111.4895981   59.9999939
   -111.4729238   59.9931871
   -111.4696085   59.9999873
   -111.4529338   59.9931865
   -111.4496191   59.9999818
   -111.4329443   59.9931843
   -111.4296291   59.9999760
   -111.4129548   59.9931809
   -111.4096396   59.9999693
   -111.3929648   59.9931794
   -111.3896501   59.9999639
   -111.3729748   59.9931771
   -111.3696605   59.9999563
   -111.3529848   59.9931764
   -111.3496711   59.9999509
   -111.3329948   59.9931740
   -111.3296811   59.9999452
   -111.3130053   59.9931719
   -111.3096916   59.9999385
   -111.2930158   59.9931693
   -111.2897020   59.9999331
   -111.2730258   59.9931679
   -111.2697121   59.9999274
   -111.2530358   59.9931655
   -111.2497226   59.9999198
   -111.2330458   59.9931639
   -111.2297331   59.9999144
   -111.2130558   59.9931615
   -111.2097436   59.9999077
   -111.1930657   59.9931600
   -111.1897540   59.9999014
   -111.1730763   59.9931587
   -111.1697641   59.9998966
   -111.1530868   59.9931553
   -111.1497746   59.9998900
   -111.1330968   59.9931538
   -111.1297851   59.9998845
   -111.1131067   59.9931514
   -111.1097951   59.9998780
   -111.0931168   59.9931490
   -111.0898055   59.9998714
   -111.0731268   59.9931483
   -111.0698161   59.9998660
   -111.0531367   59.9931459
   -111.0498261   59.9998594
   -111.0331473   59.9931437
   -111.0298366   59.9998536
   -111.0131578   59.9931411
   -111.0098470   59.9998483
   -110.9931677   59.9931397
   -110.9898576   59.9998407
   -110.9731778   59.9931380
   -110.9698681   59.9998353
   -110.9531878   59.9931356
   -110.9498781   59.9998297
   -110.9331977   59.9931333
   -110.9298886   59.9998221
   -110.9132078   59.9931316
   -110.9098990   59.9998168
   -110.8932183   59.9931303
   -110.8899091   59.9998120
   -110.8732287   59.9931269
   -110.8699196   59.9998045
   -110.8532388   59.9931253
   -110.8499301   59.9997990
   -110.8332488   59.9931229
   -110.8299406   59.9997924
   -110.8132588   59.9931213
   -110.8099510   59.9997871
   -110.7932687   59.9931198
   -110.7899611   59.9997806
   -110.7732788   59.9931173
   -110.7699716   59.9997740
   -110.7532893   59.9931160
   -110.7499821   59.9997694
   -110.7332997   59.9931125
   -110.7299920   59.9997630
   -110.7133098   59.9931110
   -110.7100026   59.9997564
   -110.6933198   59.9931094
   -110.6900131   59.9997510
   -110.6733297   59.9931069
   -110.6700231   59.9997445
   -110.6533397   59.9931045
   -110.6500336   59.9997379
   -110.6333502   59.9931031
   -110.6300440   59.9997334
   -110.6133607   59.9931005
   -110.6100546   59.9997259
   -110.5933707   59.9930989
   -110.5900651   59.9997205
   -110.5733807   59.9930964
   -110.5700751   59.9997149
   -110.5533907   59.9930940
   -110.5500856   59.9997074
   -110.5334007   59.9930923
   -110.5300960   59.9997021
   -110.5134107   59.9930908
   -110.5101061   59.9996965
   -110.4934212   59.9930886
   -110.4901166   59.9996908
   -110.4734317   59.9930860
   -110.4701271   59.9996845
   -110.4534417   59.9930834
   -110.4501375   59.9996780
   -110.4334517   59.9930827
   -110.4301481   59.9996726
   -110.4134617   59.9930803
   -110.4101581   59.9996662
   -110.3934717   59.9930778
   -110.3901686   59.9996596
   -110.3734817   59.9930761
   -110.3701791   59.9996542
   -110.3534922   59.9930739
   -110.3501890   59.9996486
   -110.3335027   59.9930713
   -110.3301996   59.9996421
   -110.3135127   59.9930696
   -110.3102101   59.9996367
   -110.2935227   59.9930672
   -110.2902206   59.9996293
   -110.2735327   59.9930655
   -110.2702311   59.9996239
   -110.2535427   59.9930630
   -110.2502410   59.9996184
   -110.2335527   59.9930614
   -110.2302516   59.9996110
   -110.2135632   59.9930599
   -110.2102621   59.9996065
   -110.1935737   59.9930565
   -110.1902721   59.9996009
   -110.1735837   59.9930540
   -110.1702825   59.9995944
   -110.1535937   59.9930532
   -110.1502931   59.9995882
   -110.1336037   59.9930507
   -110.1303031   59.9995827
   -110.1136137   59.9930483
   -110.1103136   59.9995761
   -110.0936237   59.9930466
   -110.0903241   59.9995699
   -110.0736342   59.9930442
   -110.0703345   59.9995642
   -110.0536447   59.9930425
   -110.0503451   59.9995589
   -110.0336547   59.9930400
   -110.0303551   59.9995525
   -110.0136647   59.9930374
   -110.0103656   59.9995460
   -109.9936747   59.9930358
   -109.9903761   59.9995406
   -109.9736847   59.9930333
   -109.9703860   59.9995343
   -109.9536952   59.9930318
   -109.9503966   59.9995286
   -109.9337057   59.9930291
   -109.9304071   59.9995232
   -109.9137157   59.9930267
   -109.9104176   59.9995158
   -109.8937257   59.9930249
   -109.8904281   59.9995106
   -109.8737357   59.9930233
   -109.8704381   59.9995051
   -109.8537457   59.9930208
   -109.8504486   59.9994986
   -109.8337556   59.9930191
   -109.8304591   59.9994924
   -109.8137662   59.9930167
   -109.8104691   59.9994876
   -109.7937767   59.9930133
   -109.7904796   59.9994812
   -109.7737866   59.9930124
   -109.7704901   59.9994751
   -109.7537967   59.9930099
   -109.7505001   59.9994695
   -109.7338067   59.9930074
   -109.7305106   59.9994630
   -109.7138166   59.9930057
   -109.7105211   59.9994568
   -109.6938267   59.9930031
   -109.6905316   59.9994505
   -109.6738372   59.9930024
   -109.6705421   59.9994459
   -109.6538476   59.9929990
   -109.6505521   59.9994396
   -109.6338577   59.9929964
   -109.6305626   59.9994331
   -109.6138677   59.9929947
   -109.6105731   59.9994279
   -109.5938776   59.9929930
   -109.5905831   59.9994215
   -109.5738877   59.9929904
   -109.5705936   59.9994150
   -109.5538977   59.9929887
   -109.5506041   59.9994097
   -109.5339082   59.9929864
   -109.5306146   59.9994040
   -109.5139186   59.9929837
   -109.5106251   59.9993979
   -109.4939287   59.9929820
   -109.4906351   59.9993925
   -109.4739387   59.9929794
   -109.4706456   59.9993860
   -109.4539486   59.9929777
   -109.4506561   59.9993798
   -109.4339587   59.9929751
   -109.4306661   59.9993743
   -109.4139687   59.9929726
   -109.4106766   59.9993680
   -109.3939791   59.9929719
   -109.3906871   59.9993626
   -109.3739897   59.9929683
   -109.3706971   59.9993571
   -109.3539997   59.9929658
   -109.3507076   59.9993507
   -109.3340096   59.9929640
   -109.3307181   59.9993446
   -109.3140197   59.9929623
   -109.3107286   59.9993382
   -109.2940297   59.9929605
   -109.2907391   59.9993329
   -109.2740401   59.9929582
   -109.2707491   59.9993273
   -109.2540507   59.9929546
   -109.2507596   59.9993209
   -109.2340607   59.9929528
   -109.2307701   59.9993157
   -109.2140707   59.9929512
   -109.2107801   59.9993103
   -109.1940806   59.9929486
   -109.1907906   59.9993030
   -109.1740907   59.9929468
   -109.1708011   59.9992977
   -109.1541007   59.9929442
   -109.1508116   59.9992912
   -109.1341111   59.9929426
   -109.1308221   59.9992860
   -109.1141217   59.9929399
   -109.1108321   59.9992805
   -109.0941317   59.9929374
   -109.0908426   59.9992741
   -109.0741416   59.9929356
   -109.0708531   59.9992680
   -109.0541516   59.9929329
   -109.0508631   59.9992626
   -109.0341616   59.9929313
   -109.0308736   59.9992562
   -109.0141716   59.9929295
   -109.0108841   59.9992501
   -108.9941821   59.9929270
   -108.9908941   59.9992454
   -108.9741926   59.9929235
   -108.9709046   59.9992390
   -108.9542026   59.9929217
   -108.9509151   59.9992330
   -108.9342126   59.9929199
   -108.9309256   59.9992266
   -108.9142226   59.9929181
   -108.9109361   59.9992213
   -108.8942326   59.9929156
   -108.8909461   59.9992159
   -108.8742426   59.9929130
   -108.8709566   59.9992086
   -108.8542531   59.9929113
   -108.8509671   59.9992043
   -108.8342636   59.9929086
   -108.8309771   59.9991988
   -108.8142736   59.9929060
   -108.8109876   59.9991916
   -108.7942836   59.9929041
   -108.7909981   59.9991863
   -108.7742936   59.9929016
   -108.7710086   59.9991800
   -108.7543036   59.9929006
   -108.7510191   59.9991740
   -108.7343136   59.9928979
   -108.7310291   59.9991685
   -108.7143241   59.9928956
   -108.7110396   59.9991629
   -108.6943346   59.9928928
   -108.6910501   59.9991568
   -108.6743446   59.9928901
   -108.6710601   59.9991515
   -108.6543546   59.9928884
   -108.6510706   59.9991451
   -108.6343646   59.9928866
   -108.6310811   59.9991390
   -108.6143746   59.9928839
   -108.6110911   59.9991336
   -108.5943851   59.9928815
   -108.5911016   59.9991280
   -108.5743956   59.9928787
   -108.5711121   59.9991229
   -108.5544056   59.9928770
   -108.5511226   59.9991157
   -108.5344156   59.9928750
   -108.5311331   59.9991105
   -108.5144256   59.9928725
   -108.5111431   59.9991050
   -108.4944356   59.9928698
   -108.4911536   59.9990979
   -108.4744456   59.9928688
   -108.4711641   59.9990927
   -108.4544561   59.9928664
   -108.4511741   59.9990881
   -108.4344665   59.9928628
   -108.4311846   59.9990809
   -108.4144766   59.9928608
   -108.4111951   59.9990756
   -108.3944866   59.9928583
   -108.3912056   59.9990694
   -108.3744965   59.9928573
   -108.3712161   59.9990634
   -108.3545066   59.9928545
   -108.3512261   59.9990580
   -108.3345166   59.9928519
   -108.3312366   59.9990516
   -108.3145270   59.9928503
   -108.3112471   59.9990463
   -108.2945376   59.9928466
   -108.2912571   59.9990410
   -108.2745476   59.9928449
   -108.2712676   59.9990347
   -108.2545576   59.9928430
   -108.2512781   59.9990295
   -108.2345675   59.9928404
   -108.2312881   59.9990232
   -108.2145776   59.9928377
   -108.2112986   59.9990170
   -108.1945876   59.9928367
   -108.1913091   59.9990119
   -108.1745980   59.9928342
   -108.1713196   59.9990054
   -108.1546086   59.9928313
   -108.1513301   59.9990002
   -108.1346186   59.9928287
   -108.1313401   59.9989948
   -108.1146285   59.9928260
   -108.1113506   59.9989878
   -108.0946386   59.9928249
   -108.0913611   59.9989826
   -108.0746486   59.9928223
   -108.0713711   59.9989772
   -108.0546585   59.9928196
   -108.0513816   59.9989701
   -108.0346691   59.9928178
   -108.0313921   59.9989656
   -108.0146796   59.9928143
   -108.0114026   59.9989594
   -107.9946895   59.9928132
   -107.9914131   59.9989534
   -107.9746996   59.9928105
   -107.9714231   59.9989480
   -107.9547096   59.9928079
   -107.9514336   59.9989417
   -107.9347196   59.9928060
   -107.9314441   59.9989367
   -107.9147300   59.9928044
   -107.9114541   59.9989312
   -107.8947406   59.9928007
   -107.8914646   59.9989249
   -107.8747506   59.9927988
   -107.8714751   59.9989197
   -107.8547605   59.9927961
   -107.8514851   59.9989135
   -107.8347706   59.9927934
   -107.8314956   59.9989074
   -107.8147806   59.9927923
   -107.8115061   59.9989022
   -107.7947905   59.9927897
   -107.7915166   59.9988951
   -107.7748011   59.9927878
   -107.7715271   59.9988906
   -107.7548116   59.9927843
   -107.7515371   59.9988853
   -107.7348215   59.9927816
   -107.7315476   59.9988783
   -107.7148316   59.9927804
   -107.7115581   59.9988731
   -107.6948416   59.9927778
   -107.6915681   59.9988678
   -107.6748515   59.9927751
   -107.6715786   59.9988606
   -107.6548616   59.9927731
   -107.6515891   59.9988556
   -107.6348721   59.9927714
   -107.6315996   59.9988501
   -107.6148825   59.9927686
   -107.6116101   59.9988441
   -107.5948926   59.9927658
   -107.5916201   59.9988387
   -107.5749026   59.9927632
   -107.5716306   59.9988325
   -107.5549126   59.9927613
   -107.5516411   59.9988274
   -107.5349225   59.9927594
   -107.5316511   59.9988213
   -107.5149326   59.9927566
   -107.5116616   59.9988150
   -107.4949431   59.9927549
   -107.4916721   59.9988106
   -107.4749535   59.9927513
   -107.4716826   59.9988035
   -107.4549636   59.9927492
   -107.4516931   59.9987985
   -107.4349736   59.9927474
   -107.4317031   59.9987932
   -107.4149835   59.9927447
   -107.4117137   59.9987861
   -107.3949935   59.9927427
   -107.3917242   59.9987809
   -107.3750035   59.9927400
   -107.3717341   59.9987757
   -107.3550140   59.9927383
   -107.3517447   59.9987694
   -107.3350245   59.9927353
   -107.3317552   59.9987642
   -107.3150345   59.9927326
   -107.3117652   59.9987589
   -107.2950445   59.9927300
   -107.2917757   59.9987518
   -107.2750545   59.9927279
   -107.2717861   59.9987468
   -107.2550645   59.9927260
   -107.2517967   59.9987406
   -107.2350750   59.9927243
   -107.2318072   59.9987362
   -107.2150855   59.9927207
   -107.2118172   59.9987300
   -107.1950955   59.9927178
   -107.1918277   59.9987238
   -107.1751055   59.9927159
   -107.1718381   59.9987188
   -107.1551155   59.9927140
   -107.1518482   59.9987127
   -107.1351255   59.9927112
   -107.1318587   59.9987065
   -107.1151355   59.9927093
   -107.1118692   59.9987013
   -107.0951460   59.9927067
   -107.0918796   59.9986951
   -107.0751565   59.9927045
   -107.0718902   59.9986900
   -107.0551665   59.9927019
   -107.0519002   59.9986847
   -107.0351764   59.9926991
   -107.0319107   59.9986777
   -107.0151865   59.9926970
   -107.0119212   59.9986725
   -106.9951965   59.9926944
   -106.9919311   59.9986674
   -106.9752064   59.9926925
   -106.9719417   59.9986604
   -106.9552170   59.9926905
   -106.9519522   59.9986560
   -106.9352275   59.9926869
   -106.9319622   59.9986507
   -106.9152375   59.9926842
   -106.9119727   59.9986444
   -106.8952474   59.9926822
   -106.8919831   59.9986386
   -106.8752575   59.9926802
   -106.8719937   59.9986325
   -106.8552675   59.9926782
   -106.8520042   59.9986273
   -106.8352774   59.9926755
   -106.8320142   59.9986212
   -106.8152880   59.9926728
   -106.8120247   59.9986157
   -106.7952985   59.9926700
   -106.7920351   59.9986108
   -106.7753084   59.9926681
   -106.7720452   59.9986047
   -106.7553185   59.9926652
   -106.7520557   59.9985985
   -106.7353285   59.9926632
   -106.7320662   59.9985934
   -106.7153384   59.9926605
   -106.7120766   59.9985865
   -106.6953485   59.9926592
   -106.6920872   59.9985814
   -106.6753590   59.9926566
   -106.6720972   59.9985769
   -106.6553694   59.9926530
   -106.6521077   59.9985699
   -106.6353795   59.9926509
   -106.6321182   59.9985647
   -106.6153895   59.9926481
   -106.6121281   59.9985596
   -106.5953995   59.9926462
   -106.5921387   59.9985535
   -106.5754094   59.9926442
   -106.5721492   59.9985475
   -106.5554200   59.9926415
   -106.5521592   59.9985430
   -106.5354305   59.9926379
   -106.5321697   59.9985368
   -106.5154404   59.9926359
   -106.5121801   59.9985310
   -106.4954505   59.9926338
   -106.4921907   59.9985249
   -106.4754605   59.9926318
   -106.4722012   59.9985198
   -106.4554704   59.9926291
   -106.4522112   59.9985137
   -106.4354805   59.9926262
   -106.4322216   59.9985077
   -106.4154910   59.9926252
   -106.4122322   59.9985033
   -106.3955014   59.9926215
   -106.3922422   59.9984973
   -106.3755115   59.9926186
   -106.3722527   59.9984911
   -106.3555215   59.9926166
   -106.3522632   59.9984860
   -106.3355314   59.9926138
   -106.3322736   59.9984792
   -106.3155415   59.9926125
   -106.3122842   59.9984741
   -106.2955515   59.9926098
   -106.2922942   59.9984689
   -106.2755620   59.9926072
   -106.2723047   59.9984634
   -106.2555724   59.9926042
   -106.2523152   59.9984575
   -106.2355825   59.9926014
   -106.2323251   59.9984524
   -106.2155925   59.9925994
   -106.2123357   59.9984463
   -106.1956024   59.9925974
   -106.1923462   59.9984404
   -106.1756125   59.9925945
   -106.1723562   59.9984352
   -106.1556225   59.9925917
   -106.1523666   59.9984292
   -106.1356329   59.9925907
   -106.1323772   59.9984240
   -106.1156435   59.9925869
   -106.1123877   59.9984179
   -106.0956535   59.9925848
   -106.0923982   59.9984128
   -106.0756634   59.9925820
   -106.0724082   59.9984067
   -106.0556735   59.9925791
   -106.0524186   59.9984008
   -106.0356835   59.9925779
   -106.0324292   59.9983957
   -106.0156934   59.9925751
   -106.0124392   59.9983897
   -105.9957040   59.9925724
   -105.9924497   59.9983843
   -105.9757145   59.9925694
   -105.9724602   59.9983792
   -105.9557245   59.9925667
   -105.9524706   59.9983732
   -105.9357344   59.9925654
   -105.9324812   59.9983674
   -105.9157445   59.9925625
   -105.9124912   59.9983621
   -105.8957545   59.9925597
   -105.8925017   59.9983560
   -105.8757649   59.9925578
   -105.8725121   59.9983510
   -105.8557755   59.9925548
   -105.8525222   59.9983458
   -105.8357855   59.9925521
   -105.8325327   59.9983397
   -105.8157954   59.9925500
   -105.8125432   59.9983338
   -105.7958055   59.9925470
   -105.7925532   59.9983286
   -105.7758155   59.9925443
   -105.7725636   59.9983226
   -105.7558254   59.9925430
   -105.7525742   59.9983168
   -105.7358360   59.9925402
   -105.7325847   59.9983114
   -105.7158465   59.9925373
   -105.7125952   59.9983064
   -105.6958564   59.9925345
   -105.6926052   59.9983003
   -105.6758664   59.9925315
   -105.6726156   59.9982944
   -105.6558764   59.9925303
   -105.6526262   59.9982894
   -105.6358864   59.9925275
   -105.6326362   59.9982842
   -105.6158964   59.9925247
   -105.6126467   59.9982772
   -105.5959069   59.9925226
   -105.5926571   59.9982731
   -105.5759174   59.9925198
   -105.5726677   59.9982670
   -105.5559273   59.9925177
   -105.5526782   59.9982612
   -105.5359374   59.9925147
   -105.5326882   59.9982559
   -105.5159474   59.9925119
   -105.5126987   59.9982499
   -105.4959573   59.9925098
   -105.4927091   59.9982442
   -105.4759674   59.9925077
   -105.4727192   59.9982390
   -105.4559779   59.9925050
   -105.4527297   59.9982336
   -105.4359883   59.9925020
   -105.4327402   59.9982278
   -105.4159984   59.9924991
   -105.4127502   59.9982226
   -105.3960084   59.9924963
   -105.3927606   59.9982167
   -105.3760183   59.9924950
   -105.3727712   59.9982109
   -105.3560284   59.9924920
   -105.3527817   59.9982048
   -105.3360384   59.9924899
   -105.3327922   59.9981997
   -105.3160489   59.9924873
   -105.3128021   59.9981954
   -105.2960593   59.9924844
   -105.2928127   59.9981886
   -105.2760694   59.9924821
   -105.2728232   59.9981835
   -105.2560794   59.9924793
   -105.2528332   59.9981784
   -105.2360893   59.9924765
   -105.2328437   59.9981715
   -105.2160994   59.9924742
   -105.2128541   59.9981666
   -105.1961099   59.9924724
   -105.1928647   59.9981613
   -105.1761203   59.9924694
   -105.1728752   59.9981555
   -105.1561304   59.9924664
   -105.1528852   59.9981503
   -105.1361404   59.9924636
   -105.1328957   59.9981442
   -105.1161503   59.9924614
   -105.1129061   59.9981386
   -105.0961604   59.9924593
   -105.0929162   59.9981334
   -105.0761704   59.9924564
   -105.0729267   59.9981274
   -105.0561808   59.9924545
   -105.0529372   59.9981223
   -105.0361914   59.9924506
   -105.0329471   59.9981172
   -105.0162014   59.9924486
   -105.0129577   59.9981112
   -104.9962114   59.9924465
   -104.9929682   59.9981062
   -104.9762213   59.9924436
   -104.9729787   59.9980994
   -104.9562314   59.9924413
   -104.9529892   59.9980944
   -104.9362414   59.9924385
   -104.9329991   59.9980894
   -104.9162518   59.9924366
   -104.9130097   59.9980832
   -104.8962624   59.9924335
   -104.8930202   59.9980782
   -104.8762724   59.9924306
   -104.8730302   59.9980731
   -104.8562823   59.9924278
   -104.8530407   59.9980662
   -104.8362924   59.9924255
   -104.8330511   59.9980614
   -104.8163024   59.9924234
   -104.8130617   59.9980554
   -104.7963123   59.9924213
   -104.7930722   59.9980496
   -104.7763229   59.9924184
   -104.7730822   59.9980451
   -104.7563334   59.9924147
   -104.7530926   59.9980393
   -104.7363433   59.9924134
   -104.7331032   59.9980335
   -104.7163534   59.9924103
   -104.7131132   59.9980284
   -104.6963634   59.9924075
   -104.6931237   59.9980223
   -104.6763734   59.9924054
   -104.6731342   59.9980173
   -104.6563833   59.9924025
   -104.6531446   59.9980107
   -104.6363939   59.9924011
   -104.6331552   59.9980064
   -104.6164044   59.9923974
   -104.6131652   59.9980013
   -104.5964143   59.9923946
   -104.5931757   59.9979945
   -104.5764244   59.9923922
   -104.5731862   59.9979895
   -104.5564344   59.9923894
   -104.5531961   59.9979845
   -104.5364443   59.9923873
   -104.5332067   59.9979777
   -104.5164549   59.9923851
   -104.5132172   59.9979734
   -104.4964654   59.9923814
   -104.4932272   59.9979683
   -104.4764753   59.9923785
   -104.4732376   59.9979617
   -104.4564854   59.9923770
   -104.4532482   59.9979567
   -104.4364954   59.9923742
   -104.4332587   59.9979507
   -104.4165053   59.9923720
   -104.4132692   59.9979449
   -104.3965154   59.9923689
   -104.3932792   59.9979398
   -104.3765259   59.9923662
   -104.3732896   59.9979347
   -104.3565363   59.9923640
   -104.3533002   59.9979289
   -104.3365464   59.9923609
   -104.3333102   59.9979238
   -104.3165564   59.9923581
   -104.3133207   59.9979178
   -104.2965664   59.9923559
   -104.2933312   59.9979128
   -104.2765763   59.9923530
   -104.2733416   59.9979062
   -104.2565864   59.9923515
   -104.2533522   59.9979013
   -104.2365969   59.9923488
   -104.2333622   59.9978968
   -104.2166073   59.9923450
   -104.2133727   59.9978900
   -104.1966174   59.9923427
   -104.1933831   59.9978853
   -104.1766274   59.9923406
   -104.1733932   59.9978802
   -104.1566373   59.9923377
   -104.1534037   59.9978734
   -104.1366474   59.9923353
   -104.1334142   59.9978684
   -104.1166574   59.9923324
   -104.1134242   59.9978633
   -104.0966678   59.9923297
   -104.0934346   59.9978574
   -104.0766784   59.9923273
   -104.0734452   59.9978525
   -104.0566884   59.9923244
   -104.0534557   59.9978465
   -104.0366982   59.9923222
   -104.0334662   59.9978407
   -104.0167084   59.9923191
   -104.0134762   59.9978356
   -103.9967184   59.9923162
   -103.9934866   59.9978298
   -103.9767284   59.9923148
   -103.9734972   59.9978249
   -103.9567387   59.9923121
   -103.9535072   59.9978197
   -103.9367494   59.9923082
   -103.9335177   59.9978137
   -103.9167593   59.9923060
   -103.9135281   59.9978089
   -103.8967692   59.9923038
   -103.8935387   59.9978022
   -103.8767793   59.9923015
   -103.8735492   59.9977973
   -103.8567893   59.9922986
   -103.8535592   59.9977922
   -103.8367997   59.9922958
   -103.8335697   59.9977861
   -103.8168103   59.9922926
   -103.8135801   59.9977813
   -103.7968203   59.9922905
   -103.7935902   59.9977763
   -103.7768302   59.9922876
   -103.7736007   59.9977695
   -103.7568403   59.9922852
   -103.7536112   59.9977646
   -103.7368503   59.9922823
   -103.7336212   59.9977595
   -103.7168602   59.9922794
   -103.7136316   59.9977529
   -103.6968708   59.9922779
   -103.6936422   59.9977487
   -103.6768813   59.9922742
   -103.6736527   59.9977427
   -103.6568913   59.9922720
   -103.6536632   59.9977378
   -103.6369012   59.9922690
   -103.6336731   59.9977321
   -103.6169113   59.9922667
   -103.6136837   59.9977262
   -103.5969213   59.9922645
   -103.5936942   59.9977213
   -103.5769312   59.9922616
   -103.5737042   59.9977154
   -103.5569418   59.9922586
   -103.5537147   59.9977101
   -103.5369523   59.9922556
   -103.5337251   59.9977054
   -103.5169622   59.9922534
   -103.5137357   59.9976987
   -103.4969723   59.9922510
   -103.4937462   59.9976938
   -103.4769823   59.9922481
   -103.4737562   59.9976887
   -103.4569922   59.9922452
   -103.4537667   59.9976819
   -103.4370023   59.9922427
   -103.4337771   59.9976772
   -103.4170128   59.9922408
   -103.4137872   59.9976728
   -103.3970232   59.9922370
   -103.3937977   59.9976661
   -103.3770333   59.9922346
   -103.3738082   59.9976612
   -103.3570433   59.9922317
   -103.3538181   59.9976563
   -103.3370533   59.9922295
   -103.3338287   59.9976504
   -103.3170632   59.9922273
   -103.3138392   59.9976447
   -103.2970733   59.9922241
   -103.2938497   59.9976388
   -103.2770838   59.9922221
   -103.2738602   59.9976345
   -103.2570942   59.9922183
   -103.2538701   59.9976289
   -103.2371043   59.9922159
   -103.2338807   59.9976230
   -103.2171143   59.9922137
   -103.2138912   59.9976181
   -103.1971242   59.9922108
   -103.1939012   59.9976122
   -103.1771343   59.9922076
   -103.1739117   59.9976063
   -103.1571448   59.9922056
   -103.1539221   59.9976022
   -103.1371552   59.9922025
   -103.1339327   59.9975956
   -103.1171653   59.9922001
   -103.1139432   59.9975907
   -103.0971753   59.9921972
   -103.0939532   59.9975856
   -103.0771852   59.9921942
   -103.0739636   59.9975791
   -103.0571953   59.9921925
   -103.0539742   59.9975742
   -103.0372053   59.9921896
   -103.0339842   59.9975692
   -103.0172158   59.9921868
   -103.0139947   59.9975639
   -102.9972262   59.9921837
   -102.9940052   59.9975583
   -102.9772363   59.9921806
   -102.9740151   59.9975534
   -102.9572463   59.9921784
   -102.9540257   59.9975475
   -102.9372562   59.9921761
   -102.9340362   59.9975418
   -102.9172663   59.9921730
   -102.9140467   59.9975359
   -102.8972763   59.9921707
   -102.8940572   59.9975310
   -102.8772867   59.9921679
   -102.8740671   59.9975261
   -102.8572973   59.9921647
   -102.8540777   59.9975202
   -102.8373073   59.9921625
   -102.8340882   59.9975153
   -102.8173172   59.9921595
   -102.8140982   59.9975095
   -102.7973273   59.9921564
   -102.7941086   59.9975038
   -102.7773373   59.9921549
   -102.7741192   59.9974989
   -102.7573472   59.9921519
   -102.7541297   59.9974923
   -102.7373578   59.9921496
   -102.7341402   59.9974881
   -102.7173683   59.9921458
   -102.7141502   59.9974830
   -102.6973783   59.9921428
   -102.6941606   59.9974773
   -102.6773882   59.9921413
   -102.6741712   59.9974717
   -102.6573983   59.9921382
   -102.6541812   59.9974666
   -102.6374083   59.9921352
   -102.6341917   59.9974608
   -102.6174182   59.9921329
   -102.6142022   59.9974551
   -102.5974288   59.9921299
   -102.5942121   59.9974509
   -102.5774393   59.9921269
   -102.5742227   59.9974451
   -102.5574492   59.9921246
   -102.5542332   59.9974394
   -102.5374593   59.9921214
   -102.5342437   59.9974336
   -102.5174693   59.9921191
   -102.5142542   59.9974287
   -102.4974792   59.9921161
   -102.4942641   59.9974231
   -102.4774898   59.9921139
   -102.4742747   59.9974179
   -102.4575003   59.9921108
   -102.4542852   59.9974130
   -102.4375101   59.9921078
   -102.4342952   59.9974072
   -102.4175203   59.9921046
   -102.4143056   59.9974015
   -102.3975303   59.9921031
   -102.3943162   59.9973967
   -102.3775403   59.9921001
   -102.3743267   59.9973908
   -102.3575501   59.9920978
   -102.3543372   59.9973852
   -102.3375608   59.9920948
   -102.3343472   59.9973808
   -102.3175713   59.9920910
   -102.3143576   59.9973752
   -102.2975811   59.9920894
   -102.2943682   59.9973696
   -102.2775913   59.9920863
   -102.2743782   59.9973645
   -102.2576013   59.9920833
   -102.2543887   59.9973587
   -102.2376111   59.9920810
   -102.2343992   59.9973530
   -102.2176213   59.9920778
   -102.2144091   59.9973482
   -102.1976318   59.9920757
   -102.1944197   59.9973431
   -102.1776421   59.9920726
   -102.1744302   59.9973374
   -102.1576523   59.9920694
   -102.1544407   59.9973316
   -102.1376623   59.9920671
   -102.1344511   59.9973269
   -102.1176721   59.9920648
   -102.1144612   59.9973212
   -102.0976823   59.9920617
   -102.0944718   59.9973153
   -102.0776922   59.9920594
   -102.0744823   59.9973105
   -102.0577027   59.9920565
   -102.0544923   59.9973061
   -102.0377131   59.9920527
   -102.0345026   59.9972997
   -102.0177232   59.9920509
   -102.0068708   60.0097797
   -101.9997781   60.0137279
   -101.9977280   60.0093868
   -101.9777425   59.9937739
   -101.9660507   60.0002506
   -101.9577527   59.9937792
   -101.9460672   60.0002498
   -101.9377627   59.9937846
   -101.9260841   60.0002495
   -101.9177730   59.9937902
   -101.9061006   60.0002485
   -101.8977837   59.9937953
   -101.8861171   60.0002478
   -101.8777937   59.9938007
   -101.8661336   60.0002477
   -101.8578035   59.9938060
   -101.8461501   60.0002462
   -101.8378137   59.9938112
   -101.8261666   60.0002462
   -101.8178237   59.9938167
   -101.8061831   60.0002454
   -101.7978340   59.9938223
   -101.7861996   60.0002445
   -101.7778447   59.9938273
   -101.7662161   60.0002438
   -101.7578547   59.9938327
   -101.7462326   60.0002437
   -101.7378647   59.9938381
   -101.7262491   60.0002430
   -101.7178745   59.9938433
   -101.7062656   60.0002423
   -101.6978847   59.9938486
   -101.6862821   60.0002415
   -101.6778947   59.9938539
   -101.6662986   60.0002415
   -101.6579049   59.9938596
   -101.6463151   60.0002400
   -101.6379157   59.9938645
   -101.6263320   60.0002397
   -101.6179257   59.9938698
   -101.6063485   60.0002396
   -101.5979354   59.9938751
   -101.5863650   60.0002382
   -101.5779457   59.9938803
   -101.5663815   60.0002382
   -101.5579557   59.9938857
   -101.5463980   60.0002375
   -101.5379654   59.9938908
   -101.5264145   60.0002368
   -101.5179761   59.9938965
   -101.5064310   60.0002360
   -101.4979866   59.9939015
   -101.4864475   60.0002360
   -101.4779964   59.9939067
   -101.4664640   60.0002346
   -101.4580066   59.9939119
   -101.4464805   60.0002346
   -101.4380166   59.9939173
   -101.4264970   60.0002339
   -101.4180266   59.9939226
   -101.4065135   60.0002339
   -101.3980364   59.9939278
   -101.3865300   60.0002326
   -101.3780471   59.9939333
   -101.3665470   60.0002322
   -101.3580576   59.9939383
   -101.3465635   60.0002322
   -101.3380674   59.9939435
   -101.3265800   60.0002309
   -101.3180776   59.9939486
   -101.3065964   60.0002309
   -101.2980876   59.9939540
   -101.2866129   60.0002303
   -101.2780974   59.9939591
   -101.2666294   60.0002296
   -101.2581076   59.9939643
   -101.2466459   60.0002290
   -101.2381181   59.9939699
   -101.2266624   60.0002289
   -101.2181284   59.9939748
   -101.2066789   60.0002276
   -101.1981386   59.9939799
   -101.1866954   60.0002276
   -101.1781486   59.9939853
   -101.1667119   60.0002270
   -101.1581583   59.9939904
   -101.1467284   60.0002263
   -101.1381686   59.9939956
   -101.1267449   60.0002257
   -101.1181791   59.9940012
   -101.1067614   60.0002257
   -101.0981893   59.9940060
   -101.0867779   60.0002244
   -101.0781996   59.9940111
   -101.0667949   60.0002242
   -101.0582096   59.9940164
   -101.0468114   60.0002242
   -101.0382196   59.9940217
   -101.0268279   60.0002236
   -101.0182293   59.9940267
   -101.0068444   60.0002230
   -100.9982396   59.9940319
   -100.9868608   60.0002224
   -100.9782501   59.9940375
   -100.9668773   60.0002224
   -100.9582603   59.9940423
   -100.9468938   60.0002212
   -100.9382705   59.9940474
   -100.9269103   60.0002212
   -100.9182805   59.9940527
   -100.9069268   60.0002207
   -100.8982903   59.9940577
   -100.8869433   60.0002201
   -100.8783005   59.9940628
   -100.8669598   60.0002195
   -100.8583105   59.9940680
   -100.8469763   60.0002196
   -100.8383208   59.9940735
   -100.8269928   60.0002183
   -100.8183315   59.9940783
   -100.8070098   60.0002181
   -100.7983415   59.9940835
   -100.7870263   60.0002182
   -100.7783513   59.9940886
   -100.7670428   60.0002170
   -100.7583615   59.9940936
   -100.7470593   60.0002171
   -100.7383715   59.9940989
   -100.7270758   60.0002165
   -100.7183815   59.9941040
   -100.7070923   60.0002166
   -100.6983918   59.9941095
   -100.6871088   60.0002154
   -100.6784025   59.9941142
   -100.6671252   60.0002155
   -100.6584125   59.9941195
   -100.6471417   60.0002150
   -100.6384222   59.9941244
   -100.6271582   60.0002144
   -100.6184325   59.9941295
   -100.6071747   60.0002139
   -100.5984425   59.9941347
   -100.5871912   60.0002140
   -100.5784522   59.9941398
   -100.5672077   60.0002128
   -100.5584630   59.9941451
   -100.5472242   60.0002129
   -100.5384735   59.9941501
   -100.5272407   60.0002124
   -100.5184832   59.9941550
   -100.5072577   60.0002116
   -100.4984935   59.9941600
   -100.4872742   60.0002117
   -100.4785035   59.9941652
   -100.4672907   60.0002112
   -100.4585132   59.9941702
   -100.4473072   60.0002107
   -100.4385240   59.9941756
   -100.4273237   60.0002101
   -100.4185345   59.9941805
   -100.4073402   60.0002103
   -100.3985445   59.9941857
   -100.3873567   60.0002098
   -100.3785542   59.9941906
   -100.3673732   60.0002093
   -100.3585644   59.9941957
   -100.3473896   60.0002088
   -100.3385744   59.9942008
   -100.3274061   60.0002090
   -100.3185842   59.9942058
   -100.3074226   60.0002078
   -100.2985949   59.9942111
   -100.2874391   60.0002079
   -100.2786054   59.9942160
   -100.2674556   60.0002075
   -100.2586152   59.9942209
   -100.2474726   60.0002067
   -100.2386254   59.9942259
   -100.2274891   60.0002069
   -100.2186354   59.9942311
   -100.2075056   60.0002065
   -100.1986452   59.9942360
   -100.1875221   60.0002060
   -100.1786554   59.9942410
   -100.1675386   60.0002055
   -100.1586659   59.9942464
   -100.1475551   60.0002056
   -100.1386761   59.9942511
   -100.1275716   60.0002045
   -100.1186864   59.9942561
   -100.1075881   60.0002047
   -100.0986964   59.9942612
   -100.0876046   60.0002043
   -100.0787064   59.9942663
   -100.0676211   60.0002045
   -100.0587161   59.9942713
   -100.0476376   60.0002034
   -100.0387264   59.9942762
   -100.0276540   60.0002036
   -100.0187369   59.9942817
   -100.0076705   60.0002032
   -99.9987471   59.9942863
   -99.9876870   60.0002027
   -99.9787574   59.9942913
   -99.9677035   60.0002023
   -99.9587674   59.9942964
   -99.9477205   60.0002022
   -99.9387771   59.9943012
   -99.9277370   60.0002018
   -99.9187874   59.9943062
   -99.9077535   60.0002014
   -99.8987974   59.9943113
   -99.8877700   60.0002016
   -99.8788076   59.9943165
   -99.8677865   60.0002005
   -99.8588184   59.9943212
   -99.8478030   60.0002007
   -99.8388284   59.9943263
   -99.8278195   60.0002003
   -99.8188381   59.9943311
   -99.8078360   60.0001999
   -99.7988484   59.9943361
   -99.7878525   60.0001995
   -99.7788583   59.9943411
   -99.7678690   60.0001998
   -99.7588688   59.9943466
   -99.7478855   60.0001993
   -99.7388791   59.9943512
   -99.7279020   60.0001989
   -99.7188893   59.9943561
   -99.7079184   60.0001986
   -99.6988993   59.9943611
   -99.6879354   60.0001985
   -99.6789091   59.9943660
   -99.6679519   60.0001981
   -99.6589193   59.9943709
   -99.6479684   60.0001978
   -99.6389293   59.9943759
   -99.6279849   60.0001980
   -99.6189395   59.9943811
   -99.6080014   60.0001969
   -99.5989503   59.9943857
   -99.5880179   60.0001972
   -99.5789603   59.9943908
   -99.5680344   60.0001969
   -99.5589700   59.9943956
   -99.5480509   60.0001965
   -99.5389803   59.9944006
   -99.5280674   60.0001961
   -99.5189903   59.9944056
   -99.5080839   60.0001964
   -99.4990000   59.9944104
   -99.4881004   60.0001954
   -99.4790108   59.9944156
   -99.4681169   60.0001956
   -99.4590213   59.9944204
   -99.4481334   60.0001953
   -99.4390313   59.9944254
   -99.4281499   60.0001956
   -99.4190410   59.9944303
   -99.4081664   60.0001946
   -99.3990513   59.9944351
   -99.3881833   60.0001946
   -99.3790613   59.9944401
   -99.3681998   60.0001949
   -99.3590710   59.9944449
   -99.3482163   60.0001939
   -99.3390818   59.9944501
   -99.3282328   60.0001942
   -99.3190923   59.9944549
   -99.3082493   60.0001939
   -99.2991020   59.9944597
   -99.2882658   60.0001935
   -99.2791123   59.9944645
   -99.2682823   60.0001932
   -99.2591223   59.9944695
   -99.2482988   60.0001935
   -99.2391320   59.9944744
   -99.2283153   60.0001926
   -99.2191423   59.9944792
   -99.2083318   60.0001929
   -99.1991527   59.9944845
   -99.1883483   60.0001925
   -99.1791630   59.9944890
   -99.1683648   60.0001922
   -99.1591732   59.9944939
   -99.1483813   60.0001919
   -99.1391832   59.9944988
   -99.1283983   60.0001920
   -99.1191932   59.9945038
   -99.1084148   60.0001923
   -99.0992029   59.9945086
   -99.0884313   60.0001913
   -99.0792137   59.9945137
   -99.0684477   60.0001916
   -99.0592242   59.9945184
   -99.0484642   60.0001914
   -99.0392339   59.9945232
   -99.0284807   60.0001910
   -99.0192442   59.9945280
   -99.0084972   60.0001908
   -98.9992542   59.9945330
   -98.9885137   60.0001911
   -98.9792639   59.9945378
   -98.9685302   60.0001902
   -98.9592742   59.9945426
   -98.9485467   60.0001905
   -98.9392847   59.9945479
   -98.9285632   60.0001902
   -98.9192949   59.9945523
   -98.9085797   60.0001899
   -98.8993052   59.9945572
   -98.8885962   60.0001897
   -98.8793152   59.9945621
   -98.8686132   60.0001898
   -98.8593249   59.9945668
   -98.8486297   60.0001894
   -98.8393352   59.9945716
   -98.8286462   60.0001892
   -98.8193452   59.9945766
   -98.8086627   60.0001896
   -98.7993557   59.9945818
   -98.7886792   60.0001893
   -98.7793659   59.9945863
   -98.7686957   60.0001890
   -98.7593762   59.9945911
   -98.7487121   60.0001888
   -98.7393862   59.9945960
   -98.7287286   60.0001891
   -98.7193959   59.9946008
   -98.7087451   60.0001883
   -98.6994062   59.9946055
   -98.6887616   60.0001886
   -98.6794162   59.9946105
   -98.6687781   60.0001884
   -98.6594264   59.9946155
   -98.6487946   60.0001881
   -98.6394372   59.9946200
   -98.6288111   60.0001879
   -98.6194472   59.9946249
   -98.6088276   60.0001883
   -98.5994568   59.9946297
   -98.5888441   60.0001874
   -98.5794671   59.9946344
   -98.5688611   60.0001875
   -98.5594771   59.9946393
   -98.5488779   60.0001877
   -98.5394868   59.9946434
   -98.5288941   60.0001867
   -98.5194976   59.9946484
   -98.5089106   60.0001870
   -98.4995081   59.9946531
   -98.4889271   60.0001869
   -98.4795181   59.9946580
   -98.4689436   60.0001872
   -98.4595278   59.9946627
   -98.4489601   60.0001864
   -98.4395381   59.9946674
   -98.4289766   60.0001868
   -98.4195481   59.9946723
   -98.4089930   60.0001866
   -98.3995583   59.9946773
   -98.3890095   60.0001863
   -98.3795691   59.9946818
   -98.3690260   60.0001862
   -98.3595791   59.9946867
   -98.3490425   60.0001866
   -98.3395888   59.9946914
   -98.3290590   60.0001857
   -98.3195991   59.9946961
   -98.3090760   60.0001859
   -98.2996091   59.9947010
   -98.2890925   60.0001863
   -98.2796188   59.9947057
   -98.2691090   60.0001855
   -98.2596296   59.9947107
   -98.2491255   60.0001858
   -98.2396401   59.9947153
   -98.2291420   60.0001857
   -98.2196498   59.9947200
   -98.2091585   60.0001855
   -98.1996601   59.9947247
   -98.1891750   60.0001853
   -98.1796701   59.9947296
   -98.1691915   60.0001857
   -98.1596801   59.9947344
   -98.1492080   60.0001856
   -98.1396898   59.9947391
   -98.1292245   60.0001854
   -98.1197006   59.9947441
   -98.1092410   60.0001852
   -98.0997111   59.9947487
   -98.0892574   60.0001856
   -98.0797207   59.9947534
   -98.0692739   60.0001848
   -98.0597311   59.9947580
   -98.0492904   60.0001853
   -98.0397411   59.9947629
   -98.0293069   60.0001851
   -98.0197507   59.9947676
   -98.0093239   60.0001847
   -97.9997610   59.9947722
   -97.9893404   60.0001851
   -97.9797715   59.9947774
   -97.9693569   60.0001849
   -97.9597817   59.9947818
   -97.9493734   60.0001847
   -97.9397920   59.9947865
   -97.9293899   60.0001846
   -97.9198020   59.9947913
   -97.9094064   60.0001851
   -97.8998117   59.9947959
   -97.8894229   60.0001843
   -97.8798220   59.9948006
   -97.8694394   60.0001847
   -97.8598320   59.9948054
   -97.8494559   60.0001846
   -97.8398425   59.9948106
   -97.8294724   60.0001851
   -97.8198527   59.9948149
   -97.8094889   60.0001843
   -97.7998630   59.9948196
   -97.7895054   60.0001848
   -97.7798730   59.9948244
   -97.7695219   60.0001847
   -97.7598827   59.9948291
   -97.7495388   60.0001842
   -97.7398930   59.9948337
   -97.7295553   60.0001847
   -97.7199035   59.9948388
   -97.7095718   60.0001846
   -97.6999137   59.9948432
   -97.6895883   60.0001844
   -97.6799240   59.9948478
   -97.6696048   60.0001843
   -97.6599340   59.9948526
   -97.6496213   60.0001848
   -97.6399437   59.9948573
   -97.6296378   60.0001840
   -97.6199540   59.9948619
   -97.6096543   60.0001845
   -97.5999640   59.9948667
   -97.5896708   60.0001844
   -97.5799741   59.9948716
   -97.5696873   60.0001842
   -97.5599850   59.9948760
   -97.5497038   60.0001842
   -97.5399950   59.9948808
   -97.5297203   60.0001846
   -97.5200046   59.9948854
   -97.5097368   60.0001839
   -97.5000150   59.9948900
   -97.4897533   60.0001844
   -97.4800250   59.9948948
   -97.4697698   60.0001844
   -97.4600350   59.9948996
   -97.4497868   60.0001846
   -97.4400451   59.9949045
   -97.4298032   60.0001844
   -97.4200560   59.9949088
   -97.4098197   60.0001844
   -97.4000659   59.9949136
   -97.3898362   60.0001848
   -97.3800756   59.9949182
   -97.3698527   60.0001842
   -97.3600859   59.9949228
   -97.3498692   60.0001846
   -97.3400959   59.9949276
   -97.3298857   60.0001846
   -97.3201056   59.9949322
   -97.3099022   60.0001844
   -97.3001164   59.9949371
   -97.2899187   60.0001844
   -97.2801269   59.9949416
   -97.2699352   60.0001849
   -97.2601366   59.9949462
   -97.2499517   60.0001842
   -97.2401469   59.9949508
   -97.2299682   60.0001847
   -97.2201569   59.9949555
   -97.2099847   60.0001847
   -97.2001666   59.9949601
   -97.1900017   60.0001843
   -97.1801769   59.9949647
   -97.1700182   60.0001848
   -97.1601874   59.9949697
   -97.1500347   60.0001848
   -97.1401979   59.9949742
   -97.1300512   60.0001853
   -97.1202076   59.9949788
   -97.1100677   60.0001846
   -97.1002179   59.9949834
   -97.0900841   60.0001851
   -97.0802279   59.9949881
   -97.0701006   60.0001851
   -97.0602375   59.9949927
   -97.0501171   60.0001850
   -97.0402484   59.9949976
   -97.0301336   60.0001850
   -97.0202589   59.9950020
   -97.0101501   60.0001855
   -97.0002685   59.9950066
   -96.9901666   60.0001849
   -96.9802789   59.9950112
   -96.9701831   60.0001854
   -96.9602889   59.9950159
   -96.9501996   60.0001854
   -96.9402985   59.9950205
   -96.9302161   60.0001853
   -96.9203089   59.9950250
   -96.9102326   60.0001853
   -96.9003194   59.9950300
   -96.8902496   60.0001855
   -96.8803295   59.9950343
   -96.8702661   60.0001854
   -96.8603399   59.9950389
   -96.8502826   60.0001854
   -96.8403499   59.9950436
   -96.8302991   60.0001860
   -96.8203599   59.9950484
   -96.8103156   60.0001860
   -96.8003695   59.9950529
   -96.7903321   60.0001859
   -96.7803798   59.9950574
   -96.7703485   60.0001859
   -96.7603903   59.9950624
   -96.7503650   60.0001864
   -96.7404005   59.9950667
   -96.7303815   60.0001858
   -96.7204108   59.9950712
   -96.7103980   60.0001864
   -96.7004208   59.9950760
   -96.6904145   60.0001864
   -96.6804305   59.9950805
   -96.6704310   60.0001863
   -96.6604408   59.9950850
   -96.6504475   60.0001863
   -96.6404508   59.9950898
   -96.6304645   60.0001866
   -96.6204610   59.9950945
   -96.6104810   60.0001865
   -96.6004718   59.9950988
   -96.5904975   60.0001866
   -96.5804818   59.9951035
   -96.5705140   60.0001871
   -96.5604914   59.9951080
   -96.5505305   60.0001865
   -96.5405018   59.9951126
   -96.5305470   60.0001871
   -96.5205118   59.9951173
   -96.5105635   60.0001871
   -96.5005218   59.9951220
   -96.4905800   60.0001877
   -96.4805319   59.9951267
   -96.4705965   60.0001871
   -96.4605428   59.9951310
   -96.4506130   60.0001877
   -96.4405528   59.9951357
   -96.4306294   60.0001877
   -96.4205624   59.9951402
   -96.4106459   60.0001876
   -96.4005728   59.9951447
   -96.3906624   60.0001877
   -96.3805828   59.9951494
   -96.3706789   60.0001883
   -96.3605929   59.9951542
   -96.3506954   60.0001877
   -96.3406038   59.9951584
   -96.3307124   60.0001880
   -96.3206138   59.9951631
   -96.3107289   60.0001886
   -96.3006234   59.9951676
   -96.2907454   60.0001880
   -96.2806338   59.9951721
   -96.2707619   60.0001886
   -96.2606438   59.9951768
   -96.2507784   60.0001887
   -96.2406534   59.9951813
   -96.2307949   60.0001886
   -96.2206643   59.9951860
   -96.2108114   60.0001887
   -96.2006748   59.9951904
   -96.1908279   60.0001893
   -96.1806847   59.9951951
   -96.1708444   60.0001894
   -96.1606944   59.9951996
   -96.1508609   60.0001893
   -96.1407047   59.9952041
   -96.1308774   60.0001894
   -96.1207147   59.9952087
   -96.1108939   60.0001900
   -96.1007244   59.9952132
   -96.0909103   60.0001894
   -96.0807352   59.9952180
   -96.0709273   60.0001898
   -96.0607457   59.9952224
   -96.0509438   60.0001904
   -96.0407553   59.9952268
   -96.0309603   60.0001898
   -96.0207657   59.9952313
   -96.0109768   60.0001904
   -96.0007757   59.9952360
   -95.9909933   60.0001905
   -95.9807853   59.9952405
   -95.9710098   60.0001905
   -95.9607957   59.9952449
   -95.9510263   60.0001906
   -95.9408062   59.9952498
   -95.9310428   60.0001912
   -95.9208163   59.9952540
   -95.9110593   60.0001907
   -95.9008267   59.9952585
   -95.8910758   60.0001913
   -95.8808367   59.9952631
   -95.8710923   60.0001914
   -95.8608467   59.9952678
   -95.8511088   60.0001920
   -95.8408563   59.9952722
   -95.8311253   60.0001915
   -95.8208667   59.9952767
   -95.8111418   60.0001921
   -95.8008772   59.9952816
   -95.7911583   60.0001922
   -95.7808873   59.9952858
   -95.7711752   60.0001919
   -95.7608977   59.9952902
   -95.7511917   60.0001926
   -95.7409077   59.9952949
   -95.7312082   60.0001927
   -95.7209173   59.9952993
   -95.7112247   60.0001927
   -95.7009277   59.9953038
   -95.6912412   60.0001928
   -95.6809382   59.9953087
   -95.6712577   60.0001934
   -95.6609483   59.9953128
   -95.6512742   60.0001929
   -95.6409587   59.9953173
   -95.6312907   60.0001935
   -95.6209687   59.9953219
   -95.6113072   60.0001937
   -95.6009783   59.9953264
   -95.5913237   60.0001937
   -95.5809887   59.9953308
   -95.5713402   60.0001938
   -95.5609986   59.9953354
   -95.5513567   60.0001944
   -95.5410091   59.9953403
   -95.5313732   60.0001946
   -95.5210192   59.9953445
   -95.5113902   60.0001943
   -95.5010296   59.9953489
   -95.4914067   60.0001950
   -95.4810396   59.9953535
   -95.4714232   60.0001951
   -95.4610492   59.9953579
   -95.4514397   60.0001951
   -95.4410596   59.9953624
   -95.4314561   60.0001953
   -95.4210696   59.9953670
   -95.4114726   60.0001959
   -95.4010797   59.9953716
   -95.3914891   60.0001955
   -95.3810906   59.9953758
   -95.3715056   60.0001961
   -95.3611006   59.9953804
   -95.3515221   60.0001962
   -95.3411102   59.9953848
   -95.3315386   60.0001963
   -95.3211206   59.9953892
   -95.3115551   60.0001964
   -95.3011306   59.9953938
   -95.2915716   60.0001971
   -95.2811402   59.9953983
   -95.2715881   60.0001966
   -95.2611511   59.9954029
   -95.2516046   60.0001973
   -95.2411616   59.9954072
   -95.2316211   60.0001974
   -95.2211716   59.9954118
   -95.2116381   60.0001978
   -95.2011812   59.9954163
   -95.1916546   60.0001979
   -95.1811916   59.9954207
   -95.1716711   60.0001980
   -95.1612016   59.9954253
   -95.1516876   60.0001987
   -95.1412112   59.9954297
   -95.1317041   60.0001982
   -95.1212221   59.9954343
   -95.1117206   60.0001989
   -95.1012326   59.9954386
   -95.0917370   60.0001991
   -95.0812422   59.9954430
   -95.0717535   60.0001991
   -95.0612526   59.9954474
   -95.0517700   60.0001993
   -95.0412626   59.9954520
   -95.0317865   60.0002000
   -95.0212722   59.9954564
   -95.0118030   60.0001995
   -95.0012831   59.9954610
   -94.9918195   60.0002002
   -94.9812936   59.9954653
   -94.9718360   60.0002004
   -94.9613031   59.9954697
   -94.9518530   60.0002002
   -94.9413135   59.9954741
   -94.9318695   60.0002009
   -94.9163005   59.9932295
   -94.9118830   59.9933095
   -94.8918917   59.9805763
   -94.8837854   59.9701068
   -94.8718974   59.9610825
   -94.8634744   59.9513504
   -94.8519034   59.9419532
   -94.8433529   59.9325792
   -94.8319094   59.9229462
   -94.8233176   59.9138106
   -94.8119155   59.9039967
   -94.8033125   59.8950307
   -94.7819279   59.8763437
   -94.7572644   59.8578417
   -94.7189445   59.8300480
   -94.7069581   59.8208948
   -94.6802765   59.8024990
   -94.6512213   59.7842650
   -94.6197431   59.7661610
   -94.5858312   59.7481831
   -94.5495703   59.7303746
   -94.5108354   59.7126747
   -94.4697739   59.6951503
   -94.4262653   59.6777491
   -94.3802904   59.6604657
   -94.3320334   59.6433681
   -94.2812278   59.6263620
   -94.2281848   59.6095513
   -94.1726423   59.5928515
   -94.1145838   59.5762609
   -94.0937893   59.5706041
   -94.0758287   59.5790460
   -94.0429670   59.5922556
   -94.0062067   59.6076922
   -93.9806087   59.6189839
   -93.9470180   59.6361148
   -93.9077754   59.6571672
   -93.8757289   59.6795584
   -93.8581647   59.6922262
   -93.8231427   59.7183054
   -93.7882417   59.7453917
   -93.5915965   59.9026738
   -93.5892509   59.9043767
   -93.4788165   59.9586595
   -93.3853459   59.9953934
   -93.3471338   60.0060443
   -93.3335252   60.0080171
   -92.5892139   60.2493825
   -92.4903645   60.2510513
   -92.4189655   60.2471236
   -92.3085025   60.2399828
   -92.0864420   60.2098023
   -91.2621760   60.0939752
   -91.2032498   60.0837910
   -90.9105155   60.0193791
   -90.7820924   59.9463722
   -90.3116183   59.9477038
   -90.2500978   59.9483158
   -90.2089966   59.9490880
   -90.1472118   59.9507939
   -90.1059344   59.9522953
   -90.0647311   59.9540821
   -90.0231674   59.9561740
   -89.9817136   59.9585485
   -89.9193123   59.9626630
   -89.8776829   59.9657660
   -89.8150168   59.9709751
   -89.7731746   59.9748103
   -89.7102808   59.9811103
   -89.6682624   59.9856748
   -89.6052971   59.9930450
   -89.5417866   60.0011186
   -89.4783158   60.0098028
   -89.4359295   60.0158940
   -89.3936329   60.0222524
   -89.3264139   60.0329327
   -89.2616287   60.0457446
   -89.2201468   60.0542975
   -89.1574114   60.0677440
   -89.1156344   60.0770386
   -89.0528705   60.0915120
   -89.0109946   60.1015068
   -88.9690038   60.1117999
   -88.9059672   60.1277593
   -88.8639103   60.1387439
   -88.8217369   60.1500285
   -88.7584276   60.1674739
   -88.7161572   60.1794574
   -88.6740152   60.1916716
   -88.6102517   60.2106558
   -88.5677995   60.2236300
   -88.5040227   60.2436227
   -88.4614746   60.2572935
   -88.3973913   60.2783839
   -89.0328394   56.8139777
   -89.0485316   56.8103397
   -89.0497151   56.8036085
   -89.0654924   56.7997752
   -89.0665921   56.7932416
   -89.0824524   56.7892082
   -89.0834709   56.7828775
   -89.0994105   56.7786387
   -89.1003506   56.7725149
   -89.1163671   56.7680665
   -89.1172317   56.7621561
   -89.1333220   56.7574924
   -89.1341138   56.7517986
   -89.1502763   56.7469161
   -89.1509983   56.7414438
   -89.1672285   56.7363364
   -89.1678840   56.7310909
   -89.1841792   56.7257554
   -89.1847713   56.7207405
   -89.2011289   56.7151719
   -89.2016602   56.7103938
   -89.2180768   56.7045850
   -89.2185505   56.7000484
   -89.2350228   56.6939966
   -89.2354423   56.6897055
   -89.2519673   56.6834058
   -89.2523357   56.6793656
   -89.2689104   56.6728115
   -89.2692305   56.6690286
   -89.2858518   56.6622142
   -89.2861270   56.6586942
   -89.3027917   56.6516158
   -89.3030252   56.6483616
   -89.3197303   56.6410144
   -89.3199254   56.6380323
   -89.3366668   56.6304092
   -89.3368269   56.6277051
   -89.3536016   56.6198027
   -89.3537301   56.6173805
   -89.3705347   56.6091934
   -89.3706349   56.6070595
   -89.3874667   56.5985804
   -89.3875419   56.5967418
   -89.4043960   56.5879644
   -89.4044497   56.5864258
   -89.4213239   56.5773469
   -89.4213598   56.5761124
   -89.4382501   56.5667265
   -89.4382716   56.5658018
   -89.4551751   56.5561021
   -89.4551856   56.5554950
   -89.4890377   56.5348773
   -89.5225405   56.5137815
   -89.5231709   56.5140867
   -89.5393132   56.5032456
   -89.5402354   56.5036894
   -89.5560859   56.4927106
   -89.5573000   56.4932912
   -89.5728602   56.4821772
   -89.5743639   56.4828917
   -89.5896352   56.4716449
   -89.5914262   56.4724903
   -89.6064111   56.4611141
   -89.6084876   56.4620878
   -89.6231874   56.4505840
   -89.6255494   56.4516841
   -89.6399643   56.4400561
   -89.6426098   56.4412796
   -89.6567417   56.4295290
   -89.6596687   56.4308731
   -89.6735205   56.4190029
   -89.6767270   56.4204648
   -89.6903006   56.4084789
   -89.6937849   56.4100558
   -89.7070815   56.3979561
   -89.7108415   56.3996449
   -89.7238629   56.3874342
   -89.7278971   56.3892324
   -89.7406453   56.3769148
   -89.7449520   56.3788195
   -89.7574286   56.3663967
   -89.7620064   56.3684049
   -89.7742122   56.3558794
   -89.7790594   56.3579881
   -89.7909972   56.3453633
   -89.7961113   56.3475697
   -89.8077836   56.3348495
   -89.8131628   56.3371504
   -89.8245705   56.3243374
   -89.8302135   56.3267298
   -89.8413582   56.3138258
   -89.8472625   56.3163068
   -89.8581474   56.3033166
   -89.8643104   56.3058826
   -89.8749376   56.2928090
   -89.8813582   56.2954571
   -89.8917280   56.2823024
   -89.8984046   56.2850291
   -89.9085192   56.2717980
   -89.9154499   56.2746008
   -89.9253122   56.2612951
   -89.9324944   56.2641703
   -89.9421064   56.2507940
   -89.9495377   56.2537377
   -89.9589012   56.2402938
   -89.9665796   56.2433033
   -89.9756974   56.2297960
   -89.9836203   56.2328675
   -89.9924946   56.2193003
   -90.0006614   56.2224312
   -90.0092923   56.2088052
   -90.0177003   56.2119912
   -90.0260916   56.1983130
   -90.0347377   56.2015501
   -90.0428914   56.1878219
   -90.0517743   56.1911073
   -90.0596927   56.1773322
   -90.0688104   56.1806626
   -90.0764956   56.1668451
   -90.0858446   56.1702157
   -90.0932994   56.1563602
   -90.1028780   56.1597681
   -90.1101042   56.1458766
   -90.1199107   56.1493183
   -90.1269102   56.1353945
   -90.1369416   56.1388654
   -90.1437175   56.1249153
   -90.1539708   56.1284111
   -90.1605255   56.1144374
   -90.1709992   56.1179551
   -90.1773348   56.1039613
   -90.1880274   56.1074978
   -90.1941457   56.0934877
   -90.2050532   56.0970373
   -90.2109581   56.0830160
   -90.2220776   56.0865752
   -90.2277718   56.0725464
   -90.2391017   56.0761114
   -90.2445864   56.0620784
   -90.2561238   56.0656443
   -90.2614025   56.0516133
   -90.2731447   56.0551767
   -90.2782195   56.0411504
   -90.2901640   56.0447060
   -90.2950373   56.0306883
   -90.3071826   56.0342332
   -90.3118578   56.0202296
   -90.3241992   56.0237578
   -90.3286794   56.0097729
   -90.3412146   56.0132808
   -90.3455019   55.9993177
   -90.3582283   56.0028011
   -90.3623262   55.9888658
   -90.3752416   55.9923203
   -90.3791519   55.9784162
   -90.3922525   55.9818358
   -90.3959717   55.9679964
   -90.4090051   55.9709350
   -90.4127417   55.9575536
   -90.4257640   55.9600435
   -90.4295064   55.9471029
   -90.4425283   55.9491614
   -90.4462650   55.9366434
   -90.4592976   55.9382878
   -90.4630186   55.9261755
   -90.4760709   55.9274202
   -90.4797684   55.9157021
   -90.4928489   55.9165600
   -90.4965144   55.9052232
   -90.5096301   55.9057049
   -90.5132563   55.8947381
   -90.5264144   55.8948549
   -90.5299957   55.8842483
   -90.5432016   55.8840095
   -90.5467325   55.8737551
   -90.5599913   55.8731684
   -90.5634664   55.8632576
   -90.5767832   55.8623314
   -90.5801978   55.8527556
   -90.5935771   55.8514969
   -90.5969275   55.8422510
   -90.6103740   55.8406669
   -90.6136559   55.8317441
   -90.6271719   55.8298392
   -90.6303816   55.8212332
   -90.6439713   55.8190134
   -90.6471057   55.8107208
   -90.6607722   55.8081910
   -90.6638284   55.8002061
   -90.6775751   55.7973709
   -90.6805497   55.7896894
   -90.6943791   55.7865519
   -90.6972699   55.7791700
   -90.7111837   55.7757355
   -90.7139887   55.7686494
   -90.7279903   55.7649211
   -90.7307066   55.7581276
   -90.7447973   55.7541083
   -90.7474233   55.7476027
   -90.7616053   55.7432963
   -90.7641390   55.7370775
   -90.7784142   55.7324867
   -90.7808538   55.7265508
   -90.7952244   55.7216783
   -90.7975682   55.7160223
   -90.8120351   55.7108702
   -90.8142813   55.7054932
   -90.8288463   55.7000644
   -90.8309938   55.6949628
   -90.8456590   55.6892601
   -90.8477064   55.6844313
   -90.8624720   55.6784556
   -90.8644178   55.6738983
   -90.8792850   55.6676527
   -90.8811282   55.6633651
   -90.8960988   55.6568511
   -90.8978382   55.6528310
   -90.9129136   55.6460501
   -90.9145481   55.6422955
   -90.9297287   55.6352490
   -90.9312568   55.6317598
   -90.9465440   55.6244499
   -90.9479652   55.6212234
   -90.9633596   55.6136516
   -90.9646734   55.6106851
   -90.9801767   55.6028525
   -90.9813810   55.6001479
   -90.9969934   55.5920554
   -90.9980881   55.5896094
   -91.0138101   55.5812591
   -91.0147947   55.5790701
   -91.0306286   55.5704621
   -91.0315018   55.5685301
   -91.0474463   55.5596666
   -91.0482075   55.5579901
   -91.0642644   55.5488719
   -91.0649132   55.5474494
   -91.0810828   55.5380784
   -91.0816195   55.5369066
   -91.0979025   55.5272832
   -91.0983246   55.5263656
   -91.1652065   55.4841529
   -91.1980701   55.4630206
   -91.1982441   55.4626371
   -91.2310333   55.4406460
   -91.2964162   55.3962339
   -91.2971973   55.3962392
   -91.3127564   55.3851304
   -91.3137425   55.3851433
   -91.3290937   55.3740259
   -91.3302895   55.3740494
   -91.3454307   55.3629204
   -91.3468375   55.3629575
   -91.3617669   55.3518123
   -91.3633864   55.3518664
   -91.3781014   55.3407034
   -91.3799360   55.3407781
   -91.3944345   55.3295921
   -91.3964885   55.3296913
   -91.4107670   55.3184784
   -91.4130416   55.3186061
   -91.4270975   55.3073634
   -91.4295957   55.3075242
   -91.4434264   55.2962454
   -91.4461523   55.2964444
   -91.4599987   55.2849218
   -91.4625345   55.2851149
   -91.4763638   55.2735821
   -91.4789162   55.2737844
   -91.4927274   55.2622426
   -91.4952983   55.2624546
   -91.5090928   55.2509031
   -91.5116795   55.2511248
   -91.5254571   55.2395636
   -91.5280625   55.2397953
   -91.5418206   55.2282237
   -91.5444450   55.2284657
   -91.5581857   55.2168841
   -91.5608264   55.2171362
   -91.5745490   55.2055440
   -91.5772089   55.2058070
   -91.5909134   55.1942046
   -91.5935917   55.1944783
   -91.6072772   55.1828638
   -91.6099739   55.1831487
   -91.6236411   55.1715235
   -91.6263566   55.1718197
   -91.6400053   55.1601838
   -91.6427397   55.1604915
   -91.6563688   55.1488427
   -91.6591222   55.1491621
   -91.6727324   55.1375021
   -91.6755052   55.1378336
   -91.6890961   55.1261613
   -91.6918872   55.1265050
   -91.7054595   55.1148204
   -91.7082713   55.1151768
   -91.7218233   55.1034800
   -91.7246540   55.1038490
   -91.7381864   55.0921382
   -91.7410369   55.0925204
   -91.7545495   55.0807970
   -91.7574203   55.0811925
   -91.7709122   55.0694560
   -91.7738041   55.0698653
   -91.7872758   55.0581139
   -91.7901874   55.0585371
   -91.8036386   55.0467722
   -91.8065711   55.0472096
   -91.8200011   55.0354308
   -91.8229544   55.0358828
   -91.8363643   55.0240884
   -91.8393388   55.0245552
   -91.8527264   55.0127466
   -91.8557225   55.0132286
   -91.8690895   55.0014037
   -91.8721061   55.0019012
   -91.8854517   54.9900613
   -91.8884913   54.9905747
   -91.9018136   54.9787190
   -91.9048753   54.9792485
   -91.9181762   54.9673758
   -91.9212594   54.9679217
   -91.9345374   54.9560325
   -91.9376440   54.9565956
   -91.9508998   54.9446898
   -91.9540291   54.9452703
   -91.9672619   54.9333460
   -91.9704138   54.9339439
   -91.9836231   54.9220028
   -91.9867983   54.9226188
   -91.9999846   54.9106590
   -92.0031835   54.9112935
   -92.0163456   54.8993144
   -92.0195692   54.8999680
   -92.0327071   54.8879708
   -92.0359544   54.8886434
   -92.0490674   54.8766261
   -92.0523400   54.8773188
   -92.0654288   54.8652810
   -92.0687253   54.8659937
   -92.0817899   54.8539368
   -92.0851117   54.8546702
   -92.0981501   54.8425909
   -92.1014975   54.8433454
   -92.1145109   54.8312462
   -92.1178834   54.8320222
   -92.1308703   54.8199004
   -92.1342707   54.8206989
   -92.1472309   54.8085540
   -92.1506570   54.8093750
   -92.1635911   54.7972085
   -92.1670434   54.7980525
   -92.1799501   54.7858618
   -92.1834304   54.7867298
   -92.1963099   54.7745148
   -92.1998181   54.7754071
   -92.2126689   54.7631681
   -92.2162052   54.7640853
   -92.2290281   54.7518208
   -92.2325928   54.7527635
   -92.2453877   54.7404735
   -92.2489799   54.7414419
   -92.2617456   54.7291253
   -92.2653688   54.7301210
   -92.2781043   54.7177767
   -92.2817568   54.7187995
   -92.2944623   54.7064285
   -92.2981449   54.7074794
   -92.3108204   54.6950795
   -92.3145337   54.6961593
   -92.3271784   54.6837300
   -92.3309231   54.6848393
   -92.3435356   54.6723806
   -92.3473123   54.6735201
   -92.3598927   54.6610307
   -92.3637018   54.6622013
   -92.3762497   54.6496802
   -92.3800917   54.6508827
   -92.3926063   54.6383294
   -92.3964821   54.6395645
   -92.4089619   54.6269778
   -92.4128724   54.6282468
   -92.4253188   54.6156263
   -92.4292624   54.6169292
   -92.4416746   54.6042743
   -92.4456544   54.6056129
   -92.4580296   54.5929209
   -92.4620454   54.5942957
   -92.4743852   54.5815686
   -92.4784370   54.5829803
   -92.4907391   54.5702146
   -92.4948289   54.5716650
   -92.5070944   54.5588608
   -92.5112215   54.5603502
   -92.5234484   54.5475062
   -92.5276147   54.5490360
   -92.5398013   54.5361505
   -92.5440078   54.5377223
   -92.5561552   54.5247952
   -92.5604008   54.5264091
   -92.5725074   54.5134384
   -92.5767957   54.5150970
   -92.5888744   54.5020667
   -92.5930644   54.5036051
   -92.6049536   54.4905868
   -92.6093309   54.4921100
   -92.6210355   54.4791104
   -92.6255952   54.4806108
   -92.6371199   54.4676378
   -92.6418563   54.4691081
   -92.6532068   54.4561685
   -92.6581159   54.4576028
   -92.6692958   54.4447019
   -92.6743728   54.4460940
   -92.6853865   54.4332389
   -92.6906290   54.4345838
   -92.7014797   54.4217776
   -92.7068825   54.4230696
   -92.7175752   54.4103194
   -92.7229200   54.4115062
   -92.7336214   54.3987943
   -92.7389429   54.3999615
   -92.7496672   54.3872683
   -92.7549654   54.3884163
   -92.7657142   54.3757430
   -92.7709870   54.3768714
   -92.7817603   54.3642173
   -92.7870101   54.3653273
   -92.7978064   54.3526913
   -92.8030329   54.3537824
   -92.8138519   54.3411658
   -92.8190560   54.3422387
   -92.8298980   54.3296393
   -92.8350790   54.3306942
   -92.8459441   54.3181128
   -92.8511021   54.3191497
   -92.8619901   54.3065873
   -92.8671254   54.3076064
   -92.8780351   54.2950603
   -92.8831487   54.2960621
   -92.8940810   54.2835334
   -92.8991721   54.2845180
   -92.9101268   54.2720074
   -92.9151956   54.2729751
   -92.9261723   54.2604804
   -92.9312184   54.2614310
   -92.9422170   54.2489530
   -92.9472418   54.2498874
   -92.9582626   54.2374266
   -92.9632656   54.2383447
   -92.9743080   54.2258991
   -92.9792893   54.2268012
   -92.9903533   54.2143728
   -92.9953132   54.2152587
   -93.0063977   54.2028449
   -93.0113372   54.2037153
   -93.0224430   54.1913172
   -93.0273612   54.1921721
   -93.0384882   54.1797903
   -93.0433853   54.1806299
   -93.0545331   54.1682625
   -93.0594094   54.1690869
   -93.0705773   54.1567343
   -93.0754336   54.1575439
   -93.0866222   54.1452071
   -93.0914571   54.1460019
   -93.1026671   54.1336788
   -93.1074814   54.1344593
   -93.1187113   54.1221510
   -93.1235061   54.1229172
   -93.1347556   54.1106230
   -93.1395303   54.1113750
   -93.1508003   54.0990945
   -93.1555548   54.0998325
   -93.1668445   54.0875663
   -93.1715798   54.0882907
   -93.1828893   54.0760383
   -93.1876041   54.0767487
   -93.1989330   54.0645094
   -93.2036289   54.0652065
   -93.2149770   54.0529809
   -93.2196541   54.0536649
   -93.2310218   54.0414525
   -93.2356777   54.0421232
   -93.2470656   54.0299240
   -93.2517029   54.0305819
   -93.2631090   54.0183948
   -93.2677278   54.0190400
   -93.2791536   54.0068661
   -93.2837525   54.0074986
   -93.2951973   53.9953373
   -93.2997780   53.9959574
   -93.3112416   53.9838086
   -93.3158027   53.9844161
   -93.3272848   53.9722790
   -93.3318279   53.9728745
   -93.3433284   53.9607499
   -93.3478536   53.9613336
   -93.3593727   53.9492209
   -93.3638785   53.9497925
   -93.3754164   53.9376914
   -93.3799038   53.9382511
   -93.3914590   53.9261620
   -93.3959288   53.9267103
   -93.4075031   53.9146327
   -93.4119537   53.9151696
   -93.4235464   53.9031032
   -93.4279796   53.9036290
   -93.4395900   53.8915734
   -93.4440052   53.8920879
   -93.4556331   53.8800439
   -93.4600304   53.8805473
   -93.4716763   53.8685142
   -93.4760565   53.8690069
   -93.4877198   53.8569840
   -93.4920822   53.8574660
   -93.5037635   53.8454545
   -93.5081075   53.8459256
   -93.5198057   53.8339246
   -93.5241337   53.8343854
   -93.5358491   53.8223942
   -93.5401596   53.8228447
   -93.5518924   53.8108648
   -93.5561846   53.8113050
   -93.5679355   53.7993344
   -93.5722104   53.7997645
   -93.5839783   53.7878043
   -93.5882360   53.7882245
   -93.6000210   53.7762742
   -93.6042624   53.7766846
   -93.6160642   53.7647435
   -93.6202885   53.7651442
   -93.6321076   53.7532134
   -93.6363142   53.7536043
   -93.6481494   53.7416830
   -93.6523407   53.7420645
   -93.6637651   53.7305817
   -93.6697653   53.7314356
   -93.6809380   53.7203897
   -93.6867380   53.7212573
   -93.6981120   53.7102001
   -93.7037099   53.7110779
   -93.7152863   53.7000121
   -93.7206809   53.7008968
   -93.7324616   53.6898258
   -93.7376508   53.6907139
   -93.7496376   53.6796406
   -93.7546201   53.6805290
   -93.7668151   53.6694576
   -93.7715880   53.6703427
   -93.7839943   53.6592767
   -93.7885548   53.6601546
   -93.8011742   53.6490969
   -93.8055202   53.6499642
   -93.8183546   53.6389193
   -93.8224848   53.6397726
   -93.8355358   53.6287430
   -93.8394488   53.6295788
   -93.8527187   53.6185689
   -93.8564113   53.6193835
   -93.8699032   53.6083969
   -93.8733727   53.6091864
   -93.8870881   53.5982266
   -93.8903330   53.5989875
   -93.9042740   53.5880582
   -93.9072922   53.5887867
   -93.9214615   53.5778912
   -93.9242498   53.5785834
   -93.9386494   53.5677258
   -93.9412071   53.5683783
   -93.9558396   53.5575632
   -93.9581629   53.5581718
   -93.9730300   53.5474024
   -93.9751175   53.5479634
   -93.9902216   53.5372435
   -93.9920710   53.5377530
   -94.0074146   53.5270864
   -94.0090230   53.5275404
   -94.0246090   53.5169311
   -94.0259746   53.5173257
   -94.0418047   53.5067778
   -94.0429241   53.5071088
   -94.0590009   53.4966267
   -94.0598728   53.4968904
   -94.0761984   53.4864778
   -94.0768202   53.4866700
   -94.1105978   53.4661856
   -94.1618097   53.4359884
   -94.1619383   53.4353137
   -94.1788566   53.4259341
   -94.1790377   53.4249995
   -94.1959031   53.4158796
   -94.1961382   53.4146862
   -94.2129489   53.4058224
   -94.2132389   53.4043744
   -94.2299939   53.3957650
   -94.2303403   53.3940637
   -94.2470383   53.3857065
   -94.2474423   53.3837542
   -94.2640820   53.3756469
   -94.2645450   53.3734454
   -94.2811253   53.3655869
   -94.2816490   53.3631368
   -94.2981677   53.3555240
   -94.2987529   53.3528306
   -94.3152093   53.3454610
   -94.3158576   53.3425256
   -94.3322503   53.3353969
   -94.3329630   53.3322218
   -94.3492905   53.3253316
   -94.3500692   53.3219187
   -94.3663304   53.3152658
   -94.3671764   53.3116167
   -94.3833700   53.3051971
   -94.3842843   53.3013170
   -94.4004083   53.2951280
   -94.4013927   53.2910171
   -94.4174455   53.2850577
   -94.4185016   53.2807192
   -94.4344822   53.2749864
   -94.4356113   53.2704222
   -94.4515185   53.2649145
   -94.4527223   53.2601266
   -94.4685537   53.2548408
   -94.4698333   53.2498321
   -94.4855884   53.2447651
   -94.4869452   53.2395392
   -94.5026221   53.2346889
   -94.5040579   53.2292476
   -94.5196551   53.2246113
   -94.5211714   53.2189569
   -94.5366876   53.2145331
   -94.5382864   53.2086670
   -94.5537188   53.2044527
   -94.5554012   53.1983789
   -94.5707496   53.1943705
   -94.5725170   53.1880925
   -94.5877794   53.1842878
   -94.5896336   53.1778075
   -94.6048084   53.1742037
   -94.6067511   53.1675234
   -94.6218369   53.1641188
   -94.6238699   53.1572409
   -94.6388643   53.1540319
   -94.6409887   53.1469596
   -94.6558910   53.1439431
   -94.6581087   53.1366795
   -94.6729165   53.1338531
   -94.6752296   53.1264009
   -94.6899417   53.1237626
   -94.6923517   53.1161241
   -94.7069657   53.1136701
   -94.7094741   53.1058488
   -94.7239889   53.1035762
   -94.7265973   53.0955750
   -94.7410112   53.0934809
   -94.7437212   53.0853023
   -94.7580328   53.0833835
   -94.7608464   53.0750310
   -94.7750536   53.0732856
   -94.7779731   53.0647610
   -94.7920729   53.0631854
   -94.7950999   53.0544931
   -94.8090917   53.0530841
   -94.8122277   53.0442268
   -94.8261095   53.0429812
   -94.8293560   53.0339616
   -94.8431266   53.0328763
   -94.8464857   53.0236980
   -94.8601427   53.0227707
   -94.8636169   53.0134363
   -94.8771577   53.0126632
   -94.8807483   53.0031762
   -94.8941718   53.0025541
   -94.8978809   52.9929173
   -94.9111845   52.9924428
   -94.9150144   52.9826605
   -94.9281967   52.9823304
   -94.9321486   52.9724044
   -94.9452082   52.9722162
   -94.9492846   52.9621509
   -94.9622183   52.9621005
   -94.9664209   52.9518991
   -94.9792274   52.9519831
   -94.9835583   52.9416490
   -94.9962355   52.9418640
   -95.0006967   52.9314006
   -95.0132426   52.9317432
   -95.0178361   52.9211526
   -95.0302487   52.9216199
   -95.0349773   52.9109077
   -95.0472536   52.9114956
   -95.0521188   52.9006646
   -95.0642575   52.9013695
   -95.0692614   52.8904232
   -95.0812603   52.8912416
   -95.0864051   52.8801837
   -95.0982621   52.8811118
   -95.1035497   52.8699451
   -95.1152631   52.8709801
   -95.1206961   52.8597093
   -95.1322626   52.8608467
   -95.1378433   52.8494749
   -95.1492606   52.8507108
   -95.1551996   52.8388264
   -95.1490103   52.8313048
   -95.1552063   52.8189062
   -95.1490092   52.8113988
   -95.1552122   52.7989854
   -95.1490089   52.7914930
   -95.1552194   52.7790654
   -95.1490085   52.7715867
   -95.1552260   52.7591451
   -95.1490075   52.7516807
   -95.1552319   52.7392244
   -95.1490066   52.7317742
   -95.1552386   52.7193044
   -95.1490064   52.7118677
   -95.1552452   52.6993841
   -95.1490053   52.6919617
   -95.1552511   52.6794634
   -95.1490050   52.6720559
   -95.1552582   52.6595436
   -95.1490039   52.6521496
   -95.1552648   52.6396228
   -95.1490036   52.6322436
   -95.1552709   52.6197023
   -95.1490031   52.6123376
   -95.1552773   52.5997825
   -95.1490015   52.5924311
   -95.1552840   52.5798618
   -95.1490015   52.5725246
   -95.1552901   52.5599413
   -95.1490012   52.5526188
   -95.1552972   52.5400215
   -95.1490001   52.5327126
   -95.1553038   52.5201008
   -95.1489997   52.5128065
   -95.1553097   52.5001805
   -95.1489985   52.4929005
   -95.1553161   52.4802603
   -95.1489981   52.4729945
   -95.1553228   52.4603398
   -95.1489973   52.4530880
   -95.1553290   52.4404195
   -95.1489965   52.4331817
   -95.1553360   52.4204992
   -95.1489961   52.4132755
   -95.1553428   52.4005787
   -95.1489958   52.3933694
   -95.1553487   52.3806584
   -95.1489946   52.3734634
   -95.1553550   52.3607382
   -95.1489942   52.3535574
   -95.1553617   52.3408179
   -95.1489927   52.3336509
   -95.1553678   52.3208972
   -95.1489926   52.3137446
   -95.1553750   52.3009772
   -95.1489922   52.2938384
   -95.1553816   52.2810569
   -95.1489912   52.2739324
   -95.1553875   52.2611362
   -95.1489907   52.2540263
   -95.1553940   52.2412162
   -95.1489902   52.2341203
   -95.1554007   52.2212958
   -95.1489892   52.2142143
   -95.1554065   52.2013751
   -95.1489885   52.1943080
   -95.1554139   52.1814553
   -95.1489876   52.1744013
   -95.1554205   52.1615346
   -95.1489873   52.1544953
   -95.1554265   52.1416141
   -95.1489868   52.1345893
   -95.1554329   52.1216943
   -95.1489856   52.1146832
   -95.1554395   52.1017736
   -95.1489853   52.0947772
   -95.1554455   52.0818531
   -95.1489845   52.0748709
   -95.1554529   52.0619333
   -95.1489837   52.0549642
   -95.1554595   52.0420126
   -95.1489834   52.0350582
   -95.1554654   52.0220922
   -95.1489822   52.0151522
   -95.1554717   52.0021720
   -95.1489817   51.9952461
   -95.1554785   51.9822515
   -95.1489814   51.9753401
   -95.1554844   51.9623312
   -95.1489803   51.9554343
   -95.1554915   51.9424110
   -95.1489795   51.9355276
   -95.1554985   51.9224905
   -95.1489794   51.9156211
   -95.1555044   51.9025702
   -95.1489782   51.8957151
   -95.1555108   51.8826500
   -95.1489777   51.8758091
   -95.1555174   51.8627296
   -95.1489767   51.8559030
   -95.1555233   51.8428090
   -95.1489762   51.8359970
   -95.1555298   51.8228889
   -95.1489754   51.8160907
   -95.1555374   51.8029686
   -95.1489748   51.7961840
   -95.1555433   51.7830479
   -95.1489743   51.7762780
   -95.1555498   51.7631279
   -95.1489738   51.7563720
   -95.1555565   51.7432076
   -95.1489728   51.7364659
   -95.1555623   51.7232869
   -95.1489723   51.7165599
   -95.1555687   51.7033671
   -95.1489712   51.6966541
   -95.1555761   51.6834464
   -95.1489706   51.6767474
   -95.1555823   51.6635259
   -95.1489703   51.6568409
   -95.1555887   51.6436060
   -95.1489691   51.6369349
   -95.1555953   51.6236853
   -95.1489688   51.6170289
   -95.1556013   51.6037648
   -95.1489683   51.5971228
   -95.1556078   51.5838450
   -95.1489673   51.5772170
   -95.1556151   51.5639243
   -95.1489671   51.5573108
   -95.1556210   51.5440040
   -95.1489653   51.5374043
   -95.1556276   51.5240838
   -95.1489651   51.5174978
   -95.1556344   51.5041633
   -95.1489649   51.4975918
   -95.1556403   51.4842429
   -95.1489636   51.4776857
   -95.1556466   51.4643228
   -95.1489633   51.4577799
   -95.1556541   51.4444023
   -95.1489631   51.4378737
   -95.1556601   51.4244819
   -95.1489614   51.4179672
   -95.1556667   51.4045617
   -95.1489611   51.3980607
   -95.1556733   51.3846414
   -95.1489601   51.3781547
   -95.1556792   51.3647207
   -95.1489596   51.3582487
   -95.1556857   51.3448007
   -95.1489593   51.3383428
   -95.1556931   51.3248804
   -95.1489584   51.3184366
   -95.1556990   51.3049597
   -95.1489579   51.2985306
   -95.1557055   51.2850397
   -95.1489569   51.2786241
   -95.1557124   51.2651193
   -95.1489561   51.2587176
   -95.1557182   51.2451987
   -95.1489556   51.2388116
   -95.1557247   51.2252788
   -95.1489545   51.2189057
   -95.1557320   51.2053581
   -95.1489544   51.1989995
   -95.1557380   51.1854376
   -95.1489539   51.1790935
   -95.1557445   51.1655178
   -95.1489521   51.1591870
   -95.1557513   51.1455971
   -95.1489521   51.1392805
   -95.1557573   51.1256766
   -95.1489516   51.1193745
   -95.1557638   51.1057567
   -95.1489505   51.0994686
   -95.1557711   51.0858361
   -95.1489504   51.0795624
   -95.1557770   51.0659157
   -95.1489491   51.0596564
   -95.1557834   51.0459956
   -95.1489486   51.0397504
   -95.1557901   51.0260751
   -95.1489479   51.0198439
   -95.1557963   51.0061547
   -95.1489469   50.9999374
   -95.1558027   50.9862345
   -95.1489465   50.9800315
   -95.1558102   50.9663142
   -95.1489456   50.9601254
   -95.1558160   50.9463935
   -95.1489451   50.9402193
   -95.1558225   50.9264735
   -95.1489446   50.9203133
   -95.1558292   50.9065531
   -95.1489436   50.9004073
   -95.1558350   50.8866325
   -95.1489426   50.8805008
   -95.1558418   50.8667125
   -95.1489425   50.8605944
   -95.1558493   50.8467921
   -95.1489416   50.8406883
   -95.1558551   50.8268715
   -95.1489411   50.8207822
   -95.1558615   50.8069516
   -95.1489398   50.8008762
   -95.1558681   50.7870309
   -95.1489396   50.7809702
   -95.1558741   50.7671104
   -95.1489385   50.7610637
   -95.1558809   50.7471905
   -95.1489376   50.7411573
   -95.1558880   50.7272704
   -95.1489372   50.7212512
   -95.1558948   50.7073499
   -95.1489370   50.7013452
   -95.1559006   50.6874295
   -95.1489357   50.6814391
   -95.1559070   50.6675094
   -95.1489352   50.6615331
   -95.1559137   50.6475890
   -95.1489343   50.6416271
   -95.1559195   50.6276684
   -95.1489333   50.6217207
   -95.1559272   50.6077483
   -95.1489331   50.6018141
   -95.1559339   50.5878280
   -95.1489322   50.5819081
   -95.1559396   50.5679073
   -95.1489317   50.5620020
   -95.1559462   50.5479873
   -95.1489312   50.5420960
   -95.1559529   50.5280669
   -95.1489302   50.5221900
   -95.1559586   50.5081463
   -95.1489292   50.5022836
   -95.1559663   50.4882264
   -95.1489282   50.4823770
   -95.1559729   50.4683058
   -95.1489281   50.4624710
   -95.1559788   50.4483853
   -95.1489276   50.4425650
   -95.1559853   50.4284654
   -95.1489263   50.4226589
   -95.1559919   50.4085447
   -95.1489261   50.4027529
   -95.1559978   50.3886242
   -95.1489258   50.3828470
   -95.1560051   50.3687043
   -95.1489239   50.3629404
   -95.1560121   50.3487837
   -95.1489240   50.3430339
   -95.1560179   50.3288633
   -95.1489227   50.3231279
   -95.1560243   50.3089432
   -95.1489222   50.3032218
   -95.1560311   50.2890227
   -95.1489220   50.2833158
   -95.1560369   50.2691023
   -95.1489208   50.2634099
   -95.1560441   50.2491822
   -95.1489204   50.2435038
   -95.1560509   50.2292617
   -95.1489196   50.2235973
   -95.1560571   50.2093412
   -95.1489186   50.2036908
   -95.1560635   50.1894211
   -95.1489180   50.1837848
   -95.1560702   50.1695007
   -95.1489171   50.1638787
   -95.1560760   50.1495801
   -95.1489167   50.1439728
   -95.1560833   50.1296601
   -95.1489163   50.1240667
   -95.1560900   50.1097397
   -95.1489147   50.1041602
   -95.1560962   50.0898191
   -95.1489144   50.0842537
   -95.1561027   50.0698991
   -95.1489139   50.0643477
   -95.1561094   50.0499787
   -95.1489130   50.0444416
   -95.1561152   50.0300581
   -95.1489126   50.0245357
   -95.1561225   50.0101381
   -95.1489113   50.0046296
   -95.1561291   49.9902175
   -95.1489112   49.9847236
   -95.1561350   49.9702970
   -95.1489100   49.9648171
   -95.1561419   49.9503771
   -95.1489089   49.9449106
   -95.1561485   49.9304565
   -95.1489088   49.9250046
   -95.1561544   49.9105360
   -95.1489084   49.9050986
   -95.1561617   49.8906161
   -95.1489071   49.8851925
   -95.1561684   49.8706955
   -95.1489070   49.8652865
   -95.1561742   49.8507751
   -95.1489050   49.8453800
   -95.1561810   49.8308550
   -95.1489047   49.8254735
   -95.1561878   49.8109344
   -95.1489046   49.8055675
   -95.1561936   49.7910140
   -95.1489034   49.7856615
   -95.1562009   49.7710939
   -95.1489029   49.7657554
   -95.1562076   49.7511734
   -95.1489029   49.7458494
   -95.1562134   49.7312530
   -95.1489015   49.7259434
   -95.1562199   49.7113329
   -95.1489003   49.7060369
   -95.1562270   49.6914125
   -95.1488996   49.6861304
   -95.1562328   49.6714919
   -95.1488992   49.6662244
   -95.1562401   49.6515719
   -95.1488987   49.6463183
   -95.1562469   49.6316514
   -95.1488978   49.6264123
   -95.1562526   49.6117308
   -95.1488973   49.6065063
   -95.1562591   49.5918108
   -95.1488968   49.5866003
   -95.1562659   49.5718904
   -95.1488951   49.5666938
   -95.1562721   49.5519698
   -95.1488950   49.5467873
   -95.1562794   49.5320499
   -95.1488936   49.5268813
   -95.1562861   49.5121293
   -95.1488936   49.5069752
   -95.1562919   49.4922088
   -95.1488931   49.4870692
   -95.1562984   49.4722889
   -95.1488917   49.4671632
   -95.1563051   49.4523683
   -95.1488909   49.4472567
   -95.1563114   49.4324478
   -95.1488906   49.4273502
   -95.1563179   49.4125278
   -95.1488894   49.4074442
   -95.1563254   49.3926072
   -95.1488893   49.3875381
   -95.1526608   49.3800117
   -95.1475578   49.3775840
   -95.1475900   48.9908056
   -95.1478356   48.9905602
   -101.3519299   48.9944022
   -101.3564789   48.9933108
   -101.3616456   48.9876001
   -110.0049504   48.9925100
   -110.0050496   48.9925124
   -114.0692743   48.9948208
   -114.0688840   49.0020507
   -114.0662941   49.0034273
   -114.0669532   49.0066380
   -114.0601182   49.0164157
   -114.0546663   49.0165978
   -114.0539868   49.0304802
   -114.0548568   49.0317329
   -114.0604963   49.0311155
   -114.0651764   49.0408461
   -114.0659878   49.0477601
   -114.0702130   49.0465843
   -114.0764843   49.0518380
   -114.0755905   49.0615865
   -114.0770936   49.0637509
   -114.0853149   49.0600757
   -114.0982689   49.0697866
   -114.0985605   49.0707639
   -114.1096009   49.0759662
   -114.1130063   49.0840909
   -114.1231852   49.0893242
   -114.1273807   49.0974758
   -114.1365301   49.1024681
   -114.1389582   49.1131209
   -114.1486931   49.1301444
   -114.1536483   49.1344357
   -114.1548661   49.1502654
   -114.1574162   49.1507249
   -114.1673323   49.1618549
   -114.1740306   49.1565967
   -114.1755648   49.1571338
   -114.1827744   49.1679202
   -114.1838022   49.1682872
   -114.1913333   49.1626544
   -114.1932740   49.1633338
   -114.1983274   49.1734744
   -114.2007438   49.1743373
   -114.2086946   49.1687326
   -114.2107853   49.1694646
   -114.2142253   49.1789141
   -114.2247574   49.1814896
   -114.2253964   49.1839025
   -114.2329965   49.1911777
   -114.2448514   49.1890129
   -114.2518482   49.1932987
   -114.2626650   49.1920477
   -114.2705989   49.1956763
   -114.2804619   49.1948989
   -114.2885024   49.2001656
   -114.2968526   49.2023282
   -114.3049902   49.2081821
   -114.3211950   49.2105517
   -114.3232342   49.2118240
   -114.3391921   49.2142016
   -114.3490195   49.2166115
   -114.3587021   49.2216469
   -114.3649841   49.2224716
   -114.3759389   49.2277945
   -114.3789571   49.2281344
   -114.3840173   49.2316892
   -114.3897179   49.2425717
   -114.3915415   49.2438214
   -114.4043994   49.2630075
   -114.4119866   49.2641576
   -114.4218602   49.2722764
   -114.4242822   49.2725977
   -114.4334258   49.2779440
   -114.4361367   49.2845069
   -114.4482597   49.2987378
   -114.4511171   49.2997676
   -114.4622457   49.3112370
   -114.4716880   49.3194770
   -114.4719962   49.3276736
   -114.4798802   49.3421224
   -114.4844269   49.3435376
   -114.4904317   49.3558086
   -114.5009162   49.3556156
   -114.5064316   49.3621543
   -114.5156595   49.3629405
   -114.5188345   49.3658085
   -114.5206681   49.3708749
   -114.5278655   49.3749963
   -114.5315709   49.3830603
   -114.5463274   49.3823215
   -114.5503055   49.3860386
   -114.5609544   49.3839463
   -114.5666024   49.3866690
   -114.5687601   49.3898689
   -114.5789903   49.3915758
   -114.5860391   49.3993509
   -114.5842024   49.4080806
   -114.5912649   49.4169521
   -114.5897848   49.4250575
   -114.5965309   49.4345368
   -114.5953321   49.4420433
   -114.5980528   49.4462613
   -114.5958844   49.4621008
   -114.5935601   49.4641005
   -114.5942906   49.4780300
   -114.5896330   49.4833182
   -114.5919703   49.4938463
   -114.5863947   49.5026606
   -114.5872467   49.5049342
   -114.5787313   49.5206233
   -114.5756233   49.5204826
   -114.5748092   49.5249472
   -114.5755834   49.5369037
   -114.5724287   49.5380019
   -114.5715386   49.5428836
   -114.5766923   49.5508071
   -114.5707046   49.5596027
   -114.5772231   49.5665294
   -114.5837845   49.5642836
   -114.5963358   49.5700817
   -114.6027423   49.5649197
   -114.6174660   49.5639271
   -114.6261736   49.5613675
   -114.6373123   49.5639495
   -114.6443793   49.5622073
   -114.6569869   49.5647973
   -114.6736671   49.5670721
   -114.6760832   49.5684246
   -114.6913871   49.5700412
   -114.6951181   49.5723513
   -114.7072252   49.5767011
   -114.7177934   49.5850711
   -114.7206799   49.5895083
   -114.7239668   49.6029005
   -114.7205254   49.6062952
   -114.7149236   49.6162740
   -114.7038296   49.6245473
   -114.6976421   49.6233980
   -114.6826437   49.6310272
   -114.6813984   49.6309580
   -114.6734651   49.6387790
   -114.6660891   49.6397962
   -114.6599039   49.6520383
   -114.6625731   49.6583965
   -114.6591065   49.6724306
   -114.6601928   49.6754042
   -114.6586260   49.6880885
   -114.6546969   49.6915211
   -114.6526504   49.6975474
   -114.6425772   49.7078314
   -114.6425203   49.7090422
   -114.6318127   49.7246309
   -114.6359470   49.7349503
   -114.6350264   49.7397791
   -114.6400393   49.7496338
   -114.6399154   49.7578571
   -114.6437769   49.7644848
   -114.6441832   49.7680297
   -114.6412517   49.7762301
   -114.6430286   49.7847904
   -114.6395522   49.7948523
   -114.6418254   49.8015410
   -114.6379177   49.8134705
   -114.6405225   49.8182658
   -114.6370674   49.8298756
   -114.6476923   49.8377101
   -114.6466448   49.8452520
   -114.6563084   49.8520700
   -114.6562858   49.8605954
   -114.6648759   49.8664653
   -114.6659683   49.8759172
   -114.6734117   49.8808824
   -114.6756782   49.8912249
   -114.6819268   49.8953152
   -114.6847067   49.9042654
   -114.6836000   49.9074615
   -114.6897405   49.9196150
   -114.6821510   49.9352822
   -114.6792980   49.9449410
   -114.6714316   49.9523961
   -114.6694473   49.9594171
   -114.6611131   49.9691071
   -114.6619589   49.9748663
   -114.6585019   49.9874361
   -114.6598248   49.9925184
   -114.6559645   50.0063716
   -114.6577182   50.0101824
   -114.6533893   50.0253114
   -114.6588911   50.0313849
   -114.6595004   50.0430518
   -114.6615288   50.0449077
   -114.6654648   50.0578511
   -114.6649091   50.0608892
   -114.6714205   50.0739395
   -114.6744715   50.0756204
   -114.6838023   50.0900016
   -114.6941762   50.1033884
   -114.6950751   50.1066341
   -114.7042656   50.1170494
   -114.7066027   50.1231352
   -114.7141774   50.1309175
   -114.7148047   50.1413503
   -114.7196607   50.1506041
   -114.7198574   50.1611864
   -114.7252523   50.1702833
   -114.7247747   50.1810922
   -114.7310661   50.1899536
   -114.7291184   50.2029503
   -114.7368168   50.2136750
   -114.7369120   50.2201983
   -114.7437433   50.2299849
   -114.7446553   50.2374547
   -114.7505207   50.2460058
   -114.7492981   50.2553529
   -114.7508103   50.2597819
   -114.7503536   50.2739883
   -114.7554395   50.2834645
   -114.7558140   50.2917179
   -114.7602213   50.2993142
   -114.7613653   50.3094264
   -114.7649280   50.3151949
   -114.7669894   50.3271217
   -114.7681834   50.3289582
   -114.7683794   50.3454823
   -114.7692584   50.3504559
   -114.7824009   50.3655555
   -114.7904763   50.3670530
   -114.7990827   50.3756889
   -114.8057021   50.3768162
   -114.8157838   50.3857963
   -114.8209145   50.3866047
   -114.8324990   50.3958824
   -114.8361177   50.3964129
   -114.8485104   50.4054293
   -114.8565752   50.4164342
   -114.8579681   50.4272301
   -114.8730359   50.4338562
   -114.8741294   50.4380936
   -114.8881711   50.4428871
   -114.8904614   50.4487181
   -114.9031745   50.4521551
   -114.9069167   50.4591701
   -114.9150860   50.4609407
   -114.9214600   50.4736251
   -114.9269917   50.4747921
   -114.9331660   50.4874681
   -114.9388995   50.4886431
   -114.9448709   50.5013114
   -114.9508083   50.5024917
   -114.9565732   50.5151569
   -114.9627195   50.5163391
   -114.9682745   50.5290034
   -114.9746332   50.5301845
   -114.9799736   50.5428516
   -114.9865483   50.5440279
   -114.9916705   50.5567025
   -114.9984660   50.5578697
   -115.0033652   50.5705546
   -115.0103858   50.5717093
   -115.0150565   50.5844097
   -115.0262039   50.5861576
   -115.0302972   50.5826793
   -115.0447625   50.5833157
   -115.0472641   50.5812073
   -115.0543948   50.5808872
   -115.0635666   50.5866286
   -115.0683225   50.5844191
   -115.0823948   50.5905394
   -115.0860074   50.5847728
   -115.1008095   50.5841207
   -115.1152817   50.5793594
   -115.1193472   50.5807971
   -115.1247200   50.5783455
   -115.1379935   50.5801550
   -115.1514518   50.5786001
   -115.1528610   50.5793934
   -115.1689010   50.5737394
   -115.1841843   50.5662016
   -115.1857332   50.5609676
   -115.1974085   50.5535409
   -115.1997880   50.5489613
   -115.2083376   50.5458496
   -115.2192581   50.5501617
   -115.2229218   50.5542314
   -115.2257847   50.5663048
   -115.2283960   50.5681985
   -115.2342796   50.5820420
   -115.2337190   50.5847276
   -115.2458620   50.6005282
   -115.2506018   50.6012807
   -115.2629855   50.6132281
   -115.2650455   50.6137999
   -115.2724760   50.6200858
   -115.2750844   50.6244959
   -115.2736257   50.6299641
   -115.2756203   50.6384119
   -115.2733590   50.6534948
   -115.2844224   50.6624212
   -115.2829981   50.6708556
   -115.2943712   50.6789635
   -115.2926028   50.6882373
   -115.3043592   50.6954856
   -115.3021637   50.7056469
   -115.3143984   50.7119804
   -115.3116656   50.7230930
   -115.3256911   50.7289312
   -115.3303380   50.7257360
   -115.3437282   50.7305039
   -115.3487250   50.7280538
   -115.3617242   50.7322399
   -115.3731302   50.7280790
   -115.3811559   50.7283418
   -115.3863251   50.7262395
   -115.3970132   50.7294402
   -115.4025955   50.7337613
   -115.4135130   50.7460629
   -115.4274522   50.7482809
   -115.4303477   50.7523459
   -115.4452312   50.7548697
   -115.4487406   50.7614979
   -115.4634498   50.7642748
   -115.4671065   50.7674898
   -115.4739657   50.7677603
   -115.4790678   50.7727750
   -115.4819008   50.7795924
   -115.4964333   50.7848631
   -115.4983123   50.7889282
   -115.5166172   50.7950265
   -115.5189817   50.7943858
   -115.5335503   50.8034686
   -115.5478806   50.8105451
   -115.5496949   50.8132618
   -115.5550726   50.8154230
   -115.5625730   50.8286420
   -115.5698957   50.8300461
   -115.5736591   50.8428449
   -115.5766602   50.8445916
   -115.5835402   50.8411868
   -115.5941370   50.8494660
   -115.5964714   50.8484181
   -115.6182116   50.8551829
   -115.6239520   50.8600298
   -115.6176169   50.8684905
   -115.6029085   50.8849181
   -115.5930661   50.8840071
   -115.5829675   50.8930052
   -115.5793026   50.8941199
   -115.5759424   50.8983472
   -115.5764368   50.9061185
   -115.5877451   50.9179169
   -115.5880065   50.9193064
   -115.5973007   50.9273932
   -115.5959463   50.9354315
   -115.6041015   50.9446980
   -115.6038398   50.9515934
   -115.6108207   50.9543556
   -115.6137559   50.9661193
   -115.6204560   50.9657347
   -115.6259911   50.9787686
   -115.6304801   50.9785435
   -115.6381759   50.9913957
   -115.6415115   50.9904115
   -115.6536923   51.0027356
   -115.6572702   51.0007732
   -115.6716898   51.0107767
   -115.6733133   51.0102280
   -115.6894529   51.0194149
   -115.7528066   51.0527681
   -115.7585818   51.0587277
   -115.7620914   51.0645448
   -115.7768172   51.0713980
   -115.7788103   51.0748053
   -115.7971487   51.0788009
   -115.8148044   51.0818945
   -115.8157367   51.0829454
   -115.8324425   51.0851288
   -115.8342462   51.0868515
   -115.8500695   51.0884582
   -115.8527751   51.0906889
   -115.8589609   51.0911728
   -115.8701385   51.0986605
   -115.8824070   51.0969079
   -115.8893092   51.1002208
   -115.9000211   51.0987213
   -115.9084771   51.1017911
   -115.9176340   51.1005268
   -115.9208545   51.1014406
   -115.9267150   51.1066606
   -115.9382981   51.1095958
   -115.9439249   51.1151737
   -115.9557919   51.1176784
   -115.9611014   51.1238107
   -115.9746616   51.1258164
   -115.9791054   51.1295099
   -115.9881813   51.1291029
   -116.0007561   51.1361022
   -116.0028496   51.1389890
   -116.0036110   51.1472745
   -116.0092142   51.1563152
   -116.0099605   51.1633340
   -116.0120735   51.1671836
   -116.0091434   51.1799032
   -116.0081805   51.1809092
   -116.0034037   51.1990431
   -116.0094196   51.2077663
   -116.0100156   51.2150536
   -116.0141623   51.2205392
   -116.0300812   51.2286911
   -116.0312283   51.2304992
   -116.0423657   51.2321579
   -116.0481570   51.2371707
   -116.0488134   51.2393794
   -116.0608180   51.2444796
   -116.0638880   51.2534792
   -116.0778458   51.2516285
   -116.0831025   51.2589721
   -116.0945018   51.2575486
   -116.1022965   51.2645060
   -116.1111625   51.2634367
   -116.1214824   51.2700594
   -116.1278267   51.2693117
   -116.1406618   51.2756222
   -116.1437477   51.2752644
   -116.1546336   51.2861339
   -116.1554987   51.2902165
   -116.1727496   51.2997931
   -116.1771327   51.2978403
   -116.1929859   51.3031591
   -116.1946483   51.3026095
   -116.2220782   51.3089627
   -116.2307994   51.3154231
   -116.2386293   51.3165901
   -116.2487726   51.3234975
   -116.2551603   51.3242644
   -116.2594506   51.3269488
   -116.2649513   51.3353014
   -116.2729362   51.3388533
   -116.2822442   51.3532252
   -116.2820331   51.3606364
   -116.2878088   51.3698081
   -116.2884279   51.3783251
   -116.2905680   51.3817860
   -116.2894698   51.3899079
   -116.2849371   51.3973921
   -116.2869459   51.4128756
   -116.2851049   51.4159483
   -116.2884634   51.4291394
   -116.2852971   51.4345014
   -116.2899530   51.4454022
   -116.2855295   51.4530492
   -116.2937533   51.4651315
   -116.3021549   51.4647716
   -116.3127234   51.4737541
   -116.3179024   51.4740293
   -116.3313027   51.4827891
   -116.3337029   51.4830404
   -116.3509285   51.4926494
   -116.3635726   51.5060044
   -116.3762944   51.5187477
   -116.3764585   51.5210329
   -116.3841480   51.5356719
   -116.3840771   51.5416064
   -116.3960304   51.5576166
   -116.4052697   51.5587835
   -116.4142845   51.5669940
   -116.4208840   51.5680987
   -116.4324025   51.5765133
   -116.4365250   51.5773042
   -116.4465165   51.5836111
   -116.4574771   51.6009272
   -116.4587345   51.6059810
   -116.4722318   51.6203644
   -116.4793172   51.6223910
   -116.4887760   51.6315417
   -116.4950204   51.6335196
   -116.5052860   51.6427557
   -116.5107393   51.6446135
   -116.5217709   51.6539937
   -116.5264696   51.6556843
   -116.5382408   51.6652493
   -116.5422079   51.6667388
   -116.5620892   51.6818113
   -116.5648741   51.6943983
   -116.5687322   51.7003890
   -116.5720439   51.7154446
   -116.5856311   51.7297334
   -116.5913299   51.7311178
   -116.6032843   51.7397448
   -116.6132534   51.7450250
   -116.6177618   51.7530977
   -116.6318991   51.7668073
   -116.6346099   51.7676994
   -116.6420713   51.7794298
   -116.6426446   51.7840891
   -116.6512457   51.7943235
   -116.6518853   51.8029548
   -116.6683762   51.8141872
   -116.6740273   51.8134477
   -116.6823004   51.8171550
   -116.6917808   51.8158445
   -116.7024150   51.8192827
   -116.7095358   51.8182641
   -116.7223091   51.8220719
   -116.7365027   51.8245294
   -116.7414332   51.8271451
   -116.7614916   51.8294433
   -116.7839291   51.8246624
   -116.8024496   51.8198871
   -116.8064962   51.8195095
   -116.8210889   51.8153659
   -116.8291114   51.8142027
   -116.8398348   51.8109582
   -116.8517639   51.8087892
   -116.8586473   51.8066135
   -116.8744346   51.8033075
   -116.8832128   51.8004426
   -116.8871350   51.8028043
   -116.9092544   51.8236669
   -116.9205779   51.8337105
   -116.9250926   51.8385055
   -116.9414594   51.8517680
   -116.9581286   51.8641513
   -116.9746582   51.8755398
   -116.9884315   51.8979234
   -117.0042713   51.9127549
   -117.0205706   51.9198717
   -117.0221915   51.9214134
   -117.0377285   51.9277793
   -117.0401066   51.9300836
   -117.0548931   51.9356755
   -117.0580162   51.9387698
   -117.0720667   51.9435559
   -117.0759176   51.9474767
   -117.0892540   51.9514157
   -117.0938096   51.9562152
   -117.1064599   51.9592444
   -117.1116865   51.9649988
   -117.1254833   51.9673287
   -117.1303092   51.9715653
   -117.1408287   51.9720189
   -117.1490897   51.9776602
   -117.1560287   51.9771741
   -117.1680234   51.9833026
   -117.1710901   51.9827737
   -117.1862088   51.9881893
   -117.1927994   51.9955265
   -117.1931624   51.9971830
   -117.2052203   52.0108731
   -117.2055775   52.0122780
   -117.2176502   52.0262088
   -117.2179832   52.0273779
   -117.2430116   52.0574310
   -117.2449628   52.0584975
   -117.2569941   52.0714666
   -117.2689029   52.0830556
   -117.2692514   52.0866697
   -117.2764201   52.1053027
   -117.2840206   52.1138887
   -117.2871390   52.1215415
   -117.2941483   52.1291137
   -117.2978783   52.1377665
   -117.3042568   52.1443559
   -117.3086398   52.1539775
   -117.3227567   52.1679224
   -117.3259219   52.1694905
   -117.3447557   52.1724174
   -117.3584973   52.1735512
   -117.3653217   52.1764600
   -117.3777590   52.1786793
   -117.3842987   52.1813957
   -117.3970260   52.1837994
   -117.4032773   52.1863393
   -117.4162912   52.1889123
   -117.4222464   52.1912862
   -117.4355566   52.1940190
   -117.4412208   52.1962395
   -117.4548223   52.1991220
   -117.4851551   52.2106320
   -117.4960332   52.2153257
   -117.5149512   52.2203733
   -117.5351532   52.2228566
   -117.5600486   52.2225701
   -117.5730212   52.2329057
   -117.5893766   52.2431207
   -117.6067337   52.2513181
   -117.6424339   52.2657357
   -117.6791086   52.2753212
   -117.6790930   52.2782277
   -117.6827203   52.3140870
   -117.6902077   52.3421653
   -117.6965324   52.3534818
   -117.7016805   52.3694198
   -117.7130905   52.3812433
   -117.7146253   52.3853017
   -117.7236718   52.3916958
   -117.7279299   52.4006686
   -117.7456041   52.4067891
   -117.7466855   52.4082853
   -117.7640328   52.4144109
   -117.7654260   52.4159239
   -117.7824649   52.4220081
   -117.7841588   52.4235728
   -117.8009003   52.4295949
   -117.8028869   52.4312268
   -117.8193363   52.4371737
   -117.8216154   52.4388858
   -117.8377714   52.4447488
   -117.8474117   52.4491203
   -117.8808924   52.4668030
   -117.8924851   52.4752551
   -117.8972317   52.4772966
   -117.9091248   52.4858799
   -117.9135655   52.4877872
   -117.9257633   52.4965044
   -117.9299049   52.4982808
   -117.9424065   52.5071308
   -117.9462382   52.5087722
   -117.9590436   52.5177544
   -117.9625775   52.5192662
   -117.9756853   52.5283792
   -117.9942267   52.5363016
   -118.0151134   52.5408868
   -118.0383464   52.5421353
   -118.0836025   52.5383730
   -118.0892612   52.5383085
   -118.1110919   52.5364122
   -118.1272160   52.5529190
   -118.1423472   52.5656758
   -118.1584764   52.5770326
   -118.1700223   52.5837434
   -118.1737424   52.5896141
   -118.1859762   52.6065027
   -118.1993650   52.6217457
   -118.2139143   52.6353487
   -118.2222001   52.6416576
   -118.2250537   52.6538015
   -118.2331493   52.6765670
   -118.2433072   52.6964134
   -118.2555233   52.7133308
   -118.2697975   52.7273191
   -118.2861294   52.7383792
   -118.2919826   52.7415186
   -118.2993824   52.7538271
   -118.3129761   52.7687785
   -118.3290559   52.7802022
   -118.3354763   52.7829321
   -118.3462880   52.7899864
   -118.3495948   52.7912727
   -118.3717332   52.8041795
   -118.3753444   52.8172408
   -118.3766483   52.8196056
   -118.3834911   52.8399443
   -118.3962567   52.8560785
   -118.4120271   52.8641534
   -118.4136100   52.8656878
   -118.4255196   52.8703882
   -118.4312998   52.8748233
   -118.4387883   52.8780584
   -118.4441421   52.8925306
   -118.4582117   52.9059991
   -118.4660874   52.9081973
   -118.4757506   52.9150926
   -118.4789371   52.9157481
   -118.4932263   52.9242663
   -118.5115216   52.9324088
   -118.5255304   52.9339777
   -118.5327894   52.9367983
   -118.5468692   52.9387070
   -118.5540184   52.9412441
   -118.5670248   52.9432055
   -118.5712248   52.9507563
   -118.5838157   52.9660874
   -118.5987955   52.9784079
   -118.6066247   52.9826311
   -118.6105255   52.9948228
   -118.6209564   53.0126075
   -118.6301793   53.0267096
   -118.6315425   53.0307323
   -118.6437671   53.0465275
   -118.6608049   53.0562521
   -118.6696279   53.0577282
   -118.6859883   53.0653081
   -118.6960314   53.0742547
   -118.7139156   53.0829120
   -118.7166288   53.0834727
   -118.7200516   53.1063773
   -118.7290489   53.1215932
   -118.7441286   53.1299247
   -118.7453655   53.1315552
   -118.7573228   53.1361753
   -118.7619931   53.1409612
   -118.7702265   53.1429855
   -118.7736429   53.1456770
   -118.7774684   53.1524355
   -118.7833704   53.1550511
   -118.7918430   53.1658811
   -118.8017369   53.1662872
   -118.8089351   53.1744525
   -118.8178989   53.1747310
   -118.8260361   53.1830095
   -118.8340546   53.1831883
   -118.8431437   53.1915544
   -118.8502050   53.1916571
   -118.8580686   53.1982532
   -118.8595480   53.2013610
   -118.8680387   53.2046486
   -118.8748231   53.2131922
   -118.8844474   53.2129586
   -118.8933838   53.2191297
   -118.8979772   53.2186331
   -118.9154768   53.2256888
   -118.9267474   53.2377488
   -118.9380312   53.2389555
   -118.9425248   53.2427297
   -118.9548575   53.2430689
   -118.9615637   53.2478472
   -118.9716343   53.2473864
   -118.9806565   53.2527692
   -118.9952308   53.2511150
   -119.0012123   53.2524177
   -119.0079870   53.2505505
   -119.0221883   53.2505599
   -119.0450307   53.2419768
   -119.0702601   53.2247970
   -119.0715448   53.2235979
   -119.0898407   53.2279493
   -119.1003572   53.2288496
   -119.1085920   53.2341127
   -119.1267185   53.2425145
   -119.1456827   53.2478878
   -119.1654934   53.2502348
   -119.1696797   53.2500968
   -119.2155977   53.2539752
   -119.2237641   53.2614249
   -119.2409639   53.2731648
   -119.2505933   53.2777398
   -119.2586888   53.2830131
   -119.2652490   53.2858605
   -119.2764397   53.2927577
   -119.2798228   53.2940709
   -119.2942302   53.3023791
   -119.3091503   53.3102956
   -119.3113662   53.3143484
   -119.3227206   53.3272856
   -119.3265374   53.3333890
   -119.3433020   53.3467005
   -119.3507578   53.3482271
   -119.3613218   53.3554869
   -119.3647779   53.3556403
   -119.3786704   53.3632248
   -119.3793333   53.3643031
   -119.3947424   53.3697022
   -119.4010088   53.3754535
   -119.4035202   53.3756512
   -119.4202537   53.3827726
   -119.4324102   53.3819941
   -119.4434915   53.3853899
   -119.4494430   53.3854242
   -119.4795154   53.4029299
   -119.4921142   53.4067026
   -119.4987109   53.4103094
   -119.5116340   53.4143801
   -119.5178891   53.4177010
   -119.5311493   53.4220376
   -119.5370662   53.4251064
   -119.5506709   53.4296866
   -119.5562305   53.4325158
   -119.5701863   53.4373239
   -119.5753952   53.4399331
   -119.5897091   53.4449582
   -119.5945511   53.4473515
   -119.6092243   53.4525839
   -119.6137103   53.4547762
   -119.6571918   53.4715386
   -119.6674162   53.4814706
   -119.6858353   53.4960790
   -119.6982620   53.5124939
   -119.6979831   53.5354189
   -119.6987075   53.5423189
   -119.6995089   53.5635928
   -119.7042587   53.5879847
   -119.7114131   53.6050436
   -119.7120285   53.6088115
   -119.7190943   53.6243800
   -119.7196872   53.6297734
   -119.7269892   53.6437413
   -119.7269831   53.6511593
   -119.7379350   53.6661709
   -119.7380781   53.6671201
   -119.7553716   53.6765785
   -119.7563631   53.6762823
   -119.7735618   53.6847671
   -119.8085530   53.7009395
   -119.8093940   53.7019192
   -119.8259674   53.7090947
   -119.8273227   53.7104793
   -119.8433735   53.7172802
   -119.8452631   53.7190220
   -119.8607742   53.7254850
   -119.8632105   53.7275519
   -119.8744853   53.7321873
   -119.8784740   53.7398904
   -119.8908982   53.7562514
   -119.8935427   53.7577457
   -119.9036999   53.7596629
   -119.9089860   53.7633798
   -119.9211208   53.7656933
   -119.9244314   53.7689975
   -119.9385256   53.7717421
   -119.9398759   53.7745321
   -119.9551310   53.7777260
   -119.9565651   53.7854810
   -119.9686704   53.7848223
   -119.9731515   53.7948565
   -119.9815395   53.7932967
   -119.9909554   53.8032905
   -119.9940709   53.8024656
   -120.0042987   53.8083754
   -120.0042985   53.8101737
   -119.9963045   53.8215192
   -119.9963053   53.8237163
   -120.0042962   53.8283427
   -120.0042959   53.8301996
   -119.9963118   53.8414277
   -119.9963127   53.8436799
   -120.0042936   53.8483096
   -120.0042934   53.8502240
   -119.9963192   53.8613373
   -119.9963201   53.8636434
   -120.0042910   53.8682756
   -120.0042908   53.8702494
   -119.9963266   53.8812477
   -119.9963275   53.8836064
   -120.0042884   53.8882422
   -120.0042882   53.8902724
   -119.9963340   53.9011575
   -119.9963349   53.9035698
   -120.0042859   53.9082089
   -120.0042856   53.9102945
   -119.9963414   53.9210696
   -119.9963423   53.9235334
   -120.0042833   53.9281759
   -120.0042830   53.9303154
   -119.9963488   53.9409825
   -119.9963497   53.9434968
   -120.0042807   53.9481426
   -120.0042804   53.9503357
   -119.9963562   53.9608949
   -119.9963572   53.9634603
   -120.0042781   53.9681093
   -120.0042779   53.9703567
   -119.9963636   53.9808090
   -119.9963646   53.9834241
   -120.0042756   53.9880770
   -120.0042753   53.9903750
   -119.9963710   54.0007243
   -119.9963720   54.0033875
   -120.0042730   54.0080438
   -120.0042727   54.0103929
   -119.9963784   54.0206403
   -119.9963794   54.0233503
   -120.0042704   54.0280105
   -120.0042701   54.0304100
   -119.9963858   54.0405558
   -119.9963868   54.0433137
   -120.0042679   54.0479773
   -120.0042675   54.0504263
   -119.9963932   54.0604720
   -119.9963942   54.0632777
   -120.0042653   54.0679444
   -120.0042650   54.0704416
   -119.9964006   54.0803914
   -119.9964016   54.0832404
   -120.0042627   54.0879113
   -120.0042624   54.0904564
   -119.9964080   54.1003090
   -119.9964090   54.1032037
   -120.0042601   54.1078775
   -120.0042598   54.1104718
   -119.9964154   54.1202285
   -119.9964164   54.1231670
   -120.0042576   54.1278447
   -120.0042572   54.1304862
   -119.9964228   54.1401485
   -119.9964239   54.1431306
   -120.0042550   54.1478123
   -120.0042546   54.1504989
   -119.9964301   54.1600693
   -119.9964313   54.1630933
   -120.0042524   54.1677792
   -120.0042520   54.1705109
   -119.9964375   54.1799896
   -119.9964387   54.1830572
   -120.0042498   54.1877464
   -120.0042495   54.1905220
   -119.9964449   54.1999116
   -119.9964461   54.2030203
   -120.0042473   54.2077134
   -120.0042469   54.2105328
   -119.9964523   54.2198343
   -119.9964535   54.2229829
   -120.0042447   54.2276803
   -120.0042443   54.2305428
   -119.9964597   54.2397564
   -119.9964609   54.2429461
   -120.0042421   54.2476473
   -120.0042417   54.2505523
   -119.9964671   54.2596803
   -119.9964683   54.2629093
   -120.0042395   54.2676147
   -120.0042391   54.2705609
   -119.9964745   54.2796047
   -119.9964757   54.2828724
   -120.0042370   54.2875817
   -120.0042366   54.2905703
   -119.9964819   54.2995295
   -119.9964832   54.3028352
   -120.0042344   54.3075495
   -120.0042340   54.3105780
   -119.9964893   54.3194539
   -119.9964906   54.3227989
   -120.0042318   54.3275169
   -120.0042314   54.3305849
   -119.9964967   54.3393800
   -119.9964980   54.3427620
   -120.0042292   54.3474833
   -120.0042288   54.3505925
   -119.9965041   54.3593066
   -119.9965054   54.3627244
   -120.0042267   54.3674505
   -120.0042262   54.3705984
   -119.9965115   54.3792326
   -119.9965128   54.3826874
   -120.0042241   54.3874176
   -120.0042237   54.3906038
   -119.9965189   54.3991602
   -119.9965202   54.4026504
   -120.0042215   54.4073851
   -120.0042211   54.4106086
   -119.9965263   54.4190883
   -119.9965276   54.4226134
   -120.0042189   54.4273523
   -120.0042185   54.4306129
   -119.9965337   54.4390158
   -119.9965350   54.4425763
   -120.0042164   54.4473196
   -120.0042159   54.4506178
   -119.9965411   54.4589448
   -119.9965424   54.4625396
   -120.0042138   54.4672878
   -120.0042133   54.4706210
   -119.9965485   54.4788744
   -119.9965499   54.4825025
   -120.0042112   54.4872551
   -120.0042108   54.4906239
   -119.9965559   54.4988044
   -119.9965573   54.5024647
   -120.0042086   54.5072224
   -120.0042082   54.5106262
   -119.9965633   54.5187338
   -119.9965647   54.5224275
   -120.0042061   54.5271897
   -120.0042056   54.5306281
   -119.9965707   54.5386646
   -119.9965721   54.5423904
   -120.0042035   54.5471574
   -120.0042030   54.5506294
   -119.9965781   54.5585960
   -119.9965795   54.5623532
   -120.0042009   54.5671248
   -120.0042005   54.5706304
   -119.9965855   54.5785267
   -119.9965869   54.5823159
   -120.0041983   54.5870922
   -120.0041979   54.5906308
   -119.9965929   54.5984589
   -119.9965943   54.6022787
   -120.0041958   54.6070593
   -120.0041953   54.6106329
   -119.9966003   54.6183915
   -119.9966017   54.6222417
   -120.0041932   54.6270274
   -120.0041927   54.6306325
   -119.9966077   54.6383244
   -119.9966091   54.6422038
   -120.0041906   54.6469949
   -120.0041901   54.6506317
   -119.9966151   54.6582568
   -119.9966166   54.6621671
   -120.0041880   54.6669627
   -120.0041876   54.6706304
   -119.9966225   54.6781916
   -119.9966240   54.6821291
   -120.0041855   54.6869303
   -120.0041850   54.6906288
   -119.9966299   54.6981248
   -119.9966314   54.7020917
   -120.0041829   54.7068978
   -120.0041824   54.7106267
   -119.9966373   54.7180583
   -119.9966388   54.7220543
   -120.0041803   54.7268654
   -120.0041798   54.7306243
   -119.9966447   54.7379932
   -119.9966462   54.7420169
   -120.0041777   54.7468334
   -120.0041772   54.7506215
   -119.9966521   54.7579285
   -119.9966536   54.7619794
   -120.0041752   54.7668010
   -120.0041747   54.7706192
   -119.9966595   54.7778641
   -119.9966610   54.7819415
   -120.0041726   54.7867694
   -120.0041721   54.7906156
   -119.9966669   54.7977992
   -119.9966684   54.8019047
   -120.0041700   54.8067374
   -120.0041695   54.8106117
   -119.9966743   54.8177364
   -119.9966759   54.8218665
   -120.0041674   54.8267052
   -120.0041669   54.8306073
   -119.9966817   54.8376721
   -119.9966833   54.8418288
   -120.0041649   54.8466723
   -120.0041644   54.8506036
   -119.9966891   54.8576082
   -119.9966907   54.8617912
   -120.0041623   54.8666401
   -120.0041618   54.8705985
   -119.9966965   54.8775455
   -119.9966981   54.8817536
   -120.0041597   54.8866082
   -120.0041592   54.8905932
   -119.9967039   54.8974831
   -119.9967055   54.9017159
   -120.0041571   54.9065761
   -120.0041566   54.9105874
   -119.9967113   54.9174211
   -119.9967129   54.9216775
   -120.0041546   54.9265440
   -120.0041540   54.9305823
   -119.9967187   54.9373586
   -119.9967203   54.9416407
   -120.0041520   54.9465129
   -120.0041515   54.9505759
   -119.9967261   54.9572971
   -119.9967277   54.9616030
   -120.0041494   54.9664809
   -120.0041489   54.9705692
   -119.9967335   54.9772360
   -119.9967351   54.9815645
   -120.0041468   54.9864489
   -120.0041463   54.9905622
   -119.9967409   54.9971743
   -119.9967426   55.0015266
   -120.0041443   55.0064169
   -120.0041437   55.0105548
   -119.9967483   55.0171137
   -119.9967500   55.0214888
   -120.0041417   55.0263853
   -120.0041411   55.0305472
   -119.9967557   55.0370535
   -119.9967574   55.0414509
   -120.0041391   55.0463534
   -120.0041386   55.0505392
   -119.9967631   55.0569935
   -119.9967648   55.0614122
   -120.0041365   55.0663215
   -120.0041360   55.0705310
   -119.9967705   55.0769329
   -119.9967722   55.0813749
   -120.0041340   55.0862893
   -120.0041334   55.0905243
   -119.9967780   55.0968737
   -119.9967796   55.1013372
   -120.0041314   55.1062582
   -120.0041308   55.1105154
   -119.9967854   55.1168145
   -119.9967870   55.1212985
   -120.0041288   55.1262265
   -120.0041283   55.1305062
   -119.9967928   55.1367548
   -119.9967944   55.1412611
   -120.0041262   55.1461950
   -120.0041257   55.1504970
   -119.9968002   55.1566970
   -119.9968018   55.1612223
   -120.0041237   55.1661634
   -120.0041231   55.1704872
   -119.9968076   55.1766378
   -119.9968093   55.1811841
   -120.0041211   55.1861317
   -120.0041205   55.1904773
   -119.9968150   55.1965797
   -119.9968167   55.2011452
   -120.0041185   55.2061001
   -120.0041179   55.2104670
   -119.9968224   55.2165210
   -119.9968241   55.2211077
   -120.0041159   55.2260688
   -120.0041154   55.2304567
   -119.9968298   55.2364634
   -119.9968315   55.2410694
   -120.0041134   55.2460373
   -120.0041128   55.2504467
   -119.9968372   55.2564061
   -119.9968389   55.2610307
   -120.0041108   55.2660065
   -120.0041102   55.2704357
   -119.9968446   55.2763482
   -119.9968463   55.2809931
   -120.0041082   55.2859753
   -120.0041076   55.2904246
   -119.9968520   55.2962921
   -119.9968537   55.3009540
   -120.0041056   55.3059439
   -120.0041051   55.3104131
   -119.9968594   55.3162346
   -119.9968611   55.3209155
   -120.0041031   55.3259126
   -120.0041025   55.3304013
   -119.9968668   55.3361781
   -119.9968685   55.3408764
   -120.0041005   55.3458805
   -120.0040999   55.3503901
   -119.9968742   55.3561211
   -119.9968760   55.3608386
   -120.0040979   55.3658495
   -120.0040973   55.3703780
   -119.9968816   55.3760651
   -119.9968834   55.3808000
   -120.0040953   55.3858183
   -120.0040947   55.3903655
   -119.9968890   55.3960093
   -119.9968908   55.4007607
   -120.0040928   55.4057871
   -120.0040922   55.4103528
   -119.9968964   55.4159530
   -119.9968982   55.4207228
   -120.0040902   55.4257562
   -120.0040896   55.4303409
   -119.9969038   55.4358986
   -119.9969056   55.4406837
   -120.0040876   55.4457258
   -120.0040870   55.4503277
   -119.9969112   55.4558427
   -119.9969130   55.4606449
   -120.0040850   55.4656947
   -120.0040844   55.4703143
   -119.9969186   55.4757870
   -119.9969204   55.4806061
   -120.0040825   55.4856637
   -120.0040819   55.4903007
   -119.9969260   55.4957322
   -119.9969278   55.5005674
   -120.0040799   55.5056330
   -120.0040793   55.5102871
   -119.9969334   55.5156777
   -119.9969352   55.5205285
   -120.0040773   55.5256020
   -120.0040767   55.5302731
   -119.9969408   55.5356233
   -119.9969426   55.5404889
   -120.0040747   55.5455712
   -120.0040741   55.5502588
   -119.9969482   55.5555684
   -119.9969501   55.5604506
   -120.0040722   55.5655406
   -120.0040716   55.5702446
   -119.9969557   55.5755152
   -119.9969575   55.5804109
   -120.0040696   55.5855091
   -120.0040690   55.5902315
   -119.9969631   55.5954609
   -119.9969649   55.6003721
   -120.0040670   55.6054791
   -120.0040664   55.6102166
   -119.9969705   55.6154066
   -119.9969723   55.6203337
   -120.0040644   55.6254486
   -120.0040638   55.6302018
   -119.9969779   55.6353539
   -119.9969797   55.6402939
   -120.0040619   55.6454180
   -120.0040612   55.6501865
   -119.9969853   55.6553000
   -119.9969871   55.6602547
   -120.0040593   55.6653874
   -120.0040587   55.6701711
   -119.9969927   55.6752469
   -119.9969945   55.6802147
   -120.0040567   55.6853569
   -120.0040561   55.6901555
   -119.9970001   55.6951933
   -119.9970019   55.7001761
   -120.0040541   55.7053266
   -120.0040535   55.7101399
   -119.9970075   55.7151413
   -119.9970093   55.7201361
   -120.0040516   55.7252962
   -120.0040509   55.7301239
   -119.9970149   55.7350881
   -119.9970168   55.7400966
   -120.0040490   55.7452658
   -120.0040484   55.7501085
   -119.9970223   55.7550353
   -119.9970242   55.7600582
   -120.0040464   55.7652365
   -120.0040458   55.7700924
   -119.9970297   55.7749838
   -119.9970316   55.7800179
   -120.0040438   55.7852062
   -120.0040432   55.7900759
   -119.9970371   55.7949310
   -119.9970390   55.7999783
   -120.0040413   55.8051760
   -120.0040406   55.8100592
   -119.9970445   55.8148792
   -119.9970464   55.8199380
   -120.0040387   55.8251451
   -120.0040380   55.8300430
   -119.9970519   55.8348268
   -119.9970538   55.8398990
   -120.0040361   55.8451152
   -120.0040355   55.8500262
   -119.9970593   55.8547752
   -119.9970612   55.8598593
   -120.0040335   55.8650852
   -120.0040329   55.8700090
   -119.9970667   55.8747238
   -119.9970686   55.8798187
   -120.0040310   55.8850552
   -120.0040303   55.8899916
   -119.9970741   55.8946719
   -119.9970760   55.8997796
   -120.0040284   55.9050255
   -120.0040277   55.9099750
   -119.9970816   55.9146218
   -119.9970834   55.9197392
   -120.0040258   55.9249965
   -120.0040252   55.9299573
   -119.9970890   55.9345702
   -119.9970909   55.9396992
   -120.0040232   55.9449667
   -120.0040226   55.9499395
   -119.9970964   55.9545193
   -119.9970983   55.9596584
   -120.0040207   55.9649370
   -120.0040200   55.9699214
   -119.9971038   55.9744680
   -119.9971057   55.9796191
   -120.0040181   55.9849075
   -120.0040174   55.9899035
   -119.9971112   55.9944176
   -119.9971131   55.9995789
   -120.0040155   56.0048779
   -120.0040149   56.0098852
   -119.9971186   56.0143672
   -119.9971205   56.0195379
   -120.0040129   56.0248484
   -120.0040123   56.0298667
   -119.9971260   56.0343163
   -119.9971279   56.0394984
   -120.0040104   56.0448191
   -120.0040097   56.0498484
   -119.9971334   56.0542669
   -119.9971353   56.0594572
   -120.0040078   56.0647889
   -120.0040071   56.0698309
   -119.9971408   56.0742166
   -119.9971427   56.0794170
   -120.0040052   56.0847604
   -120.0040046   56.0898120
   -119.9971482   56.0941668
   -119.9971501   56.0993765
   -120.0040026   56.1047313
   -120.0040020   56.1097932
   -119.9971556   56.1141171
   -119.9971576   56.1193359
   -120.0040001   56.1247022
   -120.0039994   56.1297740
   -119.9971630   56.1340669
   -119.9971650   56.1392953
   -120.0039975   56.1446730
   -120.0039968   56.1497547
   -119.9971704   56.1540175
   -119.9971724   56.1592538
   -120.0039949   56.1646440
   -120.0039942   56.1697352
   -119.9971778   56.1739676
   -119.9971798   56.1792138
   -120.0039923   56.1846152
   -120.0039917   56.1897159
   -119.9971852   56.1939191
   -119.9971872   56.1991721
   -120.0039898   56.2045863
   -120.0039891   56.2096961
   -119.9971926   56.2138694
   -119.9971946   56.2191312
   -120.0039872   56.2245575
   -120.0039865   56.2296769
   -119.9972001   56.2338208
   -119.9972020   56.2390903
   -120.0039846   56.2445298
   -120.0039839   56.2496572
   -119.9972075   56.2537720
   -119.9972094   56.2590492
   -120.0039820   56.2645011
   -120.0039814   56.2696370
   -119.9972149   56.2737227
   -119.9972168   56.2790080
   -120.0039795   56.2844726
   -120.0039788   56.2896167
   -119.9972223   56.2936742
   -119.9972242   56.2989660
   -120.0039769   56.3044441
   -120.0039762   56.3095963
   -119.9972297   56.3136251
   -119.9972317   56.3189254
   -120.0039743   56.3244150
   -120.0039736   56.3295767
   -119.9972371   56.3335775
   -119.9972391   56.3388832
   -120.0039717   56.3443867
   -120.0039711   56.3495560
   -119.9972445   56.3535286
   -119.9972465   56.3588417
   -120.0039691   56.3643585
   -120.0039685   56.3695352
   -119.9972519   56.3734800
   -119.9972539   56.3788009
   -120.0039666   56.3843305
   -120.0039659   56.3895153
   -119.9972593   56.3934329
   -119.9972613   56.3987586
   -120.0039640   56.4043033
   -120.0039633   56.4094943
   -119.9972667   56.4133845
   -119.9972687   56.4187168
   -120.0039614   56.4242753
   -120.0039608   56.4294731
   -119.9972741   56.4333367
   -119.9972761   56.4386741
   -120.0039588   56.4442474
   -120.0039582   56.4494519
   -119.9972815   56.4532885
   -119.9972835   56.4586330
   -120.0039563   56.4642198
   -120.0039556   56.4694308
   -119.9972889   56.4732416
   -119.9972909   56.4785901
   -120.0039537   56.4841921
   -120.0039530   56.4894093
   -119.9972964   56.4931935
   -119.9972983   56.4985480
   -120.0039511   56.5041645
   -120.0039504   56.5093877
   -119.9973038   56.5131456
   -119.9973058   56.5185065
   -120.0039485   56.5241372
   -120.0039479   56.5293663
   -119.9973112   56.5330990
   -119.9973132   56.5384634
   -120.0039460   56.5441098
   -120.0039453   56.5493452
   -119.9973186   56.5530517
   -119.9973206   56.5584211
   -120.0039434   56.5640825
   -120.0039427   56.5693238
   -119.9973260   56.5730046
   -119.9973280   56.5783785
   -120.0039408   56.5840555
   -120.0039401   56.5893021
   -119.9973334   56.5929578
   -119.9973354   56.5983359
   -120.0039382   56.6040284
   -120.0039376   56.6092799
   -119.9973408   56.6129109
   -119.9973428   56.6182922
   -120.0039357   56.6240014
   -120.0039350   56.6292577
   -119.9973482   56.6328636
   -119.9973502   56.6382494
   -120.0039331   56.6439746
   -120.0039324   56.6492353
   -119.9973556   56.6528164
   -119.9973576   56.6582073
   -120.0039305   56.6639479
   -120.0039298   56.6692132
   -119.9973630   56.6727705
   -119.9973650   56.6781633
   -120.0039279   56.6839213
   -120.0039273   56.6891906
   -119.9973704   56.6927235
   -119.9973724   56.6981201
   -120.0039254   56.7038948
   -120.0039247   56.7091686
   -119.9973778   56.7126775
   -119.9973798   56.7180769
   -120.0039228   56.7238694
   -120.0039221   56.7291462
   -119.9973852   56.7326313
   -119.9973873   56.7380335
   -120.0039202   56.7438431
   -120.0039195   56.7491233
   -119.9973927   56.7525846
   -119.9973947   56.7579899
   -120.0039176   56.7638169
   -120.0039170   56.7691003
   -119.9974001   56.7725385
   -119.9974021   56.7779454
   -120.0039151   56.7837909
   -120.0039144   56.7890773
   -119.9974075   56.7924920
   -119.9974095   56.7979024
   -120.0039125   56.8037642
   -120.0039118   56.8090550
   -119.9974149   56.8124467
   -119.9974169   56.8178576
   -120.0039099   56.8237384
   -120.0039092   56.8290317
   -119.9974223   56.8324003
   -119.9974243   56.8378135
   -120.0039073   56.8437128
   -120.0039067   56.8490084
   -119.9974297   56.8523546
   -119.9974317   56.8577694
   -120.0039048   56.8636873
   -120.0039041   56.8689860
   -119.9974371   56.8723094
   -119.9974391   56.8777251
   -120.0039022   56.8836629
   -120.0039015   56.8889624
   -119.9974445   56.8922633
   -119.9974465   56.8976807
   -120.0038996   56.9036376
   -120.0038989   56.9089388
   -119.9974519   56.9122178
   -119.9974539   56.9176361
   -120.0038970   56.9236126
   -120.0038963   56.9289155
   -119.9974593   56.9321725
   -119.9974613   56.9375913
   -120.0038945   56.9435877
   -120.0038938   56.9488917
   -119.9974667   56.9521272
   -119.9974687   56.9575455
   -120.0038919   56.9635628
   -120.0038912   56.9688678
   -119.9974741   56.9720815
   -119.9974762   56.9775004
   -120.0038893   56.9835382
   -120.0038886   56.9888438
   -119.9974816   56.9920363
   -119.9974836   56.9974552
   -120.0038867   57.0035138
   -120.0038860   57.0088201
   -119.9974890   57.0119913
   -119.9974910   57.0174099
   -120.0038842   57.0234894
   -120.0038835   57.0287966
   -119.9974964   57.0319462
   -119.9974984   57.0373645
   -120.0038816   57.0434662
   -120.0038809   57.0487724
   -119.9975038   57.0519013
   -119.9975058   57.0573188
   -120.0038790   57.0634413
   -120.0038783   57.0687489
   -119.9975112   57.0718566
   -119.9975132   57.0772729
   -120.0038764   57.0834174
   -120.0038757   57.0887245
   -119.9975186   57.0918118
   -119.9975206   57.0972260
   -120.0038738   57.1033937
   -120.0038732   57.1087000
   -119.9975260   57.1117666
   -119.9975280   57.1171798
   -120.0038713   57.1233702
   -120.0038706   57.1286755
   -119.9975334   57.1317220
   -119.9975354   57.1371335
   -120.0038687   57.1433469
   -120.0038680   57.1486512
   -119.9975408   57.1516775
   -119.9975428   57.1570869
   -120.0038661   57.1633237
   -120.0038654   57.1686265
   -119.9975482   57.1716326
   -119.9975502   57.1770402
   -120.0038635   57.1833008
   -120.0038629   57.1886023
   -119.9975556   57.1915886
   -119.9975576   57.1969934
   -120.0038610   57.2032790
   -120.0038603   57.2085778
   -119.9975630   57.2115444
   -119.9975651   57.2169463
   -120.0038584   57.2232564
   -120.0038577   57.2285529
   -119.9975705   57.2315001
   -119.9975725   57.2368980
   -120.0038558   57.2432340
   -120.0038551   57.2485279
   -119.9975779   57.2514554
   -119.9975799   57.2568505
   -120.0038532   57.2632118
   -120.0038526   57.2685028
   -119.9975853   57.2714108
   -119.9975873   57.2768039
   -120.0038507   57.2831899
   -120.0038500   57.2884780
   -119.9975927   57.2913674
   -119.9975947   57.2967549
   -120.0038481   57.3031671
   -120.0038474   57.3084532
   -119.9976001   57.3113229
   -119.9976021   57.3167068
   -120.0038455   57.3231455
   -120.0038448   57.3284279
   -119.9976075   57.3312790
   -119.9976095   57.3366585
   -120.0038429   57.3431241
   -120.0038423   57.3484035
   -119.9976149   57.3512357
   -119.9976169   57.3566100
   -120.0038404   57.3631040
   -120.0038397   57.3683780
   -119.9976223   57.3711919
   -119.9976243   57.3765602
   -120.0038378   57.3830832
   -120.0038371   57.3883525
   -119.9976297   57.3911477
   -119.9976317   57.3965122
   -120.0038352   57.4030625
   -120.0038345   57.4083273
   -119.9976371   57.4111042
   -119.9976391   57.4164630
   -120.0038326   57.4230421
   -120.0038320   57.4283016
   -119.9976445   57.4310606
   -119.9976465   57.4364124
   -120.0038301   57.4430219
   -120.0038294   57.4482759
   -119.9976520   57.4510166
   -119.9976539   57.4563627
   -120.0038275   57.4630020
   -120.0038268   57.4682500
   -119.9976594   57.4709731
   -119.9976613   57.4763127
   -120.0038249   57.4829823
   -120.0038242   57.4882246
   -119.9976668   57.4909299
   -119.9976688   57.4962625
   -120.0038223   57.5029629
   -120.0038216   57.5081992
   -119.9976742   57.5108869
   -119.9976762   57.5162108
   -120.0038197   57.5229449
   -120.0038191   57.5281732
   -119.9976816   57.5308432
   -119.9976836   57.5361611
   -120.0038172   57.5429248
   -120.0038165   57.5481480
   -119.9976890   57.5508002
   -119.9976910   57.5561100
   -120.0038146   57.5629063
   -120.0038139   57.5681218
   -119.9976964   57.5707570
   -119.9976984   57.5760576
   -120.0038120   57.5828880
   -120.0038113   57.5880956
   -119.9977038   57.5907134
   -119.9977058   57.5960059
   -120.0038094   57.6028700
   -120.0038088   57.6080694
   -119.9977112   57.6106704
   -119.9977132   57.6159540
   -120.0038069   57.6228522
   -120.0038062   57.6280434
   -119.9977186   57.6306276
   -119.9977206   57.6359017
   -120.0038043   57.6428349
   -120.0038036   57.6480170
   -119.9977260   57.6505846
   -119.9977280   57.6558480
   -120.0038017   57.6628179
   -120.0038010   57.6679912
   -119.9977335   57.6705417
   -119.9977354   57.6757961
   -120.0037991   57.6828022
   -120.0037985   57.6879651
   -119.9977409   57.6904991
   -119.9977428   57.6957429
   -120.0037966   57.7027858
   -120.0037959   57.7079385
   -119.9977483   57.7104563
   -119.9977502   57.7156881
   -120.0037940   57.7227698
   -120.0037933   57.7279118
   -119.9977557   57.7304132
   -119.9977576   57.7356342
   -120.0037914   57.7427542
   -120.0037907   57.7478851
   -119.9977631   57.7503705
   -119.9977650   57.7555799
   -120.0037888   57.7627387
   -120.0037882   57.7678588
   -119.9977705   57.7703281
   -119.9977724   57.7755252
   -120.0037862   57.7827238
   -120.0037856   57.7878320
   -119.9977779   57.7902851
   -119.9977798   57.7954701
   -120.0037837   57.8027081
   -120.0037830   57.8078055
   -119.9977853   57.8102426
   -119.9977872   57.8154147
   -120.0037811   57.8226937
   -120.0037804   57.8277796
   -119.9977927   57.8302008
   -119.9977946   57.8353586
   -120.0037785   57.8426812
   -120.0037779   57.8477526
   -119.9978001   57.8501584
   -119.9978021   57.8553011
   -120.0037759   57.8626679
   -120.0037753   57.8677256
   -119.9978076   57.8701157
   -119.9978095   57.8752457
   -120.0037734   57.8826548
   -120.0037727   57.8876989
   -119.9978150   57.8900739
   -119.9978169   57.8951873
   -120.0037708   57.9026424
   -120.0037701   57.9076717
   -119.9978224   57.9100313
   -119.9978243   57.9151297
   -120.0037682   57.9226304
   -120.0037676   57.9276445
   -119.9978298   57.9299887
   -119.9978317   57.9350717
   -120.0037656   57.9426189
   -120.0037650   57.9476173
   -119.9978372   57.9499466
   -119.9978391   57.9550132
   -120.0037631   57.9626076
   -120.0037624   57.9675904
   -119.9978446   57.9699047
   -119.9978465   57.9749541
   -120.0037605   57.9825971
   -120.0037598   57.9875636
   -119.9978520   57.9898631
   -119.9978539   57.9948930
   -120.0037579   58.0025884
   -120.0037573   58.0075361
   -119.9978594   58.0098207
   -119.9978613   58.0148343
   -120.0037553   58.0225786
   -120.0037547   58.0275091
   -119.9978668   58.0297793
   -119.9978687   58.0347723
   -120.0037527   58.0425684
   -120.0037521   58.0474819
   -119.9978742   58.0497371
   -119.9978761   58.0547112
   -120.0037502   58.0625600
   -120.0037495   58.0674544
   -119.9978816   58.0696948
   -119.9978835   58.0746494
   -120.0037476   58.0825522
   -120.0037470   58.0874267
   -119.9978891   58.0896530
   -119.9978909   58.0945872
   -120.0037450   58.1025446
   -120.0037444   58.1073995
   -119.9978965   58.1096115
   -119.9978983   58.1145242
   -120.0037424   58.1225380
   -120.0037418   58.1273717
   -119.9979039   58.1295698
   -119.9979057   58.1344593
   -120.0037399   58.1425321
   -120.0037392   58.1473445
   -119.9979113   58.1495282
   -119.9979131   58.1543961
   -120.0037373   58.1625278
   -120.0037367   58.1673171
   -119.9979187   58.1694867
   -119.9979205   58.1743312
   -120.0037347   58.1825232
   -120.0037341   58.1872893
   -119.9979261   58.1894452
   -119.9979279   58.1942642
   -120.0037321   58.2025193
   -120.0037315   58.2072613
   -119.9979335   58.2094033
   -119.9979353   58.2141979
   -120.0037295   58.2225162
   -120.0037289   58.2272334
   -119.9979409   58.2293618
   -119.9979427   58.2341309
   -120.0037270   58.2425132
   -120.0037264   58.2472058
   -119.9979483   58.2493206
   -119.9979501   58.2540631
   -120.0037244   58.2625116
   -120.0037238   58.2671777
   -119.9979557   58.2692792
   -119.9979575   58.2739930
   -120.0037218   58.2825092
   -120.0037212   58.2871499
   -119.9979632   58.2892374
   -119.9979649   58.2939251
   -120.0037192   58.3025086
   -120.0037186   58.3071228
   -119.9979706   58.3091968
   -119.9979723   58.3138542
   -120.0037166   58.3225111
   -120.0037161   58.3270946
   -119.9979780   58.3291555
   -119.9979797   58.3337815
   -120.0037141   58.3425128
   -120.0037135   58.3470663
   -119.9979854   58.3491139
   -119.9979871   58.3537111
   -120.0037115   58.3625148
   -120.0037109   58.3670384
   -119.9979928   58.3690733
   -119.9979945   58.3736365
   -120.0037089   58.3825184
   -120.0037083   58.3870101
   -119.9980002   58.3890318
   -119.9980019   58.3935624
   -120.0037063   58.4025230
   -120.0037057   58.4069817
   -119.9980076   58.4089907
   -119.9980093   58.4134858
   -120.0037037   58.4225286
   -120.0037032   58.4269533
   -119.9980150   58.4289493
   -119.9980167   58.4334114
   -120.0037012   58.4425346
   -120.0037006   58.4469252
   -119.9980224   58.4489085
   -119.9980241   58.4533342
   -120.0036986   58.4625424
   -120.0036980   58.4668973
   -119.9980298   58.4688679
   -119.9980315   58.4732534
   -120.0036960   58.4825532
   -120.0036954   58.4868687
   -119.9980373   58.4888267
   -119.9980389   58.4931756
   -120.0036934   58.5025626
   -120.0036929   58.5068406
   -119.9980447   58.5087863
   -119.9980463   58.5130931
   -120.0036908   58.5225723
   -120.0036903   58.5268123
   -119.9980521   58.5287451
   -119.9980537   58.5330110
   -120.0036883   58.5425851
   -120.0036877   58.5467836
   -119.9980595   58.5487043
   -119.9980611   58.5529258
   -120.0036857   58.5625992
   -120.0036851   58.5667548
   -119.9980669   58.5686632
   -119.9980684   58.5728428
   -120.0036831   58.5826137
   -120.0036826   58.5867265
   -119.9980743   58.5886226
   -119.9980758   58.5927565
   -120.0036805   58.6026307
   -120.0036800   58.6066977
   -119.9980817   58.6085819
   -119.9980832   58.6126669
   -120.0036779   58.6226492
   -120.0036774   58.6266694
   -119.9980891   58.6285413
   -119.9980906   58.6325784
   -120.0036754   58.6426703
   -120.0036748   58.6466409
   -119.9980965   58.6485013
   -119.9980980   58.6524854
   -120.0036728   58.6626921
   -120.0036723   58.6666120
   -119.9981039   58.6684603
   -119.9981054   58.6723924
   -120.0036702   58.6827157
   -120.0036697   58.6865830
   -119.9981114   58.6884194
   -119.9981128   58.6922977
   -120.0036676   58.7027412
   -120.0036671   58.7065540
   -119.9981188   58.7083789
   -119.9981202   58.7122014
   -120.0036650   58.7227672
   -120.0036645   58.7265254
   -119.9981262   58.7283386
   -119.9981276   58.7321027
   -120.0036624   58.7427966
   -120.0036620   58.7464963
   -119.9981336   58.7482982
   -119.9981350   58.7520000
   -120.0036599   58.7628281
   -120.0036594   58.7664672
   -119.9981410   58.7682574
   -119.9981424   58.7718995
   -120.0036573   58.7828583
   -120.0036568   58.7864394
   -119.9981484   58.7882180
   -119.9981497   58.7917907
   -120.0036547   58.8028968
   -120.0036542   58.8064102
   -119.9981558   58.8081774
   -119.9981571   58.8116829
   -120.0036521   58.8229353
   -120.0036517   58.8263809
   -119.9981632   58.8281367
   -119.9981645   58.8315752
   -120.0036495   58.8429747
   -120.0036491   58.8463521
   -119.9981706   58.8480970
   -119.9981719   58.8514602
   -120.0036469   58.8630184
   -120.0036465   58.8663228
   -119.9981781   58.8680564
   -119.9981793   58.8713443
   -120.0036444   58.8830650
   -120.0036439   58.8862934
   -119.9981855   58.8880162
   -119.9981867   58.8912233
   -120.0036418   58.9031146
   -120.0036414   58.9062640
   -119.9981929   58.9079757
   -119.9981940   58.9111042
   -120.0036392   58.9231654
   -120.0036388   58.9262351
   -119.9982003   58.9279361
   -119.9982014   58.9309766
   -120.0036366   58.9432215
   -120.0036362   58.9462061
   -119.9982077   58.9478961
   -119.9982088   58.9508457
   -120.0036340   58.9632843
   -120.0036336   58.9661766
   -119.9982151   58.9678557
   -119.9982162   58.9707161
   -120.0036314   58.9833456
   -120.0036311   58.9861476
   -119.9982225   58.9878162
   -119.9982235   58.9905772
   -120.0036288   59.0034130
   -120.0036285   59.0061180
   -119.9982299   59.0077759
   -119.9982309   59.0104363
   -120.0036263   59.0234822
   -120.0036259   59.0260887
   -119.9982373   59.0277359
   -119.9982383   59.0302885
   -120.0036237   59.0435584
   -120.0036233   59.0460591
   -119.9982447   59.0476956
   -119.9982457   59.0501419
   -120.0036211   59.0636367
   -120.0036208   59.0660299
   -119.9982522   59.0676563
   -119.9982530   59.0699843
   -120.0036185   59.0837226
   -120.0036182   59.0860002
   -119.9982596   59.0876161
   -119.9982604   59.0898237
   -120.0036159   59.1038140
   -120.0036156   59.1059710
   -119.9982670   59.1075763
   -119.9982677   59.1096583
   -120.0036133   59.1239122
   -120.0036130   59.1259417
   -119.9982744   59.1275371
   -119.9982751   59.1294830
   -120.0036107   59.1440156
   -120.0036105   59.1459119
   -119.9982818   59.1474969
   -119.9982825   59.1493037
   -120.0036081   59.1641257
   -120.0036079   59.1658820
   -119.9982892   59.1674572
   -119.9982898   59.1691189
   -120.0036055   59.1842395
   -120.0036053   59.1858526
   -119.9982966   59.1874177
   -120.0036029   59.2043643
   -119.9983040   59.2073777
   -120.0036003   59.2244974
   -119.9983114   59.2273380
   -120.0035977   59.2446395
   -119.9983188   59.2472980
   -120.0035951   59.2647837
   -119.9983263   59.2672594
   -120.0035925   59.2849512
   -119.9983337   59.2872195
   -120.0035899   59.3051247
   -119.9983411   59.3071799
   -120.0035873   59.3253054
   -119.9983485   59.3271406
   -120.0035847   59.3455045
   -119.9983801   59.3470940
   -120.0035474   59.3655940
   -119.9984531   59.3670360
   -120.0034802   59.3855820
   -119.9985240   59.3869784
   -120.0034139   59.4055700
   -119.9985985   59.4069209
   -120.0033455   59.4255585
   -119.9986743   59.4268629
   -120.0032744   59.4455470
   -119.9987482   59.4468053
   -120.0032061   59.4655349
   -119.9988238   59.4667478
   -120.0031354   59.4855229
   -119.9989001   59.4866898
   -120.0030640   59.5055109
   -119.9989780   59.5066317
   -120.0029928   59.5254989
   -119.9990539   59.5265742
   -120.0029216   59.5454869
   -119.9991333   59.5465167
   -120.0028482   59.5654749
   -119.9992124   59.5664587
   -120.0027739   59.5854634
   -119.9992922   59.5864012
   -120.0026988   59.6054519
   -119.9993737   59.6063436
   -120.0026231   59.6254399
   -119.9994551   59.6262856
   -120.0025466   59.6454279
   -119.9995361   59.6462281
   -120.0024712   59.6654158
   -119.9996190   59.6661705
   -120.0023932   59.6854039
   -119.9997034   59.6861125
   -120.0023146   59.7053918
   -119.9997878   59.7060545
   -120.0022350   59.7253798
   -119.9998710   59.7259969
   -120.0021566   59.7453684
   -119.9999599   59.7459393
   -120.0020745   59.7653568
   -120.0000466   59.7658814
   -120.0019926   59.7853448
   -120.0001329   59.7858238
   -120.0019121   59.8053328
   -120.0002212   59.8057663
   -120.0018286   59.8253208
   -120.0003110   59.8257083
   -120.0017447   59.8453087
   -120.0004008   59.8456503
   -120.0016596   59.8652967
   -120.0004896   59.8655927
   -120.0015756   59.8852848
   -120.0005817   59.8855352
   -120.0014894   59.9052732
   -120.0006760   59.9054772
   -120.0013998   59.9252618
   -120.0007677   59.9254196
   -120.0013139   59.9452497
   -120.0008616   59.9453621
   -120.0010468   60.0006034
   -119.9912626   59.9952162
END
END
